name,category,address,zip,city,phone,email,website,contact_page
1818 Chophouse,amenity:restaurant,"6170 Bennett Drive, Edwardsville, 62025",62025,"Edwardsville, IL",,info@1818chophouse.com,https://1818chophouse.com/,https://1818chophouse.com/contact/
1st Mid America Credit Union,amenity:bank,"1702 Troy Road, Edwardsville, IL, 62025",62025,"Edwardsville, IL",+1-618-258-3168,,https://www.1stmidamerica.org/,https://www.1stmidamerica.org/contact/contact-us
54th Street Grill & Bar,amenity:restaurant,"6660 Edwardsville Crossing Drive, Edwardsville, IL, 62025",62025,"Edwardsville, IL",+1-618-656-5455,,https://www.54thstreetrestaurants.com/edwardsville-il.html,https://www.54thstreetgrill.com/cmss_files/attachmentlibrary/contactless-menu-A.pdf
AAA Insurance & Travel,shop:travel_agency,"6655 Edwardsville Crossing Drive, Edwardsville, IL, 62025",62025,"Edwardsville, IL",+1-618-659-4622,,https://www.ace.aaa.com/locations/Edwardsville-62025-138,https://www.ace.aaa.com/locations/Edwardsville-62025-138
Abbey's Sew & Vacuum,shop:sewing,"439 South Buchanan Street, Edwardsville, IL, 62025",62025,"Edwardsville, IL",+1 618 655 0433,abbey1sew@sbcglobal.net,https://www.abbeysewingcenters.com/index.htm,https://www.abbeysewingcenters.com/contact-us---find-us.htm
Abbie's Laundry,shop:laundry,"1112 North Main Street, Edwardsville, IL, 62025",62025,"Edwardsville, IL",+1-618-610-3247,,,
Advanced Driving School,amenity:driving_school,"1719 Troy Road, Edwardsville, IL, 62025",62025,"Edwardsville, IL",+1-618-345-1919,adsoffice617@gmail.com,https://www.advanceddrivingschool.org/edwardsville-location/,
Afterwards Books,shop:books,"441 East Vandalia Street, Edwardsville, 62025",62025,"Edwardsville, IL",+1-618-655-0355,,https://afterwordsusedbooks.com/,https://afterwordsusedbooks.com/pages/contact-us
All About Eyes,shop:optician,"6679 Center Grove Road, Edwardsville, IL, 62025",62025,"Edwardsville, IL",+1-618-655-1500,,https://www.allabouteyes.com/hours-locations/edwardsville/,https://www.allabouteyes.com/contact-lenses/
Allstate,office:insurance,"1500 Troy Road, Edwardsville, IL, 62025",62025,"Edwardsville, IL",,,https://agents.allstate.com/usa/il/edwardsville,
AMC Edwardsville 12,amenity:cinema,"6633 Center Grove Road, Edwardsville, IL, 62025",62025,"Edwardsville, IL",+1-618-659-7479,,https://www.amctheatres.com/movie-theatres/st-louis/amc-edwardsville-12,
Apple Cleaners,shop:dry_cleaning,"6679 Edwardsville Crossing Drive, Edwardsville, IL, 62025",62025,"Edwardsville, IL",+1-618-692-9200,customersupport@applecleaners.com,https://corecleangroup.com/edwardsville-dry-cleaner/,
Arbor Management,shop:groundskeeping,"4757 New Poag Road, Edwardsville, IL, 62025",62025,"Edwardsville, IL",+1-618-205-3094,info@arbor-mgmt.com,https://arbor-mgmt.com/,
Arby's,amenity:fast_food,"1800 Troy Road, Edwardsville, IL, 62025",62025,"Edwardsville, IL",+1-618-656-7400,,https://www.arbys.com/locations/us/il/edwardsville/1800-troy-rd/store-6312/,https://www.arbys.com/locations/us/il/edwardsville/1800-troy-rd/store-6312/
Arch View Family Dentist,amenity:dentist,"2133 South State Route 157, Edwardsville, IL, 62025",62025,"Edwardsville, IL",+1-618-656-2006,,,
ArchView Flooring,shop:flooring,"1530 Troy Road, Edwardsville, IL, 62025",62025,"Edwardsville, IL",+1-618-307-9890,,https://www.archviewflooring.com/,https://www.archviewflooring.com/contact
Ark Animal Hospital,amenity:veterinary,"6718 Goshen Road, Edwardsville, IL, 62025",62025,"Edwardsville, IL",+1-618-207-4000,info@arkpetvet.net,https://www.arkpetvet.net,https://arkpetvet.net/contact-us.html
Ashley HomeStore,shop:furniture,"6609 Edwardsville Crossing Drive, Edwardsville, IL, 62025",62025,"Edwardsville, IL",+1 618-656-2333,,https://stores.ashleyfurniture.com/store/us/illinois/edwardsville/7710000148/,https://stores.ashleyfurniture.com/store/us/illinois/edwardsville/7710000148/
AT&T,shop:mobile_phone,"6697 Center Grove Road, Edwardsville, IL, 62025",62025,"Edwardsville, IL",+1-618-659-2103,,https://www.att.com/stores/illinois/edwardsville/101293,javascript:void(0);
AutoZone,shop:car_parts,"430 South Buchanan Street, Edwardsville, IL, 62025",62025,"Edwardsville, IL",+1-618-692-1990,,https://www.autozone.com/locations/il/edwardsville/430-s-buchanan-st.html,
Backstage Bar & Patio,amenity:bar,"228, Edwardsville, IL, 62025",62025,"Edwardsville, IL",+1-618-307-5546,backstagebarsocialmedia@gmail.com,,
Bagley Farms Meat Market,shop:butcher,"1208 South State Route 157, Edwardsville, IL, 62025",62025,"Edwardsville, IL",+1-618-307-9533,info@bagleyfarmsmeatmarket.com,https://bagleyfarmsmeatmarket.com/,
Bank of Hillsboro,amenity:bank,"2496 Troy Road, Edwardsville, IL, 62025",62025,"Edwardsville, IL",,,https://www.bankhillsboro.com/,https://www.constitutionbank.com/contact-us/
Bann Thai,amenity:restaurant,"4 Club Centre Court, Edwardsville, IL, 62025",62025,"Edwardsville, IL",+1-618-307-5894,bannthaiinc@gmail.com,https://bannthaiinc.com/,
Bauer Hite Orthodontic Specialists,amenity:dentist,"1419 Lewis Road, Edwardsville, IL, 62025",62025,"Edwardsville, IL",,info@bauerhiteortho.com,https://www.bauerhiteortho.com/edwardsville-office,https://www.bauerhiteortho.com/meet-the-doctor
Beauty Brands,shop:beauty,"6659 Edwardsville Crossing Drive, Edwardsville, IL, 62025",62025,"Edwardsville, IL",+1-618-655-0622,,https://www.beautybrands.com/on/demandware.store/Sites-BeautyBrands-Site/en_US/Stores-Detail?storeID=151,
Bella Milano,amenity:restaurant,"1063 South State Rt 157, Edwardsville, IL, 62025",62025,"Edwardsville, IL",+1-618-659-2100,,https://bellamilanos.com/edwardsville/,https://bellamilanos.com/edwardsville/
Beltone,shop:hearing_aids,"6679 Edwardsville Crossing Drive, Edwardsville, IL, 62025",62025,"Edwardsville, IL",+1-618-659-2878,,https://www.beltone.com/en-us/location/IL/EDWARDSVILLE/0000445013,https://www.beltone.com/en-us/contact-us
Benjamin Moore,shop:paint,"1510 Troy Road, Edwardsville, IL, 62025",62025,"Edwardsville, IL",+1-618-656-0490,info@benjaminmoore.com,https://www.benjaminmoore.com/en-us/store-locator/10018816/flanagan-paint-and-supply-co,https://www.benjaminmoore.com/en-us/contact-us
Best Buy,shop:electronics,"6670 Edwardsville Crossing Drive, Edwardsville, IL, 62025",62025,"Edwardsville, IL",+1 618-659-9895,,http://stores.bestbuy.com/1426/,https://www.bestbuy.com/contact-us
Best Pals,shop:pet_grooming,"1725 Troy Road, Edwardsville, IL, 62025",62025,"Edwardsville, IL",+1-618-696-1717,bestpals@style-grooming.com,https://bestpalsllc.square.site/,
Bin 51 Wine @ Spirits,shop:wine,"118 North Main Street, Edwardsville, IL, 62025",62025,"Edwardsville, IL",,,,
Bing Field Paintball,leisure:sports_centre,"500 Bing Field Drive, Alton, IL, 62025",62025,"Edwardsville, IL",+1-618-692-8271,,https://www.facebook.com/bingfield,https://www.facebook.com/bingfield
BingShop,shop:paintball,"211 East Vandalia Street, Edwardsville, IL, 62025",62025,"Edwardsville, IL",+1-618-692-8271,admin@bingshop.com,https://bingshop.com/,https://bingshop.com/
Bird Cloud Recording,amenity:studio,"144A North Main Street, Edwardsville, 62025",62025,"Edwardsville, IL",,sinkou@mac.com,https://birdcloudrecording.tumblr.com/,https://birdcloudrecording.tumblr.com/Contact-Us
"BJ's Printables, Inc.",shop:clothes,"1501 Troy Road, Edwardsville, IL, 62025",62025,"Edwardsville, IL",+1-618-656-8625,order@bjsprintables.com,https://www.bjsprintables.com/,https://www.bjsprintables.com/index.php/contact-us
Blow It Out on Main,shop:hairdresser,"303 North Main Street, Edwardsville, IL, 62025",62025,"Edwardsville, IL",+1-618-307-9999,,https://blowitoutonmain.com/,
Books-A-Million,shop:books,"6601 Edwardsville Crossing Drive, Edwardsville, IL, 62025",62025,"Edwardsville, IL",+1-618-659-3526,,http://www.booksamillion.com/storefinder#aMap,
BP,amenity:fuel,"415 North Main Street, Edwardsville, IL, 62025",62025,"Edwardsville, IL",+1-618-656-3357,,,
Brown Street Storage,shop:storage_rental,"132 South Brown Avenue, Edwardsville, IL, 62025",62025,"Edwardsville, IL",+1-618-656-7373,,,
Buffalo Wild Wings,amenity:restaurant,"249 Harvard Drive, Edwardsville, IL, 62025",62025,"Edwardsville, IL",+1-618-656-9464,,https://www.buffalowildwings.com/locations/us/il/edwardsville/249-harvard-drive/sports-bar-1148/,https://www.buffalowildwings.com/locations/us/il/edwardsville/249-harvard-drive/sports-bar-1148/
Busey Bank,amenity:bank,"2004 Troy Road, Edwardsville, IL, 62025",62025,"Edwardsville, IL",,tmsupport@busey.com,https://www.busey.com,https://www.busey.com/busey/customer-care/contact-us
Busey Bank,amenity:bank,"330 West Vandalia Street, Edwardsville, IL, 62025",62025,"Edwardsville, IL",,tmsupport@busey.com,https://www.busey.com,https://www.busey.com/busey/customer-care/contact-us
Busey Bank,amenity:bank,"317 West Park Street, Edwardsville, IL, 62025",62025,"Edwardsville, IL",,,,
Cafe Birdie,amenity:cafe,"120 South Main Street, Edwardsville, IL, 62025",62025,"Edwardsville, IL",,hello@cafebirdie.co,https://www.cafebirdie.co/,https://www.cafebirdie.co/about
Calvary Cemetary,office:yes,"2910 South State Route 157, Edwardsville, IL, 62025",62025,"Edwardsville, IL",,,,
Captain D's,amenity:fast_food,"1960 Troy Road, Edwardsville, IL, 62025",62025,"Edwardsville, IL",+1-618-692-1611,,https://locations.captainds.com/ll/US/IL/Edwardsville/1960-Troy-Rd/,https://www.captainds.com/our-menu/
Carrollton Bank,amenity:bank,"245 South Buchanan Street, Edwardsville, IL, 62025",62025,"Edwardsville, IL",,,,
Carter's/Oshkosh B'gosh,shop:clothes,"6622 Edwardsville Crossing Drive, Edwardsville, IL, 62025",62025,"Edwardsville, IL",+1 618-659-0512,,https://locations.carters.com/il/edwardsville/carters-edwardsville-il,https://locations.carters.com/content/customerservice/contact-us/
Chase,amenity:bank,"248 Harvard Drive, Edwardsville, IL, 62025",62025,"Edwardsville, IL",+1 618-800-4469,,https://locator.chase.com/il/edwardsville/248-harvard-dr,https://locator.chase.com/digital/resources/privacy-security/security/how-to-spot-scams
Chef's Shoppe,shop:houseware,"2320 Troy Road, Edwardsville, IL, 62025",62025,"Edwardsville, IL",+1-618-659-9840,,,
Chick-fil-A,amenity:fast_food,"2319 Troy Road, Edwardsville, IL, 62025",62025,"Edwardsville, IL",+1 618-391-0563,,https://www.chick-fil-a.com/locations/il/edwardsville-il,https://www.chick-fil-a.com/locations/il/edwardsville-il#about-us
Chicken Salad Chick,amenity:fast_food,"2323 Plum Street, Edwardsville, IL, 62025",62025,"Edwardsville, IL",,,https://www.chickensaladchick.com/edwardsville/?utm_source=GMB&utm_medium=organic&utm_campaign=edwardsville,
Chipotle,amenity:fast_food,"2200 Troy Road, Edwardsville, IL, 62025",62025,"Edwardsville, IL",+1-618-307-6010,,https://locations.chipotle.com/il/edwardsville,https://locations.chipotle.com/il/edwardsville
Circle K,amenity:fuel,"1089 South State Route 157, Edwardsville, 62025",62025,"Edwardsville, IL",,,,
Circle K,shop:convenience,"629 West Schwarz Street, Edwardsville, IL, 62025",62025,"Edwardsville, IL",,,,
Clarkson Eyecare,shop:optician,"6663 Edwardsville Crossing Drive, Edwardsville, IL, 62025",62025,"Edwardsville, IL",+1-618-659-2320,eyecarepartners@steadyrain.com,https://www.clarksoneyecare.com/locations/il/edwardsville/edwardsville-crossing,https://www.clarksoneyecare.com/eye-care-services/contact-lens-exam
Cleaon Etzkorn Bandstand,amenity:theatre,"112 South Kansas Street, Edwardsville, IL, 62025",62025,"Edwardsville, IL",,,,
Club Carwash,amenity:car_wash,"6627 Governors Parkway, Edwardsville, IL, 62025",62025,"Edwardsville, IL",,,https://clubcarwash.com/locations/edwardsville-il-governors-parkway/,https://clubcarwash.com/locations/edwardsville-il-governors-parkway/
CMT,office:consulting,"314 Wolf Street, Edwardsville, IL, 62025",62025,"Edwardsville, IL",+1-618-656-0470,,https://www.cmtengr.com/,https://www.cmtengr.com/contact-us/
Coldwell Banker,office:estate_agent,"2205 South State Route 157, Edwardsville, IL, 62025",62025,"Edwardsville, IL",+1-618-692-7290,info@cbbrownrealtors.com,https://www.coldwellbanker.com/il/edwardsville/offices/coldwell-banker-brown-realtors/oid-P00400000FDdqSVuMbGoHiNkfT5hMguxnoFBq0ix,
Commerce Bank,amenity:bank,"6675 Edwardsville Crossing Drive, Edwardsville, IL, 62025",62025,"Edwardsville, IL",,,,
Corner Tavern,amenity:bar,"1013 North Main Street, Edwardsville, IL, 62025",62025,"Edwardsville, IL",,,,
Courage & Grace,shop:yes,"102 East Vandalia Street, Edwardsville, IL, 62025",62025,"Edwardsville, IL",,mllegeorgesand@gmail.com,https://courageandgracedesigns.com/,https://courageandgracedesigns.com/pages/about-us
Crazy Bowls & Wraps,amenity:restaurant,"6679 Edwardsville Crossing Drive, Edwardsville, IL, 62025",62025,"Edwardsville, IL",+1-618-692-9727,,,
Culver's,amenity:fast_food,"6724 Goshen Road, Edwardsville, IL, 62025",62025,"Edwardsville, IL",+1 618-692-0800,,https://www.culvers.com/restaurants/edwardsville,https://www.contactculvers.com/
Cut 'N Up,shop:hairdresser,"1719 Troy Road, Edwardsville, IL, 62025",62025,"Edwardsville, IL",+1-618-692-6235,,,
Da Faustina,amenity:restaurant,"3 Via Roma, Sefro, 62025",62025,"Edwardsville, IL",,,,
Dewey's Pizza,amenity:restaurant,"112 East Vandalia Street, Edwardsville, IL, 62025",62025,"Edwardsville, IL",+1-618-656-2200,,https://deweyspizza.com/,https://deweyspizza.com/contact/
Diamond Nails,shop:beauty,"1528 Troy Road, Edwardsville, IL, 62025",62025,"Edwardsville, IL",+1-618-692-8269,erickhuynh2014@yahoo.com,https://edwardsvillediamondnails.com/,
Dick's Sporting Goods,shop:sports,"2401,2409,2413,2417,2421 Troy Road, Edwardsville, IL, 62025",62025,"Edwardsville, IL",,,,
Dierbergs,shop:supermarket,"6667,6671 Edwardsville Crossing Drive, Edwardsville, IL, 62025",62025,"Edwardsville, IL",+1-618-307-3800,,https://www.dierbergs.com/store-locations/edwardsville-crossing,https://www.dierbergs.com/store-locations/edwardsville-crossing
Dieterich Bank,amenity:bank,"2159 South State Route 157, Edwardsville, IL, 62025",62025,"Edwardsville, IL",,,https://www.dieterichbank.com/,https://www.dieterichbank.com/about-us/contact-us/
DK Nails & Spa,shop:beauty,"2212 Troy Road, Edwardsville, IL, 62025",62025,"Edwardsville, IL",+1-618-616-4372,,https://www.facebook.com/Dknailsandspa/,
Dobb's Tire Auto Center,shop:tyres,"1200 South State Route 157, Edwardsville, IL, 62025",62025,"Edwardsville, IL",+1-618-961-8800,,https://www.gotodobbs.com/locations/west-edwardsville-rt-157/,https://www.gotodobbs.com/contact-us/
Doc's Smokehouse,amenity:restaurant,"6108 Shoger Drive, Edwardsville, IL, 62025",62025,"Edwardsville, IL",+1-618-656-6060,,https://docssmokehouse.com/,
Doll Corner,shop:antiques,"207 West High Street, Edwardsville, IL, 62025",62025,"Edwardsville, IL",,,,
Dollar Tree,shop:variety_store,"1504 Troy Road, Edwardsville, IL, 62025",62025,"Edwardsville, IL",+1-618-217-1965,,https://locations.dollartree.com/il/edwardsville/1504-troy-road,https://www.dollartree.com/customer-service-main
Domino's,amenity:fast_food,"120 East Vandalia Street, Edwardsville, IL, 62025",62025,"Edwardsville, IL",+1 619-692-1515,,https://pizza.dominos.com/illinois/edwardsville/120-e-vandalia-st,https://www.dominos.com/en/about-pizza/
DQ Grill & Chill,amenity:fast_food,"400 South Buchanan Street, Edwardsville, IL, 62025",62025,"Edwardsville, IL",+1 618-692-8191,,https://www.facebook.com/Dairy-Queen-of-Edwardsville-IL-151301308256415/,
Drivers and Motor Vehicles Facility,office:government,"1502A Troy Road, Edwardsville, IL, 62025",62025,"Edwardsville, IL",+1-618-656-8956,,https://apps.ilsos.gov/facilityfinder/facilityfinder?command=getFacilityDetails&facilityId=080,https://apps.ilsos.gov/facilityfinder/facilityfinder?command=getFacilityDetails&facilityId=080
Drunken Fish,amenity:restaurant,"6151 Trace Parkway Drive, Edwardsville, IL, 62025",62025,"Edwardsville, IL",,munsok.so@sohospitalitygroup.com,http://drunkenfish.com/,http://www.drunkenfish.com/contact-us
E'ville Fitness,leisure:fitness_centre,"233 Harvard Drive, Edwardsville, IL, 62025",62025,"Edwardsville, IL",+1-618-692-5152,carie@evillefitness.com,https://evillefitness.com/,
Ed's Delicatessin,shop:deli,"222 North Main Street, Edwardsville, IL, 62025",62025,"Edwardsville, IL",,ed@yellowdoghospitality.com,https://www.edsdelicatessen.com/,https://www.edsdelicatessen.com/contact-us/
Edible Arrangements,shop:gift,"447 South Buchanan Street, Edwardsville, IL, 62025",62025,"Edwardsville, IL",+1 618 656 2400,,https://www.ediblearrangements.com/stores/447-s-buchanan-edwardsville-il-62025,https://www.ediblearrangements.com/stores/447-s-buchanan-edwardsville-il-62025
Edward Jones,office:financial_advisor,"442 South Buchanan Street, Edwardsville, IL, 62025",62025,"Edwardsville, IL",+1 618 656 3622,,https://www.edwardjones.com/us-en/financial-advisor/bill-schiber,https://www.edwardjones.com/us-en/contact-us
Edwardsville Family Dentist,amenity:dentist,"1811 Lindenwood Avenue, Edwardsville, 62025",62025,"Edwardsville, IL",+1-618-659-0456,info@edwardsvilleildentist.com,https://www.edwardsvilleildentist.com/,
Edwardsville Flea Market,amenity:marketplace,"1506 Troy Road, Edwardsville, IL, 62025",62025,"Edwardsville, IL",+1-618-655-0875,edwfleamarket@outlook.com,,
Edwardsville Pet Hospital,amenity:veterinary,"423 South Buchanan Street, Edwardsville, IL, 62025",62025,"Edwardsville, IL",+1 618 656 7656,edwardsvilleph@yourvetdoc.com,https://edwardsvillepethosp.com/,https://edwardsvillepethosp.com/contact
Edwardsville Post Office,shop:musical_instrument,"132 North Kansas Street, Edwardsville, IL, 62025",62025,"Edwardsville, IL",,,https://www.swingcitymusic.com/,https://www.swingcitymusic.com/contact-us/
Edwardsville Township Offices,office:government,"300 West Park Street, Edwardsville, IL, 62025",62025,"Edwardsville, IL",,,,
El Maguey,amenity:restaurant,"1534 Troy Road, Edwardsville, IL, 62025",62025,"Edwardsville, IL",+1-618-659-3744,contact@el-maguey-edwardsville.com,http://www.el-maguey-edwardsville.com/,
Elegant Brides,shop:clothes,"6 Club Centre Court, Edwardsville, IL, 62025",62025,"Edwardsville, IL",+1-618-656-5353,contact@mysite.com,https://www.elegant-brides.com/,https://www.elegant-brides.com/
Evermore Gallery,shop:tattoo,"100 East Vandalia Street, Edwardsville, IL, 62025",62025,"Edwardsville, IL",,,,
"EXO: Nail Bar, Med Spa, Lounge",shop:beauty,"2 157 Center, Edwardsville, IL, 62025",62025,"Edwardsville, IL",+1-618-692-9696,info@visitexo.com,https://visitexo.com/nail-bar,https://visitexo.com/nail-bar
Famous Footwear,shop:shoes,"2306 Troy Road, Edwardsville, IL, 62025",62025,"Edwardsville, IL",,,,
Farmacia Rossi,amenity:pharmacy,"6 Largo Giacomo Leopardi, Pioraco, 62025",62025,"Edwardsville, IL",+39 0737 42147,info@farmaciapioraco.it,https://farmaciapioraco.it/,
Firehouse Subs,amenity:fast_food,"2004 Troy Road, Edwardsville, IL, 62025",62025,"Edwardsville, IL",,,,
First Mid Band & Trust ATM,amenity:bank,"6604 Center Grove Road, Edwardsville, IL, 62025",62025,"Edwardsville, IL",,,,
First Mid-Illinois Bank & Trust,amenity:bank,"6814 Goshen Road, Edwardsville, IL, 62025",62025,"Edwardsville, IL",,,,
Five Guys,amenity:fast_food,"1990 Troy Road, Edwardsville, IL, 62025",62025,"Edwardsville, IL",+1 618-307-5988,marketing@fiveguys.com,https://restaurants.fiveguys.com/1990-troy-road,https://www.fiveguys.com/contact-us
Flint Cooper,office:lawyer,"222 East Park Street, Edwardsville, IL, 62025",62025,"Edwardsville, IL",+1-866-461-3220,info@flintcooper.com,https://www.flintcooper.com/,https://www.flintcooper.com/contact/
Foundry Public House,amenity:restaurant,"126 North Main Street, Edwardsville, IL, 62025",62025,"Edwardsville, IL",,,,
Franklin Fixtures Restaurant Equipment,shop:restaurant_equipment,"223 St Andrews Avenue, Edwardsville, 62025",62025,"Edwardsville, IL",,,https://franklinfixturesco.com/Contact.html,
Freddy's,amenity:fast_food,"2204 Troy Road, Edwardsville, IL, 62025",62025,"Edwardsville, IL",+1-618-692-5096,,https://freddysusa.com/store/edwardsville/,https://freddysusa.com/contact-us
Friar Tuck Berverage,shop:alcohol,"6715 Goshen Road, Edwardsville, IL, 62025",62025,"Edwardsville, IL",,,https://edwardsville.friartuckonline.com/,https://edwardsville.friartuckonline.com/contact-us.html
Fusion Taco,amenity:restaurant,"1017 Century Drive, Edwardsville, IL, 62025",62025,"Edwardsville, IL",+1-618-307-5656,,,
Global Brew Tap House,amenity:restaurant,"2329 Plum Street, Edwardsville, IL, 62025",62025,"Edwardsville, IL",+16183075858,,https://edwardsville.globalbrew.com/,https://edwardsville.globalbrew.com/
Golden Oak Pancake House,amenity:restaurant,"6663 Edwardsville Crossing Drive, Edwardsville, IL, 62025",62025,"Edwardsville, IL",,,,
GOSHEN BUTCHER SHOP,shop:butcher,"246 North Main Street, Edwardsville, IL, 62025",62025,"Edwardsville, IL",,,http://www.goshenbutchershop.com/,
Goshen Coffee,amenity:cafe,"6120 Shoger Drive, Edwardsville, IL, 62025",62025,"Edwardsville, IL",+1-618-650-9086,sales@goshencoffee.com,https://goshencoffee.com/,https://goshencoffee.com/pages/about
Green Earth Grocery,shop:health_food,"441 South Buchanan Street, Edwardsville, IL, 62025",62025,"Edwardsville, IL",+1 618 656 3375,greeneathgrocer@gmail.com,https://www.greenearthgrocer.com,
Gulf Shores Restaurant & Grill,amenity:restaurant,"215 Harvard Drive, Edwardsville, IL, 62025",62025,"Edwardsville, IL",+1-618-650-9109,,https://www.gulfshoresrestaurantandgrill.com/edwardsville-il/,
Hair Saloon for Men,shop:hairdresser,"6655 Edwardsville Crossing Drive, Edwardsville, IL, 62025",62025,"Edwardsville, IL",+1-618-656-5969,,https://hairsaloon.com/locations/edwardsville-il/,https://hairsaloon.com/contact/
Happy Up Inc.,shop:toys,"6654 Edwardsville Crossing Dr., Edwardsville, 62025",62025,"Edwardsville, IL",+1-618-656-9596,help@happyupinc.com,https://www.happyupinc.com/,
Hawaiian Bros Island Grill,amenity:restaurant,"2386 Troy Road, Edwardsville, IL, 62025",62025,"Edwardsville, IL",+1-618-688-2996,media@hawaiianbros.com,https://hawaiianbros.com/locations/edwardsville/,https://hawaiianbros.com/contact
Heroic Adventures Comics and Games,shop:books,"1005 Century Drive, Edwardsville, 62025",62025,"Edwardsville, IL",,,https://www.fantasybooksinc.com/index.php?option=com_content&view=article&id=13&Itemid=117,https://www.fantasybooksinc.com/index.php?option=com_content&view=article&id=13&Itemid=117
Hibbett Sports,shop:sports,"2302 Troy Road, Edwardsville, IL, 62025",62025,"Edwardsville, IL",,,,
Holiday Cleaners,shop:dry_cleaning,"110 Hillsboro Avenue, Edwardsville, IL, 62025",62025,"Edwardsville, IL",+1-618-656-0202,,,
HomeGoods,shop:houseware,"2300 Troy Road, Edwardsville, IL, 62025",62025,"Edwardsville, IL",+1 618-659-8753,,https://www.homegoods.com/store-details/Edwardsville-IL-62025/858,https://www.homegoods.com/store-details/Edwardsville-IL-62025/858#about
Honeybaked,amenity:fast_food,"1508 Troy Road, Edwardsville, IL, 62025",62025,"Edwardsville, IL",,hbhcatering@hbham.com,https://www.honeybaked.com/stores/1302,https://www.honeybaked.com/stores/1302
Hotshots Sports Bar and Grill,amenity:restaurant,"2511 South State Route 157, Edwardsville, IL, 62025",62025,"Edwardsville, IL",+1-618-307-9723,customerservice@hotshotsnet.com,https://hotshotsnet.com/locations/edwardsville-il/,https://hotshotsnet.com/contact/
Hudson Jewlers,shop:jewelry,"6679 Edwardsville Crossing Drive, Edwardsville, IL, 62025",62025,"Edwardsville, IL",+1-618-656-3188,info@stagheaddesigns.com,https://www.hudsonjewelers.com/,https://www.hudsonjewelers.com/pages/contact-us
IP,amenity:fuel,"Località Piani di Lanciano, Pioraco, 62025",62025,"Edwardsville, IL",,,,
Jacks 66 Auto Repair,shop:car_repair,"601 North Main Street, Edwardsville, IL, 62025",62025,"Edwardsville, IL",+1-618-656-5362,,https://jacks66autorepair.com/,https://jacks66autorepair.com/contact-us/
Jan's Hallmark Shop,shop:stationery,"2312 Troy Road, Edwardsville, IL, 62025",62025,"Edwardsville, IL",,,,
Jersey Mike's Subs,amenity:fast_food,"1990 Troy Road, Edwardsville, IL, 62025",62025,"Edwardsville, IL",,,https://www.jerseymikes.com/27087/edwardsville-il,https://www.jerseymikes.com/contact-us
Joe Muggs,shop:coffee,"6601 Edwardsville Crossing Drive, Edwardsville, IL, 62025",62025,"Edwardsville, IL",,,https://www.booksamillion.com/joemuggs,
Joe's Market Basket,shop:supermarket,"447 South Buchanan Street, Edwardsville, IL, 62025",62025,"Edwardsville, IL",+1 618 656 9055,,https://www.joesmarketbasket.com,https://www.joesmarketbasket.com/contact
Joe's Pizza and Pasta,amenity:restaurant,"4 Club Centre Court, Edwardsville, 62025",62025,"Edwardsville, IL",+1-618-655-9400,,http://www.orderjoes.com/menu.html,
Johnson Fitness & Wellness Store,shop:sports,"6655 Edwardsville Crossing Drive, Edwardsville, IL, 62025",62025,"Edwardsville, IL",+1-618-800-6038,,https://www.johnsonfitness.com/Edwardsville-IL-Exercise-Equipment-Store,
Just Right Eating Edwardsville,amenity:restaurant,"2329 Plum Street, Edwardsville, IL, 62025",62025,"Edwardsville, IL",,,https://justrighteating.com/,https://justrighteating.com/pages/contact-us
Kettle River Furniture & Bedding,shop:furniture,"1091 South State Route 157, Edwardsville, IL, 62025",62025,"Edwardsville, IL",,,,
KingCity Liquor,shop:convenience,"332 South Buchanan Street, Edwardsville, IL, 62025",62025,"Edwardsville, IL",+1-618-656-3729,,,
Kirkland's,shop:interior_decoration,"6624 Edwardsville Crossing Drive, Edwardsville, IL, 62025",62025,"Edwardsville, IL",+1-618-692-2289,,https://www.kirklands.com/custserv/store.jsp?storeName=Edwardsville%20Crossing,
Kloss Furniture,shop:furniture,"6132 Shoger Drive, Edwardsville, IL, 62025",62025,"Edwardsville, IL",+1-618-744-6033,,https://www.facebook.com/KlossFurnitureandOutletEdwardsvilleIL/,https://www.facebook.com/KlossFurnitureandOutletEdwardsvilleIL/
Kohl's,shop:department_store,"2120 Troy Road, Edwardsville, IL, 62025",62025,"Edwardsville, IL",+1 618-692-4710,,https://www.kohls.com/stores/il/edwardsville-672.shtml,https://www.kohls.com/faq/article/623
La Casa Mexicana,amenity:restaurant,"201 Harvard Drive, Edwardsville, IL, 62025",62025,"Edwardsville, IL",+1-618-655-9606,info@lacasamexicanatogo.com,https://www.lacasamexicanatogo.com/,
La Fonda Mexican Restaurant,amenity:restaurant,"2310 Troy Road, Edwardsville, IL, 62025",62025,"Edwardsville, IL",,,,
Larry's Hair and Skin Care,shop:beauty,"517 East Vandalia Street, Edwardsville, 62025",62025,"Edwardsville, IL",+1-618-656-4950,,,
Lion's Choice,amenity:fast_food,"2384 Troy Road, Edwardsville, IL, 62025",62025,"Edwardsville, IL",+1-618-208-3777,,https://order.lionschoice.com/menu/edwardsville-il,https://order.lionschoice.com/menu/edwardsville-il
Madison County Administration Building,office:government,"157 North Main Street, Edwardsville, IL, 62025",62025,"Edwardsville, IL",,webmaster@co.madison.il.us,https://www.co.madison.il.us/,https://www.co.madison.il.us/government/county_board/contact_the_board/Contact_the_Board.php
Mark's Appliance,shop:appliance,"1507 Troy Road, Edwardsville, IL, 62025",62025,"Edwardsville, IL",+1-618-656-9600,sales@marksappliance.com,https://www.marksappliance.com/locations/edwardsville_showroom.html,
Mattress Firm,shop:bed,"2460 Troy Road, Edwardsville, IL, 62025",62025,"Edwardsville, IL",+1 618-659-1730,,https://www.mattressfirm.com/en-us/stores/il/edwardsville/018045/,
Maurices,shop:clothes,"2316 Troy Road, Edwardsville, IL, 62025",62025,"Edwardsville, IL",,,,
McAlister's Deli,amenity:restaurant,"312 Great Place Drive, Edwardsville, IL, 62025",62025,"Edwardsville, IL",+1-618-372-9599,,https://www.mcalistersdeli.com/locations/il/edwardsville,https://www.mcalistersdeli.com/locations/il/edwardsville
McDonald's,amenity:fast_food,"6091 Center Grove Road, Edwardsville, IL, 62025",62025,"Edwardsville, IL",+1 618-659-3532,,https://www.mcdonalds.com/us/en-us/location/23755.html,https://www.mcdonalds.com/us/en-us/contact-us.html
McDonald's,amenity:fast_food,"1704 Troy Road, Edwardsville, IL, 62025",62025,"Edwardsville, IL",+1-618-656-1220,,https://www.mcdonalds.com/us/en-us/location/2519.html,https://www.mcdonalds.com/us/en-us/contact-us.html
Men's Wearhouse,shop:clothes,"6628 Edwardsville Crossing Drive, Edwardsville, IL, 62025",62025,"Edwardsville, IL",+1-618-659-0576,mwlistens@menswearhouse.com,https://www.menswearhouse.com/store-locator/1711,https://www.menswearhouse.com/slc/contact-us
Michael's Arms & Accessories,shop:weapons,"439 South Buchanan Street, Edwardsville, IL, 62025",62025,"Edwardsville, IL",+1 618 692 5551,,http://www.michaelsarms.com/,http://www.michaelsarms.com/contact/contact.htm
Michaels,shop:craft,"6639 Edwardsville Crossing Drive, Edwardsville, IL, 62025",62025,"Edwardsville, IL",+1 618-659-4697,michaels@michaels.com,https://locations.michaels.com/il/edwardsville/7735,https://locations.michaels.com/il/edwardsville/7735
"Minas Espresso, Inc.",shop:coffee,"4767 Signature Industrial Dr., Edwardsville, IL, 62025",62025,"Edwardsville, IL",,info@minasespresso.com,https://minasespresso.com/,https://minasespresso.com/pages/contact-us
Mio Osteria,amenity:restaurant,"224 South Kansas Street, Edwardsville, IL, 62025",62025,"Edwardsville, IL",+1-618-307-5442,,https://mioosteria.com/,https://mioosteria.com/contact-us/
MOD Pizza,amenity:fast_food,"2300 Troy Road, Edwardsville, IL, 62025",62025,"Edwardsville, IL",,press@modpizza.com,https://locations.modpizza.com/usa/il/edwardsville/2300a-troy-rd,https://modpizza.com/contact-us/
Mojo's Music,shop:musical_instrument,"142 North Main Street, Edwardsville, 62025",62025,"Edwardsville, IL",,info@mojosmusic.com,https://www.mojosmusic.com/,https://mojosmusic.com/pages/contact-us
Mossy Stone Irish Pub,amenity:pub,"871 South Arbor Vitea, Edwardsville, IL, 62025",62025,"Edwardsville, IL",+1-618-655-9911,,,
Moto Mart,amenity:fuel,"1905 North Main Street, Edwardsville, 62025",62025,"Edwardsville, IL",,,,
MotoMart Convenience Store,amenity:fuel,"1 Club Centre Court, Edwardsville, IL, 62025",62025,"Edwardsville, IL",+1-618-656-0017,,,
Natural Nails,shop:beauty,"439 South Buchanan Street, Edwardsville, IL, 62025",62025,"Edwardsville, IL",+1 618 656 6592,,,
Nicotine+,shop:e-cigarette,"6707 Goshen Road, Edwardsville, IL, 62025",62025,"Edwardsville, IL",,,,
NORTH MAIN DINER,amenity:restaurant,"146 North Main Street, Edwardsville, IL, 62025",62025,"Edwardsville, IL",,,,
Northside Dairy Haven,amenity:ice_cream,"1902 North Main Street, Edwardsville, IL, 62025",62025,"Edwardsville, IL",+1-618-656-9233,,,
O'Reilly Auto Parts,shop:car_parts,"325 South Buchanan Street, Edwardsville, IL, 62025",62025,"Edwardsville, IL",+1 618 307 3246,,https://locations.oreillyauto.com/il/edwardsville/autoparts-5891.html,https://www.oreillyauto.com/contact-us
Old Navy,shop:clothes,"6617 Edwardsville Crossing Drive, Edwardsville, IL, 62025",62025,"Edwardsville, IL",+1-618-307-4258,,https://oldnavy.gap.com/stores/il/edwardsville/oldnavy-3288.html,https://oldnavy.gap.com/stores/il/edwardsville/oldnavy-3288.html
Olive Garden,amenity:restaurant,"6651 Governors Parkway, Edwardsville, IL, 62025",62025,"Edwardsville, IL",+1 618-659-5060,,https://www.olivegarden.com/locations/il/edwardsville/edwardsville-orchard-town-center/6501,https://www.olivegarden.com/locations/il/edwardsville/edwardsville-orchard-town-center/6501
Orangetheory Fitness,leisure:fitness_centre,"6654 Edwardsville Crossing Drive, Edwardsville, IL, 62025",62025,"Edwardsville, IL",+1-618-669-0011,studiomanager1227@orangetheoryfitness.com,https://www.orangetheory.com/en-us/locations/illinois/edwardsville/6654-edwardsville-crossing-drive-suite-e?utm_medium=seo&utm_source=ylp&utm_term=corporate,https://www.orangetheory.com/en-us/contact-us
Orient Wok Chop Suey,amenity:restaurant,"6698 Center Grove Road, Edwardsville, 62025",62025,"Edwardsville, IL",+1-618-656-3388,,https://www.orientwok.com/,https://www.orientwok.com/
Oriental Spoon,amenity:restaurant,"229 Harvard Drive, Edwardsville, IL, 62025",62025,"Edwardsville, IL",+1 618 655 9633,orientalspoonusa@gmail.com,http://www.orientalspoon.net/,http://www.orientalspoon.net/
Panda Express,amenity:fast_food,"2337 Troy Road, Edwardsville, IL, 62025",62025,"Edwardsville, IL",,,,
Panera Bread,amenity:fast_food,"6683 Edwardsville Crossing, Edwardsville, IL, 62025",62025,"Edwardsville, IL",+1-618-659-2350,,https://www.panerabread.com/en-us/cafe/locations/il/edwardsville/6683-edwardsville-crossing,https://www.panerabread.com/en-us/company/about-panera.html
Pantera's Pizza,amenity:restaurant,"1522 Troy Road, Edwardsville, IL, 62025",62025,"Edwardsville, IL",+1-618-692-6000,,,
Papa Murphy's,amenity:fast_food,"207 Harvard Drive, Edwardsville, IL, 62025",62025,"Edwardsville, IL",+1-618-656-7272,,https://locations.papamurphys.com/il/edwardsville/207-harvard-drive,https://www.papamurphys.com/about-us/
Parc at 720,office:leasing_office,"720 Puma Boulevard, Edwardsville, IL, 62025",62025,"Edwardsville, IL",+1-618-953-8354,,https://www.parcat720.com/,
Pasta House,amenity:restaurant,"1097 South State Route 157, Edwardsville, IL, 62025",62025,"Edwardsville, IL",,,,
Patisserie 29,shop:bakery,"921 South Arbor Vitae, Edwardsville, IL, 62025",62025,"Edwardsville, IL",,,,
Pearle Vision,shop:optician,"2220 Troy Road, Edwardsville, IL, 62025",62025,"Edwardsville, IL",+1-618-659-9604,,https://www.pearlevision.com/pv-us/stores/il/edwardsville/1377,
Pedego Electric Bikes,shop:bicycle,"439 South Buchanan Street, Edwardsville, IL, 62025",62025,"Edwardsville, IL",+1 618 791 1826,info@pedego.com,https://www.pedegoelectricbikes.com/dealers/edwardsville/,https://www.pedegoelectricbikes.com/pages/contact
Peel Wood Fired Pizza,amenity:restaurant,"100 Quartz Knoll, Edwardsville, IL, 62025",62025,"Edwardsville, IL",+1-618-726-2244,,https://peelpizza.com/,
Penn Station,amenity:fast_food,"231 Harvard Drive, Edwardsville, IL, 62025",62025,"Edwardsville, IL",+1-618-656-0777,,https://www.penn-station.com/,https://www.penn-station.com/about_our_product.php
Petco,shop:pet,"6631 Edwardsville Crossing Drive, Edwardsville, IL, 62025",62025,"Edwardsville, IL",+1 618-692-3961,,https://stores.petco.com/il/edwardsville/pet-supplies-edwardsville-il-1657.html,https://www.petco.com/contact-us
Philly Pretzel Factory,amenity:fast_food,"6694 Center Grove Road, Edwardsville, IL, 62025",62025,"Edwardsville, IL",+1-618-307-9001,info@phillypretzelfactory.com,https://phillypretzelfactory.com/locations/edwardsville/,https://phillypretzelfactory.com/contact/
Pitchford Funeral Home,shop:funeral_directors,"2555 Vaughn Road, Wood River, IL, 62025",62025,"Edwardsville, IL",+1 618-259-6462,pitchfordfuneralhome@gmail.com,https://www.pitchfordfuneralhome.com/,
Pizza Hut,amenity:restaurant,"1611 Troy Road, Edwardsville, IL, 62025",62025,"Edwardsville, IL",+1-618-307-3010,,https://locations.pizzahut.com/il/edwardsville/1611-troy-road,https://www.pizzahut.com/contact-us
Planet Fitness,leisure:fitness_centre,"6483 Center Grove Road, Edwardsville, IL, 62025",62025,"Edwardsville, IL",+1-618-307-9491,,https://www.planetfitness.com/gyms/edwardsville-il,
Play It Again Sports,shop:sports,"4 Club Centre Court, Edwardsville, IL, 62025",62025,"Edwardsville, IL",+1-618-307-5301,,https://www.playitagainsports.com/locations/edwardsville-il,https://www.playitagainsports.com/locations/edwardsville-il#contactUsModal
Plaza Tire Service,shop:tyres,"6611 Governors Parkway, Edwardsville, IL, 62025",62025,"Edwardsville, IL",+1-618-800-9898,customercare@sun.auto,https://www.plazatireservice.com/stores/il/edwardsville/auto-repair-9091.html,https://www.plazatireservice.com/contact-us
PNC Bank,amenity:bank,"6650 Edwardsville Crossing Drive, Edwardsville, IL, 62025",62025,"Edwardsville, IL",+1-618-692-8140,,https://apps.pnc.com/locator/location-details/illinois/edwardsville/62025/00756071/edwardsville?lnksrc=branch-listing,https://apps.pnc.com/locator/location-details/illinois/edwardsville/62025/00756071/edwardsville?lnksrc=branch-listing
Qdoba,amenity:fast_food,"2100 Troy Road, Edwardsville, IL, 62025",62025,"Edwardsville, IL",+1 618-659-4036,,https://locations.qdoba.com/us/il/edwardsville/2100-troy-rd.html,https://contactus.qdoba.com/
Quantum Vapors,shop:e-cigarette,"1516 Troy Road, Edwardsville, IL, 62025",62025,"Edwardsville, IL",+1-618-307-5361,quantumvapors1@gmail.com,https://quantumvapors.com/,
QuikTrip,shop:convenience,"2490 Troy Road, Edwardsville, IL, 62025",62025,"Edwardsville, IL",,,,
Rapid Lube,shop:car_repair,"1610 Troy Road, Edwardsville, IL, 62025",62025,"Edwardsville, IL",+1 618-692-0437,micah@micahrich.com,https://rapidlubeinc.com/,https://rapidlubeinc.com/about-us
Red Robin,amenity:restaurant,"6699 Edwardsville Crossing Drive, Edwardsville, IL, 62025",62025,"Edwardsville, IL",+1-618-655-9513,media@redrobin.com,https://www.redrobin.com/locations/il/edwardsville/edwardsville-435,https://www.redrobin.com/contact
Remax,office:estate_agent,"1 157 Center, Edwardsville, IL, 62025",62025,"Edwardsville, IL",,,,
Ristorante Lago di Sefro,amenity:restaurant,"Strada Provinviale 97, Pioraco, 62025",62025,"Edwardsville, IL",+39 334 2924241,,,
Ristoro Montelago,amenity:restaurant,"86 Via Roma, Sefro, 62025",62025,"Edwardsville, IL",+39 0737 45236,,http://www.ristoromontelago.it/,
Roosevelt Law Office,office:lawyer,"610 Saint Louis Street, Edwardsville, IL, 62025",62025,"Edwardsville, IL",,,,
Rosenthal License,office:vehicle_registration;notary,"1500 Troy Road, Edwardsville, IL, 62025",62025,"Edwardsville, IL",+1-618-656-6163,,https://rlandi.com/,https://rlandi.com/
Ross,shop:department_store,"6610 Edwardsville Crossing Drive, Edwardsville, IL, 62025",62025,"Edwardsville, IL",+1-618-692-2129,,https://www.rossstores.com/,https://www.rossstores.com/contact-us/
Sailor Insurance Agency,office:insurance,"225 North Main Street, Edwardsville, IL, 62025",62025,"Edwardsville, IL",+1-618-659-1495,,https://sailorins.com/,https://sailorins.com/contact/
Sally Beauty,shop:hairdresser_supply,"2212 Troy Road, Edwardsville, IL, 62025",62025,"Edwardsville, IL",+1-618-692-4621,realestate@sallybeauty.com,https://www.sallybeauty.com/store-details/?showMap=true&horizontalView=true&lat=38.786443&long=-89.949102,https://urldefense.proofpoint.com/v2/url?u=https-3A__www.sallybeauty.com_CS-5FCONTACT-5FUS.html&amp;d=DwMGAg&amp;c=jf_iaSHvJObTbx-siA1ZOg&amp;r=CaLAJXxQIZeQc1-gnXiXWLltrFNjdiLucuKgOJ9daic&amp;m=iq5qYbRJGnVcB2odObPSmKOffyt_YKT7ISIZsZJUqMk&amp;s=uaWEiT2V_Cz1Lh6ZaQQ5Qp3UiDKmxludHbuZf6EGvjc&amp;e=
Schnucks,shop:supermarket,"2222 Troy Road, Edwardsville, IL, 62025",62025,"Edwardsville, IL",,,https://locations.schnucks.com/il-edwardsville-229,https://locations.schnucks.com/contact-us
Scott Credit Union,amenity:bank,"1067 South State Route 157, Edwardsville, IL, 62025",62025,"Edwardsville, IL",,,,
Scott Credit Union,amenity:bank,"101 Credit Union Way, Edwardsville, IL, 62025",62025,"Edwardsville, IL",,,,
Shell,amenity:fuel,"121 East Vandalia Street, Edwardsville, IL, 62025",62025,"Edwardsville, IL",,,,
Shoe Carnival,shop:shoes,"6625 Edwardsville Crossing Drive, Edwardsville, IL, 62025",62025,"Edwardsville, IL",+1-618-659-2156,customerservice@shoecarnival.com,https://stores.shoecarnival.com/il/edwardsville/shoe-store-edwardsville-il-383.html,https://www.shoecarnival.com/contactus
Signarama,craft:signmaker,"4 Club Centre Court, Edwardsville, IL, 62025",62025,"Edwardsville, IL",+1-618-692-0300,,https://signarama.com/locations/il-edwardsville/,https://signarama.com/locations/il-edwardsville/
SIUE Credit Union,amenity:bank,"1566 Lewis Road, Edwardsville, IL, 62025",62025,"Edwardsville, IL",,,https://siuecu.org/,https://siuecu.org/Contact-Us
Smoothie King,amenity:fast_food,"1501 Troy Road, Edwardsville, IL, 62025",62025,"Edwardsville, IL",+1-618-692-5552,sk1529@smoothieking.com,https://locations.smoothieking.com/ll/us/il/edwardsville/1501-troy-rd-suite-a/,
Sonic,amenity:fast_food,"1017 Plummer Drive, Edwardsville, IL, 62025",62025,"Edwardsville, IL",+1 618-655-1281,,https://locations.sonicdrivein.com/il/edwardsville/1017-plummer-drive.html,https://locations.sonicdrivein.com/il/edwardsville/1017-plummer-drive.html
SOURCE Juicery,amenity:fast_food,"228 North Main Street, Edwardsville, IL, 62025",62025,"Edwardsville, IL",,,https://www.sourcejuicery.com,https://www.sourcejuicery.com/pages/contact
Southside's Allstar Collision,shop:car_repair,"1709 Troy Road, Edwardsville, IL, 62025",62025,"Edwardsville, IL",+1-618-656-1991,ssacc@southsideallstarcc.com,http://southsideallstarcc.com/,
Stagger Inn Again,amenity:pub,"104 East Vandalia Street, Edwardsville, IL, 62025",62025,"Edwardsville, IL",,,http://www.staggerinnagain.com/,http://www.staggerinnagain.com/
Starbucks,amenity:cafe,"6680 Edwardsville Crossing Drive, Edwardsville, IL, 62025",62025,"Edwardsville, IL",+1 618-692-7817,,https://www.starbucks.com/store-locator/store/10505/troy-governors-pkwy-6680-edwardsville-crossing-drive-edwardsville-il-6,https://www.starbucks.com/store-locator/store/10505/troy-governors-pkwy-6680-edwardsville-crossing-drive-edwardsville-il-6
Starbucks,amenity:cafe,"6105 Center Grove Road, Edwardsville, IL, 62025",62025,"Edwardsville, IL",+1 618-659-8690,,https://www.starbucks.com/store-locator/store/1020407/157-center-grove-rd-6105-center-grove-rd-edwardsville-il-620253307-us,https://www.starbucks.com/store-locator/store/1020407/157-center-grove-rd-6105-center-grove-rd-edwardsville-il-620253307-us
Steak 'n Shake,amenity:fast_food,"2338 Troy Road, Edwardsville, IL, 62025",62025,"Edwardsville, IL",+1 618 659 1840,,https://www.steaknshake.com/locations/il-edwardsville-troy-road/,https://www.steaknshake.com/about-us/
Subway,amenity:fast_food,"4 Club Centre Court, Edwardsville, IL, 62025",62025,"Edwardsville, IL",+1-618-656-6056,,https://restaurants.subway.com/united-states/il/edwardsville/4-club-centre-shpg-ctr,https://www.subway.com/en-US/ContactUs/GuestCare
Sudz Wash,shop:laundry,"1520 Troy Road, Edwardsville, IL, 62025",62025,"Edwardsville, IL",+1 618-659-5566,support@618laundries.com,,
Sugo's Spaghetteria,amenity:restaurant,"243 Harvard Drive, Edwardsville, IL, 62025",62025,"Edwardsville, IL",+1-618-659-4640,,http://sugosspaghetteria.com/,
Sunset Hils Memorial Estates,office:yes,"2900 South State Route 157, Edwardsville, IL, 62025",62025,"Edwardsville, IL",,,,
Supercuts,shop:hairdresser,"6679 Edwardsville Crossing Drive, Edwardsville, IL, 62025",62025,"Edwardsville, IL",+1-618-659-1582,,https://www.supercuts.com/locations/nearme/haircut/IL/EDWARDSVILLE/6679-B-EDWARDSVILLE-CROSSING/82432?prevStep=sd,https://www.supercuts.com/locations/nearme/haircut/IL/EDWARDSVILLE/6679-B-EDWARDSVILLE-CROSSING/82432?prevStep=sd
Supplement Superstore,shop:nutrition_supplements,"6687 Center Grove Road, Edwardsville, IL, 62025",62025,"Edwardsville, IL",+1-618-307-5993,edwardsville@supplementsuperstores.com,https://supplementsuperstores.com/pages/edwardsville-il,
Swing City Music,shop:musical_instrument,"244 South Buchanan Street, Edwardsville, IL, 62025",62025,"Edwardsville, IL",+1-618-656-5656,,,
T.J. Maxx,shop:department_store,"6647 Edwardsville Crossing Drive, Edwardsville, IL, 62025",62025,"Edwardsville, IL",+1-618-659-1368,,https://tjmaxx.tjx.com/store/stores/Edwardsville-IL-62025/1480/aboutstore,https://tjmaxx.tjx.com/store/jump/topic/contact-us/3200004
Taco Bell,amenity:fast_food,"1710 Troy Road, Edwardsville, IL, 62025",62025,"Edwardsville, IL",+1-618-692-0744,,https://locations.tacobell.com/il/edwardsville/1710-troy-rd.html,https://locations.tacobell.com/il/edwardsville/1710-troy-rd/breakfast.html
Taj Indian Cuisine,amenity:restaurant,"1039 Century Dr, Edwardsville, IL, 62025",62025,"Edwardsville, IL",+1-618-692-8110,,https://tajindiancuicineonline.com/home,
Taqueria Z,amenity:restaurant,"109 East Park Street, Edwardsville, IL, 62025",62025,"Edwardsville, IL",,,,
Target,shop:department_store,"2350 Troy Road, Edwardsville, IL, 62025",62025,"Edwardsville, IL",+1 618-659-3200,,https://www.target.com/sl/edwardsville/733,https://www.target.com/help/contact-us
Teaspoon Cafe,amenity:cafe,"2125 South State Route 157, Edwardsville, IL, 62025",62025,"Edwardsville, IL",+1-618-655-9595,,https://www.teaspoonscafe.com/,https://teaspoonscafe.com/contact/
Texas Roadhouse,amenity:restaurant,"6640 Edwardsville Crossing Drive, Edwardsville, IL, 62025",62025,"Edwardsville, IL",+1-618-656-8000,,https://www.texasroadhouse.com/locations/469-edwardsvilleil,
The Bike Factory,shop:bicycle,"612,616 Franklin Avenue, Edwardsville, IL, 62025",62025,"Edwardsville, IL",,,,
The Cave,shop:e-cigarette,"108 East Vandalia Street, Edwardsville, IL, 62025",62025,"Edwardsville, IL",,,,
The Cyclery,shop:bicycle,"2427;2472 Troy Road, Edwardsville, IL, 62025",62025,"Edwardsville, IL",+1 618 692 0070,becky@thecyclerys.com,https://www.thecyclerys.com/,https://www.thecyclerys.com/contact-us
The Home Depot,shop:doityourself,"2500 Troy Road, Edwardsville, IL, 62025",62025,"Edwardsville, IL",+1 618-659-3682,,https://www.homedepot.com/l/Edwardsville/IL/Edwardsville/62025/1973,
The Mat,shop:laundry,"445 South Buchanan Street, Edwardsville, IL, 62025",62025,"Edwardsville, IL",+1-618-692-1383,,,
The Orient,amenity:restaurant,"1518 Troy Road, Edwardsville, IL, 62025",62025,"Edwardsville, IL",+1-618-656-0044,,https://www.theorient1518online.com/,https://www.theorient1518online.com/contact-us/
The Reserve,office:leasing_office,"500 Reserve Circle, Edwardsville, IL, 62025",62025,"Edwardsville, IL",+1-618-655-0700,info@thereserveliving.com,https://thereserveliving.com/,
The Wildley Theatre,amenity:theatre,"250,252,254 North Main Street, Edwardsville, IL, 62025",62025,"Edwardsville, IL",,,http://www.wildeytheatre.com/,http://www.wildeytheatre.com/776/Contact-Us
Thrills Ville,shop:memorabilia,"110 East Vandalia Street, Edwardsville, IL, 62025",62025,"Edwardsville, IL",+1-618-217-8151,thrillsville618@gmail.com,https://www.thrillsville618.com/,
Tipsy Nails & Spa,shop:beauty,"6655 Edwardsville Crossing Drive, Edwardsville, IL, 62025",62025,"Edwardsville, IL",+1-618-307-9498,tipsynailsandspa2019@gmail.com,https://tipsynailsedwardsville.com/,
Town and Country Bank,amenity:bank,"10 Terra Verde, Edwardsville, IL, 62025",62025,"Edwardsville, IL",+1-618-307-3111,,https://www.townandcountrybank.com/about-us/location-hours/edwardsville/10/location-details,
Treo Salon,shop:hairdresser,"2117 south state route 157, Edwardsville, IL, 62025",62025,"Edwardsville, IL",+1-618-692-0003,treosalon@att.net,https://www.treosalon.net/,
Trusty Chords Record Shop,shop:music,"1514 Troy Road, Edwardsville, IL, 62025",62025,"Edwardsville, IL",+1-618-692-5245,trustychordsrecordshop@gmail.com,,
Twisted Biscuit,amenity:restaurant,"1071 South State Route 157, Edwardsville, IL, 62025",62025,"Edwardsville, IL",+1-618-800-5001,,https://www.twistedbiscuitbc.com/,
U.S. Bank,amenity:bank,"1411 Lewis Road, Edwardsville, IL, 62025",62025,"Edwardsville, IL",,,,
Underground Artworks,shop:tattoo,"1016 North Main Street, Edwardsville, IL, 62025",62025,"Edwardsville, IL",,,,
Verizon,shop:mobile_phone,"6695 Edwardsville Crossing Drive, Edwardsville, IL, 62025",62025,"Edwardsville, IL",+1-800-880-1077,,https://www.verizon.com/stores/details/illinois/edwardsville/edwardsville-324211/,https://www.verizon.com/stores/details/illinois/edwardsville/edwardsville-324211/
Vintage 71,shop:furniture,"813 North Main Street, Edwardsville, IL, 62025",62025,"Edwardsville, IL",,,,
Vive Yoga Studio,leisure:fitness_centre,"231 North Main Street, Edwardsville, IL, 62025",62025,"Edwardsville, IL",+1-618-567-7645,viveyogastudio@gmail.com,https://viveyogi.com/,https://viveyogi.com/contact/
Walgreens,amenity:pharmacy,"102 West Vandalia Street, Edwardsville, IL, 62025",62025,"Edwardsville, IL",+1-618-692-7251,,https://www.walgreens.com/storelocator/storeDetails.jsp?stnum=5664&dt=2.21,https://www.walgreens.com/youraccount/clhistory/contactlenshist.jsp
Walton Telken Bragee Injury Attorneys,office:lawyer,"209 East Schwarz Street, Edwardsville, IL, 62025",62025,"Edwardsville, IL",,,,
Wasabi,amenity:restaurant,"100 South Buchanan Street, Edwardsville, 62025",62025,"Edwardsville, IL",,,https://wasabisushibars.com/edwardsville,
Wellness Center,leisure:fitness_centre,"726 Puma Boulevard, Edwardsville, IL, 62025",62025,"Edwardsville, IL",,,,
Wigglers Bar and Grill,amenity:restaurant,"210 S Buchanan St, Edwardsville, IL, 62025",62025,"Edwardsville, IL",,,,
Wild Birds Unlimited,shop:pet,"2216 Troy Road, Edwardsville, IL, 62025",62025,"Edwardsville, IL",+1-618-307-9604,,https://edwardsville.wbu.com/,https://edwardsville.wbu.com/
Wingstop,amenity:fast_food,"2100 Troy Road, Edwardsville, IL, 62025",62025,"Edwardsville, IL",+1 618-656-9494,,,
YMCA,leisure:sports_centre,"1200 Esic Drive, Edwardsville, IL, 62025",62025,"Edwardsville, IL",,,,
Yummy Donut Palace,amenity:fast_food,"443 South Buchanan Street, Edwardsville, IL, 62025",62025,"Edwardsville, IL",+1 618 692 5242,,,
Zapp Thai,amenity:restaurant,"1500 Troy Road, Edwardsville, IL, 62025",62025,"Edwardsville, IL",+1-618-656-6800,admin@localforyou.com,https://www.zappthaiedwardsville.com/,https://www.zappthaiedwardsville.com/contact
Zimmerman Insurance,office:insurance,"1719 Troy Road, Edwardsville, IL, 62025",62025,"Edwardsville, IL",+1-618-656-9111,,https://www.zimmerins.com/,https://www.zimmerins.com/secure-contact-form/
Укрнафта,amenity:fuel,"4-А Зарічна вулиця, 62025",62025,"Edwardsville, IL",,hotline@ukrnafta.com,https://azs.ukrnafta.com/,
Ace's Golden Pawn,shop:pawnbroker,"1323 West Main Street, Belleville, IL, 62220",62220,"Belleville, IL",,,,
Acquerim Immobilier Carvin,office:estate_agent,"18 Rue Edouard Plachez, Carvin, 62220",62220,"Belleville, IL",,,,
Aquaspot Piscine,leisure:sports_centre,"105 Chemin du Moulin, Carvin, 62220",62220,"Belleville, IL",,contact@aquaspot-carvin.fr,https://aquaspot-carvin.fr/,https://aquaspot-carvin.fr/contact.html
Autohuolto Kauhava Tmi Iisakki Sippola,shop:car_repair,"94 Pernaantie, Pernaa, 62220",62220,"Belleville, IL",+358 43 211 3266,,https://www.autohuolto-kauhava.fi/,https://www.autohuolto-kauhava.fi/
Beast Craft BBQ Company,amenity:restaurant,"20 South Belt West, Belleville, IL, 62220",62220,"Belleville, IL",+1-618-257-9000,,https://beastcraftbbq.com/,https://beastcraftbbq.com/contact-us/
Beatnik's,shop:clothes,"215 East Main Street, Belleville, IL, 62220",62220,"Belleville, IL",+16183554600,,,
Bel-Air Bowl,leisure:bowling_alley,"200 South Belt West, Belleville, IL, 62220",62220,"Belleville, IL",,info@belairbowl.com,https://belairbowl.com/,https://belairbowl.com/contact-us/
Belleville Meyer Scout Shop,shop:yes,"335 West Main Street, Belleville, IL, 62220",62220,"Belleville, IL",,,,
Bronx Zoo Boutique,shop:gift,"1300 East Main Street, Belleville, IL, 62220",62220,"Belleville, IL",,,,
Buffalo Grill,amenity:restaurant,"Chemin des Postes, Carvin, 62220",62220,"Belleville, IL",+33 3 91 83 36 71,,https://www.buffalo-grill.fr/nos-restaurants/carvin,https://www.buffalo-grill.fr/contact
Casa Maria Mexican Grill,amenity:restaurant,"100 North High Street, Belleville, IL, 62220",62220,"Belleville, IL",+16184161337,casamariamexgrill@gmail.com,https://www.casamariamex.com/,https://www.casamariamex.com/contact.html
Circle K,shop:convenience,"1001 East Main Street, Belleville, IL, 62220",62220,"Belleville, IL",,,https://www.circlek.com/store-locator/US/belleville/1001-e-main-st/4701347,https://www.circlek.com/contact
Circle K,shop:convenience,"755 South Belt West, Belleville, IL, 62220",62220,"Belleville, IL",,,https://www.circlek.com/store-locator/US/belleville/755-s-belt-w/4701463,https://www.circlek.com/contact
Clara B's Kitchen Table,amenity:restaurant,"732 South Illinois Street, Belleville, IL, 62220",62220,"Belleville, IL",,,https://www.clarabs.com/,https://www.spothopperapp.com/contact-us?contact_reason=demo
Community Kindness Resale Shop,shop:charity,"500 East Main Street, Belleville, IL, 62220",62220,"Belleville, IL",,,,
CU장덕주공점,shop:convenience,"51 풍영로329번길, 광주광역시, 62220",62220,"Belleville, IL",,,,
Fantasy Books,shop:books,"1113 East Main Street, Belleville, IL, 62220",62220,"Belleville, IL",,,,
Firestone,shop:car_repair,"232 West Main Street, Belleville, IL, 62220",62220,"Belleville, IL",,,,
France Travail,office:government,"189 Avenue de la République, Carvin, 62220",62220,"Belleville, IL",+33 9 72 72 39 49,,,
Ihaste Konsum,shop:supermarket,"51 Kasesalu tee, Veibri küla, 62220",62220,"Belleville, IL",,,,
Illinois Secretary of State Belleville Facility,office:government,"400 West Main Street, Belleville, IL, 62220",62220,"Belleville, IL",+1-618-236-8750,,https://apps.ilsos.gov/facilityfinder/facilityfinder?command=getFacilityDetails&facilityId=027,https://apps.ilsos.gov/facilityfinder/facilityfinder?command=getFacilityDetails&facilityId=027
Intermarché Super,shop:supermarket,"Rue du Vieux Château, Carvin, 62220",62220,"Belleville, IL",+33 3 21 74 62 63,,https://www.intermarche.com/magasins/03230/carvin-62220/infos-pratiques,
Itsepalvelu-autopesula,amenity:car_wash,"8 Pernaantie, Pernaa, 62220",62220,"Belleville, IL",,,,
Kia,shop:car,"75 Route de Lens, Carvin, 62220",62220,"Belleville, IL",+33 3 72 27 33 30,,https://www.kia-carvin.fr/,https://www.kia-carvin.fr/
La Civette,shop:tobacco,"115 Rue Francis de Pressensé, Carvin, 62220",62220,"Belleville, IL",+33 321374840,,,
La tabatière,shop:tobacco,"95 Rue Salvador Allende, Carvin, 62220",62220,"Belleville, IL",,,,
Le Cyprien,shop:tobacco,"137 Rue Cyprien Quinet, Carvin, 62220",62220,"Belleville, IL",+33 3 21 37 03 31,,,
Le Welcome café tabac,shop:tobacco,"32 Rue Florent Evrard, Carvin, 62220",62220,"Belleville, IL",,,,
League Lounge,amenity:bar,"1501 West Main Street, Belleville, IL, 62220",62220,"Belleville, IL",,,,
Les Frangines,amenity:fast_food,"30 Rue Salvador Allende, 62220",62220,"Belleville, IL",+33 7 72 26 46 14,,https://lesfrangines-lapausegourmande.fr/,https://lesfrangines-lapausegourmande.fr/pages/contact
Les Mille Vies,shop:books,"70 Rue Edouard Plachez, 62220",62220,"Belleville, IL",+333 21 18 50 82,,,
Lincoln Theatre,amenity:cinema,"103 East Main Street, Belleville, IL, 62220",62220,"Belleville, IL",,,,
LongStory Coffee,amenity:cafe,"732 South Illinois Street, Belleville, 62220",62220,"Belleville, IL",,info@longstorycoffee.com,https://www.longstorycoffee.com/,https://www.longstorycoffee.com/
Main Street Cafe,amenity:restaurant,"1601 West Main Street, Belleville, IL, 62220",62220,"Belleville, IL",+1-618-355-9181,,,
Maxi Bazar,shop:variety_store,"Route de Meurchin, Carvin, 62220",62220,"Belleville, IL",+33 3 21 40 25 70,carvin@maxibazar.fr,https://maxibazar.fr/carvin.html,https://maxibazar.fr/contact.html
McDonald's,amenity:fast_food,"125 South Belt East, IL, 62220",62220,"Belleville, IL",+1 618-235-6226,,https://www.mcdonalds.com/us/en-us/location/il/belleville/125-s-belt-east/2114.html,https://www.mcdonalds.com/us/en-us/contact-us.html
Moto Mart,shop:convenience,"701 West Main Street, Belleville, IL, 62220",62220,"Belleville, IL",,,,
Mueller Furniture & Mattress,shop:furniture,"1004 East Main Street, Belleville, IL, 62220",62220,"Belleville, IL",+1-618-233-0667,corporate@muellerfurniture.com,https://www.muellerfurniture.com/,
NOZ,shop:variety_store,"86 Rue Jean Moulin, Carvin, 62220",62220,"Belleville, IL",+33 3 21 40 96 91,,https://www.noz.fr/nos-arrivages/,https://www.noz.fr/contactez-nous/
O'Gout Raya,shop:supermarket,"723, Carvin, 62220",62220,"Belleville, IL",+33 3 21 74 55 88,aissa@ogoutraya.fr,,
Papa Vito's,amenity:restaurant,"318 East Washington Street, Belleville, IL, 62220",62220,"Belleville, IL",+1 618-277-6200,,https://www.mypapavitos.com/location/downtown-belleville/,https://www.mypapavitos.com/contact/
Picnic Carvin & Lens,office:company,62220,62220,"Belleville, IL",,,,
Richard Roustio Attorney at Law,office:lawyer,"1 South Church Street, Belleville, IL, 62220",62220,"Belleville, IL",+1 618-671-6537,rroustio@gmail.com,https://618criminaldefense.com,https://618criminaldefense.com/contact
St. Clair County Regional Office of Education,office:government,"1000 South Illinois Street, 62220",62220,"Belleville, IL",,,https://sccroe50.org/,https://sccroe50.org/contact-us/
Station Service E. Leclerc,shop:convenience;gas,"Route de Meurchin, Carvin, 62220",62220,"Belleville, IL",,,,
Station Total,shop:convenience;gas,"75, Carvin, 62220",62220,"Belleville, IL",,,,
The Edge,amenity:cinema,"701 South Belt West, Belleville, IL, 62220",62220,"Belleville, IL",,info@edge618.com,https://www.edge618.com/home,https://www.edge618.com/contact
Tmi Jaakko Mäkinen,shop:computer,"61 Kleimolantie, Pernaa, 62220",62220,"Belleville, IL",+358 40 823 2138,,https://www.jaakkomakinen.fi/,https://www.jaakkomakinen.fi/
Vintage Tea Room,amenity:cafe,"316 East Main Street, 62220",62220,"Belleville, IL",+1 618-825-9088,,https://www.vintagetearoom316.com/,
골드마켓,shop:supermarket,"16 장덕로5번길, 광주광역시, 62220",62220,"Belleville, IL",,,,
롯데리아,amenity:fast_food,"55 장덕로, 광주광역시, 62220",62220,"Belleville, IL",,,,
보광약국,amenity:pharmacy,"271 풍영로, 광주광역시, 62220",62220,"Belleville, IL",,,,
블루클럽,shop:hairdresser,"47 장덕로, 광주광역시, 62220",62220,"Belleville, IL",,,,
엘리트,shop:clothes,"6 장덕로39번길, 광주광역시, 62220",62220,"Belleville, IL",,,,
제이블랑,shop:clothes,"45 장덕로, 광주광역시, 62220",62220,"Belleville, IL",,,,
카카오마트,shop:supermarket,"285 풍영로, 광주광역시, 62220",62220,"Belleville, IL",,,,
Advance Auto Parts,shop:car_parts,"1274 Vandalia Street, Collinsville, IL, 62234",62234,"Collinsville, IL",+1-618-346-9920,,https://stores.advanceautoparts.com/il/collinsville/1274-vandalia-st,https://shop.advanceautoparts.com/o/contact-us
Advantage Maytag,shop:repair,"1010 St Louis Road, Collinsville, IL, 62234",62234,"Collinsville, IL",,,,
Agavero Grill & Cantina,amenity:restaurant,"604 North Bluff Road, Collinsville, IL, 62234",62234,"Collinsville, IL",+1618-855-9200,rjrestaurants@outlook.com,,
Aldi,shop:supermarket,"1716 Vandalia Street, Collinsville, IL, 62234",62234,"Collinsville, IL",+1 855-955-2534,,https://stores.aldi.us/il/collinsville/1716-vandalia-street,https://www.aldi.us/store/aldi/pages/about-aldi
Ameren,office:company,"6 Richard Mark Way, Collinsville, IL, 62234",62234,"Collinsville, IL",,,,
Ameren HQ,office:company,"10 Richard Mark Way, Collinsville, IL, 62234",62234,"Collinsville, IL",,,,
Applebee's,amenity:restaurant,"610 North Bluff Road, Collinsville, IL, 62234",62234,"Collinsville, IL",+1 618-345-6840,,https://restaurants.applebees.com/en-us/il/collinsville/610-n.-bluff-road-81010,https://www.applebees.com/en/contact-us
Arby's,amenity:fast_food,"3 Eastport Plaza Drive, Collinsville, IL, 62234",62234,"Collinsville, IL",+1 618-345-5540,,https://www.arbys.com/locations/us/il/collinsville/4-eastport-plaza-dr/store-5210/,https://www.arbys.com/locations/us/il/collinsville/4-eastport-plaza-dr/store-5210/
AT&T,office:telecommunication,"203 Goethe Avenue, Collinsville, IL, 62234",62234,"Collinsville, IL",,,,
AutoZone,shop:car_parts,"1400 Vandalia Street, Collinsville, IL, 62234",62234,"Collinsville, IL",+1-618-345-7791,,https://www.autozone.com/locations/il/collinsville/1400-vandalia-rd.html,
Avis,amenity:car_rental,"1706 Vandalia Street, Collinsville, IL, 62234",62234,"Collinsville, IL",,custserv@avis.com,https://www.avis.com/en/locations/us/il/collinsville/co5,https://www.avis.com/en/about-avis
"Bandana's Bar-B-Q Collinsville, IL",amenity:restaurant,"4 Commerce Drive, Collinsville, IL, 62234",62234,"Collinsville, IL",,info@bandanasbbq.com.com,https://www.bandanasbbq.com/,https://www.bandanasbbq.com/about-us/dine-to-donate/
Bob Evans,amenity:restaurant,"600 North Bluff Road, Collinsville, IL, 62234",62234,"Collinsville, IL",+1-618-344-1131,,,
Busey Bank,amenity:bank,"101 South Morrison Avenue, Collinsville, IL, 62234",62234,"Collinsville, IL",,,,
Camelot Bowl,leisure:bowling_alley,"801 Beltline Road, Collinsville, IL, 62234",62234,"Collinsville, IL",+1-618-344-8610,,https://camelotbowl.net/,https://camelotbowl.net/contact/
Carisilos,amenity:restaurant,"1978 Vandalia Street, Collinsville, IL, 62234",62234,"Collinsville, IL",,,,
Casey's General Store,shop:convenience,"217 North Bluff Road, Collinsville, IL, 62234",62234,"Collinsville, IL",,,,
Circle K,amenity:fuel,"2233 Vandalia Street, Collinsville, IL, 62234",62234,"Collinsville, IL",+1-618-344-1352,,https://www.circlek.com/store-locator/US/collinsville/2233-vandalia-st/4701355,https://www.circlek.com/contact
Club Car Wash,amenity:car_wash,"333 North Bluff Road, Collinsville, IL, 62234",62234,"Collinsville, IL",,,https://clubcarwash.com/locations/collinsville-il-north-bluff-road/,https://clubcarwash.com/locations/collinsville-il-north-bluff-road/
Collinsville BBQ,shop:bbq,"1966 Vandalia Street, Collinsville, IL, 62234",62234,"Collinsville, IL",+1-618-855-8855,,https://collinsvillebbq.com/shop/,https://collinsvillebbq.com/shop/
Collinsville Township,office:government,"305,307 East Main Street, Collinsville, IL, 62234",62234,"Collinsville, IL",,,,
Collinsville Yamaha,shop:motorcycle,"1200 Beltline Road, Collinsville, IL, 62234",62234,"Collinsville, IL",+16183459889,,https://www.collinsvilleyamaha.com,
Colton's Steak House & Grill,amenity:restaurant,"5 Eastport Plaza Drive, Collinsville, IL, 62234",62234,"Collinsville, IL",+1-618-223-8977,,https://www.coltonssteakhouse.com/store_detail.php?id=35,https://www.coltonssteakhouse.com/contact.php
Creekside Gardens,shop:garden_centre,"721 Johnson Hill Road, Collinsville, IL, 62234",62234,"Collinsville, IL",+1-618-344-0754,,https://www.creeksidegardensinc.com/,https://www.creeksidegardensinc.com/contact/
Cullop Jennings Florist,shop:florist,"517 West Clay Street, Collinsville, IL, 62234",62234,"Collinsville, IL",,,https://cullopjennings.net/,
Culver's,amenity:fast_food,"100 United Drive, Collinsville, IL, 62234",62234,"Collinsville, IL",+1 618-344-8780,,https://www.culvers.com/restaurants/collinsville,https://www.contactculvers.com/
CVS Pharmacy,shop:chemist,"1800 Vandalia Street, Collinsville, IL, 62234",62234,"Collinsville, IL",,,https://www.cvs.com/store-locator/collinsville-il-pharmacies/1800-vandalia-st-collinsville-il-62234/storeid=2510,
Dairy Freeze,amenity:ice_cream,"250 St Louis Road, Collinsville, IL, 62234",62234,"Collinsville, IL",,,,
Derrell's Barbershop,shop:hairdresser,"905 Vandalia Street, Collinsville, IL, 62234",62234,"Collinsville, IL",,,,
Dobbs Tire and Auto,shop:tyres,"1180 Collinsville Crossing Boulevard, Collinsville, IL, 62234",62234,"Collinsville, IL",+1-618-344-4479,,https://www.gotodobbs.com/locations/collinsville/,https://www.gotodobbs.com/contact-us/
Dollar General,shop:variety_store,"1974 Vandalia Street, Collinsville, IL, 62234",62234,"Collinsville, IL",+1-618-693-9630,,https://www.dollargeneral.com/store-directory/il/collinsville/1083,
Dollar General,shop:variety_store,"108 St Louis Road, Collinsville, IL, 62234",62234,"Collinsville, IL",,,,
Dollar Tree,shop:variety_store,"623 Beltline Road, Collinsville, IL, 62234",62234,"Collinsville, IL",,,https://www.dollartree.com/locations/il/collinsville/5997/,
Dollar Tree,shop:variety_store,"1112 Collinsville Crossing Boulevard, Collinsville, IL, 62234",62234,"Collinsville, IL",,,https://www.dollartree.com/locations/il/collinsville/7951/,
Domino's,amenity:fast_food,"608 Vandalia Street, Collinsville, IL, 62234",62234,"Collinsville, IL",+1 618-345-8825,olocustomercare@dominos.com,https://pizza.dominos.com/illinois/collinsville/608-vandalia-street,https://www.dominos.com/en/about-pizza/
Elevate Smoke Shop,shop:e-cigarette,"1962 Vandalia Street, Collinsville, IL, 62234",62234,"Collinsville, IL",+1-618-223-1344,info@elevatesmokeshops.com,,
Exxon,amenity:fuel,"810 South Morrison Avenue, Collinsville, IL, 62234",62234,"Collinsville, IL",,,,
Farmer's Market,shop:grocery,"128 St Louis Road, Collinsville, IL, 62234",62234,"Collinsville, IL",,,,
Fazzi's Restaurant & Bar,amenity:restaurant,"1813 Vandalia Street, Collinsville, IL, 62234",62234,"Collinsville, IL",+1-618-344-5440,opa@fazzis.com,http://www.fazzis.com/,http://www.fazzis.com/ContactUsPage.html
FCB Bank,amenity:bank,"208 North Bluff Road, Collinsville, IL, 62234",62234,"Collinsville, IL",,,,
Freddy's,amenity:fast_food,"301 North Bluff Road, Collinsville, IL, 62234",62234,"Collinsville, IL",,,https://www.freddys.com/,https://www.freddys.com/contact-us
Gator's Louisiana Kitchen,amenity:restaurant,"1048 Collinsville Crossing Boulevard, Collinsville, IL, 62234",62234,"Collinsville, IL",,,,
Gorilla Express Auto Wash,amenity:car_wash,"1931 Beltline Road, Collinsville, IL, 62234",62234,"Collinsville, IL",+1-618-484-9997,,,
Habitat for Humanity ReStore,shop:charity,"1950 Vandalia Street, Collinsville, IL, 62234",62234,"Collinsville, IL",+1-618-343-0301,staff@lchabitat.org,https://www.habitat.org/il/collinsville/lewis-clark-hfh,
Hairscapers Salon,shop:hairdresser,"265 St Louis Road, Collinsville, IL, 62234",62234,"Collinsville, IL",,,,
Hardee's,amenity:fast_food,"519 Beltline Road, Collinsville, IL, 62234",62234,"Collinsville, IL",,,https://locations.hardees.com/il/collinsville/519-belt-line-rd,https://www.hardees.com/contact-us
Heavenly Rhythm Dance Studio,leisure:dance,"1124 Troy Road, Troy, IL, 62234",62234,"Collinsville, IL",,heavenlyrhythm@hotmail.com,https://www.heavenlyrhythm.com/,https://heavenlyrhythm.com/contact-us/
Home Furniture,shop:furniture,"125 East Main Street, Collinsville, IL, 62234",62234,"Collinsville, IL",,,,
Hot Shot Liquor,shop:alcohol,"733 Vandalia Street, Collinsville, IL, 62234",62234,"Collinsville, IL",+1-618-855-8396,,,
Hotshot Liquor,amenity:ice_cream,"827 Vandalia Street, Collinsville, IL, 62234",62234,"Collinsville, IL",,,,
Illinois Supply & Provisions,shop:cannabis,"1014 Eastport Plaza Drive, Collinsville, IL, 62234",62234,"Collinsville, IL",,,https://illinoissandp.com,
Instacredit Automart,shop:car,"910 North Bluff Road, Collinsville, IL, 62234",62234,"Collinsville, IL",+1-618-343-3900,instacreditautomart@leads.neoverify.com,https://www.instacreditautomart.com/,https://www.instacreditautomart.com/contactus.aspx
Jack Schmitt Ford,shop:car,"1820 Vandalia Street, Collinsville, IL, 62234",62234,"Collinsville, IL",+1-618-344-5105,,https://www.jackschmittford.com/,https://www.jackschmittford.com/contact-money4autos
Jade Buffet,amenity:restaurant,"1079 Collinsville Crossing Boulevard, Collinsville, IL, 62234",62234,"Collinsville, IL",,,,
Jimmy John's,amenity:fast_food,"701 North Bluff Road, Collinsville, IL, 62234",62234,"Collinsville, IL",+1 618-344-9117,,https://locations.jimmyjohns.com/il/collinsville/,https://www.jimmyjohns.com/contact-us/feedback
John H Hustava & Associates,office:attorney,"101 St Louis Road, Collinsville, IL, 62234",62234,"Collinsville, IL",,,,
Kassly-Meridith Funeral Home,shop:funeral_directors,"515 Vandalia Street, Collinsville, IL, 62234",62234,"Collinsville, IL",+1-618-344-5500,,https://meridithfuneralhome.com/,https://meridithfuneralhome.com/about/contact-us
KFC,amenity:fast_food,"1700 Vandalia Street, Collinsville, IL, 62234",62234,"Collinsville, IL",+1-618-344-6553,,https://locations.kfc.com/il/collinsville/1700-n-vandalia,https://www.kfc.com/contact
Kohl's,shop:department_store,"605 Beltline Road, Collinsville, IL, 62234",62234,"Collinsville, IL",+1 618-344-3576,,https://www.kohls.com/stores/il/collinsville-1349.shtml,https://www.kohls.com/faq/article/623
Kruta's Bakery,shop:bakery,"300 St Louis Road, Collinsville, IL, 62234",62234,"Collinsville, IL",+1-618-344-1115,,https://krutabakery.com/,https://krutabakery.com/contact/
Lafrank Monument Co,craft:stonemason,"700 Vandalia Street, Collinsville, IL, 62234",62234,"Collinsville, IL",,,,
Laura Buick GMC,shop:car,"903 North Bluff Road, Collinsville, IL, 62234",62234,"Collinsville, IL",+1-618-344-0121,,https://www.laurabuickgmc.com/,https://www.laurabuickgmc.com/contactus.aspx
Little Caesars,amenity:fast_food,"1042 Collinsville Crossing Boulevard, Collinsville, IL, 62234",62234,"Collinsville, IL",,,https://littlecaesars.com/en-us/store/8175/,https://littlecaesars.com/en-us/store/8175/
Lonnie's Liquor Store,shop:alcohol,"2004 Vandalia Street, Collinsville, IL, 62234",62234,"Collinsville, IL",,,,
Marco's Pizza,amenity:fast_food,"108 St Louis Road, Collinsville, IL, 62234",62234,"Collinsville, IL",,,,
Marshall's Transmission,shop:car_repair,"263 St Louis Road, Collinsville, IL, 62234",62234,"Collinsville, IL",,,,
Masters Auto,shop:car_repair,"206 Vandalia Street, Collinsville, IL, 62234",62234,"Collinsville, IL",,ed.starns@masterar.com,https://masterautoandtire.com/tires-auto-repair-collinsville-il,https://masterautoandtire.com/Contact/Find-Us
McDonald's,amenity:fast_food,"520 Ramada Boulevard, Collinsville, IL, 62234",62234,"Collinsville, IL",+1 618-345-4131,,https://www.mcdonalds.com/us/en-us/location/17911.html,https://www.mcdonalds.com/us/en-us/contact-us.html
McDonald's,amenity:fast_food,"503 Beltline Road, Collinsville, IL, 62234",62234,"Collinsville, IL",+1 618-345-7773,,https://www.mcdonalds.com/us/en-us/location/4338.html,https://www.mcdonalds.com/us/en-us/contact-us.html
Meineke,shop:car_repair,"411 Beltline Road, Collinsville, IL, 62234",62234,"Collinsville, IL",+1-618-223-5286,,,
Metro East Equipment,shop:garden_machinery,"1823 Vandalia Street, Collinsville, IL, 62234",62234,"Collinsville, IL",+1-618-365-6126,,https://www.metroeastequipmentcompany.com/,
Mike's Automotive,shop:car_repair,"1150 St Louis Road, Collinsville, IL, 62234",62234,"Collinsville, IL",,,,
Miners Theatre,amenity:theatre,"200,204 West Main Street, Collinsville, IL, 62234",62234,"Collinsville, IL",,,,
Moto Mart,amenity:fuel,"702 Vandalia Street, Collinsville, IL, 62234",62234,"Collinsville, IL",+1 618-345-8928,,,
Motomart,amenity:fuel,"702 Vandalia Street, Collinsville, IL, 62234",62234,"Collinsville, IL",,,,
MotoMart,amenity:fuel,"733 North Bluff Road, Collinsville, IL, 62234",62234,"Collinsville, IL",,,,
MotoMart - 3105,amenity:fuel,"733 North Bluff Road, Collinsville, IL, 62234",62234,"Collinsville, IL",+1-618-345-8928,feedback@fkgoil.com,https://stores.mymotomart.com/il/collinsville/village-moto-3105.html,https://mymotomart.com/contact-us/
MOW Printing Inc.,shop:copyshop,"526 Vandalia Street, Collinsville, IL, 62234",62234,"Collinsville, IL",+1-618-345-5525,info@mowprinting.com,https://www.mowprinting.com/,https://www.mowprinting.com/contact.html
Northgate Animal Hospital,amenity:veterinary,"1497 Vandalia Street, Collinsville, IL, 62234",62234,"Collinsville, IL",+1-618-344-0083,privacy@nva.com,https://www.northgatesmallanimalhospital.com/,https://www.northgatesmallanimalhospital.com/contact-us
O'Reilly Auto Parts,shop:car_parts,"1401 Vandalia Street, Collinsville, IL, 62234",62234,"Collinsville, IL",+1-618-344-2989,,https://locations.oreillyauto.com/il/collinsville/autoparts-1068.html,https://www.oreillyauto.com/contact-us
Old Herald Brewery & Distillery,amenity:pub,"115 East Clay Street, Collinsville, IL, 62234",62234,"Collinsville, IL",,user@domain.com,https://www.oldheraldbrewing.com/,https://www.oldheraldbrewing.com/
Osborn Cleaners,shop:laundry,"806 West Main Street, Collinsville, IL, 62234",62234,"Collinsville, IL",,,,
Panera Bread,amenity:fast_food,"525 North Bluff Road, Collinsville, IL, 62234",62234,"Collinsville, IL",+1-618-344-2193,,https://www.panerabread.com/en-us/cafe/locations/il/collinsville/525-n-bluff-road,https://www.panerabread.com/en-us/company/about-panera.html
Pawn King,shop:pawnbroker,"2221 Vandalia Street, Collinsville, IL, 62234",62234,"Collinsville, IL",+1-618-345-2377,,,
Phillips 66,amenity:fuel,"601 West Main Street, Collinsville, IL, 62234",62234,"Collinsville, IL",,,https://www.phillips66gas.com/station/P66-COLLINSVILLE-MINI-1374-0000900854/,
Pizza Hut Delivery,amenity:fast_food,"608 North Bluff Road, Collinsville, IL, 62234",62234,"Collinsville, IL",+1 618-345-9041,,https://locations.pizzahut.com/il/collinsville/608-n-bluff-rd,https://www.pizzahut.com/contact-us
PNC Bank,amenity:bank,"359 North Bluff Road, Collinsville, IL, 62234",62234,"Collinsville, IL",,,,
Popeyes,amenity:fast_food,"703 North Bluff Road, Collinsville, IL, 62234",62234,"Collinsville, IL",,,,
Pruit Auto,shop:car_repair,"1101 St Louis Road, Collinsville, IL, 62234",62234,"Collinsville, IL",,,,
Ramon's El Dorado,amenity:restaurant,"1711 St Louis Road, Collinsville, IL, 62234",62234,"Collinsville, IL",,,http://www.ramonseldorado.com/,
Ravanelli's,amenity:restaurant,"26 Collinsport Drive, Collinsville, IL, 62234",62234,"Collinsville, IL",,,,
Ravanelli's Restaurant,amenity:restaurant,"26 Collinsport Drive, Collinsville, IL, 62234",62234,"Collinsville, IL",,,https://www.ravanellis.com/,https://www.ravanellis.com/
Red Top BBQ and Chili,amenity:restaurant,"605 Vandalia Street, Collinsville, IL, 62234",62234,"Collinsville, IL",,,https://www.facebook.com/redtopbbq/?ref=nf,https://www.facebook.com/redtopbbq/?ref=nf
Redmon Insurance Agency,office:insurance,"405 St Louis Road, Collinsville, IL, 62234",62234,"Collinsville, IL",,,,
Regions Bank,amenity:bank,"1 Eastport Plaza Drive, Collinsville, IL, 62234",62234,"Collinsville, IL",,,,
Relax Nail Spa,shop:beauty,"1966 Vandalia Street, Collinsville, IL, 62234",62234,"Collinsville, IL",+1-618-855-8888,,,
Rent-A-Center,shop:furniture,"1974 Vandalia Street, Collinsville, IL, 62234",62234,"Collinsville, IL",+1-618-344-1515,,https://locations.rentacenter.com/illinois/collinsville/1974-vandalia-st/,
Revity Credit Union,amenity:bank,"1502 Vandalia Street, Collinsville, IL, 62234",62234,"Collinsville, IL",+1-618-797-7993,,https://www.revitycu.com/about/locations-hours.html,
Ruler Foods,shop:supermarket,"1984 Vandalia Street, Collinsville, IL, 62234",62234,"Collinsville, IL",+1-618-344-4412,info@rulerfoods.com,https://rulerfoods.com/,
Rural King,shop:country_store,"9525 Collinsville road, Collinsville, IL, 62234",62234,"Collinsville, IL",+1 618 344 0105,,https://www.ruralking.com/collinsville-il,https://www.openstreetmap.org/about
Schnucks,shop:supermarket,"501 Beltline Road, Collinsville, IL, 62234",62234,"Collinsville, IL",,,,
Scooter's Coffee,amenity:cafe,"1312 Vandalia Street, Collinsville, IL, 62234",62234,"Collinsville, IL",+1-616-223-8166,,https://www.scooterscoffee.com/,https://www.scooterscoffee.com/contact
Scuba Duck Car Wash,amenity:car_wash,"1840 Vandalia Street, Collinsville, IL, 62234",62234,"Collinsville, IL",,,,
Signature Family Dental,amenity:dentist,"1170 Beltline Road, Collinsville, IL, 62234",62234,"Collinsville, IL",+1-618-345-1400,sigfamilydental@gmail.com,https://www.signaturefamilydental.net,
Sizzor Shak Salon and Color Spa,shop:hairdresser,"208 East Main Street, Collinsville, IL, 62234",62234,"Collinsville, IL",,,https://sizzorshak.com/,https://sizzorshak.com/contact/
SK셀프 수완무들 주유소,amenity:fuel,"19-2 풍영로101번안길, 광주광역시, 62234",62234,"Collinsville, IL",,,,
Soft Gloss Car Wash,amenity:car_wash,"733 North Bluff Road, Collinsville, IL, 62234",62234,"Collinsville, IL",,,,
Sonic,amenity:fast_food,"1402 Vandalia, Collinsville, IL, 62234",62234,"Collinsville, IL",+1 618-343-9222,,https://locations.sonicdrivein.com/il/collinsville/1402-vandalia.html,https://locations.sonicdrivein.com/il/collinsville/1402-vandalia.html
Spectrum,shop:telecommunication,"1110 Collinsville Crossing Boulevard, Collinsville, IL, 62234",62234,"Collinsville, IL",+1-866-874-2389,,https://www.spectrum.com/locations/il/collinsville/1110-collinsville-crossing-blvd,https://www.spectrum.com/locations/il/collinsville/1110-collinsville-crossing-blvd#contact
Spirito's Italian Grocery,shop:grocery,"128 West Main Street, Collinsville, IL, 62234",62234,"Collinsville, IL",,,,
Spring Garden Family Restaurant,amenity:restaurant,"921 Vandalia Street, Collinsville, IL, 62234",62234,"Collinsville, IL",+1-618-343-0055,,https://www.springgardencollinsville.com/,https://www.springgardencollinsville.com/contact
Starbucks,amenity:cafe,"404 Beltline Road, Collinsville, IL, 62234",62234,"Collinsville, IL",+1-618-551-1522,,https://www.starbucks.ca/store-locator/store/1039777/vandalia-and-beltlline-404-beltline-rd-collinsville-il-622344405-us,https://www.starbucks.ca/store-locator/store/1039777/vandalia-and-beltlline-404-beltline-rd-collinsville-il-622344405-us
Steak 'n Shake,amenity:fast_food,"606 North Bluff Road, Collinsville, IL, 62234",62234,"Collinsville, IL",+1 618-623-0004,,https://www.steaknshake.com/locations/il-collinsville-north-bluff/,https://www.steaknshake.com/about-us/
Subway,amenity:fast_food,"413 Belt Line Road, Collinsville, IL, 62234",62234,"Collinsville, IL",+1 618-344-8180,,https://restaurants.subway.com/united-states/il/collinsville/413-belt-line-road,https://www.subway.com/en-US/ContactUs/GuestCare
Swing City Music Co,shop:musical_instrument,"1811 Vandalia Street, Collinsville, IL, 62234",62234,"Collinsville, IL",,,https://www.swingcitymusic.com/,https://www.swingcitymusic.com/contact-us/
Taco Bell,amenity:fast_food,"1001 Beltline Road, Collinsville, IL, 62234",62234,"Collinsville, IL",+1 618-345-2088,,https://locations.tacobell.com/il/collinsville/1001-belt-line-rd-.html,https://locations.tacobell.com/il/collinsville/1001-belt-line-rd-/breakfast.html
Taco Bell,amenity:fast_food,"369 North Bluff Road, Collinsville, IL, 62234",62234,"Collinsville, IL",+1-618-389-0015,,https://locations.tacobell.com/il/collinsville/379-north-bluff-rd-.html,https://locations.tacobell.com/il/collinsville/379-north-bluff-rd-/breakfast.html
Teezer's,amenity:bar,"215 Caseyville Road, Collinsville, IL, 62234",62234,"Collinsville, IL",,,,
The Home Depot,shop:doityourself,"1049 Collinsville Crossing Boulevard, Collinsville, IL, 62234",62234,"Collinsville, IL",+1 618-344-9022,,https://www.homedepot.com/l/collinsville-il/il/collinsville/62234/6961,
The Sandwich Shop,amenity:restaurant,"216 West Main Street, Collinsville, IL, 62234",62234,"Collinsville, IL",,,,
The Swamp,amenity:bar,"1042 Collinsville Crossing Boulevard, Collinsville, IL, 62234",62234,"Collinsville, IL",,,,
UMB Bank,amenity:bank,"401 North Bluff Road, Collinsville, IL, 62234",62234,"Collinsville, IL",,,,
Valvoline,shop:car_repair,"1491 Vandalia Street, IL, 62234",62234,"Collinsville, IL",+1-618-346-4858,formsubmission@vioc.com,https://store.vioc.com/il/collinsville/oil-change-050026.html,https://www.vioc.com/contact-us/
Waffle House,amenity:restaurant,"505 North Bluff Road, Collinsville, IL, 62234",62234,"Collinsville, IL",+1 618-344-6343;+1 618-344-9658,,https://locations.wafflehouse.com/collinsville-il-259/,https://www.wafflehouse.com/contact/
Walgreens,amenity:pharmacy,"1190 Collinsville Crossing Boulevard, Collinsville, IL, 62234",62234,"Collinsville, IL",,,,
Walgreens,shop:chemist,"401 Beltline Road, Collinsville, IL, 62234",62234,"Collinsville, IL",,,,
Walmart Gas Station,amenity:fuel,"1097 Beltline Road, Collinsville, IL, 62234",62234,"Collinsville, IL",,aem@wall-mart.com,https://www.walmart.com/store/2425-collinsville-il,https://www.sparkdriverapp.com/
Walmart Neighborhood Market,shop:supermarket,"1101 Belt Line Road, Collinsville, IL, 62234",62234,"Collinsville, IL",+1 618-381-7557,aem@wall-mart.com,https://www.walmart.com/store/2425-collinsville-il,https://www.sparkdriverapp.com/
Walmart Supercenter,shop:supermarket,"1040 Collinsville Crossing Boulevard, Collinsville, IL, 62234",62234,"Collinsville, IL",+1 618-344-4480,aem@wall-mart.com,https://www.walmart.com/store/361-collinsville-il,https://www.sparkdriverapp.com/
Wendy's,amenity:fast_food,"1061 Collinsville Crossing, Collinsville, IL, 62234",62234,"Collinsville, IL",+1 618-343-3767,,https://locations.wendys.com/united-states/il/collinsville/1061-collinsville-crossing,https://www.wendys.com/contact-us
White Castle,amenity:fast_food,"4 Eastport Plaza Drive, Collinsville, IL, 62234",62234,"Collinsville, IL",+1-618-346-4328,snapchat@whitecastle.com,https://whitecastle.com/locations/412,https://whitecastle.com/locations/412
Woods Basement Systems,craft:cleaning,"524 Vandalia Street, Collinsville, IL, 62234",62234,"Collinsville, IL",+1-618-249-5498,,https://www.woodsbasementsystems.com/collinsville-il-basement-waterproofing-contractor.html,https://www.woodsbasementsystems.com/about-us/testimonials.html
Zapata's,amenity:restaurant,"8 Eastport Plaza Drive, Collinsville, IL, 62234",62234,"Collinsville, IL",+1-618-343-1337,,https://zapatasmexican.com/,https://zapatasmexican.com/
Zephyr Express,amenity:fuel,"2000 Vandalia Street, Collinsville, IL, 62234",62234,"Collinsville, IL",,,,
동해 해물탕 찜,amenity:restaurant,"19-12 풍영로101번안길, 광주광역시, 62234",62234,"Collinsville, IL",,,,
Bellson Animal Hospital,amenity:veterinary,"1400 Columbia Center, Columbia, IL, 62236",62236,"Columbia, IL",,,,
Bob Brockland Buick GMC,shop:car,"580 Old State Route 3, Columbia, IL, 62236",62236,"Columbia, IL",,,,
Burger King,amenity:fast_food,"350 Columbia Center Drive, Columbia, IL, 62236",62236,"Columbia, IL",+1 618-719-2454,,https://www.bk.com/store-locator/store/restaurant_71845,https://www.bk.com/store-locator/store/restaurant_71845
Clarkson Eyecare,shop:optician,"1025 Columbia Center, Columbia, IL, 62236",62236,"Columbia, IL",,,,
Columbia Animal Hospital,amenity:veterinary,"201 McCrosky Professional Pk, Columbia, IL, 62236",62236,"Columbia, IL",+1-618-281-7161,cah@columbiaanimalhospital.com,https://columbiaanimalhospital.com/,https://columbiaanimalhospital.com/
Commerce Bank,amenity:bank,"995 Columbia Center, Columbia, IL, 62236",62236,"Columbia, IL",,,,
Moto Mart,amenity:fuel,"286 Southwoods Center, Columbia, IL, 62236",62236,"Columbia, IL",,,,
Quality Collision,shop:car_repair,"156 Southwoods Center, Columbia, IL, 62236",62236,"Columbia, IL",,,,
Regions Bank,amenity:bank,"100 Columbia Center, Columbia, IL, 62236",62236,"Columbia, IL",,,,
Sonic,amenity:fast_food,"1200 Admiral Weinel Boulevard, Columbia, IL, 62236",62236,"Columbia, IL",+1 618-281-9050,,https://locations.sonicdrivein.com/il/columbia/1200-admiral-weinel-blvd..html,https://locations.sonicdrivein.com/il/columbia/1200-admiral-weinel-blvd..html
Taco Bell,amenity:fast_food,"200 Columbia Center, Columbia, IL, 62236",62236,"Columbia, IL",+1 618-417-7532,,https://locations.tacobell.com/il/columbia/200-columbia-center.html,https://locations.tacobell.com/il/columbia/200-columbia-center/breakfast.html
Top Shooters,amenity:bar,"531 Old State Route 3, Columbia, IL, 62236",62236,"Columbia, IL",,,,
Walgreens,amenity:pharmacy,"100 Adminal Weinel Boulevard, Columbia, IL, 62236",62236,"Columbia, IL",,,,
Warm N Cozy Quilting,shop:fabric,"816 S Main St, Columbia, IL, 62236",62236,"Columbia, IL",+1-618-719-2565,info@warmncozyquilting.com,https://www.warmncozyquilting.com/,
Washy's Pub,amenity:pub,"210 South Main Street, Columbia, IL, 62236",62236,"Columbia, IL",+1-618-281-9901,washyspub@gmail.com,https://washyspub.com/,https://washyspub.com/contact-us/
West Park Bowl,leisure:bowling_alley,"1101 Valmeyer Road, Columbia, IL, 62236",62236,"Columbia, IL",,,,
ALDI,shop:supermarket,"300 THF Boulevard, Chesterfield, MO, 63005",63005,Chesterfield,+1 855-955-2534,,https://stores.aldi.us/mo/chesterfield/300-thf-blvd,https://www.aldi.us/store/aldi/pages/about-aldi
Annie Gunn's,amenity:restaurant,"16806 Chesterfield Airport Road, Chesterfield, 63005",63005,Chesterfield,+1-636-532-7684,,https://www.anniegunns.com/,https://www.anniegunns.com/about/contact-us/
Babbo's Spaghetteria,amenity:restaurant,"17402 Chesterfield Airport Road, 63005",63005,Chesterfield,+1-636-536-0000,,,
Bal-Cieur Cleaners,shop:dry_cleaning,"123 Chesterfield Town Center, 63005",63005,Chesterfield,,,,
Best Buy Outlet - Chesterfield,shop:electronics,"17397 Chesterfield Airport Road, Chesterfield, MO, 63005",63005,Chesterfield,+1 636-681-2930,,https://stores.bestbuy.com/mo/chesterfield/178-thf-blvd-143.html,https://www.bestbuy.com/contact-us
Bike Stop Bakery Chesterfield,amenity:restaurant,"17089 North Outer 40, 63005",63005,Chesterfield,+1-636-735-4422,,,
Burlington,shop:department_store,"18570 Outlet Boulevard, Chesterfield, MO, 63005",63005,Chesterfield,+1 636-536-9528,info@burlingtoninvestors.com,https://www.burlington.com/store-details/chesterfield-mo-964/,https://www.burlington.com/helpcenter/contact-us
Chesterfield Valley Athletic Complex,leisure:sports_centre,"17925 North Outer 40, Chesterfield, 63005",63005,Chesterfield,+1 636-812-9500,athleticcomplex@chesterfield.mo.us,https://www.chesterfield.mo.us/cvac.html,
Chick-fil-A,amenity:fast_food,"17365 Chesterfield Airport Road, Chesterfield, MO, 63005",63005,Chesterfield,+1 636-536-6933,,https://www.chick-fil-a.com/locations/mo/chesterfield-valley,https://www.chick-fil-a.com/locations/mo/chesterfield-valley#about-us
Culver's,amenity:fast_food,"17349 Chesterfield Airport Road, Chesterfield, MO, 63005",63005,Chesterfield,+1 636-778-9011,,https://www.culvers.com/restaurants/chesterfield,https://www.contactculvers.com/
East Coast Pizza,amenity:restaurant,"17304 Chesterfield Airport Road, Chesterfield, MO, 63005",63005,Chesterfield,+1 636-536-7888,,https://www.eastcoastpizza.net/com,
Espino's,amenity:restaurant,"17409 Chesterfield Airport Road, 63005",63005,Chesterfield,+1-636-519-0044,,,
Hardee's,amenity:fast_food,"17368 Chesterfield Airport Road, Chesterfield, MO, 63005",63005,Chesterfield,+1 636-536-5072,,https://locations.hardees.com/mo/chesterfield/17368-chesterfield-airport-rd,https://www.hardees.com/contact-us
Heavy Duty Equipment,shop:groundskeeping,"17371 North Outer 40, Chesterfield, 63005",63005,Chesterfield,+1-636-530-1911,sales@heavydutyturf.com,https://www.heavydutyturf.com/,https://www.heavydutyturf.com/contact
High Profile of Chesterfield Dispensary,shop:cannabis,"42 Arnage Road, Chesterfield, MO, 63005",63005,Chesterfield,+16368126569,,https://highprofilecannabis.com/shop/chesterfield-dispensary,https://highprofilecannabis.com/shop/chesterfield-dispensary
Home Elements Design Studio,shop:yes,"17830 Chesterfield Airport Road, Chesterfield, 63005",63005,Chesterfield,+1 636-536-0100,,https://www.homeelementsdesignstudio.com/,
IHOP,amenity:restaurant,"4 McBride and Son Center Drive, Chesterfield, MO, 63005",63005,Chesterfield,+1 636-536-6905,,https://restaurants.ihop.com/en-us/mo/chesterfield/breakfast-4-mcbride-son-center-dr-5433,https://www.ihop.com/en/contact-us
Jim Butler Kia,shop:car,"722 Long Road Crossing Drive, Chesterfield, 63005",63005,Chesterfield,,,,
Kaldi's Cafe,amenity:cafe,"17211 Chesterfield Airport Road, Chesterfield, 63005",63005,Chesterfield,,,,
Lowe's,shop:doityourself,"290 THF Boulevard, 63005",63005,Chesterfield,+1-636-728-0163,,https://www.lowes.com/,
Lowe's,shop:doityourself,"290 Thf Boulevard, Chesterfield, MO, 63005",63005,Chesterfield,+1 636-728-0163,,https://www.lowes.com/store/mo-chesterfield/0731,
McDonald's,amenity:fast_food,"110 Long Road, Chesterfield, MO, 63005",63005,Chesterfield,+1 636-519-8002,,https://www.mcdonalds.com/us/en-us/location/18113.html,
Mimi's Cafe,amenity:restaurant,"17240 Chesterfield Airport Road, Chesterfield, 63005",63005,Chesterfield,,,https://www.mimiscafe.com/,
Olive Garden,amenity:restaurant,"17198 Chesterfield Airport Road, 63005",63005,Chesterfield,,,,
Panda Express,amenity:fast_food,"98 THF Boulevard, Chesterfield, MO, 63005",63005,Chesterfield,+1 636-536-6680,,https://www.pandaexpress.com/locations/mo/chesterfield/1977,
Red Robin,amenity:restaurant,"17308 Chesterfield Airport Road, Chesterfield, MO, 63005",63005,Chesterfield,,,,
Regions Bank,amenity:bank,"100 Chesterfield Industrial Boulevard, Chesterfield, MO, 63005",63005,Chesterfield,,,,
Sam's Club,shop:wholesale,"196 THF Boulevard, Chesterfield, MO, 63005",63005,Chesterfield,+1 636-728-0359,,https://www.samsclub.com/,https://www.samsclub.com/
Sam's Club Pharmacy,amenity:pharmacy,"196 THF Boulevard, 63005",63005,Chesterfield,+1-636-728-0372,,,
Scarecrow,amenity:restaurant,"101 Chesterfield City Center, 63005",63005,Chesterfield,+1-636-536-9440,,http://www.scarecrowstl.com,
Schlotzsky's,amenity:fast_food,"158 Long Road, Chesterfield, MO, 63005",63005,Chesterfield,+1-636-778-9675,,,
Smokehouse Market,shop:butcher,"16806 Chesterfield Airport Road, 63005",63005,Chesterfield,+1-636-532-3314,media@smokehousemarket.com,https://www.smokehousemarket.com/,https://www.smokehousemarket.com/contact-us/shipping-and-return-policy/
Sonic,amenity:fast_food,"17300 Chesterfield Airport Road, Boone's Crossing, MO, 63005",63005,Chesterfield,+1 636-519-7235,,https://locations.sonicdrivein.com/mo/chesterfield/17300-chesterfield-airport-rd.html,https://locations.sonicdrivein.com/mo/chesterfield/17300-chesterfield-airport-rd.html
St. Louis Bread Co.,amenity:restaurant,"17132 Chesterfield Airport Road, 63005",63005,Chesterfield,+1-636-519-8187,,,
St. Louis Premium Outlets,shop:mall,"18521 Outlet Boulevard, Chesterfield, 63005",63005,Chesterfield,,onlinesupport@shopsimon.com,https://www.premiumoutlets.com/outlet/st-louis,https://www.simon.com/contact?mallId=1363
Strategic Air Services,office:yes,"18500 Edison Avenue, Chesterfield, 63005",63005,Chesterfield,+1-3146816136,brooke@magnaairgroup.com,,
Stratum Structural Systems,office:waterproofing_company,"17600 Chesterfield Airport Rd, Chesterfield, MO, 63005",63005,Chesterfield,+1 314-620-8153,,https://www.stratumrepair.com,https://stratumrepair.com/contact-us/
Taco Bell,amenity:fast_food,"17090 Chesterfield Airport Road, Chesterfield, MO, 63005",63005,Chesterfield,+1 636-537-0702,,https://locations.tacobell.com/mo/chesterfield/17090-chesterfield-airport-rd-.html,https://locations.tacobell.com/mo/chesterfield/17090-chesterfield-airport-rd-/breakfast.html
Target,shop:department_store,"40 THF Boulevard, Chesterfield, MO, 63005",63005,Chesterfield,+1 636-536-6207,,https://www.target.com/sl/chesterfield/1353,https://www.target.com/help/contact-us
The Home Depot,shop:doityourself,"390 THF Boulevard, Chesterfield, MO, 63005",63005,Chesterfield,+1 636-536-0675,,https://www.homedepot.com/l/chesterfield-mo/mo/chesterfield/63005/8994,
The Original Pancake House,amenity:restaurant,"17000 Chesterfield Airport Road, 63005",63005,Chesterfield,+1-636-536-4044,,,
The Sound,shop:electronics,"17373 Chesterfield Airport Road, 63005",63005,Chesterfield,+1-636-537-0404,support@audioadvice.com,https://www.thesoundroom.com/,https://www.thesoundroom.com/pages/contact
Topgolf,leisure:sports_centre,"16851 North Outer 40, 63005",63005,Chesterfield,+1-636-898-8044,,https://topgolf.com/us/st-louis/,https://topgolf.com/us/company/contact-us/
Valley Wok,amenity:restaurant,"125 Long Road, 63005",63005,Chesterfield,+1-636-530-1868,info@valleywokstl.com,http://valleywokstl.com,http://valleywokstl.com/ContactUs.htm
VIE Media,office:advertising_agency,"129 Chesterfield Industrial Boulevard, Chesterfield, 63005",63005,Chesterfield,,,,
Vito's in the Valley,amenity:restaurant,"138 Chesterfield City Center, 63005",63005,Chesterfield,+1-636-536-3788,,http://www.vitosinthevalley.com,https://giostl.com/wearegio/
Walmart Supercenter,shop:supermarket,"100 THF Boulevard, Chesterfield, MO, 63005",63005,Chesterfield,+1 636-536-4601,aem@wall-mart.com,https://www.walmart.com/store/2600-chesterfield-mo,https://www.sparkdriverapp.com/
Wendy's,amenity:fast_food,"17451 Chesterfield Airport Road, Chesterfield, MO, 63005",63005,Chesterfield,+1 636-536-9952,,https://locations.wendys.com/united-states/mo/chesterfield/17451-chesterfield-airport-road,
Wild Horse Mobil,amenity:fuel,"17287 Wild Horse Creek Road, 63005",63005,Chesterfield,+1-636-519-8314,,,
7 Brew,amenity:cafe,"1275 Jeffco Boulevard, Arnold, MO, 63010",63010,Arnold,,,,
A&W,amenity:fast_food,"3998 Jeffco Boulevard, Arnold, MO, 63010",63010,Arnold,+16362230581,,https://awrestaurants.com/locations/missouri/arnold/3998-jeffco-blvd/,https://awrestaurants.com/locations/missouri/arnold/3998-jeffco-blvd/
AA Nails & Spa,shop:beauty,"114 Richardson Crossing, Arnold, MO, 63010",63010,Arnold,+16364678088,,https://aa-nailspa.com/,
AABCO National Insurance Agency,office:insurance,"465 Jeffco Boulevard, Arnold, MO, 63010",63010,Arnold,+16362822500,harmonm1@yahoo.com,,
ACE Cash Express,shop:money_lender,"679 Jeffco Boulevard, Arnold, MO, 63010",63010,Arnold,,customerservice@acecashexpress.com,https://www.acecashexpress.com/locations/missouri/arnold/2301,https://www.acecashexpress.com/about/careers/
Adam & Eaves Hair Salon,shop:beauty,"1701 Jeffco Boulevard, Arnold, MO, 63010",63010,Arnold,+16362960900,,,
ALDI,shop:supermarket,"2154 Michigan Avenue, Arnold, MO, 63010",63010,Arnold,+1 855-955-2534,,https://stores.aldi.us/mo/arnold/2154-michigan-avenue,https://www.aldi.us/store/aldi/pages/about-aldi
Allstate,office:insurance,"681 Jeffco Boulevard, Arnold, MO, 63010",63010,Arnold,,,https://agents.allstate.com/shelley-moellenbeck-arnold-mo.html,
America's Best Contacts & Eyeglasses,shop:optician,"878 Arnold Commons Drive, Arnold, MO, 63010",63010,Arnold,+16362879715,,https://www.americasbest.com/location/mo/arnold/arnold-commons/,https://www.americasbest.com/save-money/contact-lens-offer
Applebee's,amenity:restaurant,"1110 Big Bill Road, Arnold, MO, 63010",63010,Arnold,+1 636-282-1550,,https://restaurants.applebees.com/en-us/mo/arnold/1110-big-bill-road-81005,https://www.applebees.com/en/contact-us
Arby's,amenity:fast_food,"224 Arnold Crossroads Center, Arnold, MO, 63010",63010,Arnold,+1 636-287-3241,,https://www.arbys.com/locations/us/mo/arnold/224-arnold-crossroads-center/store-8346/,https://www.arbys.com/locations/us/mo/arnold/224-arnold-crossroads-center/store-8346/
Armor Equipment Main Office,office:company,"1368 Lonedell Road, Arnold, MO, 63010",63010,Arnold,,,,
Arnold Animal Hospital,amenity:veterinary,"11 Municipal Drive, Arnold, MO, 63010",63010,Arnold,+1-636-296-7060,arnoldvetsaccess@aol.com,https://www.arnoldanimalhosp.com/,
Arnold Eyecare Center,shop:optician,"1235 Water Tower Place, Arnold, MO, 63010",63010,Arnold,+1 636-296-8612,,https://www.arnoldeye.com/,https://www.arnoldeye.com/ContactLens/
Arnold Florist,shop:florist,"1705 Jeffco Boulevard, Arnold, MO, 63010",63010,Arnold,,,https://www.arnoldfloristmo.com,https://www.arnoldfloristmo.com/page/contact-us
Arnold Gun Show,shop:sports,"1725 Jeffco Boulevard, 63010",63010,Arnold,,,,
Arnold License Office,office:government,"108 Richardson Crossing, Arnold, MO, 63010",63010,Arnold,,arnoldagentoffice@dor.mo.gov,,
Arnold Smiles,amenity:dentist,"124 Richardson Crossing, Arnold, MO, 63010",63010,Arnold,+16364646444,drmariscal@arnoldsmiles.com,https://www.arnoldsmiles.com/,https://www.arnoldsmiles.com/contact/appointment-request/
AT&T,shop:mobile_phone,"2245 Michigan Avenue, Arnold, MO, 63010",63010,Arnold,+16362820269,,https://www.att.com/stores/missouri/arnold/158111,javascript:void(0);
Auto Bodys Unlimited,shop:car_repair,"2118 Michigan Avenue, Arnold, MO, 63010",63010,Arnold,+16362966571,,,
Bailey Upholstering,shop:upholstery,"1081 West Outer Road, Arnold, MO, 63010",63010,Arnold,+16362821227,,,
Bandana's Bar-B-Q,amenity:restaurant,"1220 Big Bill Road, Arnold, MO, 63010",63010,Arnold,+1-636-282-3328,,,
Belmar's Taxidermy,shop:taxidermist,"722 Jeffco Boulevard, Arnold, MO, 63010",63010,Arnold,+13147062090,belmarstaxidermy@hotmail.com,https://belmarstaxidermy.com/,
Bingo Nails,shop:beauty,"667 Jeffco Boulevard, Arnold, MO, 63010",63010,Arnold,+16362876922,,,
BP to go,shop:convenience,"3700 Jeffco Boulevard, Arnold, MO, 63010",63010,Arnold,+16365253423,,,
Brown & Crouppen,office:lawyer,"866 Arnold Commons Drive, Arnold, MO, 63010",63010,Arnold,+13148019394,,https://www.brownandcrouppen.com/arnold/,https://www.brownandcrouppen.com/contact/
Buff City Soap,shop:beauty,"2263 Michigan Avenue, Arnold, MO, 63010",63010,Arnold,+16362870045,fraud@buffcitysoap.com,https://buffcitysoap.com,https://buffcitysoap.com/pages/contact
Burger King,amenity:fast_food,"3600 West Outer Road, Arnold, MO, 63010",63010,Arnold,+1 636-282-5845,,https://www.bk.com/store-locator/store/restaurant_7415,https://www.bk.com/store-locator/store/restaurant_7415
Cafe 닻별,amenity:cafe,"89 금능길, 제주시, 63010",63010,Arnold,+82 64 796 5195,,https://instagram.com/cafe_datstar,https://instagram.com/cafe_datstar
Caliber Collision,shop:car_repair,"1535 Big Bill Road, Arnold, MO, 63010",63010,Arnold,+16362825600,arnold@calibercollision.com,https://www.caliber.com/find-a-location/arnold,https://www.caliber.com/contact-us
Cape Electrical Supply,shop:electrical,"237 Arnold Crossroads Center, Arnold, MO, 63010",63010,Arnold,,,https://capeelectric.com/locations/missouri/arnold/,https://capeelectric.com/contact-us
"Caseta de Cobro ""Amado Nervo""",office:company,"Autopista Jala - Compostela Km. 31+620, Amado Nervo, Nayarit, 63010",63010,Arnold,,,,
Casey Exteriors,craft:roofer;siding;window_construction,"726 Jeffco Boulevard, Arnold, MO, 63010",63010,Arnold,+13148925900,caseyexteriors@gmail.com,https://caseyexteriorsllc.com,
Celeslie's Salon and Spa,shop:beauty,"170 Richardson Crossing, Arnold, MO, 63010",63010,Arnold,+16364640070,,https://www.celeslies.com/,https://www.celeslies.com/
Chase,amenity:bank,"1314 Jeffco Boulevard, Arnold, MO, 63010",63010,Arnold,+16365487159,,https://locator.chase.com/mo/arnold/1314-jeffco-blvd,
Check 'n Go,shop:money_lender,"1241 Water Tower Place, Arnold, MO, 63010",63010,Arnold,,,,
Chick-fil-A,amenity:fast_food,"1 Arnold Mall, Arnold, MO, 63010",63010,Arnold,+1 636-287-9814,,https://www.chick-fil-a.com/locations/mo/arnold,https://www.chick-fil-a.com/locations/mo/arnold#about-us
Chili's,amenity:restaurant,"901 Arnold Commons Drive, Arnold, MO, 63010",63010,Arnold,+1-636-757-0787,,https://www.chilis.com/,
China King,amenity:restaurant,"229 Arnold Crossroads Center, Arnold, MO, 63010",63010,Arnold,+1 636 287 2888,,https://www.chinakingarnold.com,
Chuck’s Hot Chicken,amenity:fast_food,"231 Arnold Crossroads Center, Arnold, MO, 63010",63010,Arnold,,,https://www.chuckshotchicken.com,https://www.chuckshotchicken.com/contact-us
Circle K,shop:convenience,"2046 Key West Drive, Arnold, MO, 63010",63010,Arnold,+16362873845,,https://www.circlek.com/store-locator/US/arnold/2046-key-west-dr/4701676,https://www.circlek.com/contact
Circle K,shop:convenience,"504 Jeffco Boulevard, Arnold, MO, 63010",63010,Arnold,+16362871158,,https://www.circlek.com/store-locator/US/arnold/504-jeffco-blvd/4701640,https://www.circlek.com/contact
City of Arnold Recreation Center,leisure:fitness_centre,"1695 Missouri State Road, Arnold, MO, 63010",63010,Arnold,+16362822380,dcrutchley@arnoldmo.org,https://www.arnoldmo.org/government/departments/parks-recreation/rec-center/,https://www.arnoldmo.org/contact
Coco's Coffeehouse & Cafe,amenity:cafe,"170 Richardson Crossing, Arnold, MO, 63010",63010,Arnold,+13144019794,,https://cocoscoffeehousecafe.com/,
Cold Stone Creamery,amenity:ice_cream,"1270 Jeffco Boulevard, Arnold, MO, 63010",63010,Arnold,+16363332060,mycoldstoneclub@kahalamgmt.com,https://www.coldstonecreamery.com/stores/23561,https://www.coldstonecreamery.com/contactus/problemcomplimentsuggestion
Commerce Bank,amenity:bank,"956 Jeffco Boulevard, Arnold, MO, 63010",63010,Arnold,,,,
Compass Health Network,amenity:dentist,"849 Jeffco Boulevard, Arnold, MO, 63010",63010,Arnold,+18448538937,pcschewest@compasshn.org,https://compasshealthnetwork.org/locations/arnold-fox/,https://compasshealthnetwork.org/contact/
Concentrix,office:consulting,"1900 Meyer Drury Drive, Arnold, MO, 63010",63010,Arnold,,,,
Consumer Cellular,shop:mobile_phone,"862 Arnold Commons Drive, Arnold, MO, 63010",63010,Arnold,+16363334310,,https://www.consumercellular.com/store-locator/9403-Consumer%20Cellular-Arnold-MO-63010,
Coppel,shop:department_store,"62 Avenida Guadalupe Victoria Poniente, Tepic, Nayarit, 63010",63010,Arnold,,,,
CQ Nails,shop:beauty,"3811 Vogel Road, Arnold, MO, 63010",63010,Arnold,+16363332323,,,
Crescent Parts & Equipment,shop:trade,"1500 Lonedell Industrial Court, Arnold, MO, 63010",63010,Arnold,+16362962778,testaccount@insitesoft.com,https://www.crescentparts.com/Locations/DealerDetails?id=5c3c012d-5a1f-4e7d-819d-af9400aaaf7c,https://www.crescentparts.com/Locations/DealerDetails?id=5c3c012d-5a1f-4e7d-819d-af9400aaaf7c
Crumbl Cookies,shop:pastry,"840 Arnold Commons Drive, Arnold, MO, 63010",63010,Arnold,+16362043199,mo.arnold@crumbl.com,https://crumblcookies.com/moarnold,https://crumblcookies.com/contact
Culver's,amenity:fast_food,"123 Richardson Crossing, Arnold, MO, 63010",63010,Arnold,+1 636-467-9955,,https://www.culvers.com/restaurants/arnold,https://www.contactculvers.com/
Denny's,amenity:restaurant,"1203 Drury Lane, Arnold, MO, 63010",63010,Arnold,+1-636-296-9477,,https://www.dennys.com/,https://www.dennys.com/contact-us
Dierbergs,shop:supermarket,"860 Arnold Commons Drive, Arnold, MO, 63010",63010,Arnold,,,https://www.dierbergs.com/store-locations/arnold-commons,https://www.dierbergs.com/store-locations/arnold-commons
Domino's,amenity:fast_food,"1951 Richardson Road, Arnold, MO, 63010",63010,Arnold,+16364675800,olocustomercare@dominos.com,https://pizza.dominos.com/missouri/arnold/1951-richardson-road,https://www.dominos.com/en/about-pizza/
DQ Grill & Chill,amenity:fast_food,"1959 Richardson Road, Arnold, MO, 63010",63010,Arnold,+1 636-223-0015,,https://www.dairyqueen.com/locations/mo/arnold/1959-richardson-rd/11226,
Drew's Donut Stop,amenity:cafe,"1600 Jeffco Boulevard, Arnold, MO, 63010",63010,Arnold,+16365488607,,,
Dunkin',amenity:fast_food,"900 Jeffco Boulevard, Arnold, MO, 63010",63010,Arnold,,development_sites@dunkinbrands.com,https://locations.dunkindonuts.com/en/mo/arnold/900-jeffco-blvd/351388,https://www.dunkindonuts.com/en/about/contact-us/faqs
Dylan's Sports Pub and Grill,amenity:pub,"675 Jeffco Boulevard, Arnold, MO, 63010",63010,Arnold,+16362963831,,,
Eclipse Wellness Studio & Crystal Shop,shop:esoteric,"1699 Jeffco Boulevard, Arnold, MO, 63010",63010,Arnold,+16364675557,expectmore@abmp.com,https://eclipsewellnessstudio.abmp.com/,https://eclipsewellnessstudio.abmp.com/contact-us
Enchanted Dragon,shop:tattoo;piercing,"461 Jeffco Boulevard, Arnold, MO, 63010",63010,Arnold,+16362968050,,http://enchanteddragontattoos.com/stlouis.htm,http://enchanteddragontattoos.com/stlouis.htm
Express Employment Professionals,office:employment_agency,"661 Jeffco Boulevard, Arnold, MO, 63010",63010,Arnold,+16362873303,jobs.arnoldmo@expresspros.com,https://expresspros.com/arnoldmo/,https://www.expresspros.com/us-missouri-arnold/contact-us
Famous Footwear,shop:shoes,"1215 Water Tower Place, Arnold, MO, 63010",63010,Arnold,,,,
Fantastic Sams,shop:hairdresser,"1945 Richardson Road, Arnold, MO, 63010",63010,Arnold,+16364645522,,https://www.fantasticsams.com/salons/fantastic-sams-arnold-mo,https://www.fantasticsams.com/contact-us
Farmers Insurance,office:insurance,"1363 Big Bill Road, Arnold, MO, 63010",63010,Arnold,+16365488668,ranton1@farmersagent.com,,
Finishing Touch Lawn Care,craft:gardener,"1400 Shawnee Court, Arnold, MO, 63010",63010,Arnold,,,,
Fireside Hearth & Home,shop:fireplace,"917 Arnold Commons Drive, Arnold, MO, 63010",63010,Arnold,+16362820300,info@arnoldstove.com,https://www.arnoldstove.com,
First Bank,amenity:bank,"2255 Michigan Avenue, Arnold, MO, 63010",63010,Arnold,,firstbankarnold@firstservices.onmicrosoft.com,https://first.bank/About/Locations/Arnold,https://first.bank/About/Contact-Us
First Community Credit Union,amenity:bank,"1722 Missouri State Road, Arnold, MO, 63010",63010,Arnold,+16367283333,,https://www.firstcommunity.com/about-us/location-details.html?id=6305&location-information=arnold-(highway-141)--1722-missouri-state-road--arnold-mo-63010,https://www.firstcommunity.com/about-us/contact-us.html
Flooring Galaxy,shop:flooring,"2120 Tenbrook Road, Arnold, MO, 63010",63010,Arnold,+1 636-333-3131,sales@flooringgalaxy.com,https://www.flooringgalaxy.com/arnold-mo,https://www.flooringgalaxy.com/contact
Fox Chase Apartments,office:property_management,"700 Fox Chase Apartments, Arnold, MO, 63010",63010,Arnold,+16362452795,,https://www.foxchaseapt.com/,
GameStop,shop:video_games,"2168 Michigan Avenue, Arnold, MO, 63010",63010,Arnold,,,https://www.gamestop.com/store/us/mo/arnold/6297/shops-at-water-tower-gamestop,
GNC,shop:nutrition_supplements,"868 Arnold Commons Drive, Arnold, MO, 63010",63010,Arnold,+16363212061,customer-service@gnc-hq.com,https://stores.gnc.com/all-stores-missouri/arnold/868-arnold-commons-dr,https://www.gnc.com/help/contact-us.html
Goodfellas Moving Company,office:moving_company,"3809 Vogel Road, Arnold, MO, 63010",63010,Arnold,+13144058228,jeff.lodike@gmail.com,https://www.gfmovingcompany.com/,https://www.gfmovingcompany.com/contact
Goodwill,shop:second_hand,"3616 Richardson Square Way, Arnold, MO, 63010",63010,Arnold,,,,
Grateful Motors,shop:car,"4046 Jeffco Boulevard, Arnold, MO, 63010",63010,Arnold,+1-636-326-2277,,https://www.gratefulmotorsmo.com/,
Great Peking,amenity:restaurant,"669 Jeffco Boulevard, Arnold, MO, 63010",63010,Arnold,+16363333198,,,
Greg Ryan Salon,shop:beauty,"720 Jeffco Boulevard, Arnold, MO, 63010",63010,Arnold,+16362154714,gregryansalon@gmail.com,,
H&R Block,office:tax_advisor,"655 Jeffco Boulevard, Arnold, MO, 63010",63010,Arnold,,,https://www.hrblock.com/local-tax-offices/missouri/arnold/655-jeffco-blvd/24126/,https://www.hrblock.com/corporate/
Harbor Freight Tools,shop:hardware,"1400 Jeffco Boulevard, Arnold, MO, 63010",63010,Arnold,+16362235858,,https://www.harborfreight.com/storelocator/1400-jeffco-blvd-arnold-63010?number=3020,https://www.harborfreight.com/customer-support/contact-us?topic=onlineExperience
Harter Bakery,shop:bakery,"4050 Jeffco Boulevard, Arnold, MO, 63010",63010,Arnold,+1-636-464-6767,harterbakerycakes@yahoo.com,https://www.harterbakery.com/,https://www.harterbakery.com/?page_id=24
"Headquarters, Arsenal Credit Union",amenity:bank,"3780 Vogel Road, Arnold, MO, 63010",63010,Arnold,,,https://arsenalcu.com,https://arsenalcu.com/contact
Heneghan Associates,office:engineer,"1929 Richardson Road, Arnold, MO, 63010",63010,Arnold,+16364643610,info@heneghanassoc.com,https://haengr.com,https://haengr.com/contact/
Honey Bee Tea,amenity:cafe,"870 Arnold Commons Drive, Arnold, MO, 63010",63010,Arnold,,honeybeetea429@gmail.com,https://honeybt.com,https://honeybt.com/contact-us
Hotshots Sports Bar and Grill,amenity:restaurant,"131 Arnold Crossroads Center, Arnold, MO, 63010",63010,Arnold,+1 636-287-6078,customerservice@hotshotsnet.com,https://hotshotsnet.com/locations/arnold-mo/,https://hotshotsnet.com/contact/
Jack's Mattress Shack,shop:bed,"537 Jeffco Blvd, Arnold, MO, 63010",63010,Arnold,+1 314-441-0250,,https://jacksmattressshack.com,
Jefferson County Dental,amenity:dentist,"838 Arnold Commons Drive, Arnold, MO, 63010",63010,Arnold,+16362962616,jeffcodental@yahoo.com,https://www.jeffcodental.com/,https://www.jeffcodental.com/
Jiffy Lube,shop:car_repair,"966 Jeffco Boulevard, Arnold, MO, 63010",63010,Arnold,,,,
Jimmy John's,amenity:fast_food,"1266 Jeffco Boulevard, Arnold, MO, 63010",63010,Arnold,+16362879777,,https://locations.jimmyjohns.com/mo/arnold/sandwiches-1015.html,https://www.jimmyjohns.com/contact-us/feedback
Karma Hair and Nails,shop:hairdresser,"1718 Missouri State Road, Arnold, MO, 63010",63010,Arnold,+16362960001,,,
Kohl's,shop:department_store,"2150 Michigan Avenue, Arnold, MO, 63010",63010,Arnold,+1 636-282-0399,,https://www.kohls.com/stores/mo/arnold-351.shtml,https://www.kohls.com/faq/article/623
Kozeny Wagner,office:construction,"951 West Outer Road, Arnold, MO, 63010",63010,Arnold,+16362962012,ckozeny@kozenywagner.com,https://kozenywagner.com/,https://kozenywagner.com/contact/
Las Fuentes,amenity:restaurant,"2198 Michigan Avenue, Arnold, MO, 63010",63010,Arnold,,,https://www.enjoylasfuentes.com/restaurants/arnold,
Little Caesars,amenity:fast_food,"1851 Jeffco Boulevard, Arnold, MO, 63010",63010,Arnold,,,,
Lowe's,shop:doityourself,"920 Arnold Commons Drive, Arnold, MO, 63010",63010,Arnold,+1 636-212-6000,,https://www.lowes.com/store/mo-arnold/2303,https://www.lowes.com/store/mo-arnold/2303
LP Mart,shop:convenience,"5 Municipal Drive, Arnold, MO, 63010",63010,Arnold,,,,
Marcus Cinema,amenity:cinema,"1912 Richardson Road, Arnold, 63010",63010,Arnold,,,https://www.marcustheatres.com/,https://www.marcustheatres.com/
Massage O,shop:massage,"467 Jeffco Boulevard, Arnold, MO, 63010",63010,Arnold,+13149520292,sales@vagaro.com,https://www.vagaro.com/us04/massageo,https://www.vagaro.com/pro/contact
Mattress Direct,shop:bed,"2156 Michigan Avenue, Arnold, MO, 63010",63010,Arnold,,,https://www.stlmattressdirect.com/arnold,https://www.stlmattressdirect.com/arnold
Mattress Firm,shop:bed,"2233 Michigan Avenue, Arnold, MO, 63010",63010,Arnold,+1 636-287-1565,,https://www.mattressfirm.com/en-us/stores/mo/arnold/018043/,
McAlister's Deli,amenity:restaurant,"2249 Michigan Avenue, Arnold, MO, 63010",63010,Arnold,+16363212627,tripadvisorreviews@medallia.com,https://locations.mcalistersdeli.com/mo/arnold/2249-michigan-avenue,https://survey3.medallia.com/?mcalisters-contact-us&amp;br=5
McDonald's,amenity:fast_food,"2005 Richardson Road, Arnold, MO, 63010",63010,Arnold,+1 636-296-6487,,https://www.mcdonalds.com/us/en-us/location/17931.html,https://www.mcdonalds.com/us/en-us/contact-us.html
McDonald's,amenity:fast_food,"130 Arnold Cross Roads, Arnold, MO, 63010",63010,Arnold,+1 636-296-8841,,https://www.mcdonalds.com/us/en-us/location/4717.html,https://www.mcdonalds.com/us/en-us/contact-us.html
Meramec Family Dentistry,amenity:dentist,"1333 W Outer 21 Road, Arnold, MO, 63010",63010,Arnold,+1-636-333-3304,user@domain.com,https://meramecfamilydentistry.com/,https://meramecfamilydentistry.com/contact
Miyabi Japanese Sushi & Steak House,amenity:restaurant,"892 Arnold Commons Drive, Arnold, MO, 63010",63010,Arnold,,info@joyopos.com,https://www.miyabimo.com/,https://www.miyabimo.com/#fh5co-about
MOD Pizza,amenity:fast_food,"1261 Water Tower Place, Arnold, MO, 63010",63010,Arnold,+1 314-582-7707,press@modpizza.com,https://locations.modpizza.com/usa/mo/arnold/1261-water-tower-pl,https://modpizza.com/contact-us/
Nails & More,shop:beauty,"852 Arnold Commons Drive, Arnold, MO, 63010",63010,Arnold,+16362879899,,,
Northern Tool + Equipment,shop:hardware,"233 Arnold Crossroads Center, Arnold, MO, 63010",63010,Arnold,+1 636-333-0484,,https://www.northerntool.com/store/arnoldmo-store-arnold-mo,
Nothing Bundt Cakes,shop:pastry,"834 Arnold Commons Drive, Arnold, MO, 63010",63010,Arnold,+16362452340,arnold-mo@nothingbundtcakes.com,https://www.nothingbundtcakes.com/find-a-bakery/mo/arnold/bakery-776.html,https://www.nothingbundtcakes.com/contact
O'Reilly Auto Parts,shop:car_parts,"1233 Jeffco Boulevard, Arnold, MO, 63010",63010,Arnold,+16362879754,,https://locations.oreillyauto.com/mo/arnold/autoparts-1689.html,https://www.oreillyauto.com/contact-us
Office Depot,shop:stationery,"912 Arnold Commons Drive, Arnold, MO, 63010",63010,Arnold,+1 636-287-8881,,https://www.officedepot.com/storelocator/mo/arnold/office-depot-2770,https://www.officedepot.com/l/print-and-copy/same-day-printing?promo_name=store_page&promo_id=text&promo_creative=sameday_printing
Once Upon a Child,shop:clothes,"1231 Water Tower Place, Arnold, MO, 63010",63010,Arnold,,,,
Panda Express,amenity:fast_food,"3880 State Route 141, Arnold, MO, 63010",63010,Arnold,+1 636-287-3783,,https://www.pandaexpress.com/locations/mo/arnold/1997,
Panera Bread,amenity:fast_food,"909 Arnold Commons Drive, Arnold, MO, 63010",63010,Arnold,+1 636-287-8901,,https://locations.panerabread.com/mo/arnold/909-arnold-commons-drive.html,https://locations.panerabread.com/en-us/company/about-panera.html
Papa John's,amenity:fast_food,"1201 Water Tower Place, Arnold, MO, 63010",63010,Arnold,+1 636-282-4222,,https://locations.papajohns.com/united-states/mo/63010/arnold/1201-water-tower-pl,https://locations.papajohns.com/united-states/mo/63010/arnold/1201-water-tower-pl
PCTech,shop:computer,"1800 Lonedell Road, Arnold, MO, 63010",63010,Arnold,+1-636-464-2400,,https://www.pctechrx.com/,https://www.pctechrx.com/contacts/
Penn Station,amenity:fast_food,"844 Arnold Commons Drive, Arnold, MO, 63010",63010,Arnold,+16362964455,,,
Petco,shop:pet,"1221 Water Tower Place, Arnold, MO, 63010",63010,Arnold,,,,
PetSmart,shop:pet,"828 Arnold Commons Drive, Arnold, MO, 63010",63010,Arnold,+1 636-287-3448,,https://www.petsmart.com/stores/us/mo/arnold-store2041.html,https://www.petsmart.com/account/contact
Pizza Hut,amenity:restaurant,"1926 Richardson Square Drive, Arnold, MO, 63010",63010,Arnold,+1 636-467-5909,,https://locations.pizzahut.com/mo/arnold/1926-richardson-rd,https://www.pizzahut.com/contact-us
Play It Again Sports,shop:sports,"223 Arnold Crossroads Center, Arnold, MO, 63010",63010,Arnold,,,https://www.playitagainsports.com/locations/arnold-mo,https://www.playitagainsports.com/locations/arnold-mo#contactUsModal
Precision Construction Services,office:construction,"1399 Lonedell Road, Arnold, MO, 63010",63010,Arnold,,,,
Puna Cafe,amenity:restaurant,"2202 Michigan Avenue, Arnold, MO, 63010",63010,Arnold,+13144482176,,https://punacafe.com,https://www.bizland.com/us/about.bml
Q Tea Vietnamese Cafe,amenity:restaurant,"671 Jeffco Boulevard, Arnold, MO, 63010",63010,Arnold,+16363332869,,,
Qdoba,amenity:fast_food,"905 Arnold Commons Drive, Arnold, MO, 63010",63010,Arnold,+1-636-287-6810,,https://locations.qdoba.com/us/mo/arnold/905-arnold-commons-dr.html,https://contactus.qdoba.com/
Quality Auto Wash,amenity:car_wash,"1545 Big Bill Road, Arnold, MO, 63010",63010,Arnold,+16366921200,,,
Raising Cane's,amenity:fast_food,"1163 Jeffco Boulevard, Arnold, MO, 63010",63010,Arnold,+16362871971,,https://locations.raisingcanes.com/mo/arnold/1163-jeffco-blvd,https://raisingcanes.com/contact-us
Rally's,amenity:fast_food,"1 Fox Valley Center, Arnold, MO, 63010",63010,Arnold,,,https://checkersandrallys.com/location/rally-s-8140-1-fox-valley-center-347429,
Regal Cleaning Services,shop:cleaning,"1623 Jeffco Boulevard, Arnold, MO, 63010",63010,Arnold,+1-314-226-1916,regal@regalcleansmo.com,https://regalcleansmo.com/,
Regions Bank,amenity:bank,"180 Richardson Crossing, Arnold, MO, 63010",63010,Arnold,,,,
Russell's Auto Repair & Muffler,shop:car_repair,"631 Jeffco Boulevard, Arnold, MO, 63010",63010,Arnold,+16362964820,,,
Saint Louis Hinder Club,leisure:sports_centre,"951 West Outer Road, Arnold, MO, 63010",63010,Arnold,,stlouishinderclub@gmail.com,https://www.stlouishinderclub.com/,https://www.stlouishinderclub.com/contact
Sally Beauty,shop:hairdresser_supply,"Water Tower Place, Arnold, MO, 63010",63010,Arnold,,,,
Salon Meraki,shop:hairdresser,"1671 Jeffco Boulevard, Arnold, 63010",63010,Arnold,,,,
SalonCentric,shop:hairdresser_supply,"164 Richardson Crossing, Arnold, MO, 63010",63010,Arnold,+16364672044,,,
Save-A-Lot,shop:supermarket,"3610 Richardson Square Way, Arnold, MO, 63010",63010,Arnold,,,https://savealot.com/grocery-stores/arnold-63010-23291/,
Schnucks,shop:supermarket,"1253 Water Tower Place, Arnold, MO, 63010",63010,Arnold,,cookingschool@schnucks.com,https://www.schnucks.com/,https://www.schnucks.com/contact-us
Schnucks,shop:supermarket,"3900 Vogel Road, Arnold, 63010",63010,Arnold,,,,
Shelter Insurance,office:insurance,"126 Richardson Crossing, Arnold, MO, 63010",63010,Arnold,+16364610790,mhood@shelterinsurance.com,https://www.shelterinsurance.com/CA/agent/mhood,
Shelton Landscape & Maintenance,office:landscaping,"1515 Lonedell Industrial Court, Arnold, MO, 63010",63010,Arnold,+16362656056,contact@shelton-landscape.com,https://www.shelton-landscape.com,https://www.shelton-landscape.com/contact
Sherwin-Williams,shop:paint,"683 Jeffco Boulevard, Arnold, MO, 63010",63010,Arnold,,yourname@address.com,https://www.sherwin-williams.com/store-locator/paint-store/arnold/mo/703144,https://www.sherwin-williams.com/homeowners/contact-us/feedback
Shoe Carnival,shop:shoes,"2273 Michigan Avenue, Arnold, MO, 63010",63010,Arnold,,customerservice@shoecarnival.com,https://stores.shoecarnival.com/mo/arnold/shoe-store-arnold-mo-228.html,https://www.shoecarnival.com/contactus
Si Señor,amenity:restaurant,"227 Arnold Crossroads Center, Arnold, MO, 63010",63010,Arnold,+1 636-548-8941,,https://sisenors.com,https://sisenors.com
Smoothie King,amenity:fast_food,"1272 Jeffco Boulevard, Arnold, MO, 63010",63010,Arnold,+16363332581,,https://locations.smoothieking.com/ll/us/mo/arnold/1272-jeffco-blvd/,https://www.contactus.smoothiekingfeedback.com/
Southwestern Hearing Centers,shop:hearing_aids,"854 Arnold Commons Drive, Arnold, MO, 63010",63010,Arnold,+16362759083,info@southwesternhearing.com,https://www.southwesternhearing.com/locations/arnold-missouri/,https://www.southwesternhearing.com/about/contact-us/
Spectrum,shop:telecommunication,"884 Arnold Commons Drive, Arnold, MO, 63010",63010,Arnold,+1-888-406-7063,,https://www.spectrum.com/locations/mo/arnold/884-arnold-commons-dr,https://www.spectrum.com/locations/mo/arnold/884-arnold-commons-dr#contact
Sport Clips,shop:hairdresser,"2257 Michigan Avenue, Arnold, MO, 63010",63010,Arnold,,,,
St. Louis Kolache,shop:bakery,"1249 Water Tower Place, Arnold, MO, 63010",63010,Arnold,,,,
St. Louis Pizza & Wings,amenity:restaurant,"128 Richardson Crossing, Arnold, MO, 63010",63010,Arnold,+16364677474,terry@stlouispizzaandwings.com,https://www.stlouispizzaandwings.com/,https://www.stlouispizzaandwings.com/
Starbucks,amenity:cafe,"3884 State Route 141, Arnold, MO, 63010",63010,Arnold,+1 636-287-9626,,https://www.starbucks.com/store-locator/store/69867/arnold-crossroads-3884-state-route-141-arnold-mo-630101403-us,https://www.starbucks.com/store-locator/store/69867/arnold-crossroads-3884-state-route-141-arnold-mo-630101403-us
Starla's Salon & Spa,shop:beauty,"2171 Lone Star Drive, Arnold, MO, 63010",63010,Arnold,,,,
Steak 'n Shake,amenity:fast_food,"MO, 63010",63010,Arnold,+1 636-296-1891,,https://www.steaknshake.com/locations/mo-arnold-arnold-crossroads-center/,https://www.steaknshake.com/about-us/
Stop Law Office,office:lawyer,"473 Jeffco Boulevard, Arnold, MO, 63010",63010,Arnold,+16362824300,,,
Subway,amenity:fast_food,"1712 Missouri State Road, Arnold, MO, 63010",63010,Arnold,+1 636-282-4241,,https://restaurants.subway.com/united-states/mo/arnold/1712-missouri-state-road,https://www.subway.com/en-US/ContactUs/GuestCare
Subway,amenity:fast_food,"657 Jeffco Boulevard, Arnold, MO, 63010",63010,Arnold,,,https://restaurants.subway.com/united-states/mo/arnold/657-659-jeffco-blvd,https://www.subway.com/en-US/ContactUs/GuestCare
Sugarfire Smoke House,amenity:restaurant,"2204 Michigan Avenue, Arnold, MO, 63010",63010,Arnold,,,https://sugarfiresmokehouse.com/locations/mo-arnold/,https://sugarfiresmokehouse.com/contact-us
Sunny Street Cafe,amenity:cafe,"850 Arnold Commons Drive, Arnold, MO, 63010",63010,Arnold,+16362879191,info@sunnystreetcafe.com,https://www.sunnystreetcafe.com/store_locations/arnold-restaurant,https://www.sunnystreetcafe.com/contact-splash/
Supplement Superstores,shop:nutrition_supplements,"2259 Michigan Avenue, Arnold, MO, 63010",63010,Arnold,+16363332899,customerservice@supplementsuperstores.com,https://supplementsuperstores.com,https://supplementsuperstores.com
Syberg's,amenity:restaurant,"249 Arnold Crossroads Center, Arnold, MO, 63010",63010,Arnold,+1-636-333-2940,,https://sybergs.com/,https://sybergs.com/contact/
T-Mobile,shop:mobile_phone,"1935 Richardson Road, Arnold, MO, 63010",63010,Arnold,+16364672565,,https://www.t-mobile.com/stores/bd/t-mobile-arnold-mo-63010-3sfz,https://www.t-mobile.com/stores/bd/t-mobile-arnold-mo-63010-3sfz
Taco Bell,amenity:fast_food,"1932 Richardson Road, Arnold, MO, 63010",63010,Arnold,+1 636-467-5077,,https://locations.tacobell.com/mo/arnold/1932-richardson-road.html,https://locations.tacobell.com/mo/arnold/1932-richardson-road/breakfast.html
Taco Bell,amenity:fast_food,"926 Jeffco Boulevard, Arnold, MO, 63010",63010,Arnold,+1 636-296-8022,,https://locations.tacobell.com/mo/arnold/926-jeffco-blvd.html,https://locations.tacobell.com/mo/arnold/926-jeffco-blvd/breakfast.html
Target,shop:department_store,"3849 Vogel Road, Arnold, MO, 63010",63010,Arnold,+1 636-287-1055,,https://www.target.com/sl/arnold/1278,https://www.target.com/help/contact-us
Tenbrook Station Lounge,amenity:bar,"2946 Fannie Drive, Arnold, MO, 63010",63010,Arnold,,,,
Texas Roadhouse,amenity:restaurant,"806 Arnold Commons Drive, Arnold, MO, 63010",63010,Arnold,,,https://www.texasroadhouse.com/locations/350-arnoldmo,
The Beauty Mark,shop:hairdresser,"1233 Water Tower Place, Arnold, MO, 63010",63010,Arnold,,,https://www.thebeautymarkhairstudio.com/,https://www.thebeautymarkhairstudio.com/contact
The Dungeon: Titone's Pro Gym,leisure:fitness_centre,"2010 Key West Drive, Arnold, MO, 63010",63010,Arnold,,,http://www.anntitone.com/personal-training.html,
The Home Depot,shop:doityourself,"3865 Vogel Road, Arnold, MO, 63010",63010,Arnold,+1-636-287-1111,,https://www.homedepot.com/l/Arnold/MO/Arnold/63010/3014,
The Local House Restaurant and Bar,amenity:restaurant,"3946 Jeffco Boulevard, Arnold, MO, 63010",63010,Arnold,+16364679900,,,
The Pasta House Co.,amenity:restaurant,"921 Arnold Commons Drive, Arnold, MO, 63010",63010,Arnold,+1-636-296-3330,phcaffton@yahoo.com,https://www.pastahouse.com/,https://www.pastahouse.com/contact-us/
The Pisa Group,office:telemarketing,"665 Jeffco Boulevard, Arnold, MO, 63010",63010,Arnold,,,,
The UPS Store,shop:copyshop,"1243 Water Tower Place, Arnold, MO, 63010",63010,Arnold,,,,
TitleMax,shop:money_lender,"914 Jeffco Boulevard, Arnold, MO, 63010",63010,Arnold,,customerservice@alerts.titlemax.com,https://www.titlemax.com/store/arnold-mo-2-title-loans,https://www.titlemax.com/contact-us/
Treasure Shoppe,shop:charity,"2024 Key West Drive, Arnold, MO, 63010",63010,Arnold,+16363218659,information@gatewayfoodpantry.org,https://www.gatewayfoodpantry.org/treasureshoppe,https://www.gatewayfoodpantry.org/about
Trek,shop:bicycle,"2166 Michigan Avenue, Arnold, MO, 63010",63010,Arnold,,,https://www.trekbikes.com/us/en_US/retail/arnold/,https://www.trekbikes.com/us/en_US/contactUs/
Twisted Tavern,amenity:restaurant,"3606 West Outer Road, Arnold, MO, 63010",63010,Arnold,,,,
U-Pump,shop:convenience,"501 Jeffco Boulevard, Arnold, MO, 63010",63010,Arnold,+16186701788,,,
UMB Bank,amenity:bank,"827 Arnold Commons Drive, Arnold, MO, 63010",63010,Arnold,+16362875299,umbarnold@umbf.onmicrosoft.com,https://locations.umb.com/mo/arnold/arnold-branch-and-atm-538.html,https://www.umb.com/contact-us
Verizon,shop:mobile_phone,"1276 Jeffco Boulevard, Arnold, MO, 63010",63010,Arnold,+16362871805,,https://locations.tccrocks.com/mo/arnold/1276-jeffco-blvd.html,https://www.tccrocks.com/contact-us/
Waffle House,amenity:restaurant,"3960 Vogel Road, Arnold, 63010",63010,Arnold,+1 636-282-8656,,https://locations.wafflehouse.com/arnold-mo-1324/,https://www.wafflehouse.com/contact/
Walgreens,amenity:pharmacy,"3937 Vogel Road, Arnold, 63010",63010,Arnold,,,,
Walgreens,shop:chemist,"776 Jeffco Boulevard, Arnold, MO, 63010",63010,Arnold,,,,
Walmart Supercenter,shop:supermarket,"2201 Michigan Avenue, Arnold, MO, 63010",63010,Arnold,+1 636-282-0297,aem@wall-mart.com,https://www.walmart.com/store/1514-arnold-mo,https://www.sparkdriverapp.com/
Water Tower Dental Group and Orthodontics,amenity:dentist,"2231 Michigan Avenue, Arnold, MO, 63010",63010,Arnold,,example@smilegeneration.com,https://www.watertowerdentalgroup.com/,https://www.watertowerdentalgroup.com/about-us/contact-us/
Wesley Roger's Steak and Buffet,amenity:restaurant,"3601 Jeffco Boulevard, Arnold, 63010",63010,Arnold,,,,
White Castle,amenity:fast_food,"1905 Richardson Road, Arnold, 63010",63010,Arnold,,,,
Wingstop,amenity:fast_food,"3882 MO-141, Arnold, MO, 63010",63010,Arnold,+1 636-287-9400,,,
Wired Electric,craft:electrician,"2051 Bender Lane, Arnold, MO, 63010",63010,Arnold,+16362823400,info@wiredelectricstl.com,https://wiredelectricstl.com/,
WirelessUSA,office:telecommunication,"1536 Lonedell Industrial Court, Arnold, MO, 63010",63010,Arnold,+18886153100,,https://www.wirelessusa.com/about-us/maps-arnold.htm,https://www.wirelessusa.com/contact-us.htm
Xist Fitness,leisure:fitness_centre,"3823 Vogel Road, Arnold, MO, 63010",63010,Arnold,+16362969478,,https://xistfitness.com/locations/arnold-mo/,https://xistfitness.com/about-2/
Yogakioo Institute Adana,leisure:fitness_centre,"2/2 Vali Yolu Caddesi, 63010",63010,Arnold,0322 422 6108,adana@yogakiooturkiye.com,https://instagram.com/yogakioo.adana,
Yucky Puppy Pet Grooming,shop:pet_grooming,"463 Jeffco Boulevard, Arnold, MO, 63010",63010,Arnold,+16363332412,,,
Zen Nails,shop:beauty,"1251 Water Tower Place, Arnold, MO, 63010",63010,Arnold,,,,
1609 Marketing,office:advertising_agency,"261 Clarkson Executive Park, Ballwin, MO, 63011",63011,Ballwin,+1-314-690-1609,hello@1609marketing.com,https://1609marketing.com/,
AAA Insurance,office:insurance,"15425 Manchester Road, Ballwin, 63011",63011,Ballwin,+1-636-394-0052,,https://www.aaa.com/,https://www.aaa.com/
AAMCO,shop:car_repair,"15475 Manchester Road, Ballwin, MO, 63011",63011,Ballwin,,,,
Al's Automotive Supply,shop:car_parts,"104 Hillsdale Drive, Ballwin, MO, 63011",63011,Ballwin,,,,
Amp Up Action Park,leisure:sports_centre,"13901 Manchester Road, Town & Country, MO, 63011",63011,Ballwin,+1-314-439-8008,info@ampupstl.com,https://ampupactionpark.com,https://ampupactionpark.com/about/#contact
Appliance Outlet by Slyman Bros,shop:discount_appliances,"14294 Manchester Rd, Manchester, MO, 63011",63011,Ballwin,+1-636-373-9721,,https://slymanbros.com/outlet/location,
Arby's,amenity:fast_food,"14120 Manchester Road, Manchester, MO, 63011",63011,Ballwin,+1 636-394-4200,,https://www.arbys.com/locations/us/mo/manchester/14120-manchester-rd/store-945/,https://www.arbys.com/locations/us/mo/manchester/14120-manchester-rd/store-945/
ARCO Lawn Equipment,shop:groundskeeping,"14657 Manchester Road, Ballwin, 63011",63011,Ballwin,+1-636-394-0044,team@arcolawn.com,https://www.arcolawn.com/,https://www.arcolawn.com/pages/contact
Ark Pet Center,amenity:veterinary,"1360 Clarkson Clayton Center, Ellisville, 63011",63011,Ballwin,,,,
At Home,shop:supermarket,"13907 Manchester Road, Town & Country, 63011",63011,Ballwin,,,https://www.athome.com/store/missouri-ballwin/,
Ballwin Dental Care,amenity:dentist,"14649 Manchester Road, Ballwin, 63011",63011,Ballwin,,,,
Ballwin Vacuum Center Sales and Service,craft:handicraft,"14544 Manchester Road, 63011",63011,Ballwin,,,,
Bandana's Bar-B-Q,amenity:restaurant,"14141 Manchester Road, Manchester, MO, 63011",63011,Ballwin,+1-636-386-1133,info@bandanasbbq.com.com,https://www.bandanasbbq.com/location/manchester-mo/,https://www.bandanasbbq.com/about-us/dine-to-donate/
Bank of America,amenity:bank,"15886 Clayton Road, Ellisville, 63011",63011,Ballwin,,,,
Bank of America,amenity:bank,"15115 Manchester Road, Ballwin, 63011",63011,Ballwin,,edward.inchiostro@ml.com,https://locators.bankofamerica.com/mo/ballwin/financial-centers-ballwin-7598.html,https://www.bankofamerica.com/customer-service/contact-us/
Big River Running Company,shop:sports,"13971;13969 Manchester Road, Town & Country, 63011",63011,Ballwin,+1-636-394-5500,info@bigriverrunning.com,https://bigriverrunning.com/running-shoes-manchester-mo/,https://bigriverrunning.com/contact
Bommarito Mazda - West County,shop:car,"15736 Manchester Road, Ellisville, 63011",63011,Ballwin,,,,
Bommarito Nissan Ballwin,shop:car,"14747 Manchester Road, Ballwin, 63011",63011,Ballwin,,,https://www.bommaritonissanballwin.com/,https://www.bommaritonissanballwin.com/contactus.aspx
Bone Auto Glass Specialists,shop:car_repair,"15479 Manchester Road, Ellisville, MO, 63011",63011,Ballwin,+1-636-391-5100,,,
Burger King,amenity:fast_food,"14124 Manchester Road, Manchester, 63011",63011,Ballwin,,,,
Buy Buy Baby,shop:baby_goods,"15355 Manchester Road, Ballwin, 63011",63011,Ballwin,+1-636-527-0154,,https://www.buybuybaby.com/,https://help.buybuybaby.com/bbbabyhelp/s/article/buybuy-Baby-Customer-Care-Contact-Information-baby
Car-X Tire & Auto,shop:car_repair,"15487 Manchester Road, Ballwin, 63011",63011,Ballwin,+1-636-394-4150,,https://carx.com/,https://carx.com/contact-us/
Chick-fil-A,amenity:fast_food,"304 Clarkson Road, Ellisville, MO, 63011",63011,Ballwin,+1 636-527-0016,,https://www.chick-fil-a.com/locations/mo/ellisville,https://www.chick-fil-a.com/locations/mo/ellisville#about-us
China Bistro,amenity:restaurant,"14246 Manchester Road, Manchester, MO, 63011",63011,Ballwin,,,,
China First Restaurant,amenity:restaurant,"15425 Manchester Road, Ballwin, 63011",63011,Ballwin,+1-636-527-1815,,https://chinafirstballwin.com/,
Chipotle,amenity:fast_food,"15836 Manchester Road, Ellisville, MO, 63011",63011,Ballwin,+1 636-527-9116,mo.0905.ellisville@chipotle.com,https://locations.chipotle.com/mo/ellisville/15836-manchester-rd,https://chipotle.com/rewards
Clarkson Jewelers,shop:jewelry,"1306 Clarkson Clayton Center, Ellisville, 63011",63011,Ballwin,,,,
CLAYMONT AUTO REPAIR,amenity:fuel,"15401 Clayton Road, Ballwin, 63011",63011,Ballwin,,,,
Costco,shop:wholesale,"301 Highlands Boulevard Drive, Manchester, MO, 63011",63011,Ballwin,+1 636-686-7400,,https://www.costco.com/warehouse-locations/manchester-mo-manchester-mo-1060.html,
Crunch Fitness,leisure:fitness_centre,"151 Highlands Boulevard Drive, Manchester, MO, 63011",63011,Ballwin,+1 636-254-1100,manager@crunchmanchestermo.com,https://www.crunch.com/locations/manchester-mo,https://www.crunch.com/contact-us
Culver's,amenity:fast_food,"14444 Manchester Road, Manchester, MO, 63011",63011,Ballwin,+1 636-220-1710,,https://www.culvers.com/restaurants/manchester-mo-manchester-rd,https://www.contactculvers.com/
CVS Pharmacy,amenity:pharmacy,"15846 Manchester Road, Ellisville, 63011",63011,Ballwin,,,https://www.cvs.com/store-locator/ellisville-mo-pharmacies/15846-manchester-rd-ellisville-mo-63011/storeid=5689,https://www.cvs.com/minuteclinic/info/contact
Danbury Pool,leisure:sports_centre,"525 Stoddards Mill Dr, Ballwin, 63011",63011,Ballwin,,,,
Deweys Pizza,amenity:restaurant,"1312 Clarkson Clayton Center, Ellisville, 63011",63011,Ballwin,,,,
Dick Dean Subaru,shop:car,"15121 Manchester Road, Ballwin, 63011",63011,Ballwin,,,,
Dick Dean VW,shop:car,"15121 Manchester Road, Ballwin, 63011",63011,Ballwin,,,,
Dierbergs,shop:supermarket,"1322 Clarkson Clayton Center, Ellisville, 63011",63011,Ballwin,,,https://www.dierbergs.com/store-locations/clarkson-clayton,https://www.dierbergs.com/store-locations/clarkson-clayton
Domino's,amenity:fast_food,"345 Clarkson Road, Ellisville, MO, 63011",63011,Ballwin,+1 636-391-6600,olocustomercare@dominos.com,https://pizza.dominos.com/missouri/ellisville/345-clarkson-road,https://www.dominos.com/en/about-pizza/
Donut Palace,amenity:restaurant,"Clarkson Road, Ellisville, 63011",63011,Ballwin,,,,
DSW,shop:shoes,"13920 Manchester Road, Ballwin, MO, 63011",63011,Ballwin,+1 636-256-7463,info@dswinc.com,https://stores.dsw.com/usa/mo/ballwin/dsw-designer-shoe-warehouse-dietrich-meadows.html,https://www.mapbox.com/about/maps
Dunkin',shop:coffee,"14924 Manchester Road, 63011",63011,Ballwin,,,,
Enterprise,amenity:car_rental,"15201 Manchester Road, Ballwin, 63011",63011,Ballwin,,,,
Ernie Williamson Music - Previously Fazio's,shop:musical_instrument,"15440 Manchester Road, Ellisville, MO, 63011",63011,Ballwin,,,https://erniewilliamson.com/,https://erniewilliamson.com/t-contact.aspx
Financial Planning Associates Inc,office:financial,"300 Ozark Trail Drive, Ellisville, MO, 63011",63011,Ballwin,+1-636-527-5010,carl@fpai.net,https://www.fpai.net,https://fpai.net/contact-us/
First Bank,amenity:bank,"14001 Manchester Road, 63011",63011,Ballwin,,,,
Five Below,shop:variety_store,"15341 Manchester Road, Ballwin, 63011",63011,Ballwin,+1-636-527-0300,,https://locations.fivebelow.com/mo/ballwin/15341-manchester-rd,https://www.fivebelow.com/info/company
Freddy's,amenity:fast_food,"15676 Manchester Road, Ellisville, 63011",63011,Ballwin,,,,
"Freedom Midwest Windows and Siding, LLC",craft:window_construction,"129 Steamboat Ln, Ballwin, MO, 63011",63011,Ballwin,+1-636-391-5378,,https://www.freedommidwest.com,https://www.freedommidwest.com/contactus.htm
Fresh Thyme,shop:supermarket,"13957 Manchester Road, Town & Country, 63011",63011,Ballwin,,,,
Fuzzy's Taco Shop,amenity:fast_food,"1288 Old Orchard Center, Manchester, 63011",63011,Ballwin,,loyalty@fuzzystacoshop.com,https://www.fuzzystacoshop.com/,https://www.fuzzystacoshop.com/contact-us
Gamestop,shop:video_games,"14248 Manchester Road, 63011",63011,Ballwin,+1-636-391-4836,,https://www.gamestop.com/,
Goedeker's,shop:furniture,"13850 Manchester Road, Ballwin, 63011",63011,Ballwin,+1-888-768-1710,,https://www.goedekers.com/,
Great Clips,shop:hairdresser,"349 Clarkson Road, Ellisville, 63011",63011,Ballwin,,,,
Hair Color Xperts,shop:beauty,"15065 Manchester Road, Ballwin, 63011",63011,Ballwin,,,,
Harbor Freight Tools,shop:hardware,"13913 Manchester Road, Town & Country, MO, 63011",63011,Ballwin,+1-636-779-7475,,https://go.harborfreight.com/store/harbor-freight-tools-in-manchester-mo-63011/,https://go.harborfreight.com/customer-support/contact-us?topic=onlineExperience
Hertz,amenity:car_rental,"14703 Manchester Road, Ballwin, 63011",63011,Ballwin,,,,
Honey Baked Ham,amenity:fast_food,"15367 Manchester Road, Ballwin, 63011",63011,Ballwin,+1 636 3910800,hbhcatering@hbham.com,https://www.honeybaked.com/stores/403,https://www.honeybaked.com/stores/403
Jiffy Lube,shop:car_repair,"14701 Manchester Road, Ballwin, 63011",63011,Ballwin,,,,
Kehrs Mill Dental Arts,amenity:dentist,"980 Kehrs Mill Road, Ballwin, 63011",63011,Ballwin,,,,
Kohl's,shop:department_store,"14425 Andersohn Drive, Manchester, MO, 63011",63011,Ballwin,+1 636-386-2559,,https://www.kohls.com/stores/mo/manchester-355.shtml,https://www.kohls.com/faq/article/623
Kurtz K-9's Dog Training,office:yes,"444 Sovereign Court, Ballwin, MO, 63011",63011,Ballwin,+1 314-680-8096,,https://kurtz-k-9s-dog-training.business.site/?utm_source=gmb&utm_medium=referral,
Laser Me,shop:beauty,"14014 Manchester Road, Ballwin, 63011",63011,Ballwin,+1 636-391-0015,,https://www.laserme123.com/,
Lesile's Pool Suplies,shop:outdoor,"15545 Manchester Road, 63011",63011,Ballwin,+1-636-391-7153,accubluehome@lesliespool.com,https://lesliespool.com/,https://lesliespool.com/contact.html
Massa's,amenity:restaurant,"15310 Manchester Road, Ellisville, 63011",63011,Ballwin,,,,
MasterTech Auto Service,shop:car_repair,"16109 Manchester Road, Ellisville, 63011",63011,Ballwin,+1 636-230-5115,,http://mastertechautoservice.com/,http://mastertechautoservice.com/
Mattress Firm,shop:bed,"15464 Manchester Road, Ellisville, MO, 63011",63011,Ballwin,+1 636-386-3100,,https://www.mattressfirm.com/en-us/stores/mo/ellisville/018005/,
McAlister's Deli,amenity:restaurant,"14848 Manchester Road, Ballwin, MO, 63011",63011,Ballwin,,,,
McDonald's,amenity:fast_food,"15204 Manchester Road, Ballwin, MO, 63011",63011,Ballwin,+1 636-227-4000,,https://www.mcdonalds.com/us/en-us/location/2147.html,https://www.mcdonalds.com/us/en-us/contact-us.html
Meineke,shop:car_repair,"14935 Manchester Road, Ballwin, 63011",63011,Ballwin,,,,
Menards,shop:doityourself,"14161 Manchester Road, Manchester, MO, 63011",63011,Ballwin,,mnchsales@menards.com,https://www.menards.com/store-details/store.html?store=3310,https://www.menards.com/store-details/store.html?store=3310
Mi Lupita,amenity:restaurant,"100 Holloway Road, Ballwin, MO, 63011",63011,Ballwin,+1-636-394-8686,,https://www.milupitaballwin.com,https://www.milupitaballwin.com/about-us
Mi Lupita,amenity:food_court,"14560 Manchester Road, Ballwin, 63011",63011,Ballwin,,,,
Mungenast Lexus,shop:car,"13700 Manchester Road, 63011",63011,Ballwin,,,,
Oberweis,shop:dairy,"15021 Manchester Road, Ballwin, MO, 63011",63011,Ballwin,+1 636 527 0550,,https://www.oberweis.com/ice-cream-and-dairy-stores/Ballwin,
Office Depot,shop:stationery,"15896 Manchester Road, Ellisville, MO, 63011",63011,Ballwin,+1 636-527-9888,,https://www.officedepot.com/storelocator/mo/ellisville/office-depot-2790,https://www.officedepot.com/l/print-and-copy/same-day-printing?promo_name=store_page&promo_id=text&promo_creative=sameday_printing
Once Upon a Child,shop:second_hand,"15425 Manchester Road, Ballwin, 63011",63011,Ballwin,+1-636-230-2922,,https://www.onceuponachildballwin.com/,https://www.onceuponachildballwin.com/#contactUsModal
Pan-Asia Supermarket,shop:supermarket,"14246 Manchester Road, Manchester, MO, 63011",63011,Ballwin,,,,
Panda Express,amenity:fast_food,"101 Highlands Boulevard, Manchester, MO, 63011",63011,Ballwin,+1 636-527-7680,,https://www.pandaexpress.com/locations/mo/manchester/1821,
Paperdolls Boutique,shop:clothes,"14418 Clayton Road, Ballwin, MO, 63011",63011,Ballwin,+1 636-527-3655,shoppaperdollsboutiquestl@gmail.com,https://paperdollsboutiquestl.com/,
Pasta House Co.,amenity:restaurant,"15601 Manchester Rd;Manchester Road, Ellisville, 63011",63011,Ballwin,,,,
Pet Supplies Plus,shop:pet,"15311 Manchester Road, Ballwin, 63011",63011,Ballwin,+1-636-686-7181,,https://petsuppliesplus.com/,
PetSmart,shop:pet,"131 Highland Boulevard Drive, Manchester, MO, 63011",63011,Ballwin,+1 636-527-3661,,https://www.petsmart.com/stores/us/mo/manchester-store1687.html,https://www.petsmart.com/account/contact
Plato's Closet,shop:clothes,"14206 Manchester Road, Manchester, 63011",63011,Ballwin,,,,
PNC Bank,amenity:bank,"15061 Manchester Road, Ballwin, 63011",63011,Ballwin,,,,
Popeyes,amenity:fast_food,"15903 Manchester Road, Ellisville, MO, 63011",63011,Ballwin,+1 636-527-0304,,https://www.popeyes.com/store-locator/store/restaurant_85445,https://www.popeyes.com/store-locator/store/restaurant_85445
Postol Dental,amenity:dentist,"15208 Manchester Road, Ballwin, 63011",63011,Ballwin,,,,
Qdoba,amenity:fast_food,"14169 Manchester Road, Manchester, MO, 63011",63011,Ballwin,+1 636-230-7231,,https://locations.qdoba.com/us/mo/manchester/14169-manchester-rd.html,https://contactus.qdoba.com/
QuikTrip,shop:convenience,"14800 Manchester Road, Ballwin, 63011",63011,Ballwin,,,,
Raising Cane's,amenity:fast_food,"15698 Manchester Road, Ellisville, 63011",63011,Ballwin,,,,
Regions Bank,amenity:bank,"14915 Manchester Road, Ballwin, MO, 63011",63011,Ballwin,,,,
Sally Beauty,shop:hairdresser_supply,"15329 Manchester Road, Ballwin, 63011",63011,Ballwin,+1-636-394-9447,,https://famousfootwear.com/,
Salon Joli and Spa,shop:hairdresser,"333 Ozark Trail Drive, Ellisville, 63011",63011,Ballwin,,,,
Savers,shop:second_hand,"15892 Clayton Road, Ellisville, 63011",63011,Ballwin,,,,
Schnucks,shop:supermarket,"15425 Manchester Road, Ballwin, 63011",63011,Ballwin,+1-636-256-0644,cookingschool@schnucks.com,https://schnucks.com/,https://schnucks.com/contact-us
"Scott Schuessler, DPT",office:physician,"15425 Manchester Road, Ballwin, 63011",63011,Ballwin,+1-636-220-6969,,http://www.physicaltherapyspinesportsmedicine.com/,
Sellenriek Automotive,shop:car_repair,"14637 Manchester Road, Ballwin, 63011",63011,Ballwin,,,,
Signature India,amenity:restaurant,"14031 Manchester Road, 63011",63011,Ballwin,+1 636-220-1700,contact@signatureindiastl.com,https://www.signatureindiastl.com/,mailto:contact@signatureindiastl.com
Skechers Warehouse Outlet,shop:shoes,"15333 Manchester Road, Ballwin, 63011",63011,Ballwin,+1-800-425-5627,,,
Slyman Brothers Appliances,shop:houseware,"15050 Manchester Road, Ballwin, 63011",63011,Ballwin,+1-636-227-7727,help@slymanbros.com,https://slymanbros.com/,https://slymanbros.com/contact-us/
St. Louis BBQ Society,office:company,"15053 Manchester Road, Ballwin, 63011",63011,Ballwin,+1 636-256-6564,fediverse@stlouisbbqsociety.com,https://stlouisbbqsociety.com,https://stlouisbbqsociety.com/contact/
St. Vincent de Paul Thrift Store,shop:charity,"13986 Manchester Road, Ballwin, 63011",63011,Ballwin,+1 314-881-6034,,,
Starbucks,amenity:cafe,"14900 Manchester Road, Olde Towne Plaza, MO, 63011",63011,Ballwin,+1 636-527-2605,,https://www.starbucks.com/store-locator/store/16371/manchester-ries-14900-manchester-road-ballwin-mo-630114621-us,https://www.starbucks.com/store-locator/store/16371/manchester-ries-14900-manchester-road-ballwin-mo-630114621-us
Subway,amenity:fast_food,"15212 Manchester Road, Ballwin, MO, 63011",63011,Ballwin,+1 636-391-9940,,https://restaurants.subway.com/united-states/mo/ballwin/15212-manchester-rd,https://www.subway.com/en-US/ContactUs/GuestCare
Suntrup Kia West,shop:car,"14116 Manchester Road, Manchester, 63011",63011,Ballwin,,,,
Taco Bell,amenity:fast_food,"15225 Manchester Road, Ballwin, MO, 63011",63011,Ballwin,+1 636-230-0106,,https://locations.tacobell.com/mo/ballwin/15225-manchester-rd.html,https://locations.tacobell.com/mo/ballwin/15225-manchester-rd/breakfast.html
Texas Roadhouse,amenity:restaurant,"14870 Manchester Road, Ballwin, MO, 63011",63011,Ballwin,+1-636-527-7127,,,
The Dent Devil,shop:car_repair,"14949 Manchester Road, Ballwin, 63011",63011,Ballwin,,,,
The Home Depot,shop:doityourself,"37 Ellisville Towne Center Drive, Ellisville, MO, 63011",63011,Ballwin,+1 636-273-6100,,https://www.homedepot.com/l/Ellisville/MO/Ellisville/63011/3018,
The Home Depot,shop:doityourself,"13929 Manchester Road, Town and Country;Town & Country, MO, 63011",63011,Ballwin,+1 636-207-8875,,https://www.homedepot.com/l/manchester-road/mo/ballwin/63011/3004,
The Range STL West,shop:weapons,"14803 Manchester Road, Ballwin, 63011",63011,Ballwin,+16362201300,info@therangestl.com,https://therangestl.com/,
The Tile Shop,shop:tiles,"15686 Manchester Road, Ellisville, 63011",63011,Ballwin,,,,
The Wolf Public House,amenity:restaurant,"15480 Clayton Road, Ballwin, 63011",63011,Ballwin,,us@thewolfstl.com,https://thewolfstl.com/,https://thewolfstl.com/contact/
Tire Choice,shop:tyres,"14943 Manchester Road, Ballwin, 63011",63011,Ballwin,,,,
Total Wine,shop:alcohol,"13887 Manchester Road, Ballwin;Town & Country, MO, 63011",63011,Ballwin,+1 636-527-0482,,https://www.totalwine.com/store-info/1801,
Trek,shop:bicycle,"13922 Manchester Road, 63011",63011,Ballwin,+1 314 941 2509,,https://trekbikes.com,https://trekbikes.com/us/en_US/contactUs/
Tuesday Morning,shop:houseware,"15359 Manchester Road, Ballwin, 63011",63011,Ballwin,+1-636-686-7100,,http://shop.tuesdaymorning.com,
U-Gas,amenity:fuel,"15221 Manchester Road, Ballwin, 63011",63011,Ballwin,,,https://www.phillips66gas.com/station/P66-DIRT-CHEAP-28-0000885137/,
U-Haul,shop:rental,"14767 Manchester Road, Ballwin, 63011",63011,Ballwin,,,,
U.S. Bank,amenity:bank,"15215 Manchester Road, Ballwin, 63011",63011,Ballwin,+1-636-391-2355,,https://www.usbank.com/,https://www.usbank.com/about-us-bank.html
Ulta Beauty,shop:beauty,"121 Highlands Boulevard Drive, Manchester, MO, 63011",63011,Ballwin,+1 636-527-6974,,https://www.ulta.com/stores/manchester-mo-294,https://www.ulta.com/stores/manchester-mo-294
Vallarta Mexican Restaurant,amenity:restaurant,"16461 Village Plaza View Drive, Wildwood, MO, 63011",63011,Ballwin,,,,
Value City Furniture,shop:furniture,"13961 Manchester Road, Town & Country, 63011",63011,Ballwin,,,,
Verizon,shop:mobile_phone,"13965 Manchester Road, Town & Country, 63011",63011,Ballwin,,,,
Walgreens,amenity:pharmacy,"15253 Manchester Road, Ballwin, 63011",63011,Ballwin,+1-636-227-5828,epc.consumerrelations@walgreens.com,https://www.walgreens.com/,https://www.walgreens.com/youraccount/clhistory/contactlenshist.jsp
Walmart Supercenter,shop:supermarket,"201 Highlands Boulevard, Manchester, MO, 63011",63011,Ballwin,+1 636-256-0697,aem@wall-mart.com,https://www.walmart.com/store/1177-manchester-mo,https://www.sparkdriverapp.com/
Wendy's,amenity:fast_food,"14799 Manchester Road, Ballwin, MO, 63011",63011,Ballwin,+1 636-686-7341,,https://locations.wendys.com/united-states/mo/ballwin/14799-manchester-rd,
West County Animal Clinic,amenity:veterinary,"14571 Manchester Road, Manchester, 63011",63011,Ballwin,+1-636-227-3505,,,
West County Pediatric Dentist,amenity:dentist,"956 Kehrs Mill Road, Ballwin, 63011",63011,Ballwin,,,,
West County Volvo,shop:car,"14410 Manchester Rd, 63011",63011,Ballwin,,,,
West County Volvo Service,shop:car_repair,"14401 Manchester Road, 63011",63011,Ballwin,,,,
Wild Horse Fitness,leisure:sports_centre,"920 Kehrs Mill Road, Ballwin, 63011",63011,Ballwin,,,,
Z's Smoke Co.,shop:e-cigarette,"14077 Manchester Road, Ballwin, MO, 63011",63011,Ballwin,+1 636-220-0021,zsmokeco@gmail.com,https://zssmokecoballwin.com/,
Zips Car Wash,amenity:car_wash,"15552 Manchester Road, Ellisville, 63011",63011,Ballwin,,,,
맘스터치 협재점,amenity:fast_food,"322 한림로, 제주시, 63011",63011,Ballwin,,,,
커핀그루나루 데이빗에디션 협재점,amenity:cafe,"361 한림로, 제주시, 63011",63011,Ballwin,+82 64 745 5161,,,
3 Bay BBQ & Bakery,amenity:restaurant,"14195 Clayton Road, Chesterfield, 63017",63017,Chesterfield,+1-636-227-1208,,https://www.3baybbqandbakery.com/,https://3baybbqandbakery.com/location-contact/
Ace Hardware,shop:doityourself,"221 Lamp & Lantern Village, Town and Country, MO, 63017",63017,Chesterfield,+1 636-386-7733,contactus@hanover-products.com,https://www.acehardware.com/,https://www.acehardware.com/contact-us
Agilis Systems,office:yes,"16253 Swingley Ridge Road, Chesterfield, 63017",63017,Chesterfield,+1 314-732-4925,sales@linxup.com,https://www.agilissystems.com,https://www.linxup.com/about/contact.html
ATB Technologies,office:company,"14567 North Outer 40, 63017",63017,Chesterfield,,,https://atb-tech.com/,https://atb-tech.com/contact-us/
Barnes & Noble,shop:books,"1600 Clarkson Road, 63017",63017,Chesterfield,,,https://stores.barnesandnoble.com/store/2192?view=,https://stores.barnesandnoble.com/store/2192?view=
Bishop's Post,amenity:restaurant,"16125 Chesterfield Parkway West, Chesterfield, MO, 63017",63017,Chesterfield,,events@bishopspost.com,https://www.bishopspost.com/,https://www.bishopspost.com/contact
Bowlero,leisure:bowling_alley,"176 Four Seasons Shopping Center, Chesterfield, MO, 63017",63017,Chesterfield,,,,
BP,amenity:fuel,"388 Lamp & Lantern Village, Town and Country, 63017",63017,Chesterfield,,,,
Buchholz Mortuary West,shop:funeral_directors,"2211 Clarkson Road, Chesterfield, MO, 63017",63017,Chesterfield,+1-636-532-2400,admin@buchholzmortuary.com,https://www.buchholzmortuary.com/,https://www.buchholzmortuary.com/
Cate Zone Chinese Cuisine,amenity:restaurant,"24 Four Seasons Shopping Center, Chesterfield, 63017",63017,Chesterfield,+1 314-392-9624,quincylin4851221@gmail.com,https://www.catezonestl.com/,https://www.catezonestl.com/contact
Central Bank,amenity:bank,"1700 Clarkson Road, Chesterfield, 63017",63017,Chesterfield,,,,
Charter Communications,office:company,"941 Charter Commons Drive, Town and Country, 63017",63017,Chesterfield,,,,
Commerce Bank,amenity:bank,"1699 Clarkson Road, Chesterfield, 63017",63017,Chesterfield,,,,
Commerce Bank,amenity:bank,"1090 Schnucks Woods Mill Plaza, Town and Country, 63017",63017,Chesterfield,,,,
Cooper's Hawk,shop:wine,"1146 Town and Country Crossing Drive, Town & Country, 63017",63017,Chesterfield,,,,
Daylight Donuts,amenity:fast_food,"155 Hilltown Village Center, Chesterfield, MO, 63017",63017,Chesterfield,+1-636-489-3732,,https://www.daylightdonuts-stl.com/,
Dierbergs,shop:supermarket,"8 Four Seasons Shopping Center, 63017",63017,Chesterfield,+1 314-469-1400,,https://www.dierbergs.com/store-locations/four-seasons,https://www.dierbergs.com/store-locations/four-seasons
Dierbergs,shop:supermarket,"1730 Clarkson Road, Chesterfield, 63017",63017,Chesterfield,+1-636-537-9400,,https://www.dierbergs.com/store-locations/market-place,https://www.dierbergs.com/store-locations/market-place
Domino's,amenity:fast_food,"13728 Olive Boulevard, Chesterfield, MO, 63017",63017,Chesterfield,+1 314-275-7979,olocustomercare@dominos.com,https://pizza.dominos.com/missouri/chesterfield/13728-olive-blvd,https://www.dominos.com/en/about-pizza/
Duck Donuts,amenity:fast_food,"1651 Clarkson Road, Chesterfield, MO, 63017",63017,Chesterfield,+1-636-778-7770,,https://www.duckdonuts.com/chesterfield/,https://www.duckdonuts.com/menu
Dunkin' Donuts,amenity:fast_food,"15881 Fountain Plaza Drive, Ellisville, MO, 63017",63017,Chesterfield,+1 636-686-7215,development_sites@dunkinbrands.com,https://locations.dunkindonuts.com/en/mo/ellisville/15881-fountain-plaza-dr/350563,https://www.dunkindonuts.com/en/about/contact-us/faqs
Dynasty Chinese Restaurant,amenity:restaurant,"54 Clarkson Wilson Center, Chesterfield, MO, 63017",63017,Chesterfield,+1-636-532-8400,,https://dynastywestcounty.com/,https://dynastywestcounty.com/contact
EdgeWild Restaurant and Winery,amenity:restaurant,"550 Chesterfield Center, Chesterfield, MO, 63017",63017,Chesterfield,,,https://edgewildwinery.com/chesterfield-home/,
El Troquero,amenity:restaurant,"185 Hilltown Village Center, Chesterfield, MO, 63017",63017,Chesterfield,+1-636-778-9939,,https://www.eltroquerorest.com/,https://www.eltroquerorest.com/Contact
EYC Academy,office:educational_institution,"13718 Olive Boulevard, Chesterfield, MO, 63017",63017,Chesterfield,,info@eycacademystl.org,https://eycacademystl.org/,https://eycacademystl.org/#
Face Foundrie,shop:beauty,"1236 Town and Country Crossing Drive, Town & Country, 63017",63017,Chesterfield,,,,
First Watch,amenity:restaurant,"120 Hilltown Village Center, Chesterfield, 63017",63017,Chesterfield,,,,
Harpo's Grill & Bar,amenity:bar,"136 Hilltown Village Center, Chesterfield, 63017",63017,Chesterfield,,,,
Hearth Room Café,shop:food,"265 Lamp And Lantern Village, Town & Country, 63017",63017,Chesterfield,,,,
Hilltown Dental,amenity:dentist,"175 Hilltown Village Center, Chesterfield, MO, 63017",63017,Chesterfield,+1-636-532-3311,admin@hilltowndental.com,https://www.hilltowndental.com/,https://www.hilltowndental.com/
Hitea,amenity:restaurant,"13700 Olive Boulevard, Chesterfield, MO, 63017",63017,Chesterfield,+1-314-392-9399,,https://www.hiteachesterfield.com,https://www.hiteachesterfield.com
HomeGoods,shop:houseware,"1256 Town and Country Crossing Drive, Town & Country, 63017",63017,Chesterfield,,,,
"Homer Sedighi, D.M.D., P.C., Pediatric Dentistry",amenity:dentist,"2 West Drive, Chesterfield, 63017",63017,Chesterfield,+1-636-777-7777,office@kidsdentistry.com,https://www.kidsdentistry.com/,https://www.kidsdentistry.com/contact.html
Jiffy Lube,shop:car_repair,"13490 Olive Boulevard, Chesterfield, 63017",63017,Chesterfield,,,,
Jimmy John's,amenity:fast_food,"14153 Clayton Road, 63017",63017,Chesterfield,+1-636-527-3800,,https://www.jimmyjohns.com/,https://www.jimmyjohns.com/
Katie's Pizza & Pasta Osteria,amenity:restaurant,"14171 Clayton Road, Town and Country, MO, 63017",63017,Chesterfield,+1-636-220-3238,,https://katiespizzaandpasta.com/,https://katiespizzaandpasta.com/
Khanna's Desi Vibes,amenity:restaurant,"13724 Olive Boulevard, Chesterfield, 63017",63017,Chesterfield,,,https://desivibesstl.com/,https://desivibesstl.com/
Kingdom Capital,office:consulting,"Roosevelt Parkway, Chesterfield, MO, 63017",63017,Chesterfield,+1 314 325 1800,info@kingdomcapital.com,https://www.kingdomcapital.com,
Licata Dental,amenity:dentist,"111 Hilltown Village Center, Chesterfield, MO, 63017",63017,Chesterfield,,office@licatadental.com,https://www.licatadental.com,https://licatadental.com/contact-us/
Life Time Fitness,leisure:sports_centre,"3058 Clarkson Road, Ellisville, 63017",63017,Chesterfield,+1-636-227-0200,westcounty@ltfinc.onmicrosoft.com,https://www.lifetime.life/life-time-locations/mo-west-county-chesterfield.html,https://www.lifetime.life/life-time-locations/mo-west-county-chesterfield.html#ltAboutLifeTime1736
Linxup,office:yes,"16253 Swingley Ridge Road, Chesterfield, 63017",63017,Chesterfield,+1 314-732-4925,sales@linxup.com,http://www.linxup.com,https://www.linxup.com/about/contact.html
McDonald's,amenity:fast_food,"1701 Clarkson Road, Chesterfield, MO, 63017",63017,Chesterfield,+1 636-536-9780,,https://www.mcdonalds.com/us/en-us/location/7678.html,https://www.mcdonalds.com/us/en-us/contact-us.html
McDonald's,amenity:fast_food,"101 Lamp & Lantern Village, Town and Country, MO, 63017",63017,Chesterfield,+1 636-391-1772,,https://www.mcdonalds.com/us/en-us/location/5064.html,https://www.mcdonalds.com/us/en-us/contact-us.html
Mellow Mushroom,amenity:restaurant,"15525 Olive Boulevard, Chesterfield, 63017",63017,Chesterfield,,,,
Milan Laser Hair Removal,shop:beauty,"1228 Town and Country Crossing Drive, Town & Country, 63017",63017,Chesterfield,,,,
Mobil,amenity:fuel,"1789 Clarkson Road, Chesterfield, 63017",63017,Chesterfield,,,,
Nail Pro,shop:beauty,"13726 Olive Boulevard, Chesterfield, 63017",63017,Chesterfield,+1 314-576-9965,,http://nailprostl.com/,http://nailprostl.com/
Nothing Bundt Cakes,shop:pastry,"159 Lamp & Lantern Village, Chesterfield, MO, 63017",63017,Chesterfield,+1-636-220-6087,,,
On the Run,shop:convenience,"1789 Clarkson Road, Chesterfield, 63017",63017,Chesterfield,,,,
P.F. Chang's,amenity:restaurant,"1295 Chesterfield Parkway E., 63017",63017,Chesterfield,+1-636-532-0215,,,
Philip 66,amenity:fuel,"13491 Olive Boulevard, 63017",63017,Chesterfield,,,https://www.phillips66gas.com/station/P66-SEI-26281-0000884284/,
Phillips 66,amenity:fuel,"14195 Clayton Road, Town and Country, 63017",63017,Chesterfield,,,https://www.phillips66gas.com/station/P66-WEST-COUNTY-66-0000885131/,
Prime Aesthetic,shop:beauty,"177 Hilltown Village Center, Chesterfield, MO, 63017",63017,Chesterfield,+1-636-778-1369,user@domain.com,https://www.primeaestheticstl.com/,https://www.primeaestheticstl.com/contact
REI,shop:outdoor,"1214 Town and Country Crossing Drive, Town & Country, MO, 63017",63017,Chesterfield,,sales@support.rei.com,https://www.rei.com/stores/town-and-country,https://www.rei.com/help/curbside-pickup
Reinsurance Group of America,office:insurance,"16600 Swingley Ridge Road, 63017",63017,Chesterfield,+1 636-736-7000,,https://www.rgare.com/,https://www.rgare.com/contact
Saettele Jewelers,shop:jewelry,"279 Lamp And Lantern Village, Town & Country, 63017",63017,Chesterfield,,,,
Schnucks,shop:supermarket,"1060 Woods Mill Road, Town and Country, 63017",63017,Chesterfield,,,,
Schnucks,shop:supermarket,"141 Hilltown Village Center, Chesterfield, 63017",63017,Chesterfield,,,,
Sephora,shop:cosmetics,"1220 Town and Country Crossing Drive, Town & Country, 63017",63017,Chesterfield,,,,
Sharjah Mediterranean Grill,amenity:restaurant,"179 Hilltown Village Center, Chesterfield, MO, 63017",63017,Chesterfield,+1-636-778-0195,,https://sharjahgrill.com/,
St. Louis Bread Company,amenity:fast_food,"100 Four Seasons Shopping Center, Chesterfield, MO, 63017",63017,Chesterfield,+1 314-878-7373,,https://locations.panerabread.com/mo/chesterfield/100-four-seasons-shopping-center.html,https://locations.panerabread.com/en-us/company/about-panera.html
Starbucks,amenity:cafe,"1024 Town and Country Crossing Drive, Town & Country, MO, 63017",63017,Chesterfield,+1 636-527-0458,,https://www.starbucks.com/store-locator/store/1009827/town-and-country-crossing-1024-town-country-crossing-dr-unit-b-town-and-coun,https://www.starbucks.com/store-locator/store/1009827/town-and-country-crossing-1024-town-country-crossing-dr-unit-b-town-and-coun
Starbucks,amenity:cafe,"15548 Olive Boulevard, Olive and Chesterfield Parkway, Chesterfield, MO, 63017",63017,Chesterfield,+1 636-214-5995,,https://www.starbucks.com/store-locator/store/1040200/olive-and-chesterfield-pkwy-15548-olive-blvd-chesterfield-mo-630171726-us,https://www.starbucks.com/store-locator/store/1040200/olive-and-chesterfield-pkwy-15548-olive-blvd-chesterfield-mo-630171726-us
State Farm,office:insurance,"13714 Olive Boulevard, Chesterfield, MO, 63017",63017,Chesterfield,,,,
Steampunk Brew Works,shop:brewing_supplies,"231 Lamp & Lantern Village, Town and Country, 63017",63017,Chesterfield,,,,
Stoney River,amenity:restaurant,"377 Chesterfield Center, Chesterfield, MO, 63017",63017,Chesterfield,,,,
Thai Sawadee,amenity:restaurant,"171 Hilltown Village Center, Chesterfield, MO, 63017",63017,Chesterfield,+1-636-728-0308,,https://order.toasttab.com/online/thaisawadee,
The Country Club Bar and Grill,amenity:pub,"288 Lamp And Lantern Village, Town & Country, 63017",63017,Chesterfield,,,,
The Melting Pot,amenity:restaurant,"294 Lamp And Lantern Village, Town & Country, 63017",63017,Chesterfield,,,,
The Nett Group Real Estate Advisors,office:estate_agent,"16100 Chesterfield Parkway West, 63017",63017,Chesterfield,+1 636-675-8255,michael@thenettgroup.com,http://www.stlouisrealestateexchange.com/,http://www.stlouisrealestateexchange.com/member/contact/
The Parlour at Hearth Room Café,shop:food,"275 Lamp And Lantern Village, Town & Country, 63017",63017,Chesterfield,,,,
Total Wine,shop:alcohol,"1781 Clarkson Road, Chesterfield, MO, 63017",63017,Chesterfield,+1 636-536-9869,,https://www.totalwine.com/store-info/1803,
Trader Joe's,shop:supermarket,"1679 Clarkson Road, Chesterfield, MO, 63017",63017,Chesterfield,+1 636-536-7846,,https://locations.traderjoes.com/mo/chesterfield/693/,https://www.traderjoes.com/home/contact-us
U.S. Bank,amenity:bank,"1050 South Woods Mill Road, Town and Country, 63017",63017,Chesterfield,,,,
U.S. Bank,amenity:bank,"1795 Clarkson Road, Chesterfield, 63017",63017,Chesterfield,,,,
U.S. Bank,amenity:bank,"101 Hilltown Village Center, Chesterfield, 63017",63017,Chesterfield,,,,
UMB Bank,amenity:bank,"1041 South Woods Mill Road, Town and Country, 63017",63017,Chesterfield,,,,
Warby Parker,shop:optician,"1224 Town and Country Crossing Drive, Town & Country, 63017",63017,Chesterfield,,,,
Whole Foods Market,shop:supermarket,"1160 Town & Country Crossing Drive, Town and Country, MO, 63017",63017,Chesterfield,+1 636-527-1160,,https://www.wholefoodsmarket.com/stores/townandcountry,https://www.wholefoodsmarket.com/company-info
Woodsmill Tennis Club,leisure:sports_centre,"1012 North Woods Mill Road, Chesterfield, 63017",63017,Chesterfield,,,,
20/20 Optical,shop:optician,"629 Big Bend Road, Manchester, 63021",63021,Manchester,+1-636-825-2625,,,
Aldi,shop:supermarket,"1144 Meramec Station Road, Twin Oaks, MO, 63021",63021,Manchester,+1 855-955-2534,,https://stores.aldi.us/mo/twin-oaks/1144-meramec-station-road,https://www.aldi.us/store/aldi/pages/about-aldi
Altered State Comics,shop:collector,"671 Big Bend Road, Manchester, 63021",63021,Manchester,,alteredstatestl@gmail.com,https://www.alteredstatecomics.com/,https://www.alteredstatecomics.com/contact
Applebee's,amenity:restaurant,"14830 Manchester Road, Ballwin, 63021",63021,Manchester,+1 636-207-0801,,https://restaurants.applebees.com/en-us/mo/ballwin/14830-manchester-road-81008,https://www.applebees.com/en/contact-us
Armour Locksmith,shop:locksmith,"1300 Big Bend road, Ballwin, MO, 63021",63021,Manchester,+1 314-530-0568,armourlocksmithstl@gmail.com,https://www.armourlocksmith.com/,
Ballwin Athletic Association,leisure:sports_centre,"1 Ballpark Drive, Ballwin, 63021",63021,Manchester,,,,
Big Bend Pharmacy,amenity:pharmacy,"659 Big Bend Road, Manchester, 63021",63021,Manchester,+1-636-438-5095,bigbendpharmacy@gmail.com,https://bigbendpharmacy.com/,https://bigbendpharmacy.com/contact-us
Carron Family Dental,amenity:dentist,"663 Big Bend Road, Manchester, 63021",63021,Manchester,+1-636-256-3559,office@ballwinmodentist.com,https://www.ballwinmodentist.com/,https://www.ballwinmodentist.com/contact
Cool Dell Swim and Tennis Club,leisure:sports_centre,"414 Dietrich Road, 63021",63021,Manchester,+1 636 227 1929,,https://cooldell.com/,https://cooldell.com/contact/
Dean Team Hyundai,shop:car,"14754 Manchester Road, Ballwin, 63021",63021,Manchester,,,,
Discount Liquours,shop:alcohol,"701 Big Bend Road, Manchester, 63021",63021,Manchester,,,,
Dobbs Tire & Auto,shop:car_repair,"1116 Sulphur Spring Road, Manchester, 63021",63021,Manchester,,,,
Domino's,amenity:fast_food,"667 Big Bend Road, Manchester, 63021",63021,Manchester,,,,
DQ Grill & Chill,amenity:fast_food,"1445 Big Bend Road, Twin Oaks, MO, 63021",63021,Manchester,+1 636-225-3457,,https://www.dairyqueen.com/locations/mo/ballwin/1445-big-bend-rd/11227,
Edward Jones,office:financial_advisor,"669 Big Bend Road, Manchester, 63021",63021,Manchester,,jim.graham@edwardjones.com,https://www.edwardjones.com/us-en/financial-advisor/jim-graham,https://www.edwardjones.com/us-en/financial-advisor/jim-graham#fa-contact-form
ELCO Chevrolet,shop:car,"15110 Manchester Road, Ballwin, 63021",63021,Manchester,,,,
First Bank,amenity:bank,"1190 Meramec Station Road, Twin Oaks, 63021",63021,Manchester,+1-636-225-9990,,,
Fit Body Boot Camp,leisure:fitness_centre,"691 Big Bend Road, Manchester, 63021",63021,Manchester,,,,
French Quarters,amenity:bar,"14762 Manchester Road, Ballwin, 63021",63021,Manchester,,,,
Hairworks Studio Design,shop:hairdresser,"643 Big Bend Road, Manchester, 63021",63021,Manchester,,,,
Hough Orthodontics,amenity:dentist,"673 Big Bend Road, Manchester, 63021",63021,Manchester,,info@houghbraces.com,https://houghorthodontics.com/,https://houghorthodontics.com/contact-us/
Jay Wolfe Toyota,shop:car,"14700 Manchester Road, Ballwin, 63021",63021,Manchester,,,,
KFC,amenity:fast_food,"101 South Weidman Road, Manchester, MO, 63021",63021,Manchester,,,https://locations.kfc.com/mo/manchester/101-s-weidman-rd,https://www.kfc.com/contact
Lazy River Grill,amenity:restaurant,"631 Big Bend Road, 63021",63021,Manchester,,,,
LookAfter Hair Company,shop:hairdresser,"1393 Big Bend Road, Twin Oaks, MO, 63021",63021,Manchester,+1-636-225-0255,,https://lookafterhairco.com/,https://lookafterhairco.com/contact/
Lowe's,shop:doityourself,"14808 Manchester Road, Ballwin, MO, 63021",63021,Manchester,+1 636-527-8805,,https://www.lowes.com/store/mo-ballwin/1503,https://www.lowes.com/store/mo-ballwin/1503
Marshalls,shop:department_store,"14820 Manchester Road, Ballwin, 63021",63021,Manchester,,,,
Metro Lighting,shop:houseware,"15004 Manchester Road, Ballwin, 63021",63021,Manchester,,,,
Missouri State Highway Patrol Driver Examination,office:government,"703 Big Bend Road, Manchester, 63021",63021,Manchester,+1-636-300-2899,,https://statepatrol.dps.mo.gov/,https://statepatrol.dps.mo.gov/
O'Reilly Auto Parts,shop:car_parts,"15360 Manchester Road, Ellisville, 63021",63021,Manchester,,,https://locations.oreillyauto.com/mo/ellisville/autoparts-1646.html,https://www.oreillyauto.com/contact-us
Padgett Business Services,office:accountant,"134 Enchanted Parkway, Manchester, 63021",63021,Manchester,+1-636-391-5996,,https://padgettstl.net/,
Panera Bread,amenity:fast_food,"14646 Manchester Road, Ballwin, MO, 63021",63021,Manchester,+1 636-230-6644,,https://locations.panerabread.com/mo/ballwin/14646-manchester-road.html,https://locations.panerabread.com/en-us/company/about-panera.html
Paw Wash Grooming Salon,shop:pet_grooming,"661 Big Bend Road, Manchester, 63021",63021,Manchester,+1-314-239-2169,,https://www.facebook.com/PawWashGroomingSalon/,
Phillips 66,amenity:fuel,"859 Meramec Station Road, Twin Oaks, 63021",63021,Manchester,,,,
Pure Nails,shop:beauty,"627 Big Bend Road, Manchester, 63021",63021,Manchester,,,,
QuikTrip,amenity:fuel,"14800 Manchester Road, Ballwin, 63021",63021,Manchester,,,,
QuikTrip,amenity:fuel,"604 Big Bend Road, Manchester, 63021",63021,Manchester,,,,
Reflection Cove Apartments,office:property_management,"13992 Reflection Drive, 63021",63021,Manchester,,,,
Regions Bank,amenity:bank,"1141 Meramec Station Road, Twin Oaks, 63021",63021,Manchester,,,,
Saint Louis County Communications Center,office:government,"1150 Hanna Road, Ballwin, 63021",63021,Manchester,,,,
Saint Louis County Office of Emergency,office:government,"1150 Hanna Rd, Ballwin, 63021",63021,Manchester,+1 314-615-9500,,https://www.stlouisco.com/LawandPublicSafety/EmergencyManagement/,
Saitta Auto,shop:car_parts,"15046 Manchester Road, Ballwin, 63021",63021,Manchester,,,,
Sav-On Liquor & Wine,shop:alcohol,"1142 Meramec Station Road, Twin Oaks, MO, 63021",63021,Manchester,+1 636-517-1019,,,
Schnucks,shop:supermarket,"1393 Big Bend Road, Twin Oaks, 63021",63021,Manchester,+1-636-225-3777,,https://www.schnucks.com/stores/store.asp?store=173,
Schnucks Pharmacy,amenity:pharmacy,"1393 Big Bend Road, Twin Oaks, 63021",63021,Manchester,,,,
Schrader Crematorium,shop:funeral_directors,"14960 Manchester Road, Ballwin, 63021",63021,Manchester,,,,
Schrader Funeral Home,shop:funeral_directors,"14960 Manchester Road, Ballwin, 63021",63021,Manchester,,,,
Shell,amenity:fuel,"595 Big Bend Road, Manchester, 63021",63021,Manchester,,,,
Sonic,amenity:fast_food,"601 Big Bend Road, Manchester, 63021",63021,Manchester,,,,
Southwestern Bell,office:telecommunication,"105 New Ballwin Road, Ballwin, 63021",63021,Manchester,,,,
Southwestern Bell,office:telecommunication,"14780 Manchester Road, Ballwin, 63021",63021,Manchester,,,,
State Farm,office:insurance,"625 Big Bend Road, Manchester, 63021",63021,Manchester,+1-636-394-0530,,,
Stop & Shop,shop:supermarket,"15434 Manchester Road, Ellisville, 63021",63021,Manchester,,,,
Sulphur Springs Veterinary Clinic,amenity:veterinary,"621 Big Bend Road, Manchester, 63021",63021,Manchester,+1-636-394-3227,,https://www.sulphurspringsvet.com/,https://www.sulphurspringsvet.com/contact/
U-Haul,shop:storage_rental;rental,"650 Big Bend Road, 63021",63021,Manchester,,,,
Vetta Sports - Manchester,leisure:sports_centre,"150 Enchanted Parkway, Manchester, 63021",63021,Manchester,+1-636-391-1227,,http://vettaaports.com,
Walgreens,amenity:pharmacy,"1391 Big Bend Road, Twin Oaks, 63021",63021,Manchester,,,,
Walgreens,shop:chemist,"1205 Sulphur Spring Road, Ballwin, MO, 63021",63021,Manchester,,,,
West County Family Law,office:lawyer,"1190 Meramec Station Road, Ballwin, MO, 63021",63021,Manchester,+1 636-861-1111,,https://westcountyfamilylaw.com,
Westlake Ace Hardware,shop:hardware,"1140 Meramec Station Road, Twin Oaks, MO, 63021",63021,Manchester,+1 636-923-3000,,,
Wok Express,amenity:restaurant,"647 Big Bend Road, Ballwin, MO, 63021",63021,Manchester,+1 636-391-8330,,https://www.wokexpressbigbend.com,https://www.wokexpressbigbend.com/contact-us/
Аптека оптових цін,amenity:pharmacy,"2 Привокзальна вулиця, 63021",63021,Manchester,,,,
Завхоз,shop:doityourself,"Центральна вулиця, 63021",63021,Manchester,,,,
Кулиничи,shop:bakery,63021,63021,Manchester,,,,
스타벅스,amenity:cafe,"1360-2 평화로, 제주시, 63021",63021,Manchester,,,,
5-11,shop:clothes,"180 Gravois Bluffs Circle, Fenton, 63026",63026,Fenton,,,,
Advance Auto Parts,shop:car_parts,"95 Fenton Plaza, Fenton, 63026",63026,Fenton,,,,
Aldi,shop:supermarket,"60 Fenton Plaza, Fenton, MO, 63026",63026,Fenton,+1 855-955-2534,,https://stores.aldi.us/mo/fenton/-60-fenton-plaza,https://www.aldi.us/store/aldi/pages/about-aldi
Alliance Credit Union,amenity:bank,"1280 South Highway Drive, Fenton, 63026",63026,Fenton,,,,
American Eagle Credit Union,amenity:bank,"304 Summit Road, Fenton, 63026",63026,Fenton,+1-636-305-3900,,https://ameaglecu.com,
Amity Nails,shop:beauty,"699 Gravois Bluffs Boulevard, Fenton, MO, 63026",63026,Fenton,,,,
Arby's,amenity:fast_food,"1181 Gravois Road, Fenton, MO, 63026",63026,Fenton,+1-636-305-1773,,https://locations.arbys.com,
At Home,shop:houseware,"665 Gravois Bluffs Boulevard, Fenton, MO, 63026",63026,Fenton,+16363266305,,https://www.athome.com/,
AT&T,shop:mobile_phone,"701 Gravois Road, Fenton, 63026",63026,Fenton,+16363430005,,https://www.att.com/,
Azteca Mexican Restaurant,amenity:restaurant,"34 Western Plaza, Fenton, MO, 63026",63026,Fenton,,,https://www.aztecafenton.com/,
Bandana's BBQ,amenity:restaurant,"1160 South Highway Drive, Fenton, 63026",63026,Fenton,,,,
Bank of America,amenity:bank,"707 Gravois Road, Fenton, 63026",63026,Fenton,+16363261844,jonathan.stogsdill@ml.com,https://locators.bankofamerica.com/mo/fenton/financial-centers-fenton-15795.html,https://www.bankofamerica.com/customer-service/contact-us/
Barnes & Noble,shop:books,"721 Gravois Road, Fenton, 63026",63026,Fenton,+1-636-326-4619,,https://www.barnesandnoble.com/,
Bentley Animal Hospital,amenity:veterinary,"1819 Smizer Station Road, Fenton, 63026",63026,Fenton,,,,
Big Lots,shop:furniture,"691 Gravois Bluffs Boulevard, Fenton, MO, 63026",63026,Fenton,+1 636-326-1361,,https://local.biglots.com/mo/fenton/691-gravois-bluffs-blvd,
Buffalo Wild Wings,amenity:restaurant,"150 Gravois Bluffs Circle, Fenton, 63026",63026,Fenton,+16363265000,,https://www.buffalowildwings.com/,https://www.buffalowildwings.com/
Burger King,amenity:fast_food,"1036 Bowles Avenue, Fenton, MO, 63026",63026,Fenton,+1 636-326-2854,,https://www.bk.com/store-locator/store/restaurant_7614,https://www.bk.com/store-locator/store/restaurant_7614
Carter's,shop:clothes,"185 Gravois Bluffs Plaza Drive, Fenton, MO, 63026",63026,Fenton,+1-636-326-8036,contactus@carters.com,https://www.carters.com/,https://www.carters.com/content/customerservice/contact-us/
CB’s Chop House,amenity:restaurant,"1005 Majestic Drive, Fenton, 63026",63026,Fenton,,,,
Cell Phone Repair,craft:electronics_repair,"794 Gravois Bluffs Boulevard, Fenton, 63026",63026,Fenton,,,https://www.cellphonerepair.com/fenton-mo/,
Chase,amenity:bank,"190 Gravois Bluffs Circle, Fenton, 63026",63026,Fenton,+1 636-717-4009,,https://locator.chase.com/mo/fenton/190-gravois-bluffs-cir,
Chili's,amenity:restaurant,"711 Gravois Road, Fenton, 63026",63026,Fenton,+1-636-326-4134,,http://www.chilis.com/,
Circle K,shop:convenience,"900 Brookwood Center, Fenton, 63026",63026,Fenton,,,,
Clarkson Eyecare,shop:optician,"699 Gravois Bluffs Boulevard, Fenton, MO, 63026",63026,Fenton,,,https://www.clarksoneyecare.com/,https://www.clarksoneyecare.com/eye-care-services/contact-lens-exam
Continential Title Company,office:title,"701 Gravois Road, Fenton, 63026",63026,Fenton,+1-636-326-5922,,https://ctitle.com/,https://ctitle.com/contact-us/
Cracker Barrel,amenity:restaurant,"1050 South Highway Drive, Fenton, 63026",63026,Fenton,,,,
Culver's,amenity:fast_food,"1024 Bowles Avenue, Fenton, MO, 63026",63026,Fenton,+1 636-326-5422,d.krueger314@gmail.com,https://www.culvers.com/restaurants/fenton-mo,https://www.contactculvers.com/
Dairy Queen,amenity:fast_food,"680 Gravois Road, Fenton, 63026",63026,Fenton,,,,
Dawdy Law Firm,office:lawyer,"14 Green Valley Dr, Fenton, MO, 63026",63026,Fenton,+16363434414,dawdylaw@gmail.com,https://dawdylawfirm.com,https://www.dawdylawfirm.com/contact-us
Denny Dennis,shop:sports,"1 Gravois Road, Fenton, 63026",63026,Fenton,,,,
Dierbergs,shop:supermarket,"450 Old Smizer Mill Road, Fenton, 63026",63026,Fenton,+1-636-349-9009,,https://www.dierbergs.com/store-locations/fenton-crossing,
Domino's,amenity:fast_food,"2554 Gladiator Drive, Fenton, MO, 63026",63026,Fenton,+1 636-825-1919,olocustomercare@dominos.com,https://pizza.dominos.com/missouri/fenton/2554-gladiator-dr,https://www.dominos.com/en/about-pizza/
Family Dollar,shop:variety_store,"64 Fenton Plaza, Fenton, 63026",63026,Fenton,,,https://familydollar.com/,https://familydollar.com/
Famous Footwear,shop:shoes,"123 Gravois Bluffs Plaza Drive, Fenton, MO, 63026",63026,Fenton,+1-636-651-3052,,https://www.famousfootwear.com/,
FedEx Office,shop:copyshop,"701 Gravois Road, Fenton, 63026",63026,Fenton,+1-636-326-4637,,http://fedex.com/us/office/,
Fenton Cannabis Dispensary,shop:cannabis,"404 Gravois Road, Fenton, 63026",63026,Fenton,+1-636-489-2430,,,
Fenton Forum Ice Arena,leisure:sports_centre,"1770 Gilsinn Lane, Fenton, MO, 63026",63026,Fenton,+1-636-349-7860,,,
First Community Credit Union,amenity:bank,"102 Kate G Lane, Fenton, 63026",63026,Fenton,+16367283333,,,
Five Below,shop:variety_store,"193 Gravois Bluffs Plaza Drive, Fenton, MO, 63026",63026,Fenton,+16363261542,,https://locations.fivebelow.com/mo/fenton/193-gravois-bluffs-plaza-drive,https://www.fivebelow.com/info/company
Freddy's,amenity:fast_food,"677 Gravois Bluffs Boulevard, Fenton, MO, 63026",63026,Fenton,+16364921016,,https://www.freddys.com/,https://www.freddys.com/contact-us
GameStop,shop:video_games,"98 Gravois Bluffs Circle, Fenton, 63026",63026,Fenton,+16363269659,,https://www.gamestop.com/store/us/mo/fenton/439/gravois-bluff-gamestop,
Giuseppe's,amenity:restaurant,"972 S. Hwy Dr., Fenton, MO, 63026",63026,Fenton,,,,
Great Clips,shop:hairdresser,"699 Gravois Bluffs Boulevard, Fenton, MO, 63026",63026,Fenton,+16363436999,customerservice@greatclips.com,https://www.greatclips.com/,https://www.greatclips.com/about-us/overview
Happys Outlet,shop:appliance,"101 Gravois Bluffs Plaza Drive, Fenton, MO, 63026",63026,Fenton,+1-636-724-5558,sales@happysappliances.com,https://www.happysappliances.com/,https://www.happysappliances.com/contact-us
Hardee's,amenity:fast_food,"545 Main Street, Fenton, MO, 63026",63026,Fenton,+1 636-343-5221,,https://locations.hardees.com/mo/fenton/545-main-street,https://www.hardees.com/contact-us
Harrison Flooring Outlet,shop:flooring,"400 Gravois Road, Fenton, 63026",63026,Fenton,+1-636-600-0717,info@harrisonflooringoutlet.com,,
Honest Repair,craft:electronics_repair,"400 Gravois Rd, Fenton, 63026",63026,Fenton,+1-314-744-9688,reid@honestrepair.tech,,
Hoods Discount Home Center,shop:hardware,"88 Western Plaza, Fenton, MO, 63026",63026,Fenton,+16366009881,hayle@hoodsdhc.com,https://hoodshomecenters.com/fenton-mo/,https://hoodshomecenters.com/contact-us/
Hot Shot's Sports Bar,amenity:bar,"950 S. Hwy Dr., 63026",63026,Fenton,+1 636-343-1900,customerservice@hotshotsnet.com,https://hotshotsnet.com/locations/fenton-mo/,https://hotshotsnet.com/contact/
IHOP,amenity:restaurant,"110 Kate G Lane, Fenton, 63026",63026,Fenton,+16363269990,,,
Jack in the Box,amenity:fast_food,"986 South Highway Drive, Fenton, 63026",63026,Fenton,,,,
JCPenney,shop:department_store,"798 Gravois Bluffs Boulevard, Fenton, 63026",63026,Fenton,+16362039338,support@jcp.com,http://www.jcp.com/,http://www.jcp.com/p/thereabouts-little-big-kid-boys-short-sleeve-regular-fit-button-down-shirt/ppr5008604047?pTmplType=regular&amp;cm_re=ZG-_-HOME-_-HOTDEALS-_-MORE-SUMMER-LESS-SPEND-DEAL-ZONE-_-SHOP-ALL_18&amp;
Jiffy Lube,shop:car_repair,"1915 Hawkins Road, Fenton, 63026",63026,Fenton,,,https://stlouis.jiffylube.com/,https://stlouis.jiffylube.com/contact
Joe Clark's,amenity:pub,"42 Gravois Road, Fenton, 63026",63026,Fenton,,,,
KFC,amenity:fast_food,"641 Gravois Road, Fenton, MO, 63026",63026,Fenton,,,https://locations.kfc.com/mo/fenton/641-gravois-road,https://www.kfc.com/contact
Kind Goods,shop:cannabis,"180 Gravois Bluffs Circle, Fenton, MO, 63026",63026,Fenton,,,,
Kohl's,shop:department_store,"115 Gravois Bluffs Plaza Drive, Fenton, MO, 63026",63026,Fenton,+1 636-349-9952,,https://www.kohls.com/stores/mo/fenton-434.shtml,https://www.kohls.com/faq/article/623
Krispy Kreme,amenity:fast_food,"1871 Bowles Avenue, Fenton, 63026",63026,Fenton,,,https://www.krispykreme.com/,https://www.krispykreme.com/about/contact-us
Lindell Bank,amenity:bank,"1037 Majestic Drive, Fenton, 63026",63026,Fenton,,,https://www.rockwoodbank.com/,
Lion's Choice,amenity:fast_food,"698 Gravois Bluffs Boulevard, Fenton, MO, 63026",63026,Fenton,+16363494411,,https://lionschoice.com/,https://lionschoice.com/contact/
Lowe's,shop:doityourself,"1 Gravois Bluffs Plaza Drive, Fenton, MO, 63026",63026,Fenton,+1-636-349-9064,,https://www.lowes.com/store/MO-Fenton/1055,https://www.lowes.com/store/MO-Fenton/1055
Lumber Liquidators,shop:flooring,"958 South Highway Drive, Fenton, 63026",63026,Fenton,,,,
Masonry & Glass Systems Inc,craft:window_construction,"1576 Fencorp Drive, Fenton, MO, 63026",63026,Fenton,+1 314-535-6515,lmagee@masonryglass.com,https://www.masonryglass.com/,
Mayflower United Van Lines,office:moving_company,"1 Premier Drive, Fenton, 63026",63026,Fenton,,,https://unitedmayflower.com,
McDonald's,amenity:fast_food,"501 Old Smizer Mill Road, Fenton, MO, 63026",63026,Fenton,+1 636-343-3713,,https://www.mcdonalds.com/us/en-us/location/24652.html,https://www.mcdonalds.com/us/en-us/contact-us.html
McDonald's,amenity:fast_food,"1867 Bowles Avenue, Fenton, MO, 63026",63026,Fenton,+1 636-305-0570,,https://www.mcdonalds.com/us/en-us/location/23002.html,https://www.mcdonalds.com/us/en-us/contact-us.html
McDonald's,amenity:fast_food,"100 Old Sugar Creek Road, Fenton, MO, 63026",63026,Fenton,+1 636-343-4605,,https://www.mcdonalds.com/us/en-us/location/23391.html,https://www.mcdonalds.com/us/en-us/contact-us.html
Menchie's,amenity:ice_cream,"98 Gravois Bluffs Circle, Fenton, 63026",63026,Fenton,,,https://www.menchies.com/locations/frozen-yogurt-gravois-bluffs-mo,https://www.menchies.com/contact-us
Michaels,shop:craft,"129 Gravois Bluffs Plaza Drive, Fenton, MO, 63026",63026,Fenton,+1 636-343-5724,michaels@michaels.com,https://locations.michaels.com/mo/fenton/2075,https://locations.michaels.com/mo/fenton/2075
Mid America Logistics,office:logistics,"900 South Highway Drive, Fenton, 63026",63026,Fenton,,,,
Midwest Bank Centre,amenity:bank,"1007 Bowles Avenue, Fenton, 63026",63026,Fenton,,mbccdrenewalcampaign2022@midwestbankcentre.com,https://www.midwestbankcentre.com/,https://www.midwestbankcentre.com/about/branches-atms/
Mobil,amenity:fuel,"1000 Bowles Avenue, Fenton, 63026",63026,Fenton,,capital.markets@exxonmobil.com,https://www.mobil.com/,https://corporate.exxonmobil.com/About-us/Contact-us/Directory
Neighbors Credit Union,amenity:bank,"612 Gravois Road, Fenton, 63026",63026,Fenton,,,,
Norm's Bargain Barn,shop:doityourself,"731 Gravois Road, Fenton, 63026",63026,Fenton,+1-636-343-8100,nbb@wilkewindow.com,https://normsbargainbarn.com/,http://www.normsbargainbarn.com/contact-us/
O'Reilly Auto Parts,shop:car_parts,"50 Western Plaza, Fenton, MO, 63026",63026,Fenton,+16363265038,,https://locations.oreillyauto.com/mo/fenton/autoparts-1798.html,https://www.oreillyauto.com/contact-us
Old Navy,shop:clothes,"725 Gravois Road, Fenton, 63026",63026,Fenton,+1-636-326-6301,,https://oldnavy.gap.com/,https://oldnavy.gap.com/
Olive Garden,amenity:restaurant,"140 Gravois Bluffs Circle, Fenton, MO, 63026",63026,Fenton,,,http://www.olivegarden.com/,http://www.olivegarden.com/contact-us
On the Run,shop:convenience,"1000 Bowles Avenue, Fenton, 63026",63026,Fenton,,,,
Panda Express,amenity:fast_food,"651 Gravois Bluffs Boulevard, Fenton, 63026",63026,Fenton,,,,
Panera Bread,amenity:fast_food,"453 Old Smizer Mill Road, Fenton, MO, 63026",63026,Fenton,+1 636-349-8440,,https://locations.panerabread.com/mo/fenton/453-old-smizer-mill-road.html,https://locations.panerabread.com/en-us/company/about-panera.html
Papa John's,amenity:fast_food,"98 Gravois Bluff Circle, Fenton, MO, 63026",63026,Fenton,+1 636-343-5522,,https://locations.papajohns.com/united-states/mo/63026/fenton/98b-gravois-bluff-circle-drive,https://locations.papajohns.com/united-states/mo/63026/fenton/98b-gravois-bluff-circle-drive
Party City,shop:party,"790 Gravois Bluffs Plaza Drive, Fenton, MO, 63026",63026,Fenton,+1 636-764-0019,info@stagheaddesigns.com,https://stores.partycity.com/us/mo/fenton/party-store-pc838.html,https://www.partycity.com/pages/contact
Performance Auto Color,shop:paint,"500 Mae Court, Fenton, MO, 63026",63026,Fenton,+1 636 376 8339,,http://www.performanceautocolormo.com/,
Petco,shop:pet,"149 Gravois Bluffs Plaza Drive, Fenton, MO, 63026",63026,Fenton,+1 636-326-9631,,https://www.petco.com/,
Petro Mart,shop:convenience,"982 South Highway Drive, Fenton, 63026",63026,Fenton,,,,
Petro-Mart,shop:convenience,"698 Gravois Bluffs Boulevard, Fenton, MO, 63026",63026,Fenton,+16363264270,,https://www.petromartonline.com/,
Pizza Hut,amenity:restaurant,"585 Old Smizer Mill Road, Fenton, MO, 63026",63026,Fenton,+1 636-343-4999,,https://locations.pizzahut.com/mo/fenton/585-old-smizer-mill-rd,https://www.pizzahut.com/contact-us
Planet Fitness,leisure:fitness_centre,"687 Gravois Bluffs Boulevard, Fenton, MO, 63026",63026,Fenton,+16366000168,,,
Premium Cabinets,craft:carpenter,"1645 Headland Drive, Fenton, 63026",63026,Fenton,+1 314-499-8800,johnm@premiumcabinets.com,https://premiumcabinets.com/st-louis/,
Purcell Tire,shop:car_repair,"600 South Highway Drive, Fenton, 63026",63026,Fenton,,,https://purcelltire.com/,https://purcelltire.com/locations/
Qdoba,amenity:fast_food,"180 Gravois Bluffs Circle, Fenton, MO, 63026",63026,Fenton,+1 636-305-1864,,https://locations.qdoba.com/us/mo/fenton/180-gravois-bluffs-cir.html,https://contactus.qdoba.com/
Que Pasa,amenity:restaurant,"1165 Gravois Road, Fenton, MO, 63026",63026,Fenton,+16366001062,,https://www.quepasamexicanrestaurant.com/,
QuikTrip,amenity:fuel,"1907 Hawkins Road, Fenton, 63026",63026,Fenton,,,https://www.quiktrip.com/,https://www.quiktrip.com/contact-us
QuikTrip,shop:convenience,"1913 Bowles Avenue, Fenton, 63026",63026,Fenton,,,,
Rathert Law Firm,office:lawyer,"334 Skinker Lane, Fenton, 63026",63026,Fenton,+1-636-343-2088,,,
Red Robin,amenity:restaurant,"130 Gravois Bluffs Circle, Fenton, 63026",63026,Fenton,,media@redrobin.com,https://www.redrobin.com/,https://www.redrobin.com/contact
Regions Bank,amenity:bank,"999 Bowles Avenue, Fenton, 63026",63026,Fenton,+1-636-343-3500,,https://www.regions.com/,https://www.regions.com/
Rexel USA,shop:electrical,"1780 Gilsinn Lane, Fenton, 63026",63026,Fenton,,,,
Riverside Motor Company,shop:car,"65 Gravois Road, Fenton, 63026",63026,Fenton,,,,
Road Ranger,shop:convenience,"225 North Highway Drive, Fenton, 63026",63026,Fenton,,,,
Rocket,shop:convenience,"222 Schneider Drive, Fenton, MO, 63026",63026,Fenton,,,https://www.petromartonline.com/,
Ross,shop:department_store,"163 Gravois Bluffs Plaza Drive, Fenton, MO, 63026",63026,Fenton,+1 636-218-6971,,https://www.rossstores.com/,https://www.rossstores.com/contact-us/
Saint Vincent de Paul Thrift Store,shop:charity,"625 Gravois Road, Fenton, 63026",63026,Fenton,+1 314-881-6041,,,
Sally Beauty,shop:hairdresser_supply,"699 Gravois Bluffs Boulevard, Fenton, MO, 63026",63026,Fenton,+16363266565,realestate@sallybeauty.com,https://www.sallybeauty.com/,https://urldefense.proofpoint.com/v2/url?u=https-3A__www.sallybeauty.com_CS-5FCONTACT-5FUS.html&amp;d=DwMGAg&amp;c=jf_iaSHvJObTbx-siA1ZOg&amp;r=CaLAJXxQIZeQc1-gnXiXWLltrFNjdiLucuKgOJ9daic&amp;m=iq5qYbRJGnVcB2odObPSmKOffyt_YKT7ISIZsZJUqMk&amp;s=uaWEiT2V_Cz1Lh6ZaQQ5Qp3UiDKmxludHbuZf6EGvjc&amp;e=
SameDay Autobody,shop:car_repair,"3 Valley Park Road, Fenton, 63026",63026,Fenton,,,,
Sephora at Kohl's,shop:cosmetics,"115 Gravois Bluffs Plaza Drive, Fenton, MO, 63026",63026,Fenton,+1-636-282-0399,,https://www.kohls.com/sale-event/sephora-at-kohls.jsp,https://www.kohls.com/faq/article/623
Shell,amenity:fuel,"900 Brookwood Center, Fenton, 63026",63026,Fenton,,,,
Simmons Bank,amenity:bank,"1000 South Highway Drive, Fenton, 63026",63026,Fenton,,,,
Smoke N Bottle,shop:alcohol,"978 South Highway Drive, Fenton, 63026",63026,Fenton,,,,
Snarf’s,amenity:fast_food,"870 South Highway Drive, Fenton, 63026",63026,Fenton,,,,
Social Security Administration,office:government,"650 Gravois Bluffs Boulevard, Fenton, 63026",63026,Fenton,,,https://ssa.gov/,
Sonic,amenity:fast_food,"100 Gravois Bluffs Circle, Fenton, MO, 63026",63026,Fenton,+1 636-343-1669,,https://locations.sonicdrivein.com/mo/fenton/100-gravois-bluffs-circle.html,https://locations.sonicdrivein.com/mo/fenton/100-gravois-bluffs-circle.html
Spirit Halloween,shop:party,"635 Gravois Road, Fenton, 63026",63026,Fenton,,,,
St. Louis Car Wash,amenity:car_wash,"1535 Smizer Mill Road, Fenton, 63026",63026,Fenton,,,,
St. Louis Mortgage Consultants,office:consulting,"1799 Smizer Station Road, Fenton, MO, 63026",63026,Fenton,+1 636-861-3279,peter.esson@mystlmortgage.com,https://www.stlmortgageconsultants.com/,https://www.stlmortgageconsultants.com/contact-us/
St. Louis Power Sports,shop:motorcycle,"956 South Highway Drive, Fenton, 63026",63026,Fenton,,,,
Starbucks,amenity:cafe,"699 Gravois Bluffs Boulevard, Fenton, MO, 63026",63026,Fenton,+1 636-326-2437,,https://www.starbucks.com/store-locator/store/13806/hwy-141-gravois-699-gravois-bluffs-blvd-101-fenton-mo-630267743-us,https://www.starbucks.com/store-locator/store/13806/hwy-141-gravois-699-gravois-bluffs-blvd-101-fenton-mo-630267743-us
Steak 'n Shake,amenity:fast_food,"MO, 63026",63026,Fenton,+1 636-764-0020,,https://www.steaknshake.com/locations/mo-fenton-gravois-road/,https://www.steaknshake.com/about-us/
Stella Blues Vapors,shop:e-cigarette,"340 Skinker Lane, Fenton, 63026",63026,Fenton,+1-636-678-7275,,https://stellabluesvapors.com,https://stellabluesvapors.com
Subway,amenity:fast_food,"2085 Bentley Plaza, Fenton, MO, 63026",63026,Fenton,+1 636-225-2775,,https://restaurants.subway.com/united-states/mo/fenton/2085-bentley-plaza,https://www.subway.com/en-US/ContactUs/GuestCare
Subway,amenity:fast_food,"205 North Highway Drive, Fenton, MO, 63026",63026,Fenton,+1 815-566-4043,,https://restaurants.subway.com/united-states/mo/fenton/205-north-highway-dr,https://www.subway.com/en-US/ContactUs/GuestCare
Supplement Superstore,shop:nutrition_supplements,"699 Gravois Bluffs Boulevard, Fenton, MO, 63026",63026,Fenton,+16367171888,customerservice@supplementsuperstores.com,https://supplementsuperstores.com,https://supplementsuperstores.com
Taco Bell,amenity:fast_food,"611 Gravois Road, Fenton, MO, 63026",63026,Fenton,+1 636-349-4858,,https://locations.tacobell.com/mo/fenton/611-gravois-rd-.html,https://locations.tacobell.com/mo/fenton/611-gravois-rd-/breakfast.html
The Corner Butcher,shop:butcher,"2009 Bentley Manor Drive, Fenton, 63026",63026,Fenton,,,,
The Malt Shop,amenity:ice_cream,"1751 Smizer Station Road, Fenton, 63026",63026,Fenton,,,https://www.fentonmaltshop.com/,
Tidy Jons,amenity:fast_food,"12 Ferry Street, Fenton, MO, 63026",63026,Fenton,+1-636-496-7321,,,
Tiger Express Carwash,amenity:car_wash,"1029 Majestic Drive, Fenton, MO, 63026",63026,Fenton,,,,
Tiger Soup Dumplings,amenity:restaurant,"98 Gravois Bluffs Circle, Fenton, 63026",63026,Fenton,,,,
TJ Maxx,shop:department_store,"137 Gravois Bluffs Plaza Drive, Fenton, MO, 63026",63026,Fenton,,,https://tjmaxx.tjx.com/,https://tjmaxx.tjx.com/
Trade N Games,shop:video_games,"1053 Gravois Rd, Fenton, MO, 63026",63026,Fenton,+16363493113,ada@chalktv.com,https://www.tradengames.com/,https://www.tradengames.com/contact.asp
U.S. Bank,amenity:bank,"700 Gravois Road, Fenton, 63026",63026,Fenton,,portaldotcom@usbank.com,https://www.usbank.com/locations/missouri/fenton/700-gravois-rd-bank-atm/,https://www.usbank.com/about-us-bank.html
Ulta Beauty,shop:cosmetics,"189 Gravois Bluffs Plaza Drive, Fenton, MO, 63026",63026,Fenton,+1 636-326-1486,,https://www.ulta.com/stores/fenton-mo-582,https://www.ulta.com/stores/fenton-mo-582
Walgreens,amenity:pharmacy,"1001 Bowles Avenue, Fenton, 63026",63026,Fenton,,epc.consumerrelations@walgreens.com,https://www.walgreens.com/,https://www.walgreens.com/youraccount/clhistory/contactlenshist.jsp
Wally's,shop:convenience,"950 Assembly Parkway, Fenton, MO, 63026",63026,Fenton,,,https://www.wallys.com/locations/,https://www.wallys.com/contact-wallys/
Walmart Supercenter,shop:supermarket,"653 Gravois Bluffs Boulevard, Fenton, MO, 63026",63026,Fenton,+1 636-349-3116,aem@wall-mart.com,https://www.walmart.com/store/805-fenton-mo,https://www.sparkdriverapp.com/
We Rock! Stoneworks,craft:stonemason,"1003 Majestic Drive, Fenton, 63026",63026,Fenton,,,,
White Castle,amenity:fast_food,"1789 Bowles Avenue, Fenton, 63026",63026,Fenton,,snapchat@whitecastle.com,https://www.whitecastle.com/,https://www.whitecastle.com/
Wilke Window and Doors,shop:doityourself,"737 Gravois Road, Fenton, 63026",63026,Fenton,+1-636-343-5400,sales@wilkewindow.com,https://wilkewindow.com/,http://www.wilkewindow.com/contact-us/
Wingstop,amenity:fast_food,"98 Gravois Bluffs Circle, Fenton, 63026",63026,Fenton,+1 636-484-9464,,,
Wolff Shoe Company,shop:shoes,"460 Rudder Road, Fenton, 63026",63026,Fenton,,,,
Worldwide Technologies Soccer Park,leisure:sports_centre,"1 Soccer Park Road, Fenton, 63026",63026,Fenton,,,,
Yiro Gyro,amenity:restaurant,"657 Gravois Road, Fenton, MO, 63026",63026,Fenton,,,,
ZX,amenity:fuel,"1501 Hawkins Road, Fenton, 63026",63026,Fenton,,,,
7-Eleven,shop:convenience,"105 Dunn Road, Florissant, 63031",63031,Florissant,,,,
Arby's,amenity:fast_food,"1275 Graham Road, Florissant, MO, 63031",63031,Florissant,+1 314-830-4167,,https://www.arbys.com/locations/us/mo/florissant/1275-graham-rd/store-7393/,https://www.arbys.com/locations/us/mo/florissant/1275-graham-rd/store-7393/
Bank of America,amenity:bank,"495 Howdershell Road, Florissant, IL, 63031",63031,Florissant,,,,
Baskin-Robbins,amenity:ice_cream,"820 North Highway 67, Florissant, MO, 63031",63031,Florissant,+1 314-839-7777,,https://locations.baskinrobbins.com/mo/florissant/820-n-highway-67-362256-br,https://www.baskinrobbins.com/en/about-us
Church's Chicken,amenity:fast_food,"410 North Highway 67 Street, Florissant, MO, 63031",63031,Florissant,+1 314-838-5616,,https://locations.churchs.com/mo/florissant/410-n-lindbergh-boulevard,
Clarkson Eyecare,shop:optician,"230 North Highway 67 Street, Florissant, MO, 63031",63031,Florissant,,,,
Culver's,amenity:fast_food,"975 North Highway 67, Florissant, MO, 63031",63031,Florissant,+1 314-801-7939,,https://www.culvers.com/restaurants/florissant-mo,https://www.contactculvers.com/
Dew Drop Laundromat,shop:laundry,"4 Mullanphy Gardens Shopping Center, Florissant, MO, 63031",63031,Florissant,,,,
Dollar General,shop:variety_store,"20 Mullanphy Gardens Shopping Center, Florissant, MO, 63031",63031,Florissant,,digitalcare@dollargeneral.com,https://www.dollargeneral.com/store-directory/mo/florissant/3000,https://www.dollargeneral.com/store-directory/mo/florissant/3000#
Eagle Fitness,leisure:fitness_centre,"23 Mullanphy Gardens Shopping Center, Florissant, 63031",63031,Florissant,,,,
"Endless Comics, Games & Cards",shop:collector,"440 Rue Saint Francois, Florissant, 63031",63031,Florissant,+1-314-837-7333,user@domain.com,https://www.endlesscgc.com/home-1,https://www.endlesscgc.com/home-1
Five Guys,amenity:fast_food,"250 North Highway 67, Florissant, MO, 63031",63031,Florissant,+1 314-839-1135,marketing@fiveguys.com,https://restaurants.fiveguys.com/250-n-highway-67,https://www.fiveguys.com/contact-us
Handyman,shop:hardware,"500 West Washington Street, Florissant, MO, 63031",63031,Florissant,,,,
Helen Nails and Spa,shop:beauty,"5 Mullanphy Gardens Shopping Center, Florissant, MO, 63031",63031,Florissant,,,,
House of Jollof,amenity:restaurant,"503 Paul Avenue, Florissant, 63031",63031,Florissant,+1-314-323-5972,hi@mystore.com,https://www.houseofjollof.com/,https://www.houseofjollof.com/
Jack in the Box,amenity:fast_food,"158 Howdershell Road, Florissant, IL, 63031",63031,Florissant,,,,
Jimmy John's,amenity:fast_food,"370 North Highway 67 Street, Florissant, MO, 63031",63031,Florissant,+1 314-831-1000,,https://locations.jimmyjohns.com/mo/florissant/sandwiches-2891.html,https://www.jimmyjohns.com/contact-us/feedback
Made. by Lia,shop:bakery,"610 Rue Saint Francois, 63031",63031,Florissant,,,,
McDonald's,amenity:fast_food,"1090 Shackelford Road, Florissant, MO, 63031",63031,Florissant,+1 314-831-9280,,https://www.mcdonalds.com/us/en-us/location/6594.html,https://www.mcdonalds.com/us/en-us/contact-us.html
McDonald's,amenity:fast_food,"15 Florissant Oaks Shopping Center, Florissant, MO, 63031",63031,Florissant,+1 314-838-7490,,https://www.mcdonalds.com/us/en-us/location/32731.html,https://www.mcdonalds.com/us/en-us/contact-us.html
Pearl Cafe,amenity:restaurant,"8416 North Lindbergh Boulevard, Florissant, 63031",63031,Florissant,,,,
Phillips 66,amenity:fuel,"1280 North Highway 67 Street, Florissant, MO, 63031",63031,Florissant,,,,
Phillips 66,amenity:fuel,"1395 Dunn Road, Florissant, MO, 63031",63031,Florissant,,,,
Phillips 66,amenity:fuel,"1200 Shackelford Road, Florissant, 63031",63031,Florissant,,,https://www.phillips66gas.com/station/P66-PETROMART-11-0000908269/,
QuikTrip,amenity:fuel,"150 Howdershell Road, Florissant, IL, 63031",63031,Florissant,,,,
Roberto's,amenity:restaurant,"16 Mullanphy Gardens Shopping Center, Florissant, 63031",63031,Florissant,,,https://www.robertositalianstl.com/,
Saint Vincent de Paul Thrift Store,shop:charity,"770 North Lindbergh Boulevard, Florissant, MO, 63031",63031,Florissant,+1 314-881-6097,,,
Schnucks,shop:supermarket,"2235 Charbonier Road, Florissant, 63031",63031,Florissant,,,,
SNS Promotions,shop:printing,"6 Mullanphy Gardens Shopping Center, Florissant, 63031",63031,Florissant,,,https://www.facebook.com/snspromotions,https://www.facebook.com/snspromotions
Soft Touch Dental,amenity:dentist,"1005 Dunn Road, Florissant, MO, 63031",63031,Florissant,+1 314-838-9454,soufttouch@gmail.com,https://softtouchdental.net/,
Spot House Restaurant and Bar,amenity:restaurant,"5 Mullanphy Gardens Shopping Center, Florissant, MO, 63031",63031,Florissant,,,https://spot-house-restaurant-and-bar.business.site/,
Starbucks,amenity:cafe,"1261 Graham Road, Florissant, MO, 63031",63031,Florissant,+1 314-838-7627,,https://www.starbucks.com/store-locator/store/6989/graham-i-270-1261-graham-rd-florissant-mo-630318014-us,https://www.starbucks.com/store-locator/store/6989/graham-i-270-1261-graham-rd-florissant-mo-630318014-us
T-Mobile,shop:mobile_phone,"238 North Highway 67 Street, Florissant, MO, 63031",63031,Florissant,,,,
The Hair Center,shop:hairdresser,"7 Mullanphy Gardens Shopping Center, Florissant, 63031",63031,Florissant,,,https://haircenter.com/,https://haircenter.com/contact-us/
The UPS Store,shop:copyshop,"224 North Highway 67, Florissant, MO, 63031",63031,Florissant,,,,
U-Haul,shop:storage_rental,"1350 North Highway 67 Street, Florissant, MO, 63031",63031,Florissant,,,,
Vantage Credit Union,amenity:bank,"601 Greenway Chase Drive, 63031",63031,Florissant,,,,
Waffle House,amenity:restaurant,"375 North Highway 67 Street, Florissant, 63031",63031,Florissant,+1 314-839-2275,,https://locations.wafflehouse.com/florissant-mo-1697/,https://www.wafflehouse.com/contact/
Walgreens,amenity:pharmacy,"500 Howdershell Road, Florissant, IL, 63031",63031,Florissant,,,https://www.walgreens.com/locator/walgreens-500+howdershell+rd-florissant-mo-63031/id=5749,https://www.walgreens.com/youraccount/clhistory/contactlenshist.jsp
Walgreens,amenity:pharmacy,"15390 New Halls Ferry Road, 63031",63031,Florissant,,,,
Wendy's,amenity:fast_food,"8250 North Lindbergh Boulevard, Florissant, MO, 63031",63031,Florissant,+1 314-838-9225,,https://locations.wendys.com/united-states/mo/florissant/8250-n-lindbergh,https://www.wendys.com/contact-us
West Community Credit Union,amenity:bank,"1 Mullanphy Gardens Shopping Center, Florissant, MO, 63031",63031,Florissant,,,https://www.westcommunitycu.org/,https://www.westcommunitycu.org/contact/branch-locations.htm
한림약국,amenity:pharmacy,"679 한림로, 제주시, 63031",63031,Florissant,+82 64 796 7309,,,
Panificio pasticceria Vannicola Domenico,shop:bakery,"3 Via Santa Maria della Valle, 63032",63032,Florissant,+39 0736 822024,,,
Заправка ГСМ,amenity:fuel,"3Ф вулиця Захисників України, 63032",63032,Florissant,,,,
Кабачарня,shop:kiosk,"86 Шовкова вулиця, 63032",63032,Florissant,,,,
Кіоск Лебідь,shop:kiosk,"Виноградна вулиця, 63032",63032,Florissant,,,,
Лісопилка Пилорама,craft:sawmill,"2Б вулиця Захисників України, 63032",63032,Florissant,,,,
"Магазин ""Коваленко""",shop:nutrition_supplements,"3А вулиця Захисників України, 63032",63032,Florissant,,,,
"Магазин ""Лисенко Віталій""",shop:nutrition_supplements,"38А вулиця Захисників України, 63032",63032,Florissant,,,,
Майстерня ремонтна,craft:yes,"3С вулиця Захисників України, 63032",63032,Florissant,,,,
"СІльський універсальний магазин ""Лисенко Сергій""",shop:convenience,"46 Захисників України вулиця, 63032",63032,Florissant,,,,
"СТО ""Марусяк"" пожарка",craft:yes,"3Б вулиця Захисників України, 63032",63032,Florissant,,,,
Тракторна майстерня,craft:yes,"3Р вулиця Захисників України, 63032",63032,Florissant,,,,
김보성치과의원,amenity:dentist,"4 한림중앙로, 제주시, 63032",63032,Florissant,+82 64 796 8575,,,
녹십자약국,amenity:pharmacy,"4 한림중앙로, 제주시, 63032",63032,Florissant,+82 64 796 9001,,,
매일미소치과의원,amenity:dentist,"638 한림로, 제주시, 63032",63032,Florissant,+82 64 796 3412,,,
은솔약국,amenity:pharmacy,"46 한림중앙로, 제주시, 63032",63032,Florissant,+82 64 796 7474,,,
중앙약국,amenity:pharmacy,"664 한림로, 제주시, 63032",63032,Florissant,+82 64 796 2051,,,
한림산치과의원,amenity:dentist,"665-1 한림로, 제주시, 63032",63032,Florissant,+82 64 803 0818,,,
한림치과의원,amenity:dentist,"664 한림로, 제주시, 63032",63032,Florissant,+82 64 796 1363,,,
현재약국,amenity:pharmacy,"650 한림로, 제주시, 63032",63032,Florissant,+82 64 796 9333,,,
54th Street Grill and Bar,amenity:restaurant,"2895 North Highway 67 Street, Florissant, MO, 63033",63033,Florissant,,,,
Abelardo’s Mexican Fresh,amenity:restaurant,"13101 New Halls Ferry Road, Florissant, MO, 63033",63033,Florissant,,,,
ACTRA Transmission & Auto Repair,shop:car_repair,"11347 New Halls Ferry Road, Florissant, 63033",63033,Florissant,+1 314-831-2494,,,
Aldi,shop:supermarket,"11296 West Florissant, Florissant, MO, 63033",63033,Florissant,+1 855-955-2534,,https://stores.aldi.us/mo/florissant/11296-w-florissant,https://www.aldi.us/store/aldi/pages/about-aldi
ALDI,shop:supermarket,"2505 North Highway 67, Florissant, MO, 63033",63033,Florissant,+1 855-955-2534,,https://stores.aldi.us/mo/florissant/2505-north-highway-67,https://www.aldi.us/store/aldi/pages/about-aldi
Applebee's,amenity:restaurant,"2309 North Highway 67, Florissant, 63033",63033,Florissant,+1 314-837-2020,,https://restaurants.applebees.com/en-us/mo/florissant/2309-n.-us-highway-67-81007,https://www.applebees.com/en/contact-us
Art's Lawn Mower Shop,shop:groundskeeping,"15 Black Jack Court, Black Jack, MO, 63033",63033,Florissant,+1-314-741-1055,,https://www.artslawnmowershop.com/,
Ashley HomeStore,shop:furniture,"2409 North US 67, Florissant, 63033",63033,Florissant,+1 314-942-1101,,,
Banfield Pet Hospital,amenity:veterinary,"13927 New Halls Ferry Road, Florissant, 63033",63033,Florissant,,,,
Burger King,amenity:fast_food,"3121 North Highway 67, Florissant, MO, 63033",63033,Florissant,+1 314-831-5219,,https://www.bk.com/store-locator/store/restaurant_2614,https://www.bk.com/store-locator/store/restaurant_2614
Captain D's,amenity:fast_food,"11301 New Halls Ferry Road, 63033",63033,Florissant,,,,
Chick-fil-A,amenity:fast_food,"3159 North Highway 67, Florissant, MO, 63033",63033,Florissant,+1 314-839-6533,,https://www.chick-fil-a.com/locations/mo/florissant-mo,https://www.chick-fil-a.com/locations/mo/florissant-mo#about-us
Chili's,amenity:restaurant,"13901 New Halls Ferry Road, Florissant, 63033",63033,Florissant,,,,
Chipotle,amenity:fast_food,"2391 North Highway 67, Florissant, MO, 63033",63033,Florissant,+1 314-281-5692,mo.2026.florissant@chipotle.com,https://locations.chipotle.com/mo/florissant/2391-n-highway-67,https://chipotle.com/rewards
City of Florissant Annex and Courts Building,office:government,"4575 Washington Street, Florissant, 63033",63033,Florissant,,,,
CVS Pharmacy,amenity:pharmacy,"13987 New Halls Ferry Road, Florissant, 63033",63033,Florissant,,,https://www.cvs.com/store-locator/florissant-mo-pharmacies/13987-new-halls-ferry-rd-florissant-mo-63033/storeid=18047,
Domino's,amenity:fast_food,"12317 Old Halls Ferry Road, Florissant, MO, 63033",63033,Florissant,+1 314-741-5280,,https://pizza.dominos.com/missouri/florissant/12317-old-halls-ferry-raod,https://www.dominos.com/en/about-pizza/
Domino's,amenity:fast_food,"2500 North Highway 67, Florissant, MO, 63033",63033,Florissant,+1 314-831-5454,olocustomercare@dominos.com,https://pizza.dominos.com/missouri/florissant/2500-n-hwy-67,https://www.dominos.com/en/about-pizza/
DQ Grill & Chill,amenity:fast_food,"2678 North Highway 67, Florissant, MO, 63033",63033,Florissant,+1 314-837-5655,,https://www.dairyqueen.com/locations/mo/florissant/2678-n-hwy-67/11241,
Five Below,shop:variety_store,"2423 N US 67, Florissant, 63033",63033,Florissant,+1 314-830-2685,,https://locations.fivebelow.com/mo/florissant/2423-n-hwy-67,
Jack in the Box,amenity:fast_food,"11204 West Florissant Avenue, Florissant, MO, 63033",63033,Florissant,+1 314-831-2530,,https://locations.jackinthebox.com/us/mo/florissant/11204-w-florissant-ave,
Jack in the Box,amenity:fast_food,"4595 Washington Street, Florissant, MO, 63033",63033,Florissant,+1 314-831-0971,,https://locations.jackinthebox.com/us/mo/florissant/4595-washington-st,
Jiffy Lube,shop:car_repair,"11345 New Halls Ferry Road, 63033",63033,Florissant,,,,
KFC,amenity:fast_food,"2450 North Highway 67, Florissant, MO, 63033",63033,Florissant,,,https://locations.kfc.com/mo/florissant/2450-north-highway-67,https://www.kfc.com/contact
Lane Bryant,shop:clothes,"13935 New Halls Ferry Road, Florissant, 63033",63033,Florissant,,,,
LongHorn Steakhouse,amenity:restaurant,"2317 North Highway 67, Florissant, 63033",63033,Florissant,,,,
Marshalls,shop:department_store,"13955 New Halls Ferry Road, Florissant, MO, 63033",63033,Florissant,,,,
Marty Cancila Dodge Chrysler Jeep Ram,shop:car,"2175 North Highway 67, Florissant, 63033",63033,Florissant,,,,
Mattress Firm,shop:bed,"3045 North Highway 67, Odessa, TX, 63033",63033,Florissant,+1 432-287-7437,,https://www.mattressfirm.com/en-us/stores/tx/odessa/088006/,
McDonald's,amenity:fast_food,"3165 North Highway 67, Florissant, MO, 63033",63033,Florissant,+1 314-837-0905,,https://www.mcdonalds.com/us/en-us/location/13702.html,https://www.mcdonalds.com/us/en-us/contact-us.html
Miami Grill,amenity:fast_food,"12925 New Halls Ferry Road, Florissant, MO, 63033",63033,Florissant,,,,
Michaels,shop:craft,"2427 North US 67, Florissant, MO, 63033",63033,Florissant,+1 314-839-3425,michaels@michaels.com,https://locations.michaels.com/mo/florissant/5017,https://locations.michaels.com/mo/florissant/5017
OfficeMax,shop:stationery,"13923 New Halls Ferry Road, Florissant, 63033",63033,Florissant,,,https://www.officedepot.com/storelocator/mo/florissant/officemax-6736,https://www.officedepot.com/l/print-and-copy/same-day-printing?promo_name=store_page&promo_id=text&promo_creative=sameday_printing
Panda Express,amenity:fast_food,"2399 North Highway 67, Florissant, MO, 63033",63033,Florissant,+1 314-830-3654,,https://www.pandaexpress.com/locations/mo/florissant/2125,
Papa John's,amenity:fast_food,"12735 New Halls Ferry Road, Florissant, MO, 63033",63033,Florissant,+1 314-838-5555,,https://locations.papajohns.com/united-states/mo/63033/florissant/12735-new-halls-ferry-road,https://locations.papajohns.com/united-states/mo/63033/florissant/12735-new-halls-ferry-road
Paul Cerame Ford,shop:car,"11400 New Halls Ferry Road, Florissant, 63033",63033,Florissant,+1 314-838-2400,,,
Petco,shop:pet,"2435 North US 67, Florissant, MO, 63033",63033,Florissant,+1 314-839-5136,,https://stores.petco.com/mo/florissant/pet-supplies-florissant-mo-1690.html,https://www.petco.com/contact-us
PetSmart,shop:pet,"13927 New Halls Ferry Road, Florissant, MO, 63033",63033,Florissant,+1 314-830-1215,,https://www.petsmart.com/stores/us/mo/florissant-store1123.html,https://www.petsmart.com/account/contact
Pizza Hut,amenity:restaurant,"13090 New Halls Ferry Road, Florissant, MO, 63033",63033,Florissant,+1 314-831-9500,,https://locations.pizzahut.com/mo/florissant/13090-new-halls-ferry-road,https://www.pizzahut.com/contact-us
Public Storage,shop:storage_rental,"14249 New Halls Ferry Road, Florissant, MO, 63033",63033,Florissant,,,,
Qdoba,amenity:fast_food,"14039 New Halls Ferry Road, Florissant, MO, 63033",63033,Florissant,+1 314-839-3400,,https://locations.qdoba.com/us/mo/florissant/14039-new-halls-ferry-rd.html,https://contactus.qdoba.com/
Schnucks,shop:supermarket,"13987 New Halls Ferry Road, Florissant, 63033",63033,Florissant,,,,
Shoe Carnival,shop:shoes,"13925 New Halls Ferry Road, Florissant, 63033",63033,Florissant,,customerservice@shoecarnival.com,https://stores.shoecarnival.com/mo/florissant/shoe-store-florissant-mo-325.html,https://www.shoecarnival.com/contactus
Show Me's,amenity:restaurant,"1792 North New Florissant Road, Florissant, MO, 63033",63033,Florissant,+1 314-839-3797,,https://showmes.com/locations/florissant/,
Sonic,amenity:fast_food,"13947 New Halls Ferry Road, Florissant, MO, 63033",63033,Florissant,+1 314-837-9100,,https://locations.sonicdrivein.com/mo/florissant/13947-new-halls-ferry-road.html,https://locations.sonicdrivein.com/mo/florissant/13947-new-halls-ferry-road.html
Spectrum,shop:telecommunication,"14055 New Halls Ferry Road, Florissant, 63033",63033,Florissant,+1-888-406-7063,,https://www.spectrum.com/locations/mo/florissant/14055-new-halls-ferry-rd,https://www.spectrum.com/locations/mo/florissant/14055-new-halls-ferry-rd#contact
St. Louis Bread Company,amenity:fast_food,"2375 North Highway 67, Florissant, 63033",63033,Florissant,,,,
St. Louis Ink Tattoo Studi,shop:tattoo,"12763 New Halls Ferry Road, Florissant, 63033",63033,Florissant,+1 314-395-2225,saintlouisink@gmail.com,https://beacons.ai/stlink,
St. Louis Kolache,amenity:restaurant,"2310 North Lindbergh Boulevard, 63033",63033,Florissant,+1 314-938-5656,stlouiskolache@gmail.com,https://www.stlkolache.com/,
Starbucks,amenity:cafe,"3025 North Lindbergh, North Lindbergh and New Halls Ferry, Florissant, MO, 63033",63033,Florissant,+1 314-341-2665,,https://www.starbucks.com/store-locator/store/1014519/n-lindbergh-and-new-halls-ferr-3025-n-lindbergh-florissant-mo-630331426-us,https://www.starbucks.com/store-locator/store/1014519/n-lindbergh-and-new-halls-ferr-3025-n-lindbergh-florissant-mo-630331426-us
State of Missouri,office:government,"4040 Seven Hills Drive, 63033",63033,Florissant,,,,
Stormin' Crab,amenity:restaurant,"13971 New Halls Ferry Road, Florissant, 63033",63033,Florissant,,,,
Subway,amenity:fast_food,"6805 Parker Road, Florissant, MO, 63033",63033,Florissant,+1 314-355-6553,,https://restaurants.subway.com/united-states/mo/florissant/6805-parker-road,https://www.subway.com/en-US/ContactUs/GuestCare
Taco Bell,amenity:fast_food,"6934 Parker Road, Florissant, MO, 63033",63033,Florissant,+1 314-741-9743,,https://locations.tacobell.com/mo/florissant/6934-parker-rd.html,https://locations.tacobell.com/mo/florissant/6934-parker-rd/breakfast.html
Taco Bell,amenity:fast_food,"2525 North Lindbergh Boulevard, Florissant, MO, 63033",63033,Florissant,+1 314-837-6281,,https://locations.tacobell.com/mo/florissant/2525-n-lindbergh-blvd.html,https://locations.tacobell.com/mo/florissant/2525-n-lindbergh-blvd/breakfast.html
Target,shop:department_store,"2341 North Highway 67, Florissant, MO, 63033",63033,Florissant,+1 314-831-8000,,https://www.target.com/sl/florissant/1101,https://www.target.com/help/contact-us
The Home Depot,shop:doityourself,"13915 New Halls Ferry Road, Florissant, MO, 63033",63033,Florissant,+1 314-972-0604,,https://www.homedepot.com/l/florissant/mo/florissant/63033/3034,
The Shop,shop:hairdresser,"6801 Parker Road, 63033",63033,Florissant,,,,
U.S. Bank,amenity:bank,"13987 New Halls Ferry Road, Florissant, 63033",63033,Florissant,,,,
Ulta Beauty,shop:cosmetics,"2419 North US 67, Florissant, MO, 63033",63033,Florissant,+1 314-921-2834,,https://www.ulta.com/stores/florissant-mo-585,https://www.ulta.com/stores/florissant-mo-585
Walmart Supercenter,shop:supermarket,"3390 North Highway 67, Florissant, MO, 63033",63033,Florissant,+1 314-824-0023,,https://www.walmart.com/store/5927-florissant-mo,https://www.sparkdriverapp.com/
ALDI,shop:supermarket,"16 Cottonwood Road, Glen Carbon, IL, 63034",63034,Florissant,+1 855-955-2534,,https://stores.aldi.us/il/glen-carbon/16-cottonwood-road,https://www.aldi.us/store/aldi/pages/about-aldi
Midwest Petrolium,shop:convenience,"4001 South State Route 159, Glen Carbon, IL, 63034",63034,Florissant,+1-618-288-1321,feedback@midwestpetro.com,https://www.midwestpetro.com/#locations?62025,https://www.midwestpetro.com/about.php
Regions Bank,amenity:bank,"1 Cottonwood Road, Glen Carbon, IL, 63034",63034,Florissant,,,,
Walgreens,shop:chemist,"2 Cottonwood Road, Glen Carbon, IL, 63034",63034,Florissant,,,https://www.walgreens.com/locator/walgreens-2+cottonwood+rd-glen+carbon-il-62034/id=5665,https://www.walgreens.com/youraccount/clhistory/contactlenshist.jsp
대동약국,amenity:pharmacy,"1 곽지5길, 제주시, 63034",63034,Florissant,+82 64 799 8808,,,
Cibercafe Gabriel,amenity:internet_cafe,"40 Artículo 123, Tepic, 63038",63038,Ellisville,,,,
"Historic ""Big Cheif"" Roadhouse",amenity:restaurant,"17352 Manchester Road, Wildwood, 63038",63038,Ellisville,,,,
Anytime Fitness,leisure:fitness_centre,"2450 Taylor Road, Wildwood, MO, 63040",63040,Ellisville,+1 636-273-1515,,https://www.anytimefitness.com/gyms/3531/wildwood-mo-63040/,
B&B Theaters Wildwood,amenity:cinema,"16820 Main Street, Wildwood, 63040",63040,Ellisville,,,,
Century Orthodontics,amenity:dentist,"16518 Manchester Road, Wildwood, MO, 63040",63040,Ellisville,+1-636-391-0499,tara@centuryorthodontics.com,https://www.centuryorthodontics.com/wildwood-location,https://www.centuryorthodontics.com/about-us
CrossFit,leisure:fitness_centre,"16966 Manchester Road, Wildwood, 63040",63040,Ellisville,,,,
Dollar Tree,shop:variety_store,"16552 Manchester Road, Wildwood, MO, 63040",63040,Ellisville,+1-636-812-6615,,https://locations.dollartree.com/mo/wildwood/16552-manchester-road,https://www.dollartree.com/customer-service-main
El Maguey,amenity:restaurant,"2408 Taylor Road, Wildwood, MO, 63040",63040,Ellisville,,,,
Larry's Tavern,amenity:bar,"16833 Manchester Road, Wildwood, 63040",63040,Ellisville,,,,
Milk and Honey,shop:gift,"16765 Main Street, Wildwood, MO, 63040",63040,Ellisville,,,,
Mobil,amenity:fuel,"16509 Manchester Road, Wildwood, 63040",63040,Ellisville,+1-636-458-1809,,https://www.exxon.com/en/find-station/mobil-wildwood-mo-mobil609-200308869,
MT Nails,shop:beauty,"16588 Manchester Road, Wildwood, MO, 63040",63040,Ellisville,+1-636-821-3636,,,
Opet Haliliye,amenity:fuel,"Şanlıurfa Mardin Yolu 4. Km., Şanlıurfa, 63040",63040,Ellisville,+90 4143410405,,https://www.opet.com.tr/,https://www.aboutcookies.org/
Opet Haliliye,amenity:fuel,"200 Cumhuriyet Caddesi, Şanlıurfa, 63040",63040,Ellisville,+90 4143145374,,https://www.opet.com.tr/,https://www.aboutcookies.org/
Puppingham Palace,shop:pet_grooming,"16540 Manchester Road, Wildwood, MO, 63040",63040,Ellisville,+1-636-273-1115,,https://www.puppinghampalace.net/,https://www.puppinghampalace.net/contact-us
Romanya Fahri Konsolosluğu,office:diplomatic,"83 Cumhuriyet Caddesi, 63040",63040,Ellisville,,,,
Schnucks,shop:supermarket,"16580 Manchester Road, Wildwood, 63040",63040,Ellisville,+1-636-458-5544,cookingschool@schnucks.com,https://schnucks.com/locations/mo-wildwood-121,https://schnucks.com/contact-us
Starbucks,amenity:cafe,"125 Plaza Drive, Wildwood, MO, 63040",63040,Ellisville,+1 636-273-4542,,https://www.starbucks.com/store-locator/store/8221/taylor-manchester-125-plaza-drive-wildwood-mo-630401226-us,https://www.starbucks.com/store-locator/store/8221/taylor-manchester-125-plaza-drive-wildwood-mo-630401226-us
Sunny Side Street Cafe,amenity:restaurant,"2480 Taylor Road, Wildwood, MO, 63040",63040,Ellisville,+1-636-273-4070,info@sunnystreetcafe.com,https://www.sunnystreetcafe.com,https://www.sunnystreetcafe.com/contact-splash/
Thai Bistro,amenity:restaurant,"2436 Taylor Road, WIldwood, MO, 63040",63040,Ellisville,,,http://www.thaibistrostl.com/,
The Porch,shop:yes,"16957 Manchester Road, Wildwood, 63040",63040,Ellisville,,,,
The UPS Store,shop:copyshop,"2464 Taylor Road, Wildwood, MO, 63040",63040,Ellisville,,,,
Wildwood Family Dentistry,amenity:dentist,"16514 Manchester Road, Wildwood, MO, 63040",63040,Ellisville,+1-636-587-0917,,https://www.wildwoodfamilydentistrystl.com,https://www.wildwoodfamilydentistrystl.com/about-us
Відпочинок,amenity:cafe,63040,63040,Ellisville,,,,
Cabela's,shop:outdoor,"5555 St Louis Mills Circle, Hazelwood, MO, 63042",63042,Hazelwood,+1 314-225-0100,manager_hazelwood_mo@basspro.com,https://stores.cabelas.com/us/mo/hazelwood/5555-st-louis-mills-boulevard.html,https://stores.cabelas.com/us/mo/hazelwood/5555-st-louis-mills-boulevard.html
Denny's,amenity:restaurant,"5789 Campus Parkway, Hazelwood, MO, 63042",63042,Hazelwood,,,,
Imo's Pizza,amenity:restaurant,"7441 North Lindbergh Boulevard, 63042",63042,Hazelwood,,,https://www.imospizza.com/,https://www.imospizza.com/contact-corporate/
Infiniti Styles Barbering Salon,shop:hairdresser,"7025 K Howdershell, Hazelwood, MO, 63042",63042,Hazelwood,+1 314-388-1997,,https://infinitistylesbarberingsalon.com,
McDonald's,amenity:fast_food,"6270 Howdershell Road, Hazelwood, MO, 63042",63042,Hazelwood,+1 314-731-5596,,https://www.mcdonalds.com/us/en-us/location/20318.html,https://www.mcdonalds.com/us/en-us/contact-us.html
McDonald's,amenity:fast_food,"8700 Pershall Road, Hazelwood, MO, 63042",63042,Hazelwood,+1 314-522-1070,,https://www.mcdonalds.com/us/en-us/location/15889.html,https://www.mcdonalds.com/us/en-us/contact-us.html
POWERplex STL,shop:mall,"555 St Louis Mills Blvd, Hazelwood, 63042",63042,Hazelwood,,,https://powerplexstl.com/,https://group.lazada.com/en/about/
Rivian Service Center,shop:car_repair,"6120 North Lindbergh Boulevard, Hazelwood, MO, 63042",63042,Hazelwood,,,,
Scoby Realtor,office:estate_agent,"Woodcrest Lane, Hazelwood, MO, 63042",63042,Hazelwood,+1 314-731-3138,,https://scobyrealtors.com,
Starbucks,amenity:cafe,"7537 North Lindbergh Boulevard, Hazelwood, MO, 63042",63042,Hazelwood,+1 314-831-2516,,https://www.starbucks.com/store-locator/store/11871/i-270-lindbergh-7537-n-lindbergh-blvd-hazelwood-mo-630422122-us,https://www.starbucks.com/store-locator/store/11871/i-270-lindbergh-7537-n-lindbergh-blvd-hazelwood-mo-630422122-us
America's Best Contacts & Eyeglasses,shop:optician,"12681 Dorsett Road, Maryland Heights, 63043",63043,Maryland Heights,,,,
American Staffing,office:employment_agency,"11424 Dorsett Road, Maryland Heights, 63043",63043,Maryland Heights,,,,
Andy's Frozen Custard,amenity:ice_cream,"2000 Dorsett Village, Maryland Heights, MO, 63043",63043,Maryland Heights,,,,
Animeggroll,shop:anime,"11435 Dorsett Road, Maryland Heights, 63043",63043,Maryland Heights,,animeggroll@yahoo.com,https://animeggroll.com/,https://animeggroll.com/about-us/
Bandana's,amenity:restaurant,"12222 Dorsett Road, Maryland Heights, MO, 63043",63043,Maryland Heights,,,,
Chick-fil-A,amenity:fast_food,"12607 Dorsett Road, Maryland Heights, MO, 63043",63043,Maryland Heights,,,,
China One,amenity:restaurant,"2012 Dorsett Village, Maryland Heights, 63043",63043,Maryland Heights,+13145420888,,https://www.chinaonemo.com/,https://www.chinaonemo.com/
Chuck's Hot Chicken®,amenity:fast_food,"11648 Dorsett Road, Maryland Heights, MO, 63043",63043,Maryland Heights,,,https://www.chuckshotchicken.com/,https://www.chuckshotchicken.com/contact-us
Commerce Bank,amenity:bank,"12633 Dorsett Road, Maryland Heights, 63043",63043,Maryland Heights,,mymoney@commercebank.com,https://commercebank.com/,https://commercebank.com/contact-us
Dave & Buster's,amenity:restaurant,"13857 Riverport Drive, Maryland Heights, MO, 63043",63043,Maryland Heights,+1 314-209-8015,,https://www.daveandbusters.com/,https://www.daveandbusters.com/us/en/contact
Denny's,amenity:restaurant,"12319 Dorsett Road, Maryland Heights, MO, 63043",63043,Maryland Heights,,,,
Dollar General,shop:variety_store,"10 Fee Fee Road, Maryland Heights, MO, 63043",63043,Maryland Heights,,digitalcare@dollargeneral.com,https://www.dollargeneral.com/store-directory/mo/maryland-heights/13693,https://www.dollargeneral.com/store-directory/mo/maryland-heights/13693#
Foundry Bakery,shop:bakery,"11424 Dorsett Road, Maryland Heights, 63043",63043,Maryland Heights,,,https://www.thefoundrybakery.com,https://www.thefoundrybakery.com/pages/contact-us
Hardee's,amenity:fast_food,"11938 Dorsett Road, Maryland Heights, MO, 63043",63043,Maryland Heights,,,,
Hollywood Casino Amphitheatre,amenity:theatre,"14141 Riverport Drive, Maryland Heights, 63043",63043,Maryland Heights,,,http://thehollywoodcasinoamphitheatre.com/,http://thehollywoodcasinoamphitheatre.com/contact/
K & V Florist,shop:florist,"23 Fee Fee Road, Maryland Heights, MO, 63043",63043,Maryland Heights,,,https://www.kvflorist.com/,
Lumeris,office:health_insurance,"13900 Riverport Drive, Maryland Heights, 63043",63043,Maryland Heights,,,,
Midland Speedwash,shop:laundry,"20 Midland Avenue, Maryland Heights, MO, 63043",63043,Maryland Heights,,,,
Millwoods Sports Bar and Grill,amenity:bar,"12068 Dorsett Road, Maryland Heights, 63043",63043,Maryland Heights,,,,
Off The Grill,amenity:restaurant,"11640 Dorsett Road, Maryland Heights, 63043",63043,Maryland Heights,+1-314-291-6555,otgstlouis@live.com,http://offthegrill.com,http://offthegrill.com/about-us/
Orange Computers,shop:computer,"11400 Dorsett Road, Maryland Heights, 63043",63043,Maryland Heights,,tarjosukamto255@gmail.com,https://www.orangecomputers.com/,https://www.orangecomputers.com/
Panera Bread,amenity:fast_food,"15 Progress Parkway, Maryland Heights, MO, 63043",63043,Maryland Heights,+1 314-579-0506,,https://locations.panerabread.com/mo/maryland-heights/15-progress-parkway.html,https://locations.panerabread.com/en-us/company/about-panera.html
Schnucks,shop:supermarket,"2030 Dorsett Road, Maryland Heights, 63043",63043,Maryland Heights,+1 314-434-3147,,,
Six Mile Bridge,amenity:restaurant,"11841 Dorsett Road, Maryland Heights, MO, 63043",63043,Maryland Heights,,info@sixmilebridgebeer.com,https://sixmilebridgebeer.com,https://sixmilebridgebeer.com/#aboutUs
Smoothie King,amenity:fast_food,"12683 Dorsett Road, Maryland Heights, 63043",63043,Maryland Heights,+13144858825,,https://locations.smoothieking.com/ll/US/MO/Maryland-Heights/12683-Dorsett-Rd,https://www.contactus.smoothiekingfeedback.com/
Squeaky Clean Car Wash,amenity:car_wash,"12425 Dorsett Road, Maryland Heights, MO, 63043",63043,Maryland Heights,,,,
Standard Brewing Company,amenity:restaurant,"12322 Dorsett Road, Maryland Heights, 63043",63043,Maryland Heights,,,,
Star Tire & Auto,shop:car_repair,"2806 Fee Fee Road, Maryland Heights, MO, 63043",63043,Maryland Heights,,,,
Taco Bell,amenity:fast_food,"11952 Dorsett Road, Maryland Heights, MO, 63043",63043,Maryland Heights,+1 314-770-1400,,https://locations.tacobell.com/mo/maryland-heights/11952-dorsett-rd.html,https://locations.tacobell.com/mo/maryland-heights/11952-dorsett-rd/breakfast.html
The UPS Store,shop:copyshop,"12685 Dorsett Road, Maryland Heights, 63043",63043,Maryland Heights,+13145422270,store1524@theupsstore.com,https://locations.theupsstore.com/mo/maryland-heights/12685-dorsett-rd,https://locations.theupsstore.com/mo/maryland-heights/12685-dorsett-rd
Tony's Donuts,amenity:fast_food,"11525 Dorsett Road, Maryland Heights, MO, 63043",63043,Maryland Heights,+1-314-395-0436,,https://www.tonysdonuts.com/,
Waffle House,amenity:restaurant,"12215 Dorset Rd, Maryland Heights, MO, 63043",63043,Maryland Heights,+1 314-291-9509,,https://locations.wafflehouse.com/marylandhgts-mo-1423/,https://www.wafflehouse.com/contact/
White Castle,amenity:fast_food,"12025 Dorsett Road, Maryland Heights, MO, 63043",63043,Maryland Heights,,,,
아라약국,amenity:pharmacy,"120 애월로, 제주시, 63043",63043,Maryland Heights,+82 64 799 4460,,,
애월약국,amenity:pharmacy,"6-2 애월로11길, 제주시, 63043",63043,Maryland Heights,+82 64 799 0341,,,
애월치과의원,amenity:dentist,"6-2 애월로11길, 제주시, 63043",63043,Maryland Heights,+82 64 799 2825,,,
옛날식당,amenity:restaurant,"11 애월로, 제주시, 63043",63043,Maryland Heights,+82 64 799 8876,,,
핑크약국,amenity:pharmacy,"109 애월로, 제주시, 63043",63043,Maryland Heights,,,,
5stone Construction,office:construction_company,"13588 Northwest Industrial Drive, Bridgeton, MO, 63044",63044,Bridgeton,+1 314-722-8785,office@5stoneconstruction.com,https://www.experience5stone.com/,https://www.experience5stone.com/contact
Arby's,amenity:fast_food,"11976 Paul Mayer Avenue, Bridgeton, MO, 63044",63044,Bridgeton,,,,
Best Buy,shop:electronics,"12410 Saint Charles Rock Road, Bridgeton, MO, 63044",63044,Bridgeton,+1 314-292-0160,,https://stores.bestbuy.com/mo/bridgeton/12410-st-charles-rock-rd-2640.html,https://www.bestbuy.com/contact-us
Big G Auto Service,shop:car_repair,"12401 Natural Bridge Road, Bridgeton, 63044",63044,Bridgeton,+1 314-298-0545,user@domain.com,https://www.biggautoservice.com/,https://www.biggautoservice.com/new-page
El Morelia Supermercado,shop:supermarket,"11982 Paul Mayer Avenue, Bridgeton, MO, 63044",63044,Bridgeton,,,,
Fazoli's,amenity:fast_food,"12341 Saint Charles Rock Road, Bridgeton, MO, 63044",63044,Bridgeton,,,,
Hobby Lobby,shop:craft,"11977 Saint Charles Rock Road, Bridgeton, MO, 63044",63044,Bridgeton,,,https://www.hobbylobby.com/stores/search/601,https://www.hobbylobby.com/customer-service/contact-us
Hotshots Sports Bar and Grill,amenity:restaurant,"12154 Saint Charles Rock Road, Bridgeton, 63044",63044,Bridgeton,+1 314-291-1606,customerservice@hotshotsnet.com,https://hotshotsnet.com/locations/bridgeton-mo/,https://hotshotsnet.com/contact/
India Palace,amenity:restaurant,"4530 North Lindbergh Boulevard, Bridgeton, 63044",63044,Bridgeton,+13147313333,,,
Jiffy Lube,shop:car_repair,"11731 Saint Charles Rock Road, Bridgeton, MO, 63044",63044,Bridgeton,+1 314-770-0033,,https://www.jiffylube.com/locations/mo/bridgeton/1377,https://www.jiffylube.com/contact
Lindbergh Bistro & Bar,amenity:restaurant,"4530 North Lindbergh Boulevard, Bridgeton, 63044",63044,Bridgeton,,,,
Love's,shop:convenience,"13945 Missouri Bottom Road, Bridgeton, MO, 63044",63044,Bridgeton,,,,
Lowe's,shop:doityourself,"11974 Paul Mayer Avenue, Bridgeton, MO, 63044",63044,Bridgeton,,,https://www.lowes.com/store/MO-Bridgeton/3641,https://www.lowes.com/store/MO-Bridgeton/3641
McDonald's,amenity:fast_food,"12499 Natural Bridge Road, Bridgeton, MO, 63044",63044,Bridgeton,,,,
NTB,shop:car_repair,"11951 Paul Mayer Avenue, Bridgeton, 63044",63044,Bridgeton,,,https://www.ntb.com/store/mo/bridgeton/11951-paul-mayer-ave-63044/4277,
PetSmart,shop:pet,"12046 Paul Mayer Avenue, Bridgeton, MO, 63044",63044,Bridgeton,,,,
Plaza Office Tower,office:company,"4530 North Lindbergh Boulevard, Bridgeton, 63044",63044,Bridgeton,+13147313800,,https://www.airportplazainn.com,https://www.airportplazainn.com
QuikTrip,shop:convenience,"12700 Saint Charles Rock Road, Bridgeton, 63044",63044,Bridgeton,,,,
Red Lobster,amenity:restaurant,"12235 Saint Charles Rock Road, Bridgeton, MO, 63044",63044,Bridgeton,,,,
SMP Plumbing Company,craft:plumber,"3275 Lake Avenue, Bridgeton, MO, 63044",63044,Bridgeton,+1-314-677-4763,,https://smpplumbingcompany.com,https://smpplumbingcompany.com/
Spectrum,shop:telecommunication,"12244 Saint Charles Rock Road, Bridgeton, MO, 63044",63044,Bridgeton,+1-888-406-7063,,https://www.spectrum.com/locations/mo/bridgeton/12244-st-charles-rock-rd,https://www.spectrum.com/locations/mo/bridgeton/12244-st-charles-rock-rd#contact
Subway,amenity:fast_food,"13945 Missouri Bottom Road, Bridgeton, MO, 63044",63044,Bridgeton,+1 314-298-2721,,https://restaurants.subway.com/united-states/mo/bridgeton/13945-missouri-bottom-road,https://www.subway.com/en-US/ContactUs/GuestCare
TGI Fridays,amenity:restaurant,"11228 Lone Eagle Drive, Bridgeton, 63044",63044,Bridgeton,,,,
The Home Depot,shop:doityourself,"11215 Saint Charles Rock Road, Bridgeton, MO, 63044",63044,Bridgeton,+1 314-291-5288,,https://www.homedepot.com/l/Bridgeton/MO/Bridgeton/63044/3003,
The Law Offices of Kenneth P. Carp,office:lawyer,"12800 Boenker Lane, Bridgeton, 63044",63044,Bridgeton,+1-636-947-3600,kennethcarp@kcarplaw.com,https://kcarplaw.com/,
Waffle House,amenity:restaurant,"12701 Saint Charles Rock Road, Bridgeton, MO, 63044",63044,Bridgeton,+1 314-739-0625,,https://locations.wafflehouse.com/bridgeton-mo-516/,https://www.wafflehouse.com/contact/
Walmart Supercenter,shop:supermarket,"11900 Saint Charles Rock Road, Bridgeton, MO, 63044",63044,Bridgeton,+1 314-291-2300,aem@wall-mart.com,https://www.walmart.com/store/1188-bridgeton-mo,https://www.sparkdriverapp.com/
Wendy's,amenity:fast_food,"13945 Missouri Bottom Road, Bridgeton, MO, 63044",63044,Bridgeton,+1 314-252-0730,,https://locations.wendys.com/united-states/mo/bridgeton/13945-missouri-bottom-road,https://www.wendys.com/contact-us
Wendy's,amenity:fast_food,"11961 Paul Mayer Avenue, Bridgeton, MO, 63044",63044,Bridgeton,+1 314-739-4134,,https://locations.wendys.com/united-states/mo/bridgeton/11961-paul-mayer,https://www.wendys.com/contact-us
West End Diving,shop:scuba_diving,"12464 Natural Bridge Road, Bridgeton, 63044",63044,Bridgeton,,,https://westenddiving.com/,https://westenddiving.com/
White Castle,amenity:fast_food,"11979 Paul Mayer Avenue, Bridgeton, MO, 63044",63044,Bridgeton,,,,
애월읍사무소,amenity:townhall,"6322 일주서로, 제주시, 63044",63044,Bridgeton,,,http://www.jejusi.go.kr/,http://www.jejusi.go.kr/
연세애월치과의원,amenity:dentist,"41 애원로, 제주시, 63044",63044,Bridgeton,+82 64 742 2275,,,
GCF Incorporated,shop:print,"3595 Rider Trail South, 63045",63045,Earth City,,,https://web.archive.org/web/20230829144943/https://gcfinc.com/site/,https://web.archive.org/web/20230829144943/https://gcfinc.com/site/contact-general-credit-forms-3/
McDonald's,amenity:fast_food,"3296 Rider Trail South, Earth City, MO, 63045",63045,Earth City,+1 314-291-9120,,https://www.mcdonalds.com/us/en-us/location/26172.html,https://www.mcdonalds.com/us/en-us/contact-us.html
Phillips 66,shop:convenience,"3402 Rider Trail South, St. Louis, MO, 63045",63045,Earth City,,,,
American Muscle,leisure:fitness_centre,"4576 Hunter Lane, Byrnes Mill, MO, 63051",63051,House Springs,+1-636-375-3777,,https://www.americanmusclestl.com/American-muscle-house-springs,
AutoZone,shop:car_parts,"4551 Hunter Lane, Byrnes Mill, MO, 63051",63051,House Springs,+1-636-375-5229,,https://www.autozone.com/locations/mo/byrnes-mill/4551-hunter-lane.html,
Captain D's,amenity:fast_food,"35 Walters Drive, House Springs, MO, 63051",63051,House Springs,,,,
Dollar General,shop:variety_store,"7 Walters Drive, House Springs, MO, 63051",63051,House Springs,,digitalcare@dollargeneral.com,https://www.dollargeneral.com/store-directory/mo/house-springs/6782,https://www.dollargeneral.com/store-directory/mo/house-springs/6782#
E&V Auto,shop:car_repair,"4639 Gravois Road, House Springs, MO, 63051",63051,House Springs,+1-636-671-4400,,https://www.eandvauto.com/,
Enterprise Bank & Trust,amenity:bank,"4675 Gravois Road, House Springs, MO, 63051",63051,House Springs,,cso@enterprisebank.com,https://www.enterprisebank.com/locations/house-springs/,https://www.enterprisebank.com/contact-us
Hardee's,amenity:fast_food,"4699 Gravois Road, House Springs, MO, 63051",63051,House Springs,+1 636-671-0502,,https://locations.hardees.com/mo/house-springs/4699-gravois-rd/,https://www.hardees.com/contact-us
Ivan Animal Hospital,amenity:veterinary,"30 Walters Drive, House Springs, MO, 63051",63051,House Springs,,,,
Jefferson County Dispatch,office:government,"5475 Buckeye Valley Road, House Springs, MO, 63051",63051,House Springs,,,,
O'Reilly Auto Parts,shop:car_parts,"1 Walters Drive, House Springs, MO, 63051",63051,House Springs,,,https://locations.oreillyauto.com/en-us/mo/housesprings/autoparts-1634.html,https://www.oreillyauto.com/contact-us
Taco Bell,amenity:fast_food,"4698 Highway West, Byrnes Mill, MO, 63051",63051,House Springs,+1 636-671-4430,,https://locations.tacobell.com/mo/byrnes-mill/4698-highway-w.html,https://locations.tacobell.com/mo/byrnes-mill/4698-highway-w/breakfast.html
Walgreens,shop:chemist,"4535 Hunter Lane, House Springs, MO, 63051",63051,House Springs,,,,
송약국,amenity:pharmacy,"77 하귀로, 제주시, 63051",63051,House Springs,+82 64 712 8538,,,
하귀약국,amenity:pharmacy,"35 하귀로, 제주시, 63051",63051,House Springs,+82 64 713 2927,,,
하귀치과의원,amenity:dentist,"38 하귀로, 제주시, 63051",63051,House Springs,+82 64 713 7900,,,
7287 San Benedetto del Tronto,amenity:fuel,"26 Via della Liberazione, San Benedetto del Tronto, 63074",63074,St. Ann,,,,
ABC Ball Park,leisure:sports_centre,"10050 Livingston Avenue, Saint Ann, MO, 63074",63074,St. Ann,,,https://abcballpark.com/,https://abcballpark.com/contact-abc
ALDI,shop:supermarket,"10680 Saint Charles Rock Road, Saint Ann, MO, 63074",63074,St. Ann,+1 855-955-2534,,https://stores.aldi.us/mo/st-ann/10680-st-charles-rock-road,https://www.aldi.us/store/aldi/pages/about-aldi
Antica Norcineria Martí,shop:butcher,"78 Via Marsala, San Benedetto del Tronto, 63074",63074,St. Ann,,,,
Antico Caffè Soriano,amenity:cafe,"60 Viale Alcide De Gasperi, San Benedetto del Tronto, 63074",63074,St. Ann,,info@caffesoriano.it,https://caffesoriano.it/,https://caffesoriano.it/
Arch Air Services,craft:hvac,"3582 Adie Road, St. Ann, MO, 63074",63074,St. Ann,,,,
Bakery Ciarrocchi Enrico,shop:bakery,"110 Via Marsala, San Benedetto del Tronto, 63074",63074,St. Ann,,,,
Bakkano,amenity:restaurant,"102 Via Luciano Manara, San Benedetto del Tronto, 63074",63074,St. Ann,+39 0735 574017,,https://bakkanoinviamanara.com/,
Bandana's Bar-B-Q,amenity:restaurant,"10800 Pear Tree Lane, Saint Ann, MO, 63074",63074,St. Ann,+1-314-426-9955,,,
Bar Amico,amenity:cafe,"80 Via Luigi Ferri, San Benedetto del Tronto, 63074",63074,St. Ann,+39 329 6211130;+39 339 6848357,,,
Bar Tabacchi Marzonetti,shop:tobacco,"3 Via Nazario Sauro, Porto d'Ascoli, 63074",63074,St. Ann,,,,
Blue And Grey Bar,amenity:cafe,"Via Toscana, San Benedetto del Tronto, 63074",63074,St. Ann,,,,
Bon Italy,amenity:cafe,"20 Via Antonio Gramsci, San Benedetto del Tronto, 63074",63074,St. Ann,,,,
Bontà senza glutine,shop:supermarket,"37 Via Gabriele D'Annunzio, San Benedetto del Tronto, 63074",63074,St. Ann,+390735382469,,https://www.bontasenzaglutine.it/,
Brandimarte & Campanelli,shop:car_repair,"7 Via Luciano Zuccoli, 63074",63074,St. Ann,+39 0735 594067,,,
Caffè Florian,amenity:cafe,"72 Viale Secondo Moretti, San Benedetto del Tronto, 63074",63074,St. Ann,,,,
Cascioli Group,shop:car,"194 Via della Liberazione, San Benedetto del Tronto, 63074",63074,St. Ann,,,,
Caseificio Pugliese,shop:dairy,"4 Via Salvatore di Giacomo, San Benedetto del Tronto, 63074",63074,St. Ann,+39 333 527 9320,,,
Centro Frutta,shop:greengrocer,"82 Via Calatafimi, San Benedetto del Tronto, 63074",63074,St. Ann,+39 320 8719293;+39 329 5924101,,,
Chalet Il Timone,amenity:restaurant,"25 Viale Europa, San Benedetto del Tronto, 63074",63074,St. Ann,,,,
Clinica Veterinaria Dr.Grosso Dr.Fausti Dr.Cantatore,amenity:veterinary,"18 Via della Liberazione, San Benedetto del Tronto, 63074",63074,St. Ann,+39 0735 81661,,,
Coal Alimentari,shop:supermarket,"212 Via del Mare, Porto d'Ascoli, 63074",63074,St. Ann,+39 3247833673,,,
Coal il market,shop:supermarket,"11 Via Gabriele D'Annunzio, San Benedetto del Tronto, 63074",63074,St. Ann,+39 0735 593835,sc1193@coal.it,https://www.coal.it/archives/punti-vendita/leone-snc,
Comitato di Quartiere Mare,office:government,"218 Via del Mare, Porto d'Ascoli, 63074",63074,St. Ann,,,https://www.comunesbt.it/Vivi-San-Benedetto/Quartieri-2/Mare,
Conad,shop:supermarket,"264 Corso Giuseppe Mazzini, San Benedetto del Tronto, 63074",63074,St. Ann,,,,
Conad,shop:supermarket,"2 Piazza Enzo Tortora, San Benedetto del Tronto, 63074",63074,St. Ann,+39 0735 781200;+39 324 8999840,,,
"Così, il mercato dei sapori",shop:supermarket,"32 Via Giovanni XXIII, San Benedetto del Tronto, 63074",63074,St. Ann,,,,
CRM S.r.l.,shop:radiotechnics,"9 Banchina di Riva Nord Malfizia, San Benedetto del Tronto, 63074",63074,St. Ann,+39 0735 583766,info@crmsrl.com,http://www.crmsrl.it,
Da Valerio,amenity:cafe,"49 Via Antonio Gramsci, San Benedetto del Tronto, 63074",63074,St. Ann,,,,
Decathlon,shop:sports,"144 Via Pasubio, San Benedetto del Tronto, 63074",63074,St. Ann,,,,
Definition of Style,shop:hairdresser,"3572 Adie Road, St. Ann, MO, 63074",63074,St. Ann,+1 314-739-9909,,,
Domino's,amenity:fast_food,"11124 Old Saint Charles Road, Saint Ann, MO, 63074",63074,St. Ann,+1 314-291-3334,olocustomercare@dominos.com,https://pizza.dominos.com/missouri/st.-ann/11124-old-st-charles-road,https://www.dominos.com/en/about-pizza/
Ecofuel,amenity:fuel,"228 Via del Mare, Porto d'Ascoli, 63074",63074,St. Ann,,,,
Elettrica Impiantistica Generale,craft:electrician,"9a Via Caserma Guelfa, 63074",63074,St. Ann,,,,
Elite,shop:supermarket,"36 Via Goffredo da Buglione, San Benedetto del Tronto, 63074",63074,St. Ann,+39 0735 762910,,,
Eni,amenity:fuel,"183 Corso Giuseppe Mazzini, San Benedetto del Tronto, 63074",63074,St. Ann,,,,
ENI,amenity:fuel,"Strada Provinciale 227 Raccordo Ascoli Mare - Porto d'Ascoli, Porto d'Ascoli, 63074",63074,St. Ann,,,,
Eni 7284 San Benedetto del Tronto,amenity:fuel,"Strada Statale 16 Adriatica, San Benedetto del Tronto, 63074",63074,St. Ann,,,,
Esso,amenity:fuel,"72 Viale Trieste, San Benedetto del Tronto, 63074",63074,St. Ann,,,,
Esso,amenity:fuel,"73 Via Nazario Sauro, San Benedetto del Tronto, 63074",63074,St. Ann,,,,
Esso,amenity:fuel,"173 Via della Liberazione, San Benedetto del Tronto, 63074",63074,St. Ann,,,,
Estetica 37 di Giulia & Daniela,leisure:fitness_centre,"37 Via dei Mille, 63074",63074,St. Ann,+39 340 2861445,esteticatrentasette@gmail.com,,
Eurobank,amenity:bank,"Πατριάρχου Βαρθολομαίου Α', Παλαιοχώρι, 63074",63074,St. Ann,,,,
EuroSpin,shop:supermarket,"10 Viale dello Sport, San Benedetto del Tronto, 63074",63074,St. Ann,,,,
EuroSpin,shop:supermarket,"1 Via Val Tiberina, San Benedetto del Tronto, 63074",63074,St. Ann,,,,
Fanini,shop:supermarket,"134 Via Luciano Manara, San Benedetto del Tronto, 63074",63074,St. Ann,,,,
Farmacia Adriatica,amenity:pharmacy,"11 Via Val Cimarra, San Benedetto del Tronto, 63074",63074,St. Ann,,,,
Farmacia Angelini,amenity:pharmacy,"34 Viale Trieste, San Benedetto del Tronto, 63074",63074,St. Ann,+39 0735781215,,,
Farmacia Carlini,amenity:pharmacy,"1 Piazza Giacomo Matteotti, San Benedetto del Tronto, 63074",63074,St. Ann,,,,
Farmacia D'Aurizio,amenity:pharmacy,"50 Via Marsala, San Benedetto del Tronto, 63074",63074,St. Ann,+39 0735 582286,,,
Farmacia del Castello,amenity:pharmacy,"42 Via Luciano Manara, San Benedetto Del Tronto, 63074",63074,St. Ann,+39 0735 593598,,,
Farmacia del Porto,amenity:pharmacy,"81 Viale Cristoforo Colombo, San Benedetto del Tronto, 63074",63074,St. Ann,+39 0735 317085,info@farmaciadelportosbt.it,,
Farmacia Lauri,amenity:pharmacy,"66b Via Gabriele Voltattorni, San Benedetto del Tronto, 63074",63074,St. Ann,,,,
Farmacia Mercuri,amenity:pharmacy,"61 Viale Alcide De Gasperi, San Benedetto del Tronto, 63074",63074,St. Ann,,,,
Farmacia Olivieri,amenity:pharmacy,"8 Via Enrico Mattei, San Benedetto del Tronto, 63074",63074,St. Ann,,,,
Farmacia Pelletti,amenity:pharmacy,"171 Via del Mare, San Benedetto del Tronto, 63074",63074,St. Ann,,,,
Farmacia Rosini,amenity:pharmacy,"87 Via Silvio Pellico, San Benedetto del Tronto, 63074",63074,St. Ann,+39 0735 83990;+39 333 9324328,,,
Farmacia Salaria,amenity:pharmacy,"80 Via Torino, San Benedetto del Tronto, 63074",63074,St. Ann,+39 0735 367404,farmaciasalariasnc@gmail.com,https://www.facebook.com/farmaciasalaria/,
Farmacia Tomassini,amenity:pharmacy,"111 Via Gioacchino Pizzi, San Benedetto del Tronto, 63074",63074,St. Ann,+39 0735 584092,,https://www.farmaciatomassini.it/,
FC Electro,shop:electronics,"67/69 Via dei Laureati, 63074",63074,St. Ann,+39 0735 753364,info@fcelectro.it,https://www.fcelectro.it/,
Fish & Co.,shop:frozen_food,"113 Via Piave, San Benedetto del Tronto, 63074",63074,St. Ann,+39 0735 753765,,,
Francamare,shop:shoes,"61a Viale Rinascimento, Porto d'Ascoli, 63074",63074,St. Ann,,,,
Gastro',amenity:restaurant,"14/16 Via Monfalcone, San Benedetto del Tronto, 63074",63074,St. Ann,+39 345 460 7286,,,
Giocondi Strumenti Musicali,shop:musical_instrument,"3 Largo Giuseppe Mazzini, San Benedetto del Tronto, 63074",63074,St. Ann,+39 0735 594557,info@giocondi.it,https://www.giocondi.it/,
Gioielleria Rossetti,shop:jewelry,"37 Viale Secondo Moretti, San Benedetto del Tronto, 63074",63074,St. Ann,+39 0735 592381,,https://www.gioielleriarossetti.it/,
GloriaB,craft:photographer,"4b Via Indipendenza, Porto d'Ascoli, 63074",63074,St. Ann,+39 3479418599,,https://www.gloriab.it/,
Gruppo Immobiliare Spina & Marchei,office:estate_agent,"113 Viale Alcide De Gasperi, San Benedetto del Tronto, 63074",63074,St. Ann,,info@spinamarchei.it,https://www.spinamarchei.it,https://www.spinamarchei.it
I Sapori della Costiera,amenity:restaurant,"62 Via dei Laureati, Porto d'Ascoli, 63074",63074,St. Ann,+39 0735 762154,,https://pizzeriaisaporidellacostiera.it/,https://pizzeriaisaporidellacostiera.it/about
Il Bazar Dell'Assassino 2,shop:houseware,"Via delle Macchie, San Benedetto del Tronto, 63074",63074,St. Ann,+39 0735 500610,,,
Il Campione Sport,shop:sports,"38 Via Abruzzi, 63074",63074,St. Ann,+39 0735 821131,ilcampionesbt@libero.it,https://www.ilcampionesport.com,
Il Cono,amenity:ice_cream,"88 Viale Secondo Moretti, San Benedetto del Tronto, 63074",63074,St. Ann,,,,
IP,amenity:fuel,"66 Via Piave, San Benedetto del Tronto, 63074",63074,St. Ann,,,,
IP,amenity:fuel,"Strada Statale 16 Adriatica, San Benedetto del Tronto, 63074",63074,St. Ann,,,,
IP,amenity:fuel,"Viale dello Sport, San Benedetto del Tronto, 63074",63074,St. Ann,,,,
IP,amenity:fuel,"Via Torino, Porto d'Ascoli, 63074",63074,St. Ann,,,,
IP,amenity:fuel,"13 Piazza San Filippo Neri, San Benedetto del Tronto, 63074",63074,St. Ann,,,,
IP,amenity:fuel,"251 Corso Giuseppe Mazzini, San Benedetto del Tronto, 63074",63074,St. Ann,,,,
IP San Benedetto del Tronto località San Giovanni,amenity:fuel,"Contrada San Giovanni, San Benedetto del Tronto, 63074",63074,St. Ann,,,,
Ip Services S.R.L.,amenity:fuel,"Via San Giovanni, San Benedetto del Tronto, 63074",63074,St. Ann,,,,
IP Sgariglia,amenity:fuel,"Strada Provinciale 227 Raccordo Ascoli Mare - Porto d'Ascoli, San Benedetto del Tronto, 63074",63074,St. Ann,,,,
Ipercoop,shop:supermarket,"144 Via Pasubio, Porto d'Ascoli, 63074",63074,St. Ann,,,,
Jack in the Box,amenity:fast_food,"11122 Saint Charles Rock Road, St. Ann, MO, 63074",63074,St. Ann,+1 314-739-0039,,https://locations.jackinthebox.com/us/mo/saint-ann/11122-saint-charles-rock-rd,https://jackinthebox.com/contact
L'angolo della pasta,shop:deli,"13 Via dei Laureati, Porto d'Ascoli, 63074",63074,St. Ann,+39 0735 757307,,,
La Tejana Taqueria,amenity:restaurant,"3149 North Lindbergh Boulevard, Saint Ann, MO, 63074",63074,St. Ann,,,,
Lafarmacia Porto d'Ascoli,amenity:pharmacy,"64a Via del Mare, San Benedetto Del Tronto, 63074",63074,St. Ann,+39 0735 751084,portodascoli@lafarmacia.it,https://www.lafarmacia.it/trova-farmacia/porto-d-ascoli-san-benedetto-del-tronto,
Le Bontà – Carni dal 1865,shop:butcher,"73 Via Marsala, San Benedetto del Tronto, 63074",63074,St. Ann,,,,
Lee's Famous Recipe Chicken,amenity:fast_food,"10645 Saint Charles Rock Road, 63074",63074,St. Ann,+1 314-423-5010,,https://leesfamousrecipe.com/locations/mo/st-ann/10645-st-charles-rock-road/,https://leesfamousrecipe.com/contact
Lidl,shop:supermarket,"108 Via Pasubio, San Benedetto del Tronto, 63074",63074,St. Ann,,,,
Lidl,shop:supermarket,"14 Via Carlo Forlanini, San Benedetto del Tronto, 63074",63074,St. Ann,,,,
Linear Project,office:architect,"12 Via Palmiro Togliatti, San Benedetto del Tronto, 63074",63074,St. Ann,+39 338 7902496,matteo.curzi82@gmail.com,https://www.facebook.com/LinearProject,
M&T Tuo Discount,shop:supermarket,"Via delle Macchie, San Benedetto del Tronto, 63074",63074,St. Ann,,,,
Macelleria Felicioni,shop:butcher,"26 Via Legnago, San Benedetto del Tronto, 63074",63074,St. Ann,+39 0735593910,,,
Madame,amenity:cafe,"77 Viale Secondo Moretti, San Benedetto del Tronto, 63074",63074,St. Ann,,,,
MAEN Computer di Maurizi Enrico,shop:computer,"40 Via Esino, San Benedetto del Tronto, 63074",63074,St. Ann,,info@maen.it,https://www.maen.it/,https://www.maen.it/
Market In,shop:supermarket,"Αρναία, 63074",63074,St. Ann,,,,
McDonald's,amenity:fast_food,"10805 Saint Charles Rock Road, St. Ann, MO, 63074",63074,St. Ann,+1 314-922-1909,,https://www.mcdonalds.com/us/en-us/location/22735.html,https://www.mcdonalds.com/us/en-us/contact-us.html
MD,shop:supermarket,"18 Via Giuseppe Fioravanti, San Benedetto del Tronto, 63074",63074,St. Ann,,,,
MD,shop:supermarket,"183 Corso Giuseppe Mazzini, San Benedetto del Tronto, 63074",63074,St. Ann,+39 0735 574065,,https://www.mdspa.it/punti-vendita/Marche/AP-Ascoli-Piceno/846-San-Benedetto-del-Tronto,https://www.mdspa.it/punti-vendita/Marche/AP-Ascoli-Piceno/846-San-Benedetto-del-Tronto
Mela verde,shop:clothes,"Via delle Macchie, San Benedetto del Tronto, 63074",63074,St. Ann,,,,
Menards,shop:doityourself,"11440 Saint Charles Rock Road, St. Ann, MO, 63074",63074,St. Ann,+1 314-770-9993,stanmcam@menards.com,https://www.menards.com/store-details/store.html?store=3318,https://www.menards.com/store-details/store.html?store=3318
Mercato Ittico Comunale,shop:seafood,"90;92;94;96;98 Viale Cristoforo Colombo, San Benedetto del Tronto, 63074",63074,St. Ann,+39 0735 592417;+39 0735 594097,info@mercatoitticosbt.it,https://mercatoitticosbt.it/,
Mondadori,shop:books,"2 Via Antonio Gramsci, San Benedetto del Tronto, 63074",63074,St. Ann,+39 0735 592494,,,
NSIT Systems,office:company,"12 Via Roberto Peci, San Benedetto del Tronto, 63074",63074,St. Ann,,,,
Old Spirit,amenity:pub,"91 Via Gioacchino Pizzi, San Benedetto del Tronto, 63074",63074,St. Ann,,oldspirit77@gmail.com,,
OVS,shop:clothes,"183 Corso Giuseppe Mazzini, San Benedetto del Tronto, 63074",63074,St. Ann,,,,
Panda Express,amenity:fast_food,"963 Northwest Plaza, Saint Ann, MO, 63074",63074,St. Ann,+1 314-739-6001,,https://www.pandaexpress.com/locations/mo/saint-ann/2813,
Pane Antico,shop:bakery,"10 Via Gabriele Voltattorni, San Benedetto del Tronto, 63074",63074,St. Ann,,,,
Parafarmacia Travaglini,amenity:pharmacy,"6a Via Esino, Porto d'Ascoli, 63074",63074,St. Ann,,,,
Parrucchieri Pão Salon,shop:hairdresser,"8/10 Via Tacito, 63074",63074,St. Ann,+39 0735 83202,,,
Pasticceria Delizia,shop:confectionery,"6 Piazza San Filippo Neri, 63074",63074,St. Ann,+39 0735 582134,,,
Pattonville School District Offices,office:educational_institution,"11097 Saint Charles Rock Road, St. Ann, 63074",63074,St. Ann,,,,
PENNY,shop:supermarket,"25 Via Tevere, San Benedetto del Tronto, 63074",63074,St. Ann,,,,
Piunti Quinto,shop:agrarian,"65 Via Nazario Sauro, Porto d'Ascoli, 63074",63074,St. Ann,,,,
Pizzeria Ristorante Lu Campanò,amenity:restaurant,"1 Via Alessandro Manzoni, San Benedetto del Tronto, 63074",63074,St. Ann,+39 0735 366596,,,
Popeyes,amenity:fast_food,"953 Northwest Plaza Drive, Saint Ann, MO, 63074",63074,St. Ann,+1 314-344-1981,,https://www.popeyes.com/store-locator/store/restaurant_85443,https://www.popeyes.com/store-locator/store/restaurant_85443
Primo Piatto,amenity:fast_food,63074,63074,St. Ann,,,,
Q8,amenity:fuel,"151 Viale dello Sport, Porto d'Ascoli, 63074",63074,St. Ann,,,,
Queen's Beauty Center,shop:beauty,"104 Via Trento, San Benedetto del Tronto, 63074",63074,St. Ann,+39 347 6622033,queensbeautycenter@gmail.com,http://queensbc.webs.com/,
Raising Cane's,amenity:fast_food,"11050 Saint Charles Rock Road, St. Ann, 63074",63074,St. Ann,,,,
Ristorante Pizzeria Congusto,amenity:restaurant,"38-40 Via Balilla, San Benedetto del Tronto, 63074",63074,St. Ann,+39 345 512 3622,,,
Ristorante Pizzeria Vesuvio,amenity:restaurant,"10 Viale Rinascimento, San Benedetto del Tronto, 63074",63074,St. Ann,+39 0735 658198,,https://www.ristorantepizzeriavesuviodal1976.it/,
Ruler Foods,shop:supermarket,"11050 Saint Charles Rock Road, St. Ann, 63074",63074,St. Ann,,,,
Sabroso Cocina Mexicana,amenity:restaurant,"11146 Old Saint Charles Road, Saint Ann, MO, 63074",63074,St. Ann,,,,
Saint Vincent de Paul Thrift Store,shop:charity,"10585 Saint Charles Rock Road, Saint Ann, 63074",63074,St. Ann,+1 314-881-6032,,,
Sapore di Stelle Bistrò,amenity:restaurant,"1 Via Val Tiberina, San Benedetto del Tronto, 63074",63074,St. Ann,,,,
SBT Energy,amenity:fuel,"29 Via della Liberazione, San Benedetto del Tronto, 63074",63074,St. Ann,,,,
Sì con te,shop:supermarket,"105 Via Roma, San Benedetto del Tronto, 63074",63074,St. Ann,,,,
Sorbetteria Crème Glacée,amenity:ice_cream,"17 Via Montebello, San Benedetto del Tronto, 63074",63074,St. Ann,+39 353 3657092;+39 392 6406865,info@cremeglacee.it,https://www.cremeglacee.it/,https://www.cremeglacee.it/#about
Sorbetteria Crème Glacée,amenity:ice_cream,"8 Via Cesare e Luciano Gabrielli, San Benedetto del Tronto, 63074",63074,St. Ann,,info@cremeglacee.it,https://www.cremeglacee.it/,https://www.cremeglacee.it/#about
Spazio Enel,office:energy_supplier,"124 Viale Alcide De Gasperi, San Benedetto del Tronto, 63074",63074,St. Ann,+39 800 900 800,,https://www.enel.it/punto-enel/,https://www.enel.it/punto-enel/
Spazio Enel,office:energy_supplier,"113/115 Via Piemonte, San Benedetto del Tronto, 63074",63074,St. Ann,,,https://www.enel.it/punto-enel/,https://www.enel.it/punto-enel/
Starbucks,amenity:cafe,"995 Saint Charles Rock Road, Saint Ann, MO, 63074",63074,St. Ann,+1 314-591-0050,,https://www.starbucks.com/store-locator/store/1018688/lindbergh-st-charles-rock-rd-995-northwest-plaza-drive-st-ann-mo-630742207-us,https://www.starbucks.com/store-locator/store/1018688/lindbergh-st-charles-rock-rd-995-northwest-plaza-drive-st-ann-mo-630742207-us
Studio Legale Vallesi,office:lawyer,"27 Corso Giuseppe Mazzini, San Benedetto del Tronto, 63074",63074,St. Ann,,,,
Sulaiman's Cafe,amenity:restaurant,"3578 Adie Road, St. Ann, MO, 63074",63074,St. Ann,,,,
Sweet Spot Cafe,amenity:cafe,"3586 Adie Road, St. Ann, MO, 63074",63074,St. Ann,,,,
Tabachnik Fur and Leather Co,shop:tailor,"3147 North Lindbergh Boulevard, Saint Ann, MO, 63074",63074,St. Ann,,,,
Techno Geek,craft:electronics_repair,"47 Via Antonio Gramsci, San Benedetto del Tronto, 63074",63074,St. Ann,,,,
Tendenza,shop:curtain,"201 Via del Mare, San Benedetto del Tronto, 63074",63074,St. Ann,+39 345 2191765;+39 393 5221806,,,
The Beer Shop,shop:beverages,"44 Via Luigi Ferri, San Benedetto del Tronto, 63074",63074,St. Ann,+39 0735 588886,info@thebeershop.it,https://thebeershop.it/,https://thebeershop.it/
Tigotà,shop:chemist,"108 Via Pasubio, Porto d'Ascoli, 63074",63074,St. Ann,+39 0735 762927,,https://www.tigota.it/negozi/026275,https://www.tigota.it/negozi/026275
Tigotà,shop:chemist,"14 Viale dello Sport, San Benedetto del Tronto, 63074",63074,St. Ann,+39 0735 85538,,https://www.tigota.it/negozi/022421,https://www.tigota.it/negozi/022421
Tigre,shop:supermarket,"2 Via Abruzzi, San Benedetto del Tronto, 63074",63074,St. Ann,+39 0735 85942,,https://www.oasitigre.it/it/punti-vendita.html?store=8802,https://www.oasitigre.it/it/punti-vendita.html?store=8802
Tigre,shop:supermarket,"14 Via Enrico Mattei, San Benedetto del Tronto, 63074",63074,St. Ann,,,,
Tigre,shop:supermarket,"56 Via Marsala, San Benedetto del Tronto, 63074",63074,St. Ann,,,,
Tigre Amico,shop:supermarket,"41 Via dei Laureati, San Benedetto del Tronto, 63074",63074,St. Ann,+39 0735 658987,aurora3.gabrielli@alice.it,https://www.oasitigre.it/it/punti-vendita.html?store=6205,
Tigre Amico,shop:supermarket,"1 Via Ugo Bassi, San Benedetto del Tronto, 63074",63074,St. Ann,+39 0735 581439,,https://www.oasitigre.it/it/punti-vendita.html?store=5905,https://www.oasitigre.it/it/punti-vendita.html?store=5905
Todis,shop:supermarket,"80a Via Calatafimi, San Benedetto del Tronto, 63074",63074,St. Ann,+39 0735 588812,,,
Trattoria Molo Sud,amenity:restaurant,"15 Viale delle Tamerici, San Benedetto del Tronto, 63074",63074,St. Ann,+39 0735 587325,tavolo@trattoriamolosud.it,https://trattoriamolosud.it/,https://trattoriamolosud.it/
Trony,shop:electronics,"66 Via Pasubio, San Benedetto Del Tronto, 63074",63074,St. Ann,,,,
Via Gabrielli SBT,amenity:fuel,"54 Via Cesare e Luciano Gabrielli, San Benedetto del Tronto, 63074",63074,St. Ann,,,,
Vulcangas San Benedetto del Tronto,amenity:fuel,"7 Contrada San Giovanni, Porto d'Ascoli, 63074",63074,St. Ann,,,,
Walgreens,shop:chemist,"10500 Saint Charles Rock Road, St Ann, MO, 63074",63074,St. Ann,,,,
Winner Sport,shop:sports,"Αρναία, 63074",63074,St. Ann,,,,
Wish You Were Beer,amenity:pub,"15 Piazza San Giovanni Battista, San Benedetto del Tronto, 63074",63074,St. Ann,,,,
Zuiki,shop:clothes,"51 Viale Secondo Moretti, San Benedetto del Tronto, 63074",63074,St. Ann,+39 0735 581497,,,
Εθνική Τράπεζα,amenity:bank,"Κεντρική Πλατεία, Αρναία, 63074",63074,St. Ann,,,,
Κλειστό Γυμναστήριο,leisure:sports_centre,"Αρναία, 63074",63074,St. Ann,,,,
Οικογενειακή ταβέρνα Μπακατσιάνος,amenity:restaurant,"Αρναία, 63074",63074,St. Ann,,info@bakatsianos.gr,https://www.bakatsianos.gr/,https://www.bakatsianos.gr/contact/
παραδοσιακό καφενείο Λανάρα,amenity:cafe,"Πλατεία Γερογιάννη, Αρναία, 63074",63074,St. Ann,6940909120,,https://mobile.facebook.com/Παραδοσιακό-Καφενείο-Η-Λανάρα-645193058955421/?tsid=0.46441999734739414&source=typeahead,https://mobile.facebook.com/Παραδοσιακό-Καφενείο-Η-Λανάρα-645193058955421/?tsid=0.46441999734739414&source=typeahead
Τράπεζα Πειραιώς,amenity:bank,"Αρναία, 63074",63074,St. Ann,,,,
내도음악상가,craft:winery,"106 테우해안로, 제주시, 63074",63074,St. Ann,+82507-1338-9262,,https://www.instagram.com/recordbar.naedo/,https://www.instagram.com/recordbar.naedo/
5 On Your Side,amenity:studio,"1000 Market Street, Saint Louis, MO, 63101",63101,St. Louis,,,https://www.ksdk.com/,https://www.ksdk.com/contact-us
Amplified Digital Agency,office:advertising_agency,"901 North 10th Street, Saint Louis, MO, 63101",63101,St. Louis,+13148842080,ericjonesmyemail@gmail.com,https://amplifieddigitalagency.com/,https://amplifieddigitalagency.com/contact-amplified-digital-agency/
Asian Arch,amenity:restaurant,"412 North Tucker Boulevard, Saint Louis, MO, 63101",63101,St. Louis,+13148990698,,https://asianarchstl.com/?utm_source=google,
Aubergine - Thai Cuisine,amenity:restaurant,"550 North 7th Street, Saint Louis, MO, 63101",63101,St. Louis,+13142269002,,https://auberginecafestl.com/,https://auberginecafestl.com/contact/
Band Box Cleaners,shop:dry_cleaning,"1110 Locust Street, Saint Louis, MO, 63101",63101,St. Louis,+1 314-421-3122,,https://www.facebook.com/pages/Band-Box-Cleaners-STL/331526660229697,https://www.facebook.com/pages/Band-Box-Cleaners-STL/331526660229697
"BLT's - Breakfast, Lunch and Tacos",amenity:restaurant,"626 North 6th Street, Saint Louis, MO, 63101",63101,St. Louis,+13149258505,contact.us@stlblts.com,https://www.stlblts.com/,mailto:contact.us@stlblts.com
Board of Election Commissioners,office:government,"300 North Tucker Boulevard, Saint Louis, MO, 63101",63101,St. Louis,+13146224336,electionboard@stlouis-mo.gov,https://www.stlouis-mo.gov/government/departments/board-election-commissioners/,https://www.stlouis-mo.gov/government/departments/board-election-commissioners/#orgContact
Bridge Tap House & Wine Bar,amenity:bar,"1004 Locust Street, Saint Louis, MO, 63101",63101,St. Louis,+1 314-241-8141,user@domain.com,https://www.thebridgestl.com/,https://www.thebridgestl.com/about-bridge
Buddy's,amenity:bar,"1001 Washington Avenue, 63101",63101,St. Louis,+1-314-339-7478,info@drinkingbuddys.com,https://www.drinkingbuddys.com/,https://www.drinkingbuddys.com/#contact
Busey Bank,amenity:bank,"900 Olive Street, Saint Louis, MO, 63101",63101,St. Louis,,,,
Calla Lily Formals,shop:clothes,"1004 Olive Street, Saint Louis, MO, 63101",63101,St. Louis,+13143008280,,,
CAM Print,shop:copyshop,"514 Pine Street, Saint Louis, MO, 63101",63101,St. Louis,+13142410091,,,
Chili Mac's Diner,amenity:restaurant,"510 Pine Street, Saint Louis, MO, 63101",63101,St. Louis,+13144219040,,,
Chris' @ The Docket,amenity:restaurant,"100 North Tucker Boulevard, Saint Louis, MO, 63101",63101,St. Louis,+1 314-977-4615,,https://www.chrisatthedocket.com/,https://www.chrispancakeanddining.com/contact-us/
Clarkson Eyecare,shop:optician,"917 Olive Street, Saint Louis, MO, 63101",63101,St. Louis,+13146215303,,,
Coleman Dental,amenity:dentist,"1010 Locust Street, Saint Louis, MO, 63101",63101,St. Louis,,,,
Crabs Landing,amenity:restaurant,"701 North Tucker Boulevard, Saint Louis, MO, 63101",63101,St. Louis,+13148333280,,https://www.crabslanding.com/,https://www.crabslanding.com/contact-us/
Cube Tea Studio,amenity:cafe,"604 Washington Avenue, Saint Louis, MO, 63101",63101,St. Louis,,,,
CVS Pharmacy,amenity:pharmacy,"315 North 9th Street, Saint Louis, MO, 63101",63101,St. Louis,,,,
Dead Sure Studio,shop:tattoo,"412 North Tucker Boulevard, Saint Louis, MO, 63101",63101,St. Louis,+13143019625,,,
DGX,shop:variety_store,"622 Washington Avenue, Saint Louis, MO, 63101",63101,St. Louis,+13144740410,,,
Domino's,amenity:fast_food,"400 North Tucker Boulevard, Saint Louis, MO, 63101",63101,St. Louis,,,,
Downtown St. Louis YMCA,leisure:sports_centre,"605 Locust Street, Saint Louis, MO, 63101",63101,St. Louis,,,,
Enterprise,amenity:car_rental,"115 North 6th Street, Saint Louis, MO, 63101",63101,St. Louis,,,,
Flamingo Bowl,leisure:bowling_alley,"1117 Washington Avenue, Saint Louis, MO, 63101",63101,St. Louis,+1 314-436-6666,,https://www.flamingobowl.net/,https://www.hugedomains.com/contact.cfm
Gateway Metro Federal Credit Union,amenity:bank,"1001 Pine Street, Saint Louis, MO, 63101",63101,St. Louis,,,,
Gyro Express,amenity:restaurant,"750 Locust Street, Saint Louis, MO, 63101",63101,St. Louis,+13143008300,hi@mystore.com,http://gyroexpressstl.com/,http://gyroexpressstl.com/
Hayden's Irish Pub,amenity:bar,"310 North 6th Street, Saint Louis, MO, 63101",63101,St. Louis,+1 314-833-6766,,,
Hi-Pointe Drive In,amenity:restaurant,"634 Washington Avenue, Saint Louis, MO, 63101",63101,St. Louis,+1-314-405-8274,hi@hipointedrivein.com,https://hipointedrivein.com,https://hipointedrivein.com/about
HOK,office:architect,"701 Market Street, Saint Louis, MO, 63101",63101,St. Louis,+13144212000,stlouis@hok.com,https://www.hok.com/studios/st-louis/,https://www.hok.com/contact/
Insomnia Cookies,shop:pastry,"1136 Washington Avenue, Saint Louis, MO, 63101",63101,St. Louis,,,,
J's Studio,shop:hairdresser,"1123 Washington Avenue, Saint Louis, MO, 63101",63101,St. Louis,+13144058288,,,
Jack Patrick's Bar & Grill,amenity:restaurant,"1000 Olive Street, Saint Louis, MO, 63101",63101,St. Louis,+1 314-436-8879,,http://jackpatricks.samsbiz.com/,
James Henry Provisions,shop:convenience,"434 North 4th Street, Saint Louis, MO, 63101",63101,St. Louis,+1 314-421-1177,,https://www.yelp.com/biz/james-henry-provisions-co-saint-louis-2,
Java Plus Cafe,amenity:cafe,"211 North Broadway, Saint Louis, MO, 63101",63101,St. Louis,+13144361600,javaplusdowntown@gmail.com,https://www.java-plus.com/,https://www.java-plus.com/contact
Jimmy John's,amenity:fast_food,"508 Pine Street, Saint Louis, MO, 63101",63101,St. Louis,+1 314-571-9716,,https://locations.jimmyjohns.com/mo/st-louis/sandwiches-4303.html,https://www.jimmyjohns.com/contact-us/feedback
Kanepi Konsum,shop:supermarket,"23 August Weizenbergi, Kanepi alevik, 63101",63101,St. Louis,,,,
Lashly & Baer,office:lawyer,"714 Locust Street, Saint Louis, MO, 63101",63101,St. Louis,+13146212939,info@lashlybaer.com,https://www.lashlybaer.com/,https://www.lashlybaer.com/contact/
Market Street Bistro,amenity:restaurant,"1 South Broadway, Saint Louis, MO, 63101",63101,St. Louis,,,,
McDonald's,amenity:fast_food,"1119 North Tucker Boulevard, Saint Louis, MO, 63101",63101,St. Louis,+1 314-241-4402,,https://www.mcdonalds.com/us/en-us/location/7654.html,https://www.mcdonalds.com/us/en-us/contact-us.html
Meie Eedeni pood,shop:convenience,"21 August Weizenbergi, Kanepi alevik, 63101",63101,St. Louis,,,,
Mini Hiire Äri,shop:convenience,"19 August Weizenbergi, Kanepi alevik, 63101",63101,St. Louis,,,,
Mizu Sushi Bar,amenity:restaurant,"1013 Washington Avenue, Saint Louis, MO, 63101",63101,St. Louis,+13146212646,,http://mizu-stl.com/,
MX Movies & Bar,amenity:cinema,"618 Washington Avenue, Saint Louis, MO, 63101",63101,St. Louis,,info@mxstlmovies.com,https://www.mxstlmovies.com/,https://www.mxstlmovies.com/contact-us/
Nails Center,shop:beauty,"912 Olive Street, Saint Louis, MO, 63101",63101,St. Louis,+13142412727,,,
New Honor Society,office:advertising_agency,"555 Washington Avenue, Saint Louis, MO, 63101",63101,St. Louis,,,,
No Strings Attached,shop:tobacco,"207 North 9th Street, Saint Louis, MO, 63101",63101,St. Louis,+13146219466,,,
Odditeas Cafe & Artistic Lounge,amenity:cafe,"1116 Olive Street, Saint Louis, MO, 63101",63101,St. Louis,+13143048030,info@thecrackfox.com,https://www.thecrackfox.com/,https://www.thecrackfox.com/about
Papa John's,amenity:fast_food,"201 North Tucker, Saint Louis, MO, 63101",63101,St. Louis,+1 314-621-7272,,https://locations.papajohns.com/united-states/mo/63101/saint-louis/201-n-tucker,https://locations.papajohns.com/united-states/mo/63101/saint-louis/201-n-tucker
Park Avenue,amenity:cafe,"521 Olive Street, Saint Louis, MO, 63101",63101,St. Louis,+13149441500,info@parkavenuecoffee.com,https://parkavenuecoffee.com/,https://parkavenuecoffee.com/pages/contact-us
Patriot Personnel Services,office:employment_agency,"914 Olive Street, Saint Louis, MO, 63101",63101,St. Louis,+13142411776,,https://www.patriot-personnel.com/,https://www.patriot-personnel.com/contact/
Pharaoh's Donuts,amenity:fast_food,"202 North 9th Street, Saint Louis, MO, 63101",63101,St. Louis,+13143510285,,,
Pickles Deli Downtown,amenity:fast_food,"500 Broadway, Saint Louis, MO, 63101",63101,St. Louis,+1 314-241-2255,,https://picklesdelistl.com/,
Planet Sub,amenity:fast_food,"211 North 9th Street, Saint Louis, MO, 63101",63101,St. Louis,+13145887827,,https://orders.planetsub.com/planet-sub-downtown-stl/menu,
Pop's Pizza & Wings,amenity:fast_food,"601 North 6th Street, Saint Louis, MO, 63101",63101,St. Louis,+13149499441,,,
Premier Dental Partners,amenity:dentist,"312 North 10th Street, Saint Louis, MO, 63101",63101,St. Louis,+13142316151,,,
Raising Cane's Chicken Fingers,amenity:fast_food,"12215 Manchester Road, 63101",63101,St. Louis,+1 314-909-4772,,,
Rated Test Kitchen,amenity:restaurant,"313 North 11th Street, Saint Louis, MO, 63101",63101,St. Louis,+13142005866,,https://www.rated-tk.com/,https://www.rated-tk.com/contact
Red Door,amenity:restaurant,"217 North 7th Street, Saint Louis, MO, 63101",63101,St. Louis,+13142312867,,https://www.reddoormo.com/,https://www.reddoormo.com/contact
Robie's on 8th,amenity:restaurant,"421 North 8th Street, Saint Louis, MO, 63101",63101,St. Louis,+13144369000,,https://www.robieson8th.com/,https://www.robieson8th.com/contact/
Rooster,amenity:restaurant,"1025 Washington Avenue, Saint Louis, MO, 63101",63101,St. Louis,+1-314-241-8118,user@domain.com,https://www.roosterstl.com/,https://www.roosterstl.com/about
Saint Louis Public Schools,office:government,"801 North 11th Street, Saint Louis, MO, 63101",63101,St. Louis,+13142313720,05%7c02%7ccarl.mitchell@slps.org,https://www.slps.org/,https://www.slps.org/departments/academics/early-childhood/early-childhood-education/contact-us
SAN Cafe and Market,shop:convenience,"1007 Washington Avenue, Saint Louis, MO, 63101",63101,St. Louis,+13148990207,,,
Sauce on the Side,amenity:restaurant,"411 North 8th Street, Saint Louis, MO, 63101",63101,St. Louis,+13142415667,,https://sauceontheside.com/,https://sauceontheside.com/
Schnucks,shop:supermarket,"315 North 9th Street, Saint Louis, MO, 63101",63101,St. Louis,+13144367694,,,
Selkirk Auctioneers & Appraisers,office:auctioneer,"555 Washington Avenue, Saint Louis, MO, 63101",63101,St. Louis,+13146969041,,http://www.selkirkauctions.com/,
Sen Thai Asian Bistro,amenity:restaurant,"1000 Washington Avenue, Saint Louis, MO, 63101",63101,St. Louis,+13144363456,,https://www.senthaibistro.com/,https://www.senthaibistro.com/
Spa Saint Louis,shop:beauty,"705 Olive Street, Saint Louis, MO, 63101",63101,St. Louis,+13146124920,,,
Spire,office:natural_gas_utility,"700 Market Street, Saint Louis, MO, 63101",63101,St. Louis,+18008874173,,https://www.spireenergy.com/,https://www.spireenergy.com/contact-us
St Louis Chapter AIA Bookstore,shop:books,"911 Washington Avenue, Saint Louis, MO, 63101",63101,St. Louis,+13142314252,,,
St. Louis Emergency Dental Services,amenity:dentist,"1122 Washington Avenue, Saint Louis, MO, 63101",63101,St. Louis,,,,
St. Louis Post-Dispatch,office:newspaper,"901 North 10th Street, Saint Louis, MO, 63101",63101,St. Louis,+13143408000,,https://www.stltoday.com/,https://www.stltoday.com/forms/contact/letter_to_the_editor/
St. Louis Traffic Violation Bureau,office:government,"229 North 7th Street, Saint Louis, MO, 63101",63101,St. Louis,+13144502830,parklouie@stltreasurer.org,https://stlouis-mo.gov/government/departments/treasurer/parking-violations/pay-parking-ticket.cfm,https://stlouis-mo.gov/government/contact.cfm
Stanley's Cigar Lounge,amenity:bar,"1000 Washington Avenue, Saint Louis, MO, 63101",63101,St. Louis,+1 314-436-3500,info@stanleycigar.com,https://stanleycigars.com/,
Starbucks,amenity:cafe,"800 Washington Avenue, Saint Louis, MO, 63101",63101,St. Louis,+1 314-418-5999,,https://www.starbucks.com/store-locator/store/13010/marriott-st-louis-grand-800-washington-ave-st-louis-mo-631011201-us,https://www.starbucks.com/store-locator/store/13010/marriott-st-louis-grand-800-washington-ave-st-louis-mo-631011201-us
Subway,amenity:fast_food,"1010 Market Street, Saint Louis, MO, 63101",63101,St. Louis,+13145881411,,https://restaurants.subway.com/united-states/mo/st-louis/1010-market-st?utm_source=yxt-goog&utm_medium=local&utm_term=acq&utm_content=27330&utm_campaign=evergreen-2020&y_source=1_MTQ5MDQ4ODctNzE1LWxvY2F0aW9uLndlYnNpdGU%3D,https://www.subway.com/en-US/ContactUs/GuestCare
Sugarfire Smoke House,amenity:restaurant,"605 Washington Avenue, Saint Louis, MO, 63101",63101,St. Louis,+1-314-394-1720,,https://sugarfiresmokehouse.com/,https://sugarfiresmokehouse.com/contact-us
Sushi Ai,amenity:restaurant,"910 Olive Street, Saint Louis, MO, 63101",63101,St. Louis,+13145887888,,https://www.toasttab.com/sushi-ai-downtown-910-olive-street,
Thaxton Speakeasy,amenity:bar,"1009 Olive Street, Saint Louis, MO, 63101",63101,St. Louis,,,,
The Bruning Law Firm,office:lawyer,"555 Washington Avenue, Saint Louis, MO, 63101",63101,St. Louis,+1-314-898-3078,abruningjr@gmail.com,https://www.bruninglegal.com/,
The Crack Fox,amenity:bar,"1114 Olive Street, Saint Louis, MO, 63101",63101,St. Louis,+1-314-828-5064,info@thecrackfox.com,https://www.thecrackfox.com/,https://www.thecrackfox.com/about
The Moniker,amenity:restaurant,"1000 Washington Avenue, Saint Louis, MO, 63101",63101,St. Louis,,,,
The Over/Under Bar & Grill,amenity:restaurant,"911 Washington Avenue, Saint Louis, MO, 63101",63101,St. Louis,+1 314-621-8881,,https://www.overunderstl.com/,https://www.overunderstl.com/contact/
Tiny Bar,amenity:bar,"1008 Locust Street, Saint Louis, MO, 63101",63101,St. Louis,+1 314-800-7218,eddie@tinybarstl.com,https://tinybarstl.com/,https://tinybarstl.com/
U.S. Bank,amenity:bank,"301 North Tucker Boulevard, Saint Louis, MO, 63101",63101,St. Louis,,,,
UKRAFT Brunch Café,amenity:restaurant,"701 Market Street, Saint Louis, MO, 63101",63101,St. Louis,+13143764352,info@ukrafteats.com,https://www.ukrafteats.com/,https://www.spothopperapp.com/contact-us?contact_reason=demo
Union 30,amenity:restaurant,"705 Olive Street, Saint Louis, MO, 63101",63101,St. Louis,+13142414300,info@hotelsaintlouis.com,https://www.hotelsaintlouis.com/dining,https://www.hotelsaintlouis.com/contact
United Way of Greater Saint Louis,office:association,"910 North 11th Street, Saint Louis, MO, 63101",63101,St. Louis,+18004274626,helpingpeople@unitedwaystl.org,https://helpingpeople.org/,https://helpingpeople.org/who-we-are/
Yalla on Washington Ave,amenity:bar,"1128 Washington Avenue, Saint Louis, MO, 63101",63101,St. Louis,,,,
A-1 Food Supply,shop:wholesale,"1601-1611 North 7th Street, Saint Louis, MO, 63102",63102,St. Louis,,,,
Abstrakt Marketing Group,office:advertising_agency,"701 North 1st Street, Saint Louis, MO, 63102",63102,St. Louis,,,,
Al's Restaurant,amenity:restaurant,"1200 North 1st Street, Saint Louis, MO, 63102",63102,St. Louis,+13144216399,,https://alsrestaurant.net/,https://alsrestaurant.net/
Angry Beaver,amenity:bar,"730 South Broadway, Saint Louis, MO, 63102",63102,St. Louis,,,,
Auntie Anne's,amenity:fast_food,"601 Clark Avenue, Saint Louis, MO, 63102",63102,St. Louis,,,https://locations.auntieannes.com/mo/st.-louis/601-clark-ave-unit-105?utm_source=google&utm_medium=organic&utm_campaign=locations_partner,https://www.auntieannes.com/contact-us/careers?_gl=1*1n8mtep*_gcl_au*MTI0MTkzNzUwNS4xNzE0NTg5ODE0&amp;_ga=2.208510098.1050532784.1714589814-1281561051.1714589814
Ballpark Pizza,amenity:restaurant,"1 South Broadway, Saint Louis, MO, 63102",63102,St. Louis,,,,
Bally Sports Live!,amenity:bar,"601 Clark Avenue, Saint Louis, MO, 63102",63102,St. Louis,,,,
Baseballism,shop:clothes,"761 Clark Avenue, Saint Louis, MO, 63102",63102,St. Louis,+13145288062,,,
Bi-State Development,office:quango,"211 North Broadway, Saint Louis, MO, 63102",63102,St. Louis,+13142895230,,http://www.metrostlouis.org/,https://www.metrostlouis.org/nextstop/
Brew Tulum,amenity:cafe,"701 North 1st Street, Saint Louis, MO, 63102",63102,St. Louis,+16365788321,,https://www.brewtulum.com/,https://brewtulum.com/#shapely_home_contact-2
Broadway Electrical Pros,craft:electrician,"1406 North Broadway, Saint Louis, MO, 63102",63102,St. Louis,+13145971010,,,
Broadway Oyster Bar,amenity:bar,"736 South Broadway, Saint Louis, MO, 63102",63102,St. Louis,,,,
Broadway Shoe Repair,shop:shoe_repair,"308 North Broadway, Saint Louis, MO, 63102",63102,St. Louis,+13143429983,,,
Budweiser Brew House,amenity:restaurant,"601 Clark Avenue, Saint Louis, MO, 63102",63102,St. Louis,+13142415575,,https://www.stlballparkvillage.com/eat-and-drink/budweiser-brewhouse,
Cardinals Nation,amenity:restaurant,"601 Clark Avenue, Saint Louis, MO, 63102",63102,St. Louis,+13143459880,privacy@website.mlb.com,https://www.mlb.com/cardinals/cardinals-nation,https://www.mlb.com/cardinals/official-information/contact
Carmine's Steak House,amenity:restaurant,"20 South 4th Street, Saint Louis, MO, 63102",63102,St. Louis,+13142411631,,https://www.lombardosrestaurants.com/carmine_about_us.htm,
Central Waste Material Co,craft:metal_construction,"1510 North Broadway, Saint Louis, MO, 63102",63102,St. Louis,+13142312798,,,
Chase,amenity:bank,"101 North Broadway, Saint Louis, MO, 63102",63102,St. Louis,+1 314-236-9960,,https://locator.chase.com/mo/st-louis/101-n-broadway,https://locator.chase.com/digital/resources/privacy-security/security/how-to-spot-scams
CheckMark Communications,office:advertising_agency,"1111 Chouteau Avenue, Saint Louis, MO, 63102",63102,St. Louis,+13149823400,,,
Clark & Bourbon,amenity:restaurant,"799 Clark Avenue, Saint Louis, MO, 63102",63102,St. Louis,+13145979650,,https://www.clarkandbourbon.com/,https://www.clarkandbourbon.com/contact
Clark Street Taphouse & Grill,amenity:restaurant,"811 Spruce Street, Saint Louis, MO, 63102",63102,St. Louis,+13145525850,,https://www.clarkstreetgrillstl.com/,
Commerce Bank,amenity:bank,"211 North Broadway, Saint Louis, MO, 63102",63102,St. Louis,,,,
Condado Tacos,amenity:restaurant,"601 Clark Avenue, Saint Louis, MO, 63102",63102,St. Louis,+13148995155,,https://locations.condadotacos.com/mo/601-clark-ave?utm_source=GMB&utm_medium=organic,https://condadotacos.com/contactus/
Creative Circle,office:employment_agency,"200 North Broadway, Saint Louis, MO, 63102",63102,St. Louis,+13143340115,etpayroll@creativecircle.com,https://www.creativecircle.com/,https://www.creativecircle.com/contact-us/
DM Injury Law,office:lawyer,"900 Spruce Street, Suite 150, Saint Louis, MO, 63102",63102,St. Louis,+1-314-888-4444,contact@dmlawusa.com,https://www.dmlawusa.com/st-louis/,https://www.dmlawusa.com/contact-us/
Dobbs Tire & Auto Center,shop:car_repair,"715 South Broadway, Saint Louis, MO, 63102",63102,St. Louis,+13142411959,,https://www.gotodobbs.com/locations/st-louis-central-downtown/,https://www.gotodobbs.com/contact-us/
Federal Reserve Bank of St. Louis,office:government,"1 Federal Reserve Bank Plaza, Saint Louis, MO, 63102",63102,St. Louis,+13144448444,nic.stls@stls.frb.org,https://www.stlouisfed.org/,https://www.stlouisfed.org/about-us/contact-us
Fielder's Choice,amenity:cafe,"1 Cardinal Way, Saint Louis, MO, 63102",63102,St. Louis,+13142561775,,https://fielderschoicebpv.com/,https://fielderschoicebpv.com/
Fleur STL,amenity:restaurant,"622 Chouteau Avenue, Saint Louis, MO, 63102",63102,St. Louis,,,http://www.fleurstlfoodgroup.com/,
Fraîche Wine Group,craft:winery,"707 North 2nd Street, Saint Louis, MO, 63102",63102,St. Louis,+18018794170,user@domain.com,https://www.vinfraiche.com/,https://www.vinfraiche.com/contact
Gateway Newstands,shop:convenience,"200 North Broadway, Saint Louis, MO, 63102",63102,St. Louis,+13144212292,,,
Genesis Health Clubs,leisure:fitness_centre,"3 Cardinal Way, Saint Louis, MO, 63102",63102,St. Louis,+13142569484,,https://www.genesishealthclubs.com/locations/ballpark-village.html?utm_campaign=search&utm_medium=organic&utm_source=gbp,https://www.genesishealthclubs.com/contact-genesis-health-clubs.html
Hibdon Hardwood Inc,shop:hardware,"1410 North Broadway, Saint Louis, MO, 63102",63102,St. Louis,+13146217711,,,
Immortal Ink Tattoo Gallery,shop:tattoo,"712 North 2nd Street, Saint Louis, MO, 63102",63102,St. Louis,+13144491232,,,
Imo's Pizza,amenity:fast_food,"904 South 4th Street, Saint Louis, MO, 63102",63102,St. Louis,+13144214667,,https://www.imospizza.com/,https://www.imospizza.com/contact-corporate/
John Benson Electric Co,craft:electrician,"1708 North 8th Street, Saint Louis, MO, 63102",63102,St. Louis,+13144211200,,,
Katie's Pizza & Pasta,amenity:restaurant,"751 Clark Avenue, Saint Louis, MO, 63102",63102,St. Louis,+13149422416,,https://katiespizzaandpasta.com/,https://katiespizzaandpasta.com/
Kilroys,amenity:bar,"720 South 7th Street, Saint Louis, MO, 63102",63102,St. Louis,,,,
Kimchi Guys,amenity:restaurant,"612 North 2nd Street, Saint Louis, MO, 63102",63102,St. Louis,+13147664456,feedback@sohospitalitygroup.com,https://kimchiguys.com/,https://www.kimchiguys.com/about-3
Koibito Poké,amenity:restaurant,"601 Clark Avenue, Saint Louis, MO, 63102",63102,St. Louis,+13145719587,,https://koibitopoke.com/,https://koibitopoke.com/contact/
Mastermind Room Escape,leisure:escape_game,"440 North 4th Street, Saint Louis, MO, 63102",63102,St. Louis,,info@mastermindroomescape.com,https://mastermindroomescape.com/,https://www.mastermindroomescape.com/contact-us/
"Material Sales Company, Inc.",shop:ship_repair,"920 S 2nd St, Saint Louis, MO, 63102",63102,St. Louis,+1-314-436-1541,marinerepair@materialsales.co,https://materialsalescompany.com,https://www.materialsalescompany.com/contact
McClure Engineering,office:engineer,"1000 Clark Avenue, Saint Louis, MO, 63102",63102,St. Louis,+13146456232,info@mcclureeng.com,https://www.mcclureeng.com/,https://mcclureeng.com/contact-us/
Med Vac Inc,shop:repair,"211 Florida Street, Saint Louis, MO, 63102",63102,St. Louis,,,,
Meineke Car Care Center,shop:car_repair,"728 South 4th Street, Saint Louis, MO, 63102",63102,St. Louis,+13144928823,,,
Mississippi Underground Hall,amenity:nightclub,"1441 North 2nd Street, Saint Louis, MO, 63102",63102,St. Louis,,,,
Missouri Threads,shop:gift,"444 North 4th Street, Saint Louis, MO, 63102",63102,St. Louis,+13142415751,,,
Morgan & Morgan,office:lawyer,"200 N Broadway, Saint Louis, MO, 63102",63102,St. Louis,+1 314-955-1030,info@themorganconnection.com,https://www.forthepeople.com/st-louis/,https://www.themorganconnection.com/about
Morton's The Steakhouse,amenity:restaurant,"999 North 2nd Street, Saint Louis, MO, 63102",63102,St. Louis,+13147254008,,https://www.mortons.com/location/mortons-the-steakhouse-st-louis-mo/,https://twitter.com/mortons
Mullen & Mullen Law Firm,office:lawyer,"100 South 4th Street, Saint Louis, MO, 63102",63102,St. Louis,+1-314-465-8733,info@mullenandmullen.com,https://www.mullenandmullen.com/personal-injury-lawyer/stlouis-mo/,
Nucor Rebar Fabrication,craft:metal_construction,"150 Tyler Street, Saint Louis, MO, 63102",63102,St. Louis,+13143829855,,,
NYP Corp.,shop:hardware,"1416 North Broadway, Saint Louis, MO, 63102",63102,St. Louis,+13144210498,,,
Paddy O's,amenity:bar,"618 South 7th Street, Saint Louis, MO, 63102",63102,St. Louis,,,https://stlpaddyos.com/,https://stlpaddyos.com/contact-us/
PBR St Louis: A Cowboy Bar,amenity:nightclub,"601 Clark Avenue, Saint Louis, MO, 63102",63102,St. Louis,,,,
Pennydrop Bar + Kitchen,amenity:restaurant,"400 Olive Street, Saint Louis, MO, 63102",63102,St. Louis,+13145547098,,https://thepennywellhotel.com/pennydrop-bar-kitchen/,https://thepennywellhotel.com/contact/
Prairie Farms Ice Cream Barn,amenity:ice_cream,"601 Clark Avenue, Saint Louis, MO, 63102",63102,St. Louis,,,,
Pryntbase,office:it,"724 North 1st Street, Saint Louis, MO, 63102",63102,St. Louis,,,,
Ramsay's Kitchen St. Louis,amenity:restaurant,"999 North 2nd Street, Saint Louis, MO, 63102",63102,St. Louis,+13148815800,,https://www.fourseasons.com/stlouis/dining/restaurants/ramsays-kitchen/?utm_source=google&utm_medium=organicsearch&utm_campaign=tor-stl-fab-mid-seo-na&utm_content=na-na&utm_term=na,https://www.fourseasons.com/stlouis/contact-us/
Salt + Smoke,amenity:restaurant,"501 Clark Avenue, Saint Louis, MO, 63102",63102,St. Louis,+1-314-727-0200,,https://www.saltandsmokebbq.com/location/bpv/,https://www.saltandsmokebbq.com/contact/
Scott Credit Union,amenity:bank,"6 Cardinal Way, Saint Louis, MO, 63102",63102,St. Louis,,,,
Shark Bar,amenity:nightclub,"601 Clark Avenue, Saint Louis, MO, 63102",63102,St. Louis,,,http://www.sharkbarstl.com/,
Smokestaq Lightning,amenity:restaurant,"724 North 1st Street, Saint Louis, MO, 63102",63102,St. Louis,+13143491198,,https://www.smokestaq.com/,
Sports & Social St. Louis,amenity:restaurant,"651 Clark Avenue, Saint Louis, MO, 63102",63102,St. Louis,+13144925064,dwalker@stlballparkvillage.com,https://www.stlballparkvillage.com/eat-and-drink/sports-and-social,https://www.stlballparkvillage.com/Contact-Us
St. Louis Cardinals Team Store,shop:gift,"708 Clark Avenue, Saint Louis, MO, 63102",63102,St. Louis,+13143459180,,,
St. Louis Living Realty,office:estate_agent,"1420 North Broadway, Saint Louis, MO, 63102",63102,St. Louis,+13145654124,,,
Starbucks,amenity:cafe,"315 Chestnut Street, Saint Louis, MO, 63102",63102,St. Louis,+1 314-259-3266,,https://www.starbucks.com/store-locator/store/18668/hyatt-regency-st-louis-at-the-315-chestnut-st-st-louis-mo-631021895-us,https://www.starbucks.com/store-locator/store/18668/hyatt-regency-st-louis-at-the-315-chestnut-st-st-louis-mo-631021895-us
Stifel,amenity:bank,"501 North Broadway, Saint Louis, MO, 63102",63102,St. Louis,,,,
STL Authentics,shop:clothes,"1401 Clark Avenue, Saint Louis, MO, 63102",63102,St. Louis,+13146225495,,,
Taco Bell,amenity:fast_food,"501 Chouteau, Saint Louis, MO, 63102",63102,St. Louis,+1 314-241-0223,,https://locations.tacobell.com/mo/saint-louis/501-chouteau.html,https://locations.tacobell.com/mo/saint-louis/501-chouteau/breakfast.html
The Broadway Boat Bar,amenity:bar,"1424 North Broadway, Saint Louis, MO, 63102",63102,St. Louis,,,,
The Cobblestone STL,shop:supermarket,"701 North 1st Street, Saint Louis, MO, 63102",63102,St. Louis,+13145719889,,https://www.cobblestonestl.com/,https://www.cobblestonestl.com/
The Honky Tonk STL,amenity:bar,"756 South 4th Street, Saint Louis, MO, 63102",63102,St. Louis,,,,
The Midwestern,amenity:restaurant,"900 Spruce Street, Saint Louis, MO, 63102",63102,St. Louis,+13146962573,,https://midwesternstl.com/,https://midwesternstl.com/
The Old Spaghetti Factory,amenity:restaurant,"727 North 1st Street, Saint Louis, MO, 63102",63102,St. Louis,+13146210276,info@osf.com,https://www.osf.com/location/st-louis-mo/,https://www.osf.com/contact/
Three Sixty,amenity:bar,"1 South Broadway, Saint Louis, MO, 63102",63102,St. Louis,+1 314 241 8439,,https://www.360-stl.com/,https://www.360-stl.com/downtown/contact-us/
Tin Roof Music Joint,amenity:restaurant,"1000 Clark Avenue, Saint Louis, MO, 63102",63102,St. Louis,,,,
Trust,amenity:bar,"401 Pine Street, Saint Louis, MO, 63102",63102,St. Louis,+1-314-356-2776,info@truststl.com,https://www.truststl.com/,
U-Haul,shop:storage_rental,"418 South Tucker Boulevard, Saint Louis, MO, 63102",63102,St. Louis,,,,
Wheelhouse Downtown,amenity:restaurant,"1000 Spruce Street, Saint Louis, MO, 63102",63102,St. Louis,+1-314-833-3653,,https://www.wheelhousestl.com/,https://www.wheelhousestl.com/
White Castle,amenity:fast_food,"806 South Broadway, Saint Louis, MO, 63102",63102,St. Louis,,,,
두리약국,amenity:pharmacy,"41 수덕로, 제주시, 63102",63102,St. Louis,+82 64 744 9952,,,
푸른치과의원,amenity:dentist,"41 수덕로, 제주시, 63102",63102,St. Louis,+82 64 744 7522,,,
160over90 St. Louis,office:advertising_agency,"1928 Locust Street, Saint Louis, MO, 63103",63103,St. Louis,+13145767500,bmooney@160over90.com,https://www.160over90.com/,https://www.160over90.com/contact
Ad Creations,office:advertising_agency,"1625 Olive Street, Saint Louis, MO, 63103",63103,St. Louis,+13146213840,lindsey@adcreations.com,https://www.adcreations.com/,https://www.adcreations.com/ContactUs/?referrerPage=Home&refPgId=529909007&PCUrl=1
Air Management Supply,craft:hvac,"2300 Clark Avenue, Saint Louis, MO, 63103",63103,St. Louis,+13145675131,marketing@airmanagementsupply.com,https://www.airmanagementsupply.com/,https://www.airmanagementsupply.com/category/hvac-controls/contactors
Airgas,shop:gas,"3500 Bernard Street, Saint Louis, MO, 63103",63103,St. Louis,,,,
Alltru Credit Union,amenity:bank,"1407 Washington Avenue, Saint Louis, MO, 63103",63103,St. Louis,,,,
Ameren Corporation,office:company,"1901 Chouteau Avenue, Saint Louis, MO, 63103",63103,St. Louis,+13146213222,illinoisconstruction@ameren.com,https://ameren.com/,https://ameren.com/customer-service
Arch City Deli,amenity:cafe,"430 South 15th Street, Saint Louis, MO, 63103",63103,St. Louis,+1 314-621-5999,,,
"Architectural Control Systems, Inc.",office:engineer,"2720 Clark Avenue, Saint Louis, MO, 63103",63103,St. Louis,,,,
ART Bar,amenity:bar,"3550 Samuel Shepard Drive, Saint Louis, MO, 63103",63103,St. Louis,+1 314 561 0033,info@angadartshotel.com,https://www.angadartshotel.com/restaurants-bars/art-bar/,
Ash Cigar & Bar Lounge,shop:tobacco,"3116 Locust Street, Saint Louis, MO, 63103",63103,St. Louis,+13142609819,,,
ASI Signage Innovations,craft:signmaker,"2200 Olive Street, Saint Louis, MO, 63103",63103,St. Louis,+1 314-421-2288,,https://asisignage.com/tabid/269/Default.aspx,
AT&T,office:telecommunication,"2651 Olive Street, Saint Louis, MO, 63103",63103,St. Louis,,,,
Avis,amenity:car_rental,"2925 Olive Street, Saint Louis, MO, 63103",63103,St. Louis,,,,
Back-Mueller Inc,shop:medical_supply,"2700 Clark Avenue, Saint Louis, MO, 63103",63103,St. Louis,+13145316640,,,
Barnard Stamp Company,shop:stationery,"3143 Olive Street, Saint Louis, MO, 63103",63103,St. Louis,+13145352547,,,
Beffa's Bar & Restaurant,amenity:restaurant,"2700 Olive Street, Saint Louis, MO, 63103",63103,St. Louis,+13145719367,beffas.events@gmail.com,https://beffas.com/,https://www.spothopperapp.com/contact-us?contact_reason=demo
Beyond Holdings,office:financial,"2815 Olive Street, Saint Louis, MO, 63103",63103,St. Louis,+13142481508,,,
Big Fitness Personal Training,leisure:fitness_centre,"1904 Washington Avenue, Saint Louis, MO, 63103",63103,St. Louis,+13143848473,,https://bigfitnessstl.com/,https://bigfitnessstl.com/contact-us
Big Muddy Adventures,office:guide,"3120 Locust Street, Saint Louis, MO, 63103",63103,St. Louis,+13148964262,trips@2muddy.com,https://www.2muddy.com/,https://www.2muddy.com/about
Blackline Design + Construction,office:construction_company,"2217 Locust Street, Saint Louis, MO, 63103",63103,St. Louis,+13143918900,info@blacklinestl.com,https://www.blacklinestl.com/,https://www.blacklinestl.com/contact/
Blayzer Digital,office:advertising_agency,"1901 Locust Street, Saint Louis, MO, 63103",63103,St. Louis,+13144463393,sales@blayzer.com,https://www.blayzer.com/,https://blayzer.com/contact/
Blood & Sand,amenity:restaurant,"1500 Saint Charles Street, Saint Louis, MO, 63103",63103,St. Louis,+13142417263,membership@bloodandsandstl.com,https://www.bloodandsandstl.com/,https://www.bloodandsandstl.com/contact
Blue Jay Brewing Co,craft:brewery,"2710 Locust Street, Saint Louis, MO, 63103",63103,St. Louis,,info@bluejaybrewing.com,https://www.bluejaybrewing.com/,https://www.bluejaybrewing.com/
Boost Mobile,shop:mobile_phone,"1221 Washington Avenue, Saint Louis, MO, 63103",63103,St. Louis,+13147898781,,,
Brake Landscaping & Lawncare,craft:gardener,"3514 Gratiot Street, Saint Louis, MO, 63103",63103,St. Louis,+13147765296,mgregory@brakelandscaping.com,https://www.brakelandscaping.com/index.php,http://www.brakelandscaping.com/#contactus
Brick River Cider St. Louis,amenity:pub,"2000 Washington Avenue, Saint Louis, MO, 63103",63103,St. Louis,,,,
Bruton Stroube Studios,craft:photographer,"2301 Locust Street, Saint Louis, MO, 63103",63103,St. Louis,+1 314-241-6665,hello@brutonstroube.com,https://brutonstroube.com/,https://brutonstroube.com/contact-us
Bullivant Gallery and Consulting,shop:art,"3321 Washington Boulevard, Saint Louis, MO, 63103",63103,St. Louis,,robert.bullivant@gmail.com,http://www.bullivantgallery.com/,http://www.bullivantgallery.com/?page_id=79
Capital Solutions,office:financial_advisor,"1728 Olive Street, Saint Louis, MO, 63103",63103,St. Louis,+13146528869,info@csiloan.com,https://www.csiloan.com/locations.html,https://www.csiloan.com/contact-loan-specialists
Captain D's,amenity:fast_food,"920 South Grand Boulevard, Saint Louis, MO, 63103",63103,St. Louis,+13142609200,,https://locations.captainds.com/ll/US/MO/St-Louis/920-S-Grand-Blvd,https://www.captainds.com/our-menu/
Chipotle,amenity:fast_food,"212 South Grand Boulevard, Saint Louis, MO, 63103",63103,St. Louis,+1 314-342-9919,mo.1941.slu@chipotle.com,https://locations.chipotle.com/mo/saint-louis/212-s-grand-blvd,https://chipotle.com/rewards
Chunky's Vintage,shop:clothes,"3323 Washington Boulevard, Saint Louis, MO, 63103",63103,St. Louis,,,,
Circle K,shop:convenience,"35 South Grand Boulevard, Saint Louis, MO, 63103",63103,St. Louis,+13143710060,,,
City Design Group,office:consulting,"1735 Delmar Boulevard, Saint Louis, MO, 63103",63103,St. Louis,+13142419072,,https://www.citydesigngroupinc.com/,
City of St. Louis Department of Health,office:government,"1520 Market Street, Saint Louis, MO, 63103",63103,St. Louis,+1 314-612-5100,health@stlouis-mo.gov,https://www.stlouis-mo.gov/government/departments/health/,https://www.stlouis-mo.gov/government/departments/health/#orgContact
CITY Pavilion,shop:clothes,"2118 Market Street, Saint Louis, MO, 63103",63103,St. Louis,+13148182981,,,
City Pilates,leisure:fitness_centre,"1907 Washington Avenue, Saint Louis, MO, 63103",63103,St. Louis,+13055108539,info@mycitypilates.com,https://mycitypilates.com/,https://mycitypilates.com/contact.php
College Bound,office:educational_institution,"110 North Jefferson Avenue, Saint Louis, MO, 63103",63103,St. Louis,+13143614441,,https://www.collegeboundstl.org/,https://collegeboundstl.org/contact-us/
Coltrane Systems,shop:electrical,"2818 Locust Street, Saint Louis, MO, 63103",63103,St. Louis,+13142443842,,,
Commonwealth,amenity:restaurant,"634 North Grand Boulevard, Saint Louis, MO, 63103",63103,St. Louis,+1 314 561 0033,info@angadartshotel.com,https://www.angadartshotel.com/restaurants-bars/commonwealth/,
Corrigan Company,craft:hvac,"3545 Gratiot Street, Saint Louis, MO, 63103",63103,St. Louis,+1-314-771-6200,,https://corriganco.com/,https://corriganco.com/about-us/contact/
Crown Food Mart,shop:convenience,"300 South Jefferson Avenue, Saint Louis, MO, 63103",63103,St. Louis,,,,
Crown Food Mart,shop:convenience,"2601 Delmar Boulevard, Saint Louis, MO, 63103",63103,St. Louis,,,,
Curtain Call Lounge,amenity:bar,"521 North Grand Boulevard, Saint Louis, MO, 63103",63103,St. Louis,,,,
DEA Regional HQ,office:government,"317 South 16th Street, Saint Louis, MO, 63103",63103,St. Louis,,,,
Decide Technologies,office:it,"1314 Washington Avenue, Saint Louis, MO, 63103",63103,St. Louis,+18009835280,,https://decide.co/,https://decide.co/
Dimensions Salon,shop:hairdresser,"1911 Washington Avenue, Saint Louis, MO, 63103",63103,St. Louis,+13148028039,,,
Divine Creative Group,office:advertising_agency,"1740 Chouteau Avenue, Saint Louis, MO, 63103",63103,St. Louis,+13143972123,support@divinecreativegroup.com,https://www.divinecreativegroup.com/,https://www.divinecreativegroup.com/contact
Dream House Tattoo,shop:tattoo,"1800 Chouteau Avenue, 63103",63103,St. Louis,+1-314-261-4719,dreamhousetattoos.stl@gmail.com,https://www.dreamhouse-tattoo.com/,
EGG RESTAURANT AT MIDTOWN,amenity:restaurant,"3100 Locust Street, Saint Louis, MO, 63103",63103,St. Louis,+13148990036,eggstlatmidtown@gmail.com,https://www.eggstl.com/,https://eggstl.com/contact/
Eleven Eleven Mississippi,amenity:restaurant,"1111 Mississippi Avenue, Saint Louis, MO, 63103",63103,St. Louis,+13142419999,avtocentravrora@gmail.com,https://www.1111-m.com/,https://1111-m.com/contact-us/
Elite Fiber Inc.,shop:telecommunication,"3141 Olive Street, Saint Louis, MO, 63103",63103,St. Louis,+13146495900,,,
Employment Connection,office:employment_agency,"2838 Market Street, Saint Louis, MO, 63103",63103,St. Louis,+13143335627,,https://www.employmentstl.org/,https://www.employmentstl.org/contact
Enterprise,amenity:car_rental,"2233 Washington Avenue, Saint Louis, MO, 63103",63103,St. Louis,,,,
Episcopal City Mission,office:religion,"1210 Locust Street, Saint Louis, MO, 63103",63103,St. Louis,+13144363545,ecitymission@sbcglobal.net,https://ecitymission.org/,https://ecitymission.org/who-we-are/contact-us/
Escape The Room St. Louis,leisure:escape_game,"1201 Washington Avenue, Saint Louis, MO, 63103",63103,St. Louis,,stlouis@escapetheroom.com,https://escapetheroom.com/st-louis/?utm_source=GMBlisting&utm_medium=organic,https://escapetheroom.com/contact-us/
Europe Night Club,amenity:nightclub,"710 North 15th Street, Saint Louis, MO, 63103",63103,St. Louis,+1 314-621-5111,info@europenightclub.com,https://www.europenightclub.com/,
Express Valet Cleaners,shop:dry_cleaning,"2900 Market Street, Saint Louis, MO, 63103",63103,St. Louis,+13145355580,,,
Extra Wavy,amenity:restaurant,"2017 Chouteau Avenue, Saint Louis, MO, 63103",63103,St. Louis,+13143461165,user@domain.com,https://extrawavystl.com/,https://extrawavystl.com/contact
Federal Bureau of Investigation St. Louis Field Office,office:government,"2222 Market Street, Saint Louis, MO, 63103",63103,St. Louis,+13145892500,,https://www.fbi.gov/contact-us/field-offices/stlouis,
FedEx Office,shop:copyshop,"2735 Chouteau Avenue, Saint Louis, MO, 63103",63103,St. Louis,+18004633339,,,
Fennel Cooking Studio,amenity:restaurant,"3043 Olive Street, Saint Louis, MO, 63103",63103,St. Louis,,info@fennelstl.com,https://www.fennelstl.com/,https://www.fennelstl.com/contact
Firestone,shop:car_repair,"2310 Olive Street, Saint Louis, MO, 63103",63103,St. Louis,+13144803539,,,
First Mid Bank & Trust,amenity:bank,"2301 Market Street, Saint Louis, MO, 63103",63103,St. Louis,,,,
Frost Electric Supply,shop:electrical,"2720 Walnut Place, Saint Louis, MO, 63103",63103,St. Louis,+13145355070,,,
Gary's Fine Dining,amenity:restaurant,"601 North Grand Boulevard, Saint Louis, MO, 63103",63103,St. Louis,+13142614995,,https://garysfinedining.com/,
General Hydraulics,shop:repair,"701 North 20th Street, Saint Louis, MO, 63103",63103,St. Louis,+13142418985,,,
Golden Gems,shop:gift,"3108 Locust St, Saint Louis, MO, 63103",63103,St. Louis,+13149258931,,,
Gourmet Soul Restaurant and Catering,amenity:restaurant,"1620 Delmar Boulevard, Saint Louis, MO, 63103",63103,St. Louis,+13143395658,ninfo@gourmetsoul.com,https://gourmetsoul.com/,https://gourmetsoul.com/
Grafik House,office:graphic_design,"1929 Washington Avenue, Saint Louis, MO, 63103",63103,St. Louis,,,,
Grand Mediterranean,amenity:restaurant,"519 North Grand Boulevard, Saint Louis, MO, 63103",63103,St. Louis,+13147100949,,https://www.grandmediterranean.com/,
Hair of the Dog,amenity:bar,"1212 Washington Avenue, Saint Louis, MO, 63103",63103,St. Louis,+1 314-241-3644,,http://www.facebook.com/pages/Hair-of-The-Dog/141878815851764,http://www.facebook.com/pages/Hair-of-The-Dog/141878815851764
Hamilton's Urban Steakhouse & Bourbon Bar,amenity:restaurant,"2101 Chouteau Avenue, Saint Louis, MO, 63103",63103,St. Louis,+13142412333,manager@hamiltonsteak.com,https://www.hamiltonsteak.com/,https://www.hamiltonsteak.com/contact
Harvey's Coffee and Cocktails,amenity:bar,"2706 Olive Street, Saint Louis, MO, 63103",63103,St. Louis,,,,
Herc Rentals,shop:plant_hire,"3030 Market Street, Saint Louis, MO, 63103",63103,St. Louis,+13145348300,,,
Hidden Gem,amenity:bar,"3118 Locust Street, Saint Louis, MO, 63103",63103,St. Louis,,,,
High Low,amenity:cafe,"3301 Washington Boulevard, Saint Louis, MO, 63103",63103,St. Louis,+13145330367,info@kranzbergartsfoundation.org,https://www.kranzbergartsfoundation.org/high-low/,https://kranzbergartsfoundation.org/contact-us/
HireLevel.,office:employment_agency,"3016 Locust Street, Saint Louis, MO, 63103",63103,St. Louis,+13142419675,,https://hirelevel.com/,https://hirelevel.com/contact-executive-search-consultants/
Hometown Veterans Medical,shop:medical_supply,"2836 Locust Street, Saint Louis, MO, 63103",63103,St. Louis,,,,
Howdy Tattoo,shop:tattoo,"2654 Locust Street, Saint Louis, MO, 63103",63103,St. Louis,+1 314-669-7600,howdy@howdytattoo.com,https://howdytattoo.com,
HSG Realty,office:estate_agent,"1305 Washington Avenue, Saint Louis, MO, 63103",63103,St. Louis,+13148020797,,http://hsgrealty.com/,http://hsgrealty.com/
Imo's Pizza,amenity:fast_food,"1701 Delmar Boulevard, Saint Louis, MO, 63103",63103,St. Louis,,,,
Inked Beauty Bar,shop:cosmetics,"3024 Locust Street, Saint Louis, MO, 63103",63103,St. Louis,+1 618-791-7719,info.inkedlinks@gmail.com,https://inkedbeautybar.net/contact/,
iWorld,shop:mobile_phone,"1221 Washington Avenue, Saint Louis, MO, 63103",63103,St. Louis,+13147898780,,,
JEMA,office:architect,"2823 Olive Street, Saint Louis, MO, 63103",63103,St. Louis,+13145317400,,https://jemastl.com/,https://jemastl.com/contact/
JR Market,shop:alcohol,"2230 Olive Street, Saint Louis, MO, 63103",63103,St. Louis,,,,
Kaemmerlen Communications,shop:electrical,"2720 Locust Street, Saint Louis, MO, 63103",63103,St. Louis,+13145352226,,,
Kain Tayo,amenity:restaurant,"2700 Locust Street, Saint Louis, MO, 63103",63103,St. Louis,+13143962110,,https://kaintayostl.com/,https://kaintayostl.com/
Karen J Harris & Associates,amenity:dentist,"2000 Locust Street, Saint Louis, MO, 63103",63103,St. Louis,,,,
Kelly Auditorium,amenity:theatre,"3511 Laclede Avenue, Saint Louis, MO, 63103",63103,St. Louis,,,,
KFC,amenity:fast_food,"231 North Tucker Boulevard, Saint Louis, MO, 63103",63103,St. Louis,,,https://locations.kfc.com/mo/saint-louis/231-north-tucker-boulevard,https://www.kfc.com/contact
Kritique Designs,shop:hairdresser,"1525 Chouteau Avenue, Saint Louis, MO, 63103",63103,St. Louis,+13142293002,,,
La Fèe Noir,shop:hairdresser,"2650 Locust Street, Saint Louis, MO, 63103",63103,St. Louis,+13142956787,,,
Laborers' Local 42,office:union,"301 South Ewing Avenue, Saint Louis, MO, 63103",63103,St. Louis,+13145311187,laborers@local42.us,https://www.liuna42stl.com/,https://liuna42stl.com/contact/
Landry's Seafood House,amenity:restaurant,"1820 Market Street, Saint Louis, MO, 63103",63103,St. Louis,+13142314040,,https://www.landrysseafood.com/location/landrys-seafood-st-louis/,https://www.landrysseafood.com/location/landrys-seafood-st-louis/
Latte Lounge | Midtown,amenity:cafe,"3131 Olive Street, Saint Louis, MO, 63103",63103,St. Louis,+13143336591,,https://www.latteloungestl.com/,https://www.latteloungestl.com/
Law Offices of Derald L. Gab,office:lawyer,"1708 Olive Street, Saint Louis, MO, 63103",63103,St. Louis,+13143674878,,https://deraldgab.com/,https://deraldgab.com/contact-us
Levels,amenity:restaurant,"1405 Washington Avenue, Saint Louis, MO, 63103",63103,St. Louis,+13145719990,info@levelsstl.com,https://www.levelsstl.com/,mailto:info@levelsstl.com
Levin's,shop:clothes,"1401 Washington Avenue, Saint Louis, MO, 63103",63103,St. Louis,,,,
Levine Hat Co.,shop:clothes,"1416 Washington Avenue, Saint Louis, MO, 63103",63103,St. Louis,+13142313359,reply@levinehat.com,https://www.levinehat.com/,https://www.levinehat.com/pages/contact-us
Lombardo's Trattoria,amenity:restaurant,"201 South 20th Street, Saint Louis, MO, 63103",63103,St. Louis,+13146210666,,https://www.lombardosrestaurants.com/trat-about-us.html,
Lucha Restaurant,amenity:restaurant,"522 North Grand Boulevard, Saint Louis, MO, 63103",63103,St. Louis,+13144457511,,https://www.lucharestaurant.com/,
LUXE Department Store,shop:clothes,"2920 Locust Street, Saint Louis, MO, 63103",63103,St. Louis,+13144866827,,,
Maggie O'Brien's,amenity:pub,"2000 Market Street, Saint Louis, MO, 63103",63103,St. Louis,,,,
Maxine’s Salon de Luxe,shop:hairdresser,"1619 Washington Avenue, Saint Louis, MO, 63103",63103,St. Louis,+13142269992,,,
Mayo Ketchup,amenity:restaurant,"3135 Olive Street, Saint Louis, MO, 63103",63103,St. Louis,+13146962699,mayoketchupstl@outlook.com,https://plantaingirl.com/,https://www.spothopperapp.com/contact-us?contact_reason=demo
MD Studios Photography,craft:photographer,"2101 Locust Street, Saint Louis, MO, 63103",63103,St. Louis,+1 314-802-8831,danielb@mdphotonline.com,http://mdphotoonline.com/,
Medina Grill,amenity:restaurant,"1327 Washington Avenue, Saint Louis, MO, 63103",63103,St. Louis,+13142411356,medinagrillstl@gmail.com,https://www.medinagrill.com/,https://www.medinagrill.com/about_us.html
Metro Meter Signs,craft:signmaker,"3152 Locust Street, Saint Louis, MO, 63103",63103,St. Louis,+13145359070,,,
Michael N. Keathley State Office Building,office:government,"3101 Chouteau Avenue, Saint Louis, MO, 63103",63103,St. Louis,+13143406804,matt.bess@oa.mo.gov,https://oa.mo.gov/content/michael-n-keathley-state-office-building-st-louis,https://budplan.oa.mo.gov/contact-us
Midtown Barbershop,shop:hairdresser,"2919 Olive Street, Saint Louis, MO, 63103",63103,St. Louis,+13142245807,,,
Midwest Petroleum,shop:convenience,"2110 Chouteau Avenue, Saint Louis, MO, 63103",63103,St. Louis,,,,
Miss Ohio Vintage,shop:clothes,"1300 Washington Avenue, Saint Louis, MO, 63103",63103,St. Louis,+13146200026,,,
Missouri Payday Loans,shop:money_lender,"709 Tucker Boulevard, Saint Louis, MO, 63103",63103,St. Louis,+13146211818,,,
Mositos On Washington,amenity:restaurant,"1317 Washington Avenue, Saint Louis, MO, 63103",63103,St. Louis,+1-314-319-7223,,https://mositosbbq.com/,
Mound City Sandwich Shop,amenity:fast_food,"2906 Market Street, Saint Louis, MO, 63103",63103,St. Louis,+13146523354,,,
Mozay Restaurant,amenity:restaurant,"200 North 13th Street, Saint Louis, MO, 63103",63103,St. Louis,+13149258421,,https://mozayrestaurant.com/,
NAPPS Natural Hair Salon,shop:hairdresser,"1224 Washington Avenue, Saint Louis, MO, 63103",63103,St. Louis,+13144364247,,,
National Sales Co,craft:metal_construction,"1533 Delmar Boulevard, Saint Louis, MO, 63103",63103,St. Louis,,,,
Natural Browz,shop:beauty,"1313 Washington Avenue, Saint Louis, MO, 63103",63103,St. Louis,+13144701617,,,
Nice Beauty Supplies,shop:beauty,"1319 Washington Avenue, Saint Louis, MO, 63103",63103,St. Louis,+13144215734,,,
Nicholas James & Co.,shop:hairdresser,"3041 Olive Street, Saint Louis, MO, 63103",63103,St. Louis,+16364970761,,,
Omen Athletics,leisure:fitness_centre,"2665 Washington Boulevard, Saint Louis, MO, 63103",63103,St. Louis,,,https://omenathleticsstl.com/,https://omenathleticsstl.com/contact-us/
One Stop Shop Imprints,shop:clothes,"1820 Washington Avenue, Saint Louis, MO, 63103",63103,St. Louis,,,,
Optum Marketing Group,office:advertising_agency,"1703 Delmar Boulevard, Saint Louis, MO, 63103",63103,St. Louis,+13145420400,,,
Orbital Engineering,office:engineer,"227 South Jefferson Avenue, Saint Louis, MO, 63103",63103,St. Louis,+13145969399,sales@orbitalengr.com,https://www.orbitalengr.com/,https://orbitalengr.com/contact/
Ozzy's Market,amenity:restaurant,"1933 Washington Avenue, Saint Louis, MO, 63103",63103,St. Louis,,email@example.com,https://ozzysmarket.com/,https://ozzysmarket.com/
Pappy's Smokehouse,amenity:restaurant,"3106 Olive Street, Saint Louis, MO, 63103",63103,St. Louis,+13145354340,user@domain.com,https://www.pappyssmokehouse.com/,https://www.pappyssmokehouse.com/contact
Paradise Salon,shop:hairdresser,"1923 Washington Avenue, Saint Louis, MO, 63103",63103,St. Louis,+13143429063,,,
Park Chop Suey,amenity:restaurant,"1321 Chouteau Avenue, Saint Louis, MO, 63103",63103,St. Louis,+13144362248,menuorgservice1@gmail.com,https://parkchopsuey.menucc.com/,https://parkchopsuey.menucc.com/#about
Pearl Gallery Tattoo,shop:tattoo,"2220 Olive Street, Saint Louis, MO, 63103",63103,St. Louis,+13146211020,,,
Phat Buddha Productions,amenity:studio,"1901 Locust Street, Saint Louis, MO, 63103",63103,St. Louis,,,https://www.phatbuddhaproductions.com/,https://www.phatbuddhaproductions.com/contact
Pink Studio,craft:photographer,"1826 Washington Avenue, Saint Louis, MO, 63103",63103,St. Louis,+13142103992,,https://www.pinkstudiostl.com/,
Plush,amenity:nightclub,"3224 Locust Street, Saint Louis, 63103",63103,St. Louis,+1 314 535 2686,,https://plushstl.com/,https://plushstl.com/
Police Retirement System of St. Louis,office:yes,"2020 Market Street, Saint Louis, MO, 63103",63103,St. Louis,+13142410800,,https://www.stlouisprs.org/,https://www.stlouisprs.org/
Pops Kitchen Downtown,amenity:restaurant,"1330 Washington Avenue, Saint Louis, MO, 63103",63103,St. Louis,+13142820920,,https://www.popskitchendowntownstl.com/,https://www.popskitchendowntownstl.com/contact/
Powell Symphony Hall,amenity:theatre,"718 North Grand Boulevard, Saint Louis, MO, 63103",63103,St. Louis,,info@slso.org,https://www.stlsymphony.org/,https://www.stlsymphony.org/
Preston Art Glass Studio,craft:glaziery,"2651 Chouteau Avenue, Saint Louis, MO, 63103",63103,St. Louis,+13147722611,staff@prestonartglass.com,http://www.prestonartglass.com/,http://www.prestonartglass.com/contact.html
ProPhotoSTL,craft:photographer,"1641 Washington Avenue, Saint Louis, MO, 63103",63103,St. Louis,+13148091498,prophoto@prophotostl.com,https://www.prophotostl.com/,https://www.prophotostl.com/
Provide Dental,amenity:dentist,"2211 Olive Street, Saint Louis, MO, 63103",63103,St. Louis,,,,
Public School Retirement System,office:government,"3641 Olive Street, Saint Louis, MO, 63103",63103,St. Louis,,memberservices@psrsstl.org,https://psrsstl.org/,https://psrsstl.org/contact-us/
Rally's,amenity:fast_food,"3553 Chouteau Avenue, Saint Louis, MO, 63103",63103,St. Louis,,,https://checkersandrallys.com/location/rally-s-8150-chouteau-ave-203538,
Remiger Design,office:architect,"2921 Olive Street, Saint Louis, MO, 63103",63103,St. Louis,+13142415151,,https://remigerdesign.com/,https://remigerdesign.com/contact/
Rhone Rum Bar,amenity:bar,"2107 Chouteau Avenue, Saint Louis, MO, 63103",63103,St. Louis,,,,
Robert A. Young Federal Building,office:government,"1222 Spruce Street, Saint Louis, MO, 63103",63103,St. Louis,,,,
Rosalita's Cantina,amenity:restaurant,"1235 Washington Avenue, Saint Louis, MO, 63103",63103,St. Louis,+1 314-621-2700,,https://www.rosalitascantina.com/,https://www.rosalitascantina.com/
S-T Leather Co,craft:leather,"830 South 17th Street, Saint Louis, MO, 63103",63103,St. Louis,+13142416009,sales@stleather.com,https://stleather.com/,https://stleather.com/contact-us/
Salama Supermarket,shop:supermarket,"1525 Chouteau Avenue, Saint Louis, MO, 63103",63103,St. Louis,+13144367704,,,
Salsa Rosada,amenity:restaurant,"3135 Olive Street, Saint Louis, MO, 63103",63103,St. Louis,+13146962699,mayoketchupstl@outlook.com,https://plantaingirl.com/,https://www.spothopperapp.com/contact-us?contact_reason=demo
Schlafly Tap room,amenity:restaurant,"2100 Locust Street, Saint Louis, MO, 63103",63103,St. Louis,+13142412337,taproommanagers@schlafly.com,https://www.schlafly.com/tap-room,https://www.schlafly.com/about
Scout's,amenity:restaurant,"2704 Locust Street, Saint Louis, MO, 63103",63103,St. Louis,+13143948650,,https://scouts.toast.site/,
Self Inflicted Studios,shop:tattoo,"1325 Washington Avenue, Saint Louis, MO, 63103",63103,St. Louis,+13146214660,,,
Shack’s Barber Shop,shop:hairdresser,"1724 Olive Street, Saint Louis, MO, 63103",63103,St. Louis,+13144367006,,,
Shave Barbershop,shop:hairdresser,"1912 Washington Avenue, Saint Louis, MO, 63103",63103,St. Louis,+13143674283,,,
Sheet Metal Workers SMART Local Union No. 36,office:union,"2319 Chouteau Avenue, Saint Louis, MO, 63103",63103,St. Louis,+13143712800,,https://sheetmetal36.org/,https://sheetmetal36.org/contact/
Shell,amenity:fuel,"7498 Delmar Boulevard, 63103",63103,St. Louis,,,,
Sherpa CRM,office:it,"3030 Locust Street, Saint Louis, MO, 63103",63103,St. Louis,+13144321234,marketing@alineops.com,https://sherpacrm.com/,https://alineops.com/senior-living/contact-center/
"Sincerely, The Craft",shop:gift,"2840 Locust Street, Saint Louis, MO, 63103",63103,St. Louis,+13146015002,,,
Snarf's Sandwiches,amenity:fast_food,"374 South Grand Boulevard, Saint Louis, MO, 63103",63103,St. Louis,+13148334828,slu@snarfsstl.com,https://www.eatsnarfs.com/stlouis-slu,https://www.eatsnarfs.com/about#contact
So Fetch Studios,shop:hairdresser,"1619 Washington Avenue, Saint Louis, MO, 63103",63103,St. Louis,+13144372208,,https://sofetchhair.com/,https://sofetchhair.com/pages/contact-us
Social Security Administration,office:government,"717 North 16th Street, Saint Louis, MO, 63103",63103,St. Louis,+18007721213,,https://www.socialsecurity.gov/,https://www.socialsecurity.gov/personal-record/update-contact-information
Social Treats,shop:tobacco,"1302 Washington Avenue, Saint Louis, MO, 63103",63103,St. Louis,+13142561540,,,
Sonder Lush Nail Studio,shop:beauty,"1428 Washington Avenue, Saint Louis, MO, 63103",63103,St. Louis,+13145719922,hello@sonderlush.com,https://www.sonderlush.com/,https://www.sonderlush.com/contact
Special Services,office:security,"1309 Convention Plaza, Saint Louis, MO, 63103",63103,St. Louis,+13144211800,info@spec-serv.com,http://www.spec-serv.com/,http://spec-serv.com/contact-special-services/
St. Louis Auto Car Sales,shop:car,"1800 Delmar Boulevard, Saint Louis, MO, 63103",63103,St. Louis,,,,
St. Louis City Medical Examiner,office:government,"1300 Clark Avenue, Saint Louis, MO, 63103",63103,St. Louis,+13146224971,medicalexaminer@stlouis-mo.gov,https://www.stlouis-mo.gov/government/departments/medical-examiner/index.cfm,https://www.stlouis-mo.gov/government/departments/medical-examiner/index.cfm#orgContact
St. Louis LCOMP,shop:electrical,"2820 Market Street, Saint Louis, MO, 63103",63103,St. Louis,+18003251393,,,
St. Louis Police Department Headquarters,amenity:police,"1915 Olive Street, Saint Louis, MO, 63103",63103,St. Louis,,,http://www.slmpd.org/,https://slmpd.org/contact/
St. Louis Public Library Administrative Offices,office:yes,"1415 Olive Street, Saint Louis, MO, 63103",63103,St. Louis,,webref@slpl.org,https://www.slpl.org/slpl-foundation,https://www.slpl.org/contact-us/
St. Louis Union Station,shop:mall,"1820 Market Street, Saint Louis, MO, 63103",63103,St. Louis,,info@stlouisunionstation.com,https://www.stlouisunionstation.com/,https://www.stlouisunionstation.com/about
St. Louis Union Station Soda Fountain,amenity:restaurant,"201 South 18th Street, Saint Louis, MO, 63103",63103,St. Louis,+13149233939,info@sodafountain-stl.com,https://www.sodafountain-stl.com,https://www.sodafountain-stl.com/contact/
Stage Left Grille,amenity:restaurant,"541 North Grand Boulevard, Saint Louis, MO, 63103",63103,St. Louis,+13145342720,contact@foxstl.com,http://fabulousfox.com/StageLeft,https://www.fabulousfox.com/connect/contact-us
Starbucks,amenity:cafe,"212 South Grand Boulelvard, Saint Louis, MO, 63103",63103,St. Louis,+1 314-533-2403,,https://www.starbucks.com/store-locator/store/91232/grand-ave-forest-park-212-south-grand-boulevard-st-louis-mo-631032419-us,https://www.starbucks.com/store-locator/store/91232/grand-ave-forest-park-212-south-grand-boulevard-st-louis-mo-631032419-us
Starbucks,amenity:cafe,"201 South Jefferson Avenue, Saint Louis, MO, 63103",63103,St. Louis,+1 314-887-3220,,https://www.starbucks.com/store-locator/store/1030239/s-jefferson-and-walnut-201-south-jefferson-ave-st-louis-mo-631032511-us,https://www.starbucks.com/store-locator/store/1030239/s-jefferson-and-walnut-201-south-jefferson-ave-st-louis-mo-631032511-us
State Farm,office:insurance,"2233 Olive Street, Saint Louis, MO, 63103",63103,St. Louis,,,,
State Of Mind Entertainment,amenity:studio,"3150 Locust Street, Saint Louis, MO, 63103",63103,St. Louis,,user@domain.com,https://www.st8of.me/,https://www.st8of.me/contact-us
Stealth Creative,office:advertising_agency,"1617 Locust Street, Saint Louis, MO, 63103",63103,St. Louis,+13144803606,,http://www.stealthcreative.com/,https://stealthcreative.com/talk-with-stealth/#contact-us
Stifel Theatre,amenity:theatre,"1400 Market Street, Saint Louis, MO, 63103",63103,St. Louis,,,https://www.stifeltheatre.com/,https://www.stifeltheatre.com/contact-us
STL City Grill,amenity:restaurant,"1137 Washington Avenue, Saint Louis, MO, 63103",63103,St. Louis,+13146962050,,,
Store Space,shop:storage_rental,"725 North 23rd Street, Saint Louis, MO, 63103",63103,St. Louis,+13149164118,,,
Syberg's On Market,amenity:restaurant,"2211 Market Street, Saint Louis, MO, 63103",63103,St. Louis,+1 314-231-2430,,http://www.sybergs.com/,https://sybergs.com/contact/
T-REX Downtown STL,office:coworking,"911 Washington Avenue, Saint Louis, MO, 63103",63103,St. Louis,+13142417500,info@downtowntrex.org,https://downtowntrex.org/,https://downtowntrex.org/contact/
TABA Smoke Shop + Novelty,shop:tobacco,"1208 Washington Avenue, Saint Louis, MO, 63103",63103,St. Louis,+13144368588,,,
Tapers Barber & Beauty Salon,shop:hairdresser,"2904 Market Street, Saint Louis, MO, 63103",63103,St. Louis,+13145342600,,,
Target,shop:department_store,"900 South Grand Boulevard, Saint Louis, MO, 63103",63103,St. Louis,+13148020434,,,
The Best Steak House,amenity:restaurant,"516 North Grand Boulevard, Saint Louis, MO, 63103",63103,St. Louis,+13145356036,,http://www.beststeakstl.com/,http://www.beststeakstl.com/Contact/
The Big Top,amenity:theatre,"3401 Washington Boulevard, Saint Louis, MO, 63103",63103,St. Louis,,info@kranzbergartsfoundation.org,https://www.kranzbergartsfoundation.org/the-big-top/,https://kranzbergartsfoundation.org/contact-us/
The Clean-Tech Company,craft:cleaning,"211 South Jefferson Avenue, Saint Louis, MO, 63103",63103,St. Louis,+13146522388,,https://www.cleantechcompany.com/,
The Daiquiri House STL By Jan & Bas,amenity:restaurant,"230 North 13th Street, Saint Louis, MO, 63103",63103,St. Louis,+13147171324,,https://www.thedaiquirihousestl.com/,
The Fabulous Fox,amenity:theatre,"527 North Grand Boulevard, Saint Louis, MO, 63103",63103,St. Louis,,contact@foxstl.com,https://www.fabulousfox.com/,https://www.fabulousfox.com/connect/contact-us
The Forge Media,amenity:studio,"3010 Locust Street, Saint Louis, MO, 63103",63103,St. Louis,,jack@theforge-media.com,https://theforge-media.com/,https://theforge-media.com/#contact
The Fountain on Locust,amenity:restaurant,"3037 Locust Street, Saint Louis, MO, 63103",63103,St. Louis,+1-314-535-7800,info@fountainonlocust.com,https://www.fountainonlocust.com/,
The Last Bar,amenity:bar,"1501 Washington Avenue, Saint Louis, MO, 63103",63103,St. Louis,,,https://thelasthotelstl.com/st-louis-restaurants/,
The Marquee Restaurant & Lounge,amenity:restaurant,"1911 Locust Street, Saint Louis, MO, 63103",63103,St. Louis,+13149439657,info@themarqueestl.com,https://www.themarqueestl.com/,https://www.spothopperapp.com/contact-us?contact_reason=demo
The Masala Republic,amenity:restaurant,"1325 Washington Avenue, Saint Louis, MO, 63103",63103,St. Louis,+13149327370,,http://www.themasalarepublic.com/,
The Passport Cocktail and Wine Bar,amenity:bar,"1321 Washington Avenue, Saint Louis, MO, 63103",63103,St. Louis,,,,
The Pitch,amenity:restaurant,"2 South 20th Street, Saint Louis, MO, 63103",63103,St. Louis,+13148023400,,https://www.thepitch-stl.com/?SEO_id=GMB--R-STLCUQQ-5&y_source=1_MTAzNDk4MjIyNC03MTUtbG9jYXRpb24ud2Vic2l0ZQ%3D%3D,https://www.thepitch-stl.com/contact/
The Selfie Room,craft:photographer,"1424 Washington Avenue, Saint Louis, MO, 63103",63103,St. Louis,+13145539175,hello@theselfieroom.com,https://www.theselfieroom.com/,https://www.theselfieroom.com/contact
The St. Louis American Newspaper,office:newspaper,"2315 Pine Street, Saint Louis, MO, 63103",63103,St. Louis,+13145338000,editor@stlamerican.com,https://www.stlamerican.com/,https://www.stlamerican.com/contact-us/
theory!,shop:beauty,"1708 Delmar Boulevard, Saint Louis, MO, 63103",63103,St. Louis,+13143800500,,,
theStitch,shop:clothes,"1315 Washington Avenue, Saint Louis, MO, 63103",63103,St. Louis,+13148963962,,,
Topgolf St. Louis - Midtown,leisure:sports_centre,"3201 Chouteau Avenue, Saint Louis, MO, 63103",63103,St. Louis,,,,
Touchwood Creative,office:yes,"3024 Locust Street, Saint Louis, MO, 63103",63103,St. Louis,+13144219878,,https://www.touchwoodcreative.com/,https://www.touchwoodcreative.com/
Twain Financial Partners,office:financial,"2200 Washington Avenue, Saint Louis, MO, 63103",63103,St. Louis,+13143004135,,http://twainfinancial.com/about-twain/,https://twainfinancial.com/contact-us/
Ultra-Color Corporation,shop:copyshop,"1814 Washington Avenue, Saint Louis, MO, 63103",63103,St. Louis,+13142410300,,,
Urban Chestnut Brewing Company,amenity:pub,"3229 Washington Avenue, Saint Louis, MO, 63103",63103,St. Louis,+1 314 222 0143,info@urbanchestnut.com,https://urbanchestnut.com/,https://urbanchestnut.com/contact
Veterans Administration Regional HQ,office:government,"South 18th Street, Saint Louis, MO, 63103",63103,St. Louis,,,,
Videira Wine Shop & Bar,shop:wine,"2702 Locust Street, Saint Louis, MO, 63103",63103,St. Louis,+13143779463,,,
Viola STL Dispensary,shop:cannabis,"2001 Olive Street, Saint Louis, MO, 63103",63103,St. Louis,+13149984652,,,
Walgreens,amenity:pharmacy,"3527 Chouteau Avenue, Saint Louis, MO, 63103",63103,St. Louis,,,,
Warehouse of Fixtures TNG,shop:furniture,"2720 Market Street, Saint Louis, MO, 63103",63103,St. Louis,+13145345900,,,
Wave Taco,amenity:bar,"1335 Convention Plaza, Saint Louis, MO, 63103",63103,St. Louis,,,,
WaXed Out Candle Gallery,shop:candles,"1909 Washington Avenue, Saint Louis, MO, 63103",63103,St. Louis,+13146197391,,,
Wells Fargo Advisors,office:financial_advisor,"2801 Market Street, Saint Louis, MO, 63103",63103,St. Louis,+13142423005,,https://home.wellsfargoadvisors.com/001_MOST?excid=FA1500050253,https://home.wellsfargoadvisors.com/contact.htm
Whisky on Washington,amenity:restaurant,"1234 Washington Avenue, Saint Louis, MO, 63103",63103,St. Louis,+13142614942,,https://www.thecognizanttable.com/coming-soon-02,
White Knight Diner,amenity:restaurant,"1801 Olive Street, Saint Louis, MO, 63103",63103,St. Louis,+1 314-621-5949,whiteknightdiner@gmail.com,https://www.facebook.com/Whiteknightdiner,
Wilke & Wilke,office:lawyer,"2708 Olive Street, Saint Louis, MO, 63103",63103,St. Louis,+13143710800,,,
Winnie's Wine Bar,amenity:bar,"2101 Chouteau Avenue, Saint Louis, MO, 63103",63103,St. Louis,,,,
명품김치,shop:kimchi,"81-2 수덕9길, 제주시, 63103",63103,St. Louis,,,,
새순약국,amenity:pharmacy,"69 수덕로, 제주시, 63103",63103,St. Louis,,,,
12th & Park Recreation Center,leisure:sports_centre,"1410 South Tucker Boulevard, Saint Louis, MO, 63104",63104,St. Louis,+13145896142,,https://www.stlouis-mo.gov/government/departments/parks/recreation/centers/12th-park.cfm,https://www.stlouis-mo.gov/government/contact.cfm
33 Wine Shop & Bar,shop:wine,"1913 Park Avenue, Saint Louis, MO, 63104",63104,St. Louis,+13142319463,,,
4 Hands Brewing Company,craft:brewery,"1220 South 8th Street, Saint Louis, MO, 63104",63104,St. Louis,+13144361559,jdanner@4handsbrewery.com,https://www.4handsbrewery.com/,https://www.4handsbrewery.com/contact
4 Muddy Paws,shop:pet,"1711 Park Avenue, Saint Louis, MO, 63104",63104,St. Louis,+13147737297,,,
A. T. Still University - Missouri School of Dentistry and Oral Health,amenity:dentist,"1500 Park Avenue, Saint Louis, MO, 63104",63104,St. Louis,,,,
Acosta Hair Design,shop:hairdresser,"1901 Park Avenue, Saint Louis, MO, 63104",63104,St. Louis,+13175072218,,,
An Affair To Remember,shop:florist,"2710 Lafayette Avenue, Saint Louis, MO, 63104",63104,St. Louis,+13148999321,,,
Architectural Artifacts of St. Louis,shop:antiques,"2711 Lafayette Avenue, Saint Louis, MO, 63104",63104,St. Louis,+13147714442,,,
Baileys' Chocolate Bar,amenity:restaurant,"1915 Park Avenue, Saint Louis, MO, 63104",63104,St. Louis,+13142418100,user@domain.com,https://www.baileyschocolatebar.com/,https://www.baileyschocolatebar.com/about
Bar 101 St. Louis,amenity:bar,"1724 South Broadway, Saint Louis, MO, 63104",63104,St. Louis,,,https://bar101stlouis.com/,https://www.istudiosg.com/site/contactus
Big Daddy's,amenity:bar,"1000 Sidney Street, Saint Louis, MO, 63104",63104,St. Louis,,,,
Bogart's Smokehouse,amenity:restaurant,"1627 South 9th Street, Saint Louis, MO, 63104",63104,St. Louis,+1 314-621-3107,user@domain.com,https://bogartssmokehouse.com/,https://bogartssmokehouse.com/contact
Boost Mobile,shop:mobile_phone,"1644 South Jefferson Avenue, Saint Louis, MO, 63104",63104,St. Louis,+13148990093,,,
Brewer Machine & Gear Co.,craft:metal_construction,"1533 South 7th Street, Saint Louis, MO, 63104",63104,St. Louis,+13142310987,,https://www.brewertensioner.com/,https://www.brewertensioner.com/contact.html
Buder Park Recreational Center,leisure:sports_centre,"2900 Hickory Street, Saint Louis, MO, 63104",63104,St. Louis,,,,
Carol House Quick Fix Pet Clinic,amenity:veterinary,"1218 South Jefferson Avenue, Saint Louis, MO, 63104",63104,St. Louis,,,,
Chava's,amenity:restaurant,"925-927 Geyer Avenue, Saint Louis, MO, 63104",63104,St. Louis,,,,
Clementine's Naughty and Nice Creamery,amenity:ice_cream,"1637 South 18th Street, Saint Louis, MO, 63104",63104,St. Louis,+1 314-474-5800,info@clementinescreamery.com,https://www.clementinescreamery.com/locations/missouri/lafayette-square/,
Climb So iLL at the Power Plant,leisure:sports_centre,"1419 Carroll Street, Saint Louis, MO, 63104",63104,St. Louis,,,https://stlouis.climbsoill.com/,https://stlouis.climbsoill.com/contact-info/
Crave Coffeehouse,amenity:cafe,"3500 Caroline Street, Saint Louis, MO, 63104",63104,St. Louis,,info@cravestl.org,http://cravestl.org/,http://cravestl.org/#contact
Custom Car Rental,amenity:car_rental,"2203 Gravois Avenue, St. Louis, MO, 63104",63104,St. Louis,+1 314-353-1300,,https://customcarrentalmo.com,
David's Design Salon,shop:hairdresser,"2233 South Grand Boulelvard, St. Louis, 63104",63104,St. Louis,+1-314-771-9001,,http://davidsdesignsalon.com/,
Diner's Delight,amenity:restaurant,"1504 South Compton Avenue, Saint Louis, MO, 63104",63104,St. Louis,,,,
Dollar General,shop:variety_store,"2500 South Jefferson Avenue, Saint Louis, MO, 63104",63104,St. Louis,,,https://www.dollargeneral.com/store-directory/mo/saint-louis/19180,
Dominican Friars of St. Dominic Priory,office:religion,"3407 Lafayette Avenue, Saint Louis, MO, 63104",63104,St. Louis,+13146789427,,https://www.friarly.com/,https://www.friarly.com/
Domino's,amenity:fast_food,"2256 South Grand Boulevard, Saint Louis, MO, 63104",63104,St. Louis,+1 314-773-4404,olocustomercare@dominos.com,https://pizza.dominos.com/missouri/st-louis/2256-s-grand-blvd,https://www.dominos.com/en/about-pizza/
Domino's,amenity:fast_food,"1611 South 9th Street, Saint Louis, MO, 63104",63104,St. Louis,+1 314-621-3030,olocustomercare@dominos.com,https://pizza.dominos.com/missouri/st.-louis/1613-s-9th-street,https://www.dominos.com/en/about-pizza/
Duke's,amenity:bar,"2001-2003 Menard Street, Saint Louis, MO, 63104",63104,St. Louis,,,,
ESOL Office,office:government,"1530 South Grand Boulevard, Saint Louis, MO, 63104",63104,St. Louis,,alla.gonzalezdelcastillo@slps.org,https://www.slps.org/esol,https://www.slps.org/departments/academics/early-childhood/early-childhood-education/contact-us
eXp Realty,office:estate_agent,"1900 Park Avenue, Saint Louis, MO, 63104",63104,St. Louis,+13142203786,,http://stlouispremier.com/,
Family Dollar,shop:variety_store,"1549 South Jefferson Avenue, Saint Louis, MO, 63104",63104,St. Louis,+13143287176,,,
First Mid Bank & Trust,amenity:bank,"1643 South Jefferson Avenue, Saint Louis, MO, 63104",63104,St. Louis,+13144497930,,,
Fit City Gym,leisure:fitness_centre,"1601 South Jefferson Avenue, Saint Louis, MO, 63104",63104,St. Louis,+13143009202,,https://www.fitcitystl.com/?y_source=1_MTAzODAzNTI1Ni03MTUtbG9jYXRpb24ud2Vic2l0ZQ%3D%3D,https://fitcitystl.com/contact-our-gyms-in-st-peters-and-st-louis/
Flying Fur Grooming Salon,shop:pet_grooming,"2249 Nebraska Avenue, Saint Louis, MO, 63104",63104,St. Louis,,,,
Frandeka Meat Market,shop:butcher,"700 Carroll Street, Saint Louis, MO, 63104",63104,St. Louis,+13142417743,,,
Frontenac Cleaners West End,shop:dry_cleaning,"1937 Park Avenue, Saint Louis, MO, 63104",63104,St. Louis,+13144361355,,,
Gain Clean Fuel,amenity:fuel,"1400 South 2nd Street, Saint Louis, MO, 63104",63104,St. Louis,,,,
GardaWorld,office:security,"1022 South 9th Street, Saint Louis, MO, 63104",63104,St. Louis,+13142314030,,https://www.garda.com/locations/united-states/missouri/st-louis-cash-services-branch,https://www.gardaworld.com/about
"Gausnell, O'Keefe & Thomas",office:lawyer,"1717 Park Avenue, Saint Louis, MO, 63104",63104,St. Louis,+13142579800,,https://gotlawstl.com/?utm_source=gbp&utm_medium=organic,https://gotlawstl.com/contact/
Gene Slay's Girls and Boys Club of St. Louis,leisure:sports_centre,"2524 South 11th Street, Saint Louis, MO, 63104",63104,St. Louis,,,https://www.gsgbcstl.org/,https://www.gsgbcstl.org/contact
Grow Hair Co,shop:hairdresser,"1920 Park Avenue, Saint Louis, MO, 63104",63104,St. Louis,+13149160493,,,
H&R Block,office:tax_advisor,"1601 South Jefferson Avenue, Saint Louis, MO, 63104",63104,St. Louis,+13147721300,,https://www.hrblock.com/tax-office-near-me/missouri/st-louis/49153/?otppartnerid=9308&campaignid=pw_mcm_9308_9762&utm_medium=local,https://www.hrblock.com/corporate/
Hair Fetish,shop:hairdresser,"1615 South 9th Street, Saint Louis, MO, 63104",63104,St. Louis,+13145880763,,,
Have A Cow Cattle Co. Cafe and Urban Farm Store,amenity:cafe,"2742 Lafayette Avenue, Saint Louis, MO, 63104",63104,St. Louis,+13142610305,,https://www.haveacow.farm/,https://www.haveacow.farm/contact-us
Henry's,amenity:bar,"825 Allen Avenue, Saint Louis, MO, 63104",63104,St. Louis,,,,
Hodaks,amenity:restaurant,"2100 Gravois Avenue, Saint Louis, 63104",63104,St. Louis,,,https://www.hodaks.com/,https://www.hodaks.com/contact/
Jack in the Box,amenity:fast_food,"2163 South Grand Boulevard, Saint Louis, MO, 63104",63104,St. Louis,+1 314-773-1553,,https://locations.jackinthebox.com/us/mo/saint-louis/2163-s-grand-ave,https://jackinthebox.com/contact
Jackson Hewitt,office:tax_advisor,"1616 South Jefferson Avenue, Saint Louis, MO, 63104",63104,St. Louis,+13146651699,,https://office.jacksonhewitt.com/tax-preparation-services-locations/en/mo/st-louis/1616-south-jefferson-ave/10127?utm_source=google&utm_medium=local&utm_campaign=local&utm_content=10127,https://www.jacksonhewitt.com/contact-us/
Jefferson Chop Suey,amenity:fast_food,"1622 South Jefferson Avenue, Saint Louis, MO, 63104",63104,St. Louis,,,,
Joanie's To Go,amenity:fast_food,"804-806 Russell Boulevard, Saint Louis, MO, 63104",63104,St. Louis,,,,
Joanies Pizza,amenity:restaurant,"2101 Menard Street, Saint Louis, MO, 63104",63104,St. Louis,,,,
John D. McGurk's Irish Pub and Garden,amenity:bar,"1200 Russell Boulevard, Saint Louis, MO, 63104",63104,St. Louis,+1-314-776-8309,questions@mcgurks.com,,
Johnnie Brock's Dungeon Party Warehouse,shop:party,"1900 South Jefferson Avenue, Saint Louis, MO, 63104",63104,St. Louis,+1-314-621-6199,info@johnniebrocks.com,https://www.johnniebrocks.com/,https://www.johnniebrocks.com/contact
Joyce’s Corner Kitchen,amenity:restaurant,"720 Carroll Street, Saint Louis, MO, 63104",63104,St. Louis,+13144214080,,,
Kingsland Properties,office:estate_agent,"2750 Lafayette Avenue, Saint Louis, MO, 63104",63104,St. Louis,+13147713509,,https://www.kingslandstl.com/about-us/,
Little Fox,amenity:restaurant,"2800 Shenandoah Avenue, Saint Louis, MO, 63104",63104,St. Louis,,,,
Market Bakery & Cafe,shop:bakery,"720 Carroll Street, Saint Louis, MO, 63104",63104,St. Louis,,,,
Master G's Styling Studio,shop:hairdresser,"618 South Jefferson Avenue, Saint Louis, MO, 63104",63104,St. Louis,+13147376817,,,
McAvoy Realty,office:estate_agent,"1909 Park Avenue, Saint Louis, MO, 63104",63104,St. Louis,+13145311900,,https://www.mcavoyrealty.com/,https://www.mcavoyrealty.com/contact/
McDonald's,amenity:fast_food,"1919 South Jefferson, Saint Louis, MO, 63104",63104,St. Louis,+1 314-771-2575,,https://www.mcdonalds.com/us/en-us/location/13870.html,https://www.mcdonalds.com/us/en-us/contact-us.html
Midwest Petroleum,shop:convenience,"1655 South Jefferson Avenue, Saint Louis, MO, 63104",63104,St. Louis,,,,
Missouri Glass Company,craft:glaziery,"1717 Ohio Avenue, Saint Louis, MO, 63104",63104,St. Louis,+13146645100,info@missouriglass.com,https://www.missouriglass.com/,https://www.missouriglass.com/contact
MLK Roofing & Construction,craft:roofer,"1215 South Jefferson Avenue, Saint Louis, MO, 63104",63104,St. Louis,+13145719594,,,
Modern Dollar Planning,office:financial_advisor,"1807 Park Avenue, Saint Louis, MO, 63104",63104,St. Louis,+13148275852,user@domain.com,https://www.modern-dollar.com/,https://www.modern-dollar.com/contact-us
Nu-Look Cleaners,shop:dry_cleaning,"1817 Park Avenue, Saint Louis, MO, 63104",63104,St. Louis,+13146211488,,,
Panera Bread,amenity:fast_food,"2018 South 7th Street, Saint Louis, MO, 63104",63104,St. Louis,+1 314-588-8726,,https://locations.panerabread.com/mo/st-louis/2018-s-7th-street.html,https://locations.panerabread.com/en-us/company/about-panera.html
Pizzeoli Wood Fired Pizza,amenity:restaurant,"1928 South 12th Street, Saint Louis, MO, 63104",63104,St. Louis,+1-314-449-1111,,https://www.pizzeoli.com/,https://www.pizzeoli.com/contact/
Planter's House,amenity:bar,"1000 Mississippi Avenue, Saint Louis, MO, 63104",63104,St. Louis,,,,
Polite Society Restaurant and Bar,amenity:restaurant,"1931 Park Avenue, Saint Louis, MO, 63104",63104,St. Louis,+13143252553,info@politesocietystl.com,https://www.politesocietystl.com/,https://www.politesocietystl.com/contact
Public Storage,shop:storage_rental,"1150 South 3rd Street, Saint Louis, MO, 63104",63104,St. Louis,+13144991289,,,
Rome West Realty,office:estate_agent,"2756 Lafayette Avenue, Saint Louis, MO, 63104",63104,St. Louis,+13148335551,susan.sauer@romewestrealtyllc.com,http://www.romewestrealtyllc.com/contact.html,http://www.romewestrealtyllc.com/contact.html
Rosé By Peno,amenity:restaurant,"1463 South 18th Street, Saint Louis, MO, 63104",63104,St. Louis,+13144058500,,https://www.rosestl.com/,
Salon One Six One,shop:hairdresser,"2758 Lafayette Avenue, Saint Louis, MO, 63104",63104,St. Louis,,,,
Save-A-Lot,shop:supermarket,"1631 South Jefferson Avenue, Saint Louis, MO, 63104",63104,St. Louis,+13147763217,example@email.com,https://savealot.com/grocery-stores/st-louis-63104-61375/,https://savealot.com/wcp/contact-us
Schnur Funeral Home,shop:funeral_directors,"3125 Lafayette Avenue, Saint Louis, MO, 63104",63104,St. Louis,+13147717780,,,
Shamrock Pub,amenity:pub,"1131 South Broadway, Saint Louis, MO, 63104",63104,St. Louis,,,,
Social Bar & Grill Soulard,amenity:restaurant,"1551 South 7th Street, Saint Louis, MO, 63104",63104,St. Louis,+13142413023,christinemoehle@yahoo.com,https://www.socialbarandgrillsoulard.com/,https://www.socialbarandgrillsoulard.com/contact-us
Soulard Family Dentistry,amenity:dentist,"2229 South 12th Street, Saint Louis, MO, 63104",63104,St. Louis,+1-314-771-3011,soularddental@att.net,https://soulardfamilydentistry.com/,
Soulard Market,amenity:marketplace,"730 Carroll Street, Saint Louis, MO, 63104",63104,St. Louis,+1-314-622-4180,soulard-market@stlouis-mo.gov,https://www.stlouis-mo.gov/government/departments/parks/soulard/index.cfm,https://www.stlouis-mo.gov/government/departments/parks/soulard/index.cfm#orgContact
Soulard Spice Shop,shop:spices,"730 Carroll Street, Saint Louis, MO, 63104",63104,St. Louis,+13147832100,,,
Soulard's Cajun Corner,amenity:restaurant,"730 Carroll Street, Saint Louis, MO, 63104",63104,St. Louis,+13145468382,user@domain.com,https://www.soulardscajuncorner.com/,https://www.soulardscajuncorner.com/story
Spirits of St. Louis Distillery,craft:distillery,"1727 Park Avenue, Saint Louis, MO, 63104",63104,St. Louis,+13142312537,info@squareonebrewery.com,http://spiritsofstlouisdistillery.com/,https://www.spothopperapp.com/contact-us?contact_reason=demo
Square One Brewery & Distillery,amenity:restaurant,"1727 Park Avenue, Saint Louis, 63104",63104,St. Louis,+13142312537,info@squareonebrewery.com,https://squareonebrewery.com/,https://www.spothopperapp.com/contact-us?contact_reason=demo
SqWires Restaurant & Market,amenity:restaurant,"1415 South 18th Street, Saint Louis, MO, 63104",63104,St. Louis,+1 314-865-3522,info@sqwires.com,https://sqwires.com/,https://sqwires.com/private-events/events-contact/
St. Louis Escape,leisure:escape_game,"1517 South 8th Street, Saint Louis, MO, 63104",63104,St. Louis,,info@stlouisescape.com,https://www.stlouisescape.com/,https://www.stlouisescape.com/contact.html
Stadium Liquor,shop:alcohol,"1129 South Broadway, Saint Louis, MO, 63104",63104,St. Louis,+13142218440,,,
Starbucks,amenity:cafe,"2350 South Grand Boulevard, Saint Louis, MO, 63104",63104,St. Louis,+1 314-313-6819,,https://www.starbucks.com/store-locator/store/1010092/st-louis-s-grand-and-sidney-2350-south-grand-ave-st-louis-mo-631041755-us,https://www.starbucks.com/store-locator/store/1010092/st-louis-s-grand-and-sidney-2350-south-grand-ave-st-louis-mo-631041755-us
Stars Design Group,office:graphic_design,"1301 Gravois Avenue, Saint Louis, MO, 63104",63104,St. Louis,+13147719152,,https://starsdesigngroup.com/,https://starsdesigngroup.com/contact-us-apparel-manufacturer/
StilL 630 Distillery,craft:distillery,"1000 South 4th Street, Saint Louis, MO, 63104",63104,St. Louis,+13145132275,info@still630.com,https://www.still630.com/,https://www.still630.com/pages/contact-us
Subway,amenity:fast_food,"2255 South Grand Boulevard, St Louis, MO, 63104",63104,St. Louis,+1 314-771-1192,,https://restaurants.subway.com/united-states/mo/st-louis/2255-s-grand-blvd,https://www.subway.com/en-US/ContactUs/GuestCare
Subway,amenity:fast_food,"1641 South Jefferson Avenue, Saint Louis, MO, 63104",63104,St. Louis,+1 314-771-1444,,https://restaurants.subway.com/united-states/mo/st-louis/1641-s-jefferson-ave,https://www.subway.com/en-US/ContactUs/GuestCare
Subway,amenity:fast_food,"1831 South 7th Street, Saint Louis, MO, 63104",63104,St. Louis,+1 314-621-2252,,https://restaurants.subway.com/united-states/mo/st-louis/1831-south-7th-street,https://www.subway.com/en-US/ContactUs/GuestCare
Sweet Divine,shop:bakery,"1801 South 9th Street, Saint Louis, MO, 63104",63104,St. Louis,,,,
The Art of Living,office:association,"743 Hickory Street, Saint Louis, MO, 63104",63104,St. Louis,,,,
The Bellwether,amenity:restaurant,"1419 Carroll Street, Saint Louis, MO, 63104",63104,St. Louis,+1-314-380-3086,user@domain.com,https://www.thebellwetherstl.com/,https://www.thebellwetherstl.com/
The Burns Law Firm,office:lawyer,"1717 Park Avenue, Saint Louis, MO, 63104",63104,St. Louis,+18008086177,,,
The Fifth Wheel Catering,craft:caterer,"3135 Lafayette Avenue, Saint Louis, MO, 63104",63104,St. Louis,+13148990430,events@baileysrestaurants.com,https://www.fifthwheelcatering.com/,https://www.fifthwheelcatering.com/contact-us
Timeless Techs,shop:electronics,"2035 Shenandoah Avenue, Saint Louis, MO, 63104",63104,St. Louis,+1 314-449-1100,,,
Tuckers,amenity:restaurant,"2117-2119 South 12th Street, Saint Louis, MO, 63104",63104,St. Louis,,,,
Union Barbershop,shop:hairdresser,"1264-1266 Gravois Avenue, Saint Louis, MO, 63104",63104,St. Louis,,,,
Vicini Pastaria,shop:pasta,"1916 Park Avenue, Saint Louis, MO, 63104",63104,St. Louis,,,,
Vincent's Market,shop:supermarket,"2400 South 12th Street, Saint Louis, MO, 63104",63104,St. Louis,+1 314-772-4710,,,
Walgreens,shop:chemist,"1530 Lafayette Avenue, Saint Louis, MO, 63104",63104,St. Louis,+13146781039,,https://www.walgreens.com/locator/walgreens-1530+lafayette+ave-saint+louis-mo-63104/id=11711,https://www.walgreens.com/youraccount/clhistory/contactlenshist.jsp
Walter Knoll Florist,shop:florist,"2765 Lasalle Street, Saint Louis, MO, 63104",63104,St. Louis,+13143527575,,,
Washateria,shop:laundry,"2901-2907 Shenandoah Avenue, Saint Louis, MO, 63104",63104,St. Louis,,,,
ZX,amenity:fuel,"1001 South Broadway, Saint Louis, MO, 63104",63104,St. Louis,,,,
Akar,amenity:restaurant,"7641 Wydown Boulevard, Clayton, MO, 63105",63105,Clayton,,,,
Bank of America,amenity:bank,"7800 Forsyth Boulevard, Clayton, MO, 63105",63105,Clayton,+1 314 466 0460,,,
Barrio,amenity:restaurant,"740 De Mun Avenue, Clayton, MO, 63105",63105,Clayton,,,https://www.barrioclayton.com/,
Baty Otto Scheer P.C.,office:lawyer,"7777 Bonhomme Avenue, St. Louis, MO, 63105",63105,Clayton,+1 314-863-6274,,https://batyotto.com/,https://batyotto.com/contact/
Café la Vie,amenity:restaurant,"7730 Bonhomme Avenue, St. Louis, MO, 63105",63105,Clayton,+1-314-863-0400,cafelavie@lemeridienclayton.com,https://www.cafelaviestlouis.com/,
Central Bank,amenity:bank,"7707 Forsyth Boulevard, Clayton, MO, 63105",63105,Clayton,,cbccustomerservice@centralbank.net,http://www.centralbankstl.net/,http://www.centralbankstl.net/contact-us/
Chipotle,amenity:fast_food,"1 North Central Avenue, Clayton, MO, 63105",63105,Clayton,+1 314-725-5650,mo.0907.dtclayton@chipotle.com,https://locations.chipotle.com/mo/clayton/1-n-central-ave,https://chipotle.com/rewards
Clementine's Naughty and Nice Creamery,amenity:ice_cream,"730 De Mun Avenue, Clayton, MO, 63105",63105,Clayton,+1 314-643-9900,info@clementinescreamery.com,https://clementinescreamery.com/pages/clayton,
County Credit Union,amenity:bank,"130 South Bemiston Avenue, Clayton, MO, 63105",63105,Clayton,,,,
Crohn's & Colitis Foundation,office:association,"7711 Bonhomme Avenue, Clayton, MO, 63105",63105,Clayton,+1-800-783-8006,midamerica@crohnscolitisfoundation.org,https://www.crohnscolitisfoundation.org/chapters/midamerica,
Crushed Red,amenity:restaurant,"8007 Maryland Avenue, Clayton, MO, 63105",63105,Clayton,,info@crushed-red.com,https://crushed-red.com,https://crushed-red.com/about/
DeMun Professional Cleaners,shop:dry_cleaning,"726 De Mun Avenue, Clayton, MO, 63105",63105,Clayton,,,https://demuncleaners.com,https://demuncleaners.com/contact
Dot Dot Dash,shop:clothes,"726 De Mun Avenue, Clayton, MO, 63105",63105,Clayton,,dotdotdashboutique@gmail.com,https://www.dotdotdashboutique.com,https://www.dotdotdashboutique.com/about
Garbanzo,amenity:restaurant,"8143 Maryland Avenue, Clayton, MO, 63105",63105,Clayton,+13142245222,hideitffs.abdali@eatgarbanzo.com,https://restaurants.eatgarbanzo.com/mo/st-louis/8143-maryland-ave,https://restaurants.eatgarbanzo.com/mo/st-louis/8143-maryland-ave
Haché Herbal Infusions,amenity:cafe,"6350 South Rosebury Avenue, Clayton, MO, 63105",63105,Clayton,+1 314-725-7333,,https://www.instagram.com/hacheherbalinfusions/,https://about.meta.com/
Half & Half,amenity:restaurant,"8135 Maryland Avenue, 63105",63105,Clayton,+1-314-725-0719,info@halfandhalfstl.com,https://www.halfandhalfstl.com/,
Heads Unlimited,shop:hairdresser,"800 De Mun Avenue, Clayton, MO, 63105",63105,Clayton,,,,
How Sweet Is This,shop:confectionery,"804 DeMun Avenue, Clayton, 63105",63105,Clayton,,,http://www.howsweetisthis.com/,http://www.howsweetisthis.com/contact.html
Jimmy John's,amenity:fast_food,"20 North Central Avenue, Clayton, MO, 63105",63105,Clayton,+1 314-260-9479,,https://locations.jimmyjohns.com/mo/clayton/sandwiches-4334.html,https://www.jimmyjohns.com/contact-us/feedback
Kakao Chocolate,shop:chocolate,"7720 Forsyth Boulevard, Clayton, MO, 63105",63105,Clayton,,,,
Kaldi's,amenity:cafe,"700 De Mun Avenue, Clayton, MO, 63105",63105,Clayton,+1-314-727-9955,info@kaldiscoffee.com,https://kaldiscoffee.com/,https://kaldiscoffee.com/pages/contact-us
Lawrence K. Roos County Administration Building,office:government,"41 South Central Avenue, Clayton, MO, 63105",63105,Clayton,+1 314 615 5000,,https://stlouisco.com/,
McKinsey & Company,office:company,"7733 Forsyth Boulevard, Saint Louis, MO, 63105",63105,Clayton,,,,
Panera Bread,amenity:fast_food,"10 South Central Avenue, Clayton, MO, 63105",63105,Clayton,+1 314 725 9666,,http://paneracares.org/locations/,
Pasta Plus,amenity:restaurant,"22 South Central Avenue, Clayton, MO, 63105",63105,Clayton,,,,
Pastaria,amenity:restaurant,"7734 Forsyth Boulevard, Clayton, MO, 63105",63105,Clayton,+1 314-862-6603,info@pastariastl.com,https://eatpastaria.com/stlouis/,https://visitor.constantcontact.com/manage/optin?v=001pNRQhF_J28fKShAMo8QT2OBEsZ5n4y-47bZzNd3VNG2WE2DqI0ay2gCPcCA2vxuv4EwC-CDU-RMzyg27B5MJbjfWlnchuluB
PNC Bank,amenity:bank,"7801 Forsyth Boulevard, Clayton, MO, 63105",63105,Clayton,+1 314 802 0058,,https://www.pnc.com,https://www.pnc.com/en/personal-banking/totalrewards/reward-details.html?lnksrc=topnav
Red Fitness Lounge,leisure:fitness_centre,"139 Carondelet Plaza, Clayton, MO, 63105",63105,Clayton,+1 314-497-8838,lucas@redfitnesslounge.com,https://redfitnesslounge.com/,https://www.redfitnesslounge.com/contact
Regions Bank,amenity:bank,"8351 Maryland Avenue, Clayton, MO, 63105",63105,Clayton,,,,
Sasha's Wine Bar,amenity:bar,"706 De Mun Avenue, Clayton, MO, 63105",63105,Clayton,+1-314-863-7274,sashasonshaw@gmail.com,https://sashaswinebar.com,https://sashaswinebar.com
Seedz Cafe,amenity:restaurant,"6344 South Rosebury Avenue, Clayton, MO, 63105",63105,Clayton,+1 314-725-7333,,https://www.seedzcafe.com/,https://seedzcafe.com/about/
Shanley Building,office:government,"7800 Maryland Avenue, Clayton, MO, 63105",63105,Clayton,,,,
"Stange Law Firm, PC",office:lawyer,"120 South Central Avenue, #450, Clayton, MO, 63105",63105,Clayton,+1 314-963-4700,stangelawfirm@mail.com,https://www.stangelawfirm.com,
Starbucks,amenity:cafe,"7645 Wydown Boulevard, Clayton, MO, 63105",63105,Clayton,,,,
Starbucks,amenity:cafe,"2 North Central, Clayton, MO, 63105",63105,Clayton,+1 314-863-8070,,https://www.starbucks.com/store-locator/store/15832/forsyth-n-central-2-north-central-clayton-mo-631053813-us,https://www.starbucks.com/store-locator/store/15832/forsyth-n-central-2-north-central-clayton-mo-631053813-us
Sterling bank,amenity:bank,"48 South Bemiston Avenue, Clayton, MO, 63105",63105,Clayton,,,,
Stopwatch Maps,office:it,"6341 North Rosebury Avenue, Clayton, MO, 63105",63105,Clayton,,,https://stopwatchmaps.com,
Strands,shop:hairdresser,"706 De Mun Avenue, Clayton, MO, 63105",63105,Clayton,,strandshairsalon@gmail.com,https://strands-hair.com/,https://www.strands-hair.com/
Straub's Market,shop:supermarket,"8282 Forsyth Boulevard, 63105",63105,Clayton,+1 314-725-2121,gifts@straubs.com,https://www.straubs.com/,https://www.straubs.com/pages/contact
Subway,amenity:fast_food,"7744 Forsyth Boulevard, Clayton, MO, 63105",63105,Clayton,+1 314-721-2400,,https://restaurants.subway.com/united-states/mo/clayton/7744-forsyth-blvd,https://www.subway.com/en-US/ContactUs/GuestCare
Tailored Gents,craft:tailor,"8101 Maryland Avenue, 63105",63105,Clayton,+1-314-721-7848,info@tailoredgents.com,https://www.tailoredgents.com/,
Tailored Gents at Savile Row,craft:tailor,"8101 Maryland Avenue, 63105",63105,Clayton,,info@tailoredgents.com,https://www.tailoredgents.com/,https://www.tailoredgents.com/contact/
The Dental Anesthesia Center,amenity:dentist,"950 Francis Place, Clayton, MO, 63105",63105,Clayton,+1 314-862-7844,secure@dac950.com,https://www.dentalsleepstlouis.com/,https://www.dentalsleepstlouis.com/contact-us/
"The Law Office of David S. Schleiffarth, LLC",office:lawyer,"225 South Meramec Avenue, Clayton, MO, 63105",63105,Clayton,+1 314-448-0527,dave@lawofficedss.com,https://lawofficedss.com/,
The St Louis Artists' Guild,office:association,"1 Oak Knoll Park, Clayton, MO, 63105",63105,Clayton,,,,
Vedanta Society Annex,office:religion,"South Skinker Boulevard, Saint Louis, MO, 63105",63105,Clayton,,,,
Wasabi,amenity:restaurant,"7726 Forsyth Boulevard, Clayton, MO, 63105",63105,Clayton,+1-314-721-9970,,https://www.wasabisushibars.com/location/wasabi-sushi-bars-clayton/,https://www.wasabisushibars.com/contact/
Wasabi Sushi Bar,amenity:restaurant,"16 South Central Avenue, Clayton, MO, 63105",63105,Clayton,+1 314-721-9970,,https://wasabisushibars.com/,https://wasabisushibars.com/contact/
Waterway Carwash,amenity:car_wash,"122 South Hanley Road, 63105",63105,Clayton,,,,
14th Street Artist Community,shop:art,"2701 14th Street, Saint Louis, 63106",63106,St. Louis,,,,
Affinia Healthcare Program Management Office,office:healthcare,"2524 Hadley Street, Saint Louis, MO, 63106",63106,St. Louis,+13148981700,,https://www.affiniahealthcare.org/,https://affiniahealthcare.org/contact/partnerships-and-relationships/
Biddle Housing Opportunity Center,office:government,"1212 North 13th Street, Saint Louis, MO, 63106",63106,St. Louis,+13146121675,,https://www.stlouis-mo.gov/homeless-services/biddle-house.cfm,https://www.stlouis-mo.gov/government/contact.cfm
Boca Pharmacy,amenity:pharmacy,"1101 North Jefferson Avenue, Saint Louis, MO, 63106",63106,St. Louis,,,,
Breeze Unisex Salon,shop:hairdresser,"3516 St Louis Avenue, Saint Louis, MO, 63106",63106,St. Louis,+1 314-533-5903,,http://breezeunisexsalon.com,
Brink's,office:security,"909 North 18th Street, Saint Louis, MO, 63106",63106,St. Louis,+13148459015,us.salesinfo@brinksinc.com,https://www.brinks.com/,https://us.brinks.com/contact
Cardinal Machine & Nipple Works,shop:repair,"1522 North 9th Street, Saint Louis, MO, 63106",63106,St. Louis,,,,
Cass Commercial Bank,amenity:bank,"1420 North 13th Street, Saint Louis, MO, 63106",63106,St. Louis,,,,
Church's Chicken,amenity:fast_food,"920 North Grand Boulevard, Saint Louis, MO, 63106",63106,St. Louis,+1 314-652-2034,,https://locations.churchs.com/mo/st-louis/920-n-grand-boulevard,
City of St. Louis Forestry Division,office:government,"1415 North 13th Street, Saint Louis, MO, 63106",63106,St. Louis,+13146137200,,https://www.stlouis-mo.gov/government/departments/parks/forestry/,https://www.stlouis-mo.gov/government/departments/parks/forestry/#orgContact
Crown Candy Kitchen,amenity:restaurant,"1401 Saint Louis Avenue, Saint Louis, MO, 63106",63106,St. Louis,,,,
Domino's,amenity:fast_food,"1430 North 13th, Saint Louis, MO, 63106",63106,St. Louis,+1 314-421-3030,olocustomercare@dominos.com,https://pizza.dominos.com/missouri/st.-louis/1430-n-13th,https://www.dominos.com/en/about-pizza/
EM Harris Storage,shop:storage_rental,"2516 North 22nd Street, Saint Louis, MO, 63106",63106,St. Louis,,,,
Family Dollar,shop:variety_store,"2708 North Florissant Avenue, Saint Louis, MO, 63106",63106,St. Louis,+13142824282,,,
Freddie Lee's Gourmet Sauces,shop:spices,"1912 Carr Street, Saint Louis, MO, 63106",63106,St. Louis,,,,
Gene’s Bar & Grill,amenity:bar,"1319 Saint Louis Avenue, Saint Louis, 63106",63106,St. Louis,,,,
Headhunters,shop:hairdresser,"2615 14th Street, Saint Louis, 63106",63106,St. Louis,+1 314 421 3360,,,
Hopmann Cornice Co,craft:metal_construction,"2573 Benton Street, Saint Louis, MO, 63106",63106,St. Louis,+13142414129,,,
Lé Fit,shop:clothes,"2717 14th Street, Saint Louis, 63106",63106,St. Louis,+1 314 899 5360,,http://www.lefitonline.com,
Lift For Life Gym,leisure:fitness_centre,"1415 Cass Avenue, Saint Louis, MO, 63106",63106,St. Louis,+13145881186,,https://www.liftforlifegym.org/,https://liftforlifegym.org/contact/
Medco Tool,shop:hardware,"810 North Jefferson Avenue, Saint Louis, MO, 63106",63106,St. Louis,+13145881111,,,
Message and a Meal,office:association,"1001 Cass Avenue, Saint Louis, MO, 63106",63106,St. Louis,+13143635882,info@mmstl.org,http://mmstl.org/,http://mmstl.org/contact-us.html
North City Business Development Center,office:company,"2700 14th Street, Saint Louis, 63106",63106,St. Louis,,,,
Old North Provisions,shop:greengrocer,"2720 14th Street, Saint Louis, 63106",63106,St. Louis,,,,
Parks Auto Sales,shop:car,"1325 North 10th Street, Saint Louis, MO, 63106",63106,St. Louis,,,,
Personal Touches by Jeanetta,shop:furniture,"815 Cass Avenue, Saint Louis, MO, 63106",63106,St. Louis,,,,
Preservation Square Leasing Office,office:yes,"1405 North 16th Street, Saint Louis, MO, 63106",63106,St. Louis,+13146649895,preservationsquare@mccormackbaron.com,https://www.preservationsquare.com/,https://www.preservationsquare.com/contact
Radford Funeral Home,shop:funeral_directors,"1710 North Grand Boulevard, Saint Louis, MO, 63106",63106,St. Louis,,,,
Salama Motors,shop:car,"1444 Cass Avenue, Saint Louis, MO, 63106",63106,St. Louis,,,,
Simmons Bank,amenity:bank,"1023 North Grand Boulevard, Saint Louis, MO, 63106",63106,St. Louis,,,,
STL AUTO PROS,shop:car_repair,"1320 Cass Avenue, Saint Louis, MO, 63106",63106,St. Louis,+13146962159,,,
Veterans Community Project,office:association,"1515 North Grand Boulevard, Saint Louis, MO, 63106",63106,St. Louis,+13145012810,,https://www.veteranscommunityproject.org/vcp-stlouis,https://vcp.org/contact/
Zoom Convenience Store,shop:convenience,"1300 North Tucker Boulevard, Saint Louis, MO, 63106",63106,St. Louis,,,,
잼잍다마트 Jameatda mart,shop:general,"142 오광로, 제주시, 63106",63106,St. Louis,+82507-1350-2974,,,
ALDI,shop:supermarket,"3616 Natural Bridge, Saint Louis, MO, 63107",63107,St. Louis,+1 855-955-2534,,https://stores.aldi.us/mo/st.-louis/3616-natural-bridge,https://www.aldi.us/store/aldi/pages/about-aldi
Church's Chicken,amenity:fast_food,"3521 North Grand Boulevard, Saint Louis, MO, 63107",63107,St. Louis,+1 314-652-7172,,https://locations.churchs.com/mo/st-louis/3525-n-grand-boulevard,
Cornerstone Cafe,amenity:restaurant,"1436 Salisbury Street, St. Louis, MO, 63107",63107,St. Louis,,,,
Cut Up Styles,shop:hairdresser,"3001 North Florissant Avenue, Saint Louis, MO, 63107",63107,St. Louis,,,,
Dollar General,shop:variety_store,"4038 North Grand Boulevard, Saint Louis, MO, 63107",63107,St. Louis,,,https://www.dollargeneral.com/store-directory/mo/saint-louis/14612,
Freddie G's Chicken and Waffle,amenity:restaurant,"1435 Salisbury Street, Saint Louis, MO, 63107",63107,St. Louis,,,,
Jordan Valley Market,shop:convenience,"2918 North Vandeventer Avenue, Saint Louis, MO, 63107",63107,St. Louis,,,,
Kenny's Automotive,shop:car_repair,"2925 North Florissant Avenue, Saint Louis, MO, 63107",63107,St. Louis,,,,
La Mancha Coffee House,amenity:cafe,"2800 North 14th Street, Saint Louis, 63107",63107,St. Louis,,,http://www.lamanchacoffeehouse.com/,
NHÍM COFFEE & DRINK,amenity:cafe,"151 Trần Quý Cáp, Buôn Ma Thuột, 63107",63107,St. Louis,+84916936767,,,
Popeyes,amenity:fast_food,"3515 Natural Bridge Avenue, Saint Louis, MO, 63107",63107,St. Louis,+1 314-534-2239,,https://www.popeyes.com/store-locator/store/restaurant_81945,https://www.popeyes.com/store-locator/store/restaurant_81945
1904Labs,office:company,"20 South Sarah Street, Saint Louis, MO, 63108",63108,St. Louis,,info@turnberrysolutions.com,https://1904labs.com/,https://www.turnberrysolutions.com/contact/
Aldi,shop:supermarket,"702 North Kingshighway Boulevard, Saint Louis, MO, 63108",63108,St. Louis,+1 855-955-2534,,https://stores.aldi.us/mo/st.-louis/702-n-kingshighway,https://www.aldi.us/store/aldi/pages/about-aldi
American Cleaners,shop:dry_cleaning,"4487 Forest Park Avenue, Saint Louis, MO, 63108",63108,St. Louis,+13142614311,,,
Applebee's,amenity:restaurant,"4550 Forest Park Avenue, Saint Louis, MO, 63108",63108,St. Louis,+1 314-454-6636,,https://restaurants.applebees.com/en-us/mo/saint-louis/4550-forest-park-boulevard-81027,https://www.applebees.com/en/contact-us
Arby's,amenity:fast_food,"4021 Lindell Boulevard, Saint Louis, MO, 63108",63108,St. Louis,+1 314-652-0726,,https://www.arbys.com/locations/us/mo/st--louis/4021-lindell-blvd/store-504/,https://www.arbys.com/locations/us/mo/st--louis/4021-lindell-blvd/store-504/
Bangkok Cafe,amenity:restaurant,"4495 Forest Park Avenue, Saint Louis, MO, 63108",63108,St. Louis,+13142579000,,,
Bank of America,amenity:bank,"4625 Lindell Boulevard, Saint Louis, MO, 63108",63108,St. Louis,,thien.le@ml.com,https://locators.bankofamerica.com/mo/saintlouis/financial-centers-saint-louis-11028.html,https://www.bankofamerica.com/customer-service/contact-us/
Barett Barerra Projects,shop:furniture,"4733 McPherson Avenue, Saint Louis, MO, 63108",63108,St. Louis,,,,
Batteries Plus Bulbs,shop:electronics,"4493 Forest Park Avenue, Saint Louis, MO, 63108",63108,St. Louis,+13144999069,,,
Bel Air Social,amenity:restaurant,"4630 Lindell Boulevard, Saint Louis, MO, 63108",63108,St. Louis,,,,
Bowood,amenity:restaurant,"4605 Olive Street, Saint Louis, MO, 63108",63108,St. Louis,+1 314-454-6868,info@bowoodbyniche.com,https://bowoodbyniche.com,https://visitor.constantcontact.com/manage/optin?v=001pNRQhF_J28fKShAMo8QT2OBEsZ5n4y-47bZzNd3VNG2WE2DqI0ay2gCPcCA2vxuv4EwC-CDU-RMzyg27B5MJbjfWlnchuluB
BP,amenity:fuel,"4403 Laclede Avenue, Saint Louis, MO, 63108",63108,St. Louis,,,,
Brasserie by Niche,amenity:restaurant,"4580 Laclede Avenue, Saint Louis, MO, 63108",63108,St. Louis,+13144540600,info@brasseriebyniche.com,https://brasseriebyniche.com/,https://visitor.constantcontact.com/manage/optin?v=001pNRQhF_J28fKShAMo8QT2OBEsZ5n4y-47bZzNd3VNG2WE2DqI0ay2gCPcCA2vxuv4EwC-CDU-RMzyg27B5MJbjfWlnchuluB
Brilliant Earth,shop:jewelry,"36 Maryland Plaza, Saint Louis, MO, 63108",63108,St. Louis,+13149701299,,,
Bubblecup Tea Zone & Ice Cave,amenity:cafe,"3 North Euclid Avenue, Saint Louis, MO, 63108",63108,St. Louis,+13143548085,icecavestl@gmail.com,https://www.icecavestl.com/,https://www.icecavestl.com/about
Burger King,amenity:fast_food,"5025 Delmar Avenue, Saint Louis, MO, 63108",63108,St. Louis,+1 314-361-1336,,https://www.bk.com/store-locator/store/restaurant_2329,https://www.bk.com/store-locator/store/restaurant_2329
CBD Kratom Dispensary,shop:cannabis,"115 North Euclid Avenue, Saint Louis, MO, 63108",63108,St. Louis,+13143126220,,,
Central West End Cleaners,shop:dry_cleaning,"4585 Laclede Avenue, Saint Louis, MO, 63108",63108,St. Louis,+13143671862,,,
Central West End Nails & Spa,shop:beauty,"4904 Laclede Avenue, Saint Louis, MO, 63108",63108,St. Louis,+13147769090,,,
Chase Club,amenity:restaurant,"212 North Kingshighway Boulevard, Saint Louis, MO, 63108",63108,St. Louis,+13144549000,royalchaseclub@sonesta.com,https://www.stlchaseclub.com/,https://www.stlchaseclub.com/contact-us/#contact
Chase Park Plaza Cinemas,amenity:cinema,"212 North Kingshighway Boulevard, Saint Louis, MO, 63108",63108,St. Louis,,,https://www.stlouiscinemas.com/Chase/NowPlaying.aspx,
Chong Wah,amenity:fast_food,"4139 Lindell Boulevard, Saint Louis, MO, 63108",63108,St. Louis,+13146527202,,http://go2chongwang.weebly.com/,http://go2chongwang.weebly.com/
Church's Chicken,amenity:fast_food,"805 North Kingshighway Boulevard, Saint Louis, MO, 63108",63108,St. Louis,+1 314-361-8776,,https://locations.churchs.com/mo/st-louis/805-n-kingshighway-boulevard,
Ciao Cafe Pizzeria,amenity:restaurant,"4501 Maryland Avenue, Saint Louis, MO, 63108",63108,St. Louis,,,,
City Cat Clinic,amenity:veterinary,"4491 Forest Park Avenue, Saint Louis, MO, 63108",63108,St. Louis,+13146521919,,https://www.citycatclinic-stl.com/,
Clarkson Eyecare,shop:optician,"7 North Euclid Avenue, Saint Louis, MO, 63108",63108,St. Louis,+13148842382,,,
Clementine's Naughty and Nice Creamery,amenity:ice_cream,"308 North Euclid Avenue, 63108",63108,St. Louis,+1-636-695-8899,info@clementinescreamery.com,https://clementinescreamery.com/pages/central-west-end,
Clubhouse Shop,shop:second_hand,"4245 Forest Park Avenue, Saint Louis, MO, 63108",63108,St. Louis,+13148805484,,,
Craft Alliance,craft:handicraft,"5080, 63108",63108,St. Louis,+1 314-725-1177,,https://www.craftalliance.org/,
Crazy Bowls and Wraps,amenity:restaurant,"3652 Lindell Boulevard, Saint Louis, MO, 63108",63108,St. Louis,,,,
CVS Pharmacy,shop:chemist,"3925 Lindell Boulevard, Saint Louis, MO, 63108",63108,St. Louis,,,https://www.cvs.com/store-locator/saint-louis-mo-pharmacies/3925-lindell-blvd-saint-louis-mo-63108/storeid=2376,
Domino's,amenity:fast_food,"3930 Lindell Boulevard, Saint Louis, MO, 63108",63108,St. Louis,+1 314-652-3030,olocustomercare@dominos.com,https://pizza.dominos.com/missouri/st-louis/3930-lindell-blvd,https://www.dominos.com/en/about-pizza/
Domino's,amenity:fast_food,"802 North Kingshighway, Saint Louis, MO, 63108",63108,St. Louis,+1 314-454-3030,olocustomercare@dominos.com,https://pizza.dominos.com/missouri/st-louis/802-n-kingshighway,https://www.dominos.com/en/about-pizza/
Dressel's Public House,amenity:pub,"419 North Euclid Avenue, 63108",63108,St. Louis,,,,
Edera Italian Eatery,amenity:restaurant,"48 Maryland Plaza, Saint Louis, MO, 63108",63108,St. Louis,+13143617227,info@ederastl.com,https://www.ederastl.com/,https://ederastl.com/contact/
El Sito Restaurant and Cofee,amenity:restaurant,"4747 MacPherson Avenue, 63108",63108,St. Louis,,,,
Evangeline's,amenity:bar,"512 North Euclid Avenue, Saint Louis, MO, 63108",63108,St. Louis,,,,
Extra Space Storage,shop:storage_rental,"4210 Forest Park Avenue, Saint Louis, MO, 63108",63108,St. Louis,+13145351100,johnsmith@email.com,https://www.extraspace.com/storage/facilities/us/missouri/st_louis/300141/?cid=org::maps&utm_source=google&utm_medium=organic&utm_campaign=org::maps,https://www.extraspace.com/help/contact/
First Watch,amenity:restaurant,"39 North Euclid Avenue, Saint Louis, MO, 63108",63108,St. Louis,+1 314 582 4445,,https://www.firstwatch.com/locations/central-west-end/,https://www.firstwatch.com/contact
Five Guys,amenity:fast_food,"4183 Lindell Boulevard, Saint Louis, MO, 63108",63108,St. Louis,+1 314-371-1589,marketing@fiveguys.com,https://restaurants.fiveguys.com/4183-lindell-blvd,https://www.fiveguys.com/contact-us
Gateway Apothecary,amenity:pharmacy,"4473 Forest Park Avenue, Saint Louis, MO, 63108",63108,St. Louis,,,,
GLO30,shop:beauty,"58 North Euclid Avenue, Saint Louis, MO, 63108",63108,St. Louis,+13145824557,,,
Global Quesadilla Company,amenity:restaurant,"4497 Forest Park Avenue, Saint Louis, MO, 63108",63108,St. Louis,+13145349696,ben@theglobalq.com,https://www.theglobalq.com/,https://www.theglobalq.com/contact-us
Good Day Farm,shop:cannabis,"20 North Euclid Avenue, Saint Louis, MO, 63108",63108,St. Louis,+13143286772,,https://gooddayfarmdispensary.com/good-day-farm-st-louis-cwe/,https://gooddayfarmdispensary.com/contact/
Great Western Bank,amenity:bank,"1 North Euclid Avenue, Saint Louis, MO, 63108",63108,St. Louis,,,,
Hanger Clinic,shop:medical_supply,"4483 Forest Park Avenue, Saint Louis, MO, 63108",63108,St. Louis,+13145355755,,,
Havana's,amenity:restaurant,"12 South Euclid Avenue, Saint Louis, MO, 63108",63108,St. Louis,+13143125005,hello@havanascuisine.com,https://www.havanascuisine.com/,https://www.havanascuisine.com/home#contact
HITEA,amenity:cafe,"8 1/2 South Euclid Avenue, Saint Louis, MO, 63108",63108,St. Louis,+13148333165,,https://pos.chowbus.com/online-ordering/store/14040,https://pos.chowbus.com/online-ordering/store/14040
Hot Box Cookies,shop:pastry,"54 North Euclid Avenue, Saint Louis, MO, 63108",63108,St. Louis,+13145719808,,http://www.hotboxcookies.com/,
Hotworx,leisure:fitness_centre,"3763 Forest Park Avenue, Saint Louis, MO, 63108",63108,St. Louis,+13148999679,kasie@hotworx.net,https://www.hotworx.net/studio/stlouis-midtown/,https://www.hotworx.net/contact-us
Humphrey's Restaurant & Tavern,amenity:restaurant,"3700 Laclede Avenue, Saint Louis, MO, 63108",63108,St. Louis,+13144059419,,https://www.humphreysmidtown.com/,
IKEA,shop:furniture,"1 IKEA Way, Saint Louis, MO, 63108",63108,St. Louis,+18888884532,410contact.local.us@ingka.ikea.com,https://www.ikea.com/us/en/stores/st-louis/,mailto:410contact.local.us@ingka.ikea.com
Imo's Pizza,amenity:fast_food,"4479 Forest Park Avenue, Saint Louis, MO, 63108",63108,St. Louis,+13145354667,,https://www.imospizza.com/,https://www.imospizza.com/contact-corporate/
Jack in the Box,amenity:fast_food,"4111 Lindell Boulevard, Saint Louis, MO, 63108",63108,St. Louis,+1 314-652-1649,,https://locations.jackinthebox.com/us/mo/saint-louis/4111-lindell-blvd,https://jackinthebox.com/contact
Jeni's Splendid Ice Creams,amenity:ice_cream,"389, 63108",63108,St. Louis,+1 314-367-1700,contact@jenis.com,https://jenis.com/blogs/scoop-shops/st-louis-mo,
Jimmy John's,amenity:fast_food,"13 North Euclid Avenue, Saint Louis, MO, 63108",63108,St. Louis,+1 314-361-1155,,https://locations.jimmyjohns.com/mo/st-louis/sandwiches-951.html,https://www.jimmyjohns.com/contact-us/feedback
Jimmy John's,amenity:fast_food,"3822 Lalede Avenue, Saint Louis, MO, 63108",63108,St. Louis,+1 314-531-8500,,https://locations.jimmyjohns.com/mo/st-louis/sandwiches-203.html,https://www.jimmyjohns.com/contact-us/feedback
Kaldi's Coffee,amenity:cafe,"52 North Euclid Avenue, Saint Louis, MO, 63108",63108,St. Louis,,info@kaldiscoffee.com,https://kaldiscoffee.com/pages/the-euclid,https://kaldiscoffee.com/pages/contact-us
Kampai Sushi Bar,amenity:restaurant,"4949 West Pine Boulevard, Saint Louis, MO, 63108",63108,St. Louis,+13143672020,,https://kampaisushibarstl.com/,
Kendra Scott,shop:jewelry,"32 Maryland Plaza, Saint Louis, MO, 63108",63108,St. Louis,+13142270198,sales@kendrascott.com,https://www.kendrascott.com/,https://www.kendrascott.com/about-kendra.html
KETC - Nine PBS,amenity:studio,"3655 Olive Street, Saint Louis, MO, 63108",63108,St. Louis,+13145129000,contactus@ninepbs.org,https://www.ninepbs.org/,https://www.ninepbs.org/about/contact-us/
KFC,amenity:fast_food,"5020 Delmar, Saint Louis, MO, 63108",63108,St. Louis,,,https://locations.kfc.com/mo/saint-louis/5020-delmar,https://www.kfc.com/contact
LaserAway,shop:beauty,"10 Maryland Plaza, Saint Louis, MO, 63108",63108,St. Louis,+13143809190,,,
Left Bank Books,shop:books,"399, 63108",63108,St. Louis,+1 314-367-6731,info@left-bank.com,https://www.left-bank.com,
Link Auction Galleries,shop:auction,"5000 Washington Place, Saint Louis, MO, 63108",63108,St. Louis,,,https://www.linkauctiongalleries.com/,
Los Patios MX Cocina,amenity:cafe,"3919 West Pine Boulevard, St Louis, 63108",63108,St. Louis,+1 314-405-8400,lospatiosmx@gmail.com,https://www.lospatiosmx.com/,
Lululemon,shop:clothes,"26 Maryland Plaza, Saint Louis, MO, 63108",63108,St. Louis,+13149364562,coco@lululemon.com,https://shop.lululemon.com/stores/us/st-louis/marylandplaza,https://shop.lululemon.com/contact
McDonald's,amenity:fast_food,"4006 Lindell Boulevard, Saint Louis, MO, 63108",63108,St. Louis,+1 314-534-3276,,https://www.mcdonalds.com/us/en-us/location/3386.html,https://www.mcdonalds.com/us/en-us/contact-us.html
Midtown Sushi & Ramen,amenity:restaurant,"3674 Forest Park Avenue, Saint Louis, MO, 63108",63108,St. Louis,+13143282452,yourpaypalemail@domain.com,http://midtown-sushi.com/,http://midtown-sushi.com/
Minuteman Press,shop:copyshop,"3635 Forest Park Avenue, Saint Louis, MO, 63108",63108,St. Louis,+13145357575,,,
New Market Hardware Company,shop:hardware,"4058 Laclede Avenue, Saint Louis, MO, 63108",63108,St. Louis,,,,
Nixta,amenity:restaurant,"5232 Delmar Boulevard, Saint Louis, MO, 63108",63108,St. Louis,+13143936333,info@bengelina.com,https://bengelina.com/nixta,https://bengelina.com/about
Northwest Coffee Roasting,amenity:cafe,"4251 Laclede Avenue, Saint Louis, MO, 63108",63108,St. Louis,,,,
Origin Wellness,shop:massage,"3693 Forest Park Avenue, Saint Louis, MO, 63108",63108,St. Louis,+13148990808,,,
Pagan Wine Bar,amenity:bar,"239 North Euclid Avenue, Saint Louis, MO, 63108",63108,St. Louis,,,,
Page Law,office:lawyer,"462 North Taylor Avenue, Saint Louis, MO, 63108",63108,St. Louis,+1-314-802-7382,,https://www.pagelaw.com/,https://www.pagelaw.com/contact/
Panera Bread,amenity:fast_food,"23 South Euclid Avenue, Saint Louis, MO, 63108",63108,St. Louis,+1-314-530-6355,,https://www.panerabread.com/en-us/cafe/locations/mo/st-louis/23-s-euclid-ave,https://www.panerabread.com/en-us/company/about-panera.html
Papa John's,amenity:fast_food,"3822 Lalede Avenue, Saint Louis, MO, 63108",63108,St. Louis,+1 314-534-2729,,https://locations.papajohns.com/united-states/mo/63108/saint-louis/3822-laclede-ave,https://locations.papajohns.com/united-states/mo/63108/saint-louis/3822-laclede-ave
Patisserie Svoi,amenity:cafe,"8 South Euclid Avenue, Saint Louis, MO, 63108",63108,St. Louis,+13148009595,info@patisseriesvoi.com,https://www.patisseriesvoi.com/,https://www.patisseriesvoi.com/contact
Pharaoh's Donuts,amenity:fast_food,"8 Maryland Plaza, Saint Louis, MO, 63108",63108,St. Louis,+13142963620,,,
Philip Johnson Salon/Spa,shop:beauty,"4581 Laclede Avenue, Saint Louis, MO, 63108",63108,St. Louis,+13143618003,,,
Phillips 66,shop:fuel,"4243 Lindell Boulevard, Saint Louis, MO, 63108",63108,St. Louis,,,,
Pi Pizza,amenity:restaurant,"400 North Euclid Avenue, Saint Louis, MO, 63108",63108,St. Louis,,,,
Pickleman's Gourmet Cafe,amenity:fast_food,"3722 Laclede Avenue, Saint Louis, MO, 63108",63108,St. Louis,+13148027410,,https://www.picklemans.com/location/slu-campus/,https://www.picklemans.com/contact/
Pickles Deli,amenity:fast_food,"22 North Euclid Avenue, Saint Louis, MO, 63108",63108,St. Louis,+13143613354,,https://picklesdelistl.com/,
Pizza Hut,amenity:restaurant,"4175 Lindell Boulevard, Saint Louis, MO, 63108",63108,St. Louis,+1 314-531-0900,,https://locations.pizzahut.com/mo/saint-louis/4175-lindell-blvd,https://www.pizzahut.com/contact-us
Pizzavia,amenity:fast_food,"4630 Lindell Boulevard, Saint Louis, MO, 63108",63108,St. Louis,+13145878000,,https://pizzaviastl.com/,https://pizzaviastl.com/about/
Plaza Dental Center,amenity:dentist,"4646 Lindell Boulevard, Saint Louis, MO, 63108",63108,St. Louis,,,,
PokeDoke,amenity:restaurant,"23 South Euclid Avenue, Saint Louis, MO, 63108",63108,St. Louis,+13148335900,,https://pokedoke.com/,
Precision Car Restoration,shop:car_repair,"4151 Forest Park Avenue, Saint Louis, MO, 63108",63108,St. Louis,+13146521966,,,
Premier Dental Partners,amenity:dentist,"22 North Euclid Avenue, Saint Louis, MO, 63108",63108,St. Louis,,,,
Premier Nails and Spa,shop:beauty,"4477 Forest Park Avenue, Saint Louis, MO, 63108",63108,St. Louis,+13144496630,,,
Public Storage,shop:storage_rental,"3901 Laclede Avenue, Saint Louis, MO, 63108",63108,St. Louis,,,,
Pure Barre,leisure:fitness_centre,"4931 Lindell Boulevard, Saint Louis, MO, 63108",63108,St. Louis,+13149325611,centralwestend@purebarre.com,https://www.purebarre.com/location/st-louis-central-west-end-mo,https://www.purebarre.com/about
Qdoba,amenity:fast_food,"20 North Grand Boulevard, Saint Louis, MO, 63108",63108,St. Louis,+1 888-736-2224,,https://locations.qdoba.com/us/mo/st--louis/20-n-grand-blvd.html,
Qdoba,amenity:fast_food,"4049 Lindell Boulevard, Saint Louis, MO, 63108",63108,St. Louis,+1 314-535-4800,,https://locations.qdoba.com/us/mo/st--louis/4049-lindell-blvd.html,
Rally's,amenity:fast_food,"305 North Vandeventer Avenue, Saint Louis, MO, 63108",63108,St. Louis,,,https://checkersandrallys.com/location/rally-s-8165-n-vandeventer-203527,
Rasoi,amenity:restaurant,"25 North Euclid Avenue, Saint Louis, MO, 63108",63108,St. Louis,+1 314 361 6911,,https://www.rasoi.com/,
Rindskopf-Roth Funeral Chapel,shop:funeral_directors,"5216 Delmar Boulevard, Saint Louis, MO, 63108",63108,St. Louis,+13143670438,,,
Rosie's Place,amenity:bar,"4573 Laclede Avenue, Saint Louis, MO, 63108",63108,St. Louis,,,,
Rush Bowls,amenity:fast_food,"227 North Euclid Avenue, Saint Louis, MO, 63108",63108,St. Louis,+13143672900,,https://rushbowls.com/st-louis,https://rushbowls.com/st-louis/contact
Saigon Cafe,amenity:restaurant,"10 North Euclid Avenue, Saint Louis, MO, 63108",63108,St. Louis,+13143618881,info@littlesaigoncafe.com,https://www.saigoncafestl.com/,https://www.saigoncafestl.com/contact-us
Saint Louis Department of Motor Vehicles,office:government,"3915 Lindell Boulevard, Saint Louis, MO, 63108",63108,St. Louis,,,,
Saucy Porka,amenity:restaurant,"3900 Laclede Avenue, Saint Louis, MO, 63108",63108,St. Louis,,,,
Savvy Bridal STL,shop:clothes,"229 North Euclid Avenue, Saint Louis, MO, 63108",63108,St. Louis,+13143126396,,,
Scarlett's Wine Bar,amenity:bar,"4253 Laclede Avenue, Saint Louis, MO, 63108",63108,St. Louis,,,,
Scottish Arms,amenity:bar,"6 South Sarah Street, Saint Louis, MO, 63108",63108,St. Louis,,,,
Seed STL Carriage House,office:association,"3815 Bell Avenue, Saint Louis, MO, 63108",63108,St. Louis,,ericjonesmyemail@gmail.com,https://seedstl.org/,https://seedstl.org/contact-us/
Shake Shack,amenity:fast_food,"60 North Euclid Avenue, Saint Louis, MO, 63108",63108,St. Louis,,,https://shakeshack.com/location/central-west-end-mo#/,
Sho-Off Car Wash,amenity:car_wash,"4399 Olive Street, Saint Louis, MO, 63108",63108,St. Louis,,,,
Silk Road Lounge,amenity:bar,"243 North Euclid Avenue, Saint Louis, MO, 63108",63108,St. Louis,,,,
Simon Recreation Center,leisure:sports_centre,"3639 Laclede Avenue, Saint Louis, 63108",63108,St. Louis,,,,
Smoothie King,amenity:fast_food,"4475 Forest Park Avenue, Saint Louis, MO, 63108",63108,St. Louis,+13145349231,,https://locations.smoothieking.com/ll/us/mo/st-louis/4475-forest-park-ave/?utm_source=google&utm_medium=organic&utm_content=SOCi,https://www.contactus.smoothiekingfeedback.com/
St. Louis Community Credit Union,amenity:bank,"3651 Forest Park Avenue, Saint Louis, MO, 63108",63108,St. Louis,,,,
St. Louis Pilates Lab,leisure:fitness_centre,"4981 West Pine Boulevard, Saint Louis, MO, 63108",63108,St. Louis,+13145913051,,https://stlpilateslab.com/,https://www.stlpilateslab.com/contact-us/
St. Louis Public Radio,amenity:studio,"3651 Olive Street, Saint Louis, MO, 63108",63108,St. Louis,+13145165968,talk@stlpr.org,https://stlpr.org/,https://www.stlpr.org/contact
Standard Oil,shop:convenience,"4403 Laclede Avenue, Saint Louis, MO, 63108",63108,St. Louis,,,,
Starbucks,amenity:cafe,"4656 Maryland Avenue, Saint Louis, MO, 63108",63108,St. Louis,+1 314-367-1577,,https://www.starbucks.com/store-locator/store/12320/central-west-end-4656-maryland-avenue-st-louis-mo-631081913-us,https://www.starbucks.com/store-locator/store/12320/central-west-end-4656-maryland-avenue-st-louis-mo-631081913-us
Subway,amenity:fast_food,"115 North Euclid Avenue, Saint Louis, MO, 63108",63108,St. Louis,+1 314-367-9200,,https://restaurants.subway.com/united-states/mo/st-louis/115b-n-euclid,https://www.subway.com/en-US/ContactUs/GuestCare
Subway,amenity:fast_food,"4149 Lindell Boulevard, Saint Louis, MO, 63108",63108,St. Louis,+1 314-535-1555,,https://restaurants.subway.com/united-states/mo/st-louis/4149-lindell-blvd,https://www.subway.com/en-US/ContactUs/GuestCare
Suitsupply,shop:clothes,"44 Maryland Plaza, Saint Louis, MO, 63108",63108,St. Louis,+13142070782,stlouis@suitsupply.com,https://suitsupply.com/stores/stLouis?utm_medium=organic&utm_source=google&utm_campaign=gmb_stlouis_us,https://suitsupply.com/en-nl/about-us.html
Sushi Koi,amenity:restaurant,"4 North Euclid Avenue, Saint Louis, MO, 63108",63108,St. Louis,+13143764016,user@domain.com,https://www.sushikoistl.com/,https://www.sushikoistl.com/contact
SweetArt Bakeshop + Café,amenity:cafe,"3701 Lindell Boulevard, Saint Louis, MO, 63108",63108,St. Louis,+13145719009,info@sweetartstl.com,https://www.sweetartstl.com/,https://sweetartstl.com/about/
Taco Bell,amenity:fast_food,"626 North Kings Highway Boulevard, Saint Louis, MO, 63108",63108,St. Louis,+1 314-367-9955,,https://locations.tacobell.com/mo/saint-louis/626-n-kings-highway-blvd.html,https://locations.tacobell.com/mo/saint-louis/626-n-kings-highway-blvd/breakfast.html
Taco Twist,amenity:restaurant,"15 North Euclid Avenue, Saint Louis, MO, 63108",63108,St. Louis,+13146350011,,https://tacotwist.com/,https://tacotwist.com/
Tacos 4 Life,amenity:restaurant,"3763 Forest Park Avenue, Saint Louis, MO, 63108",63108,St. Louis,+13142028912,,https://www.tacos4life.com/locations/midtown-st-louis,
Taylor Payton Investigations,office:private_investigator,"4625 Lindell Boulevard, Saint Louis, MO, 63108",63108,St. Louis,+1-314-669-6922,info@taylorpayton.com,https://taylorpayton.com/pages/st-louis-private-investigators,https://taylorpayton.com/pages/contact-us
Telle Tire,shop:car_repair,"4101 Lindell Boulevard, Saint Louis, MO, 63108",63108,St. Louis,+1-314-533-4300,,,
Thai 202,amenity:restaurant,"235 North Euclid Avenue, Saint Louis, MO, 63108",63108,St. Louis,+1-314-367-2002,,https://thai202stl.com/,https://www.thai202stl.com/contact
The Cup,shop:bakery,"28 Maryland Plaza, Saint Louis, MO, 63108",63108,St. Louis,+13143676111,,,
The Grandel,amenity:theatre,"3610 Grandel Square, Saint Louis, MO, 63108",63108,St. Louis,,info@kranzbergartsfoundation.org,https://www.thegrandel.com/,https://kranzbergartsfoundation.org/contact-us/
The Maryland House,amenity:bar,"44 Maryland Plaza, Saint Louis, MO, 63108",63108,St. Louis,,,,
The Preston,amenity:restaurant,"212 North Kingshighway Boulevard, Saint Louis, MO, 63108",63108,St. Louis,+13146337800,thepreston@sonesta.com,https://www.theprestonstl.com/,https://www.theprestonstl.com/contact/
The Salvation Army,shop:charity,"4121 Forest Park Avenue, Saint Louis, MO, 63108",63108,St. Louis,+18007287825,,,
The Sun Theater,amenity:theatre,"3625 Grandel Square, Saint Louis, MO, 63108",63108,St. Louis,,,https://www.grandcenterartsacademy.org/,https://www.grandcenterartsacademy.org/apps/contact/
The UPS Store,shop:copyshop,"4571 Laclede Avenue, Saint Louis, MO, 63108",63108,St. Louis,,,,
The Wildflower Saloon,amenity:restaurant,"4900 Laclede Avenue, Saint Louis, MO, 63108",63108,St. Louis,+13148336666,catering@wildflowersaloon.com,https://www.thebbqsaloon-stl.com/,https://www.wildflowersaloon.com/blank-1
Third Degree Glass Factory,craft:glassblower,"5200 Delmar Boulevard, Saint Louis, MO, 63108",63108,St. Louis,+13143674527,info@stlglass.com,http://www.thirddegreeglass.com/,http://www.thirddegreeglass.com/
Touchdown Wings,amenity:fast_food,"4489 Forest Park Avenue, Saint Louis, MO, 63108",63108,St. Louis,+13143281176,,https://www.touchdownwingstlouis.com/,https://www.touchdownwingstlouis.com/
Treats Unleashed,shop:pet,"22 North Euclid Avenue, Saint Louis, MO, 63108",63108,St. Louis,+13148990966,,,
Twisted Ranch,amenity:restaurant,"14 Maryland Plaza, Saint Louis, MO, 63108",63108,St. Louis,+13148333450,,https://www.twistedranch.com/,https://www.twistedranch.com/contact
U.S. Bank,amenity:bank,"4301 Lindell Boulevard, Saint Louis, MO, 63108",63108,St. Louis,,,,
Union Avenue Opera,amenity:theatre,"733 North Union Boulevard, Saint Louis, MO, 63108",63108,St. Louis,,,,
UpBar STL,amenity:bar,"3763 Forest Park Avenue, Saint Louis, MO, 63108",63108,St. Louis,,,,
Urban Shark Bicycle Co.,shop:bicycle,"3765 Foundry Way, Saint Louis, MO, 63108",63108,St. Louis,+1-314-881-0322,,https://www.bigshark.com/,https://www.bigshark.com/#
Vampire Penguin,amenity:ice_cream,"12 1/2 South Euclid Avenue, Saint Louis, MO, 63108",63108,St. Louis,,,,
Walgreens,amenity:pharmacy,"115 North Euclid Avenue, Saint Louis, MO, 63108",63108,St. Louis,+1 314 454 6676,,"https://www.walgreens.com/locator/community,+a+walgreens+pharmacy-115+n+euclid+ave-saint+louis-mo-63108/id=15311",https://www.walgreens.com/youraccount/clhistory/contactlenshist.jsp
Walgreens,shop:chemist,"4218 Lindell Boulevard, St Louis, MO, 63108",63108,St. Louis,+1 314 371 4286,,https://www.walgreens.com/locator/walgreens-4218+lindell+blvd-saint+louis-mo-63108/id=6472,https://www.walgreens.com/youraccount/clhistory/contactlenshist.jsp
West End Wok,amenity:restaurant,"4577 Laclede Avenue, Saint Louis, MO, 63108",63108,St. Louis,+13143612233,,https://www.westendwok.com/,https://www.westendwok.com/
Whole Foods Market,shop:supermarket,"4577 West Pine Boulevard, Saint Louis, MO, 63108",63108,St. Louis,+1 314-474-7300,,https://www.wholefoodsmarket.com/stores/centralwestend,https://www.wholefoodsmarket.com/company-info
Wingstop,amenity:fast_food,"4045 Lindell Boulevard, Saint Louis, MO, 63108",63108,St. Louis,+1 314-531-9464,,,
Young Hall,office:educational_institution,"3839 Lindell Boulevard, Saint Louis, MO, 63108",63108,St. Louis,,,,
Відділ Держгеокадастру у Коломацькому районі,office:government,"17 Гетьмана І. Мазепи вулиця, 63108",63108,St. Louis,,,,
Коломацький районний центр зайнятості,office:government,"Гетьмана І. Мазепи вулиця, 63108",63108,St. Louis,,,,
이호동주민센터,amenity:townhall,"9 백포서길, 제주시, 63108",63108,St. Louis,,,http://www.jejusi.go.kr/,http://www.jejusi.go.kr/
Ackerman Toyota,shop:car,"3636 South Kingshighway Boulevard, 63109",63109,St. Louis,+1 314-351-3000,,,
Allstate,office:insurance,"6440 Chippewa Street, Saint Louis, MO, 63109",63109,St. Louis,+13143524494,,https://agents.allstate.com/tracie-bibb-saint-louis-mo.html,
Arby's,amenity:fast_food,"6666 Chippewa Street, Saint Louis, MO, 63109",63109,St. Louis,+13143532800,,https://www.arbys.com/locations/us/mo/st--louis/6666-chippewa-rd/store-578/,https://www.arbys.com/locations/us/mo/st--louis/6666-chippewa-rd/store-578/
AT&T,shop:mobile_phone,"6411 Chippewa Street, Saint Louis, MO, 63109",63109,St. Louis,+13143529600,m25101@idp.att.com,https://att.com,https://att.com
Aya Sofia Restaraunt,amenity:restaurant,"6671 Chippewa Street, Saint Louis, MO, 63109",63109,St. Louis,+13146459919,user@domain.com,https://www.ayasofiacuisine.com/,https://www.ayasofiacuisine.com/contact-us
Barney's Sports Pub,amenity:bar,"6027 Chippewa Street, Saint Louis, MO, 63109",63109,St. Louis,+13144570018,,,
Beltone,shop:hearing_aids,"6901 Chippewa Street, Saint Louis, MO, 63109",63109,St. Louis,+13147812500,,https://midwestbeltone.com/,https://beltonealliance.com/contact-us/
Big River Running Company,shop:sports,"5352 Devonshire Avenue, 63109",63109,St. Louis,+1 314-832-2400,info@bigriverrunning.com,https://bigriverrunning.com/running-shoes-st-louis-mo/,https://bigriverrunning.com/contact
Blueprint Coffee,amenity:cafe,"4206 Watson Road, Saint Louis, MO, 63109",63109,St. Louis,+13142666808,orders@blueprintcoffee.com,https://blueprintcoffee.com/,https://blueprintcoffee.com/about-us/
Catholic Supply of St. Louis Inc,shop:religion,"6759 Chippewa Street, Saint Louis, MO, 63109",63109,St. Louis,+13146440643,info@catholicsupply.com,https://shop.catholicsupply.com/,https://shop.catholicsupply.com/store/pg/5-Contact-Us.aspx
Chase,amenity:bank,"5805 Chippewa Street, Saint Louis, MO, 63109",63109,St. Louis,+1 314-668-6590,,https://locator.chase.com/mo/saint-louis/5805-chippewa-st,https://locator.chase.com/digital/resources/privacy-security/security/how-to-spot-scams
Chick-fil-A,amenity:fast_food,"3801 Hampton Avenue, Saint Louis, MO, 63109",63109,St. Louis,+1 314-832-2748,,https://www.chick-fil-a.com/locations/mo/hampton-chippewa,https://www.chick-fil-a.com/locations/mo/hampton-chippewa#about-us
Chippewa Dental Group,amenity:dentist,"6680 Chippewa Street, Saint Louis, MO, 63109",63109,St. Louis,+13143538992,,https://www.dentistsofmissouri.com/,https://www.dentistsofmissouri.com/contact/
Chocolate Chocolate Chocolate,craft:confectionery,"6740 Chippewa Street, Saint Louis, MO, 63109",63109,St. Louis,+13143383501,support@gist-apps.com,https://www.chocolatechocolate.com/,https://www.chocolatechocolate.com/pages/contact-us
Clarkson Eyecare,shop:optician,"6415 Chippewa Street, Saint Louis, MO, 63109",63109,St. Louis,+13144571880,eyecarepartners@steadyrain.com,https://www.clarksoneyecare.com/locations/mo/stlouis/stlouishills,https://www.clarksoneyecare.com/eye-care-services/contact-lens-exam
Club Fitness,leisure:fitness_centre,"12 Hampton Village Plaza, Saint Louis, MO, 63109",63109,St. Louis,+13147522582,,https://www.clubfitness.us/location/hampton-club-fitness/,https://www.clubfitness.us/contact-us/
Colors of Spring,shop:garden_centre,"3298 Watson Road, Saint Louis, MO, 63109",63109,St. Louis,+13147810765,,,
Commerce Bank,amenity:bank,"6327 Chippewa Street, Saint Louis, MO, 63109",63109,St. Louis,+13147463002,mymoney@commercebank.com,https://www.commercebank.com/,https://www.commercebank.com/contact-us
Dobbs Tire & Auto Center,shop:car_repair,"5841 Chippewa Street, Saint Louis, MO, 63109",63109,St. Louis,+13143517800,,https://www.gotodobbs.com/locations/st-louis-hampton-village/,https://www.gotodobbs.com/contact-us/
Domino's,amenity:fast_food,"5421 Chippewa Street, Saint Louis, MO, 63109",63109,St. Louis,+1 314-832-4555,olocustomercare@dominos.com,https://pizza.dominos.com/missouri/st-louis/5421-chippewa-st,https://www.dominos.com/en/about-pizza/
Donut Drive-In,amenity:restaurant,"6525 Chippewa Street, St. Louis, MO, 63109",63109,St. Louis,+13146457714,,https://donutdrivein.com/,https://donutdrivein.com/contact/
DQ Grill & Chill,amenity:fast_food,"5409 Hampton Avenue, Saint Louis, MO, 63109",63109,St. Louis,+1 314-353-1244,,https://www.dairyqueen.com/locations/mo/saint-louis/5409-hampton-ave/11267,
El Maguey Mexican Restaurant,amenity:restaurant,"3710 South Kingshighway Boulevard, Saint Louis, MO, 63109",63109,St. Louis,+13147722888,elmagueystl@gmail.com,https://www.elmagueystl.com/,https://www.elmagueystl.com/contact-us
Enterprise Bank & Trust,amenity:bank,"6725 Chippewa Street, Saint Louis, MO, 63109",63109,St. Louis,+13146479991,cso@enterprisebank.com,https://www.enterprisebank.com/branch?b=a0I1B00002grcR0UAI&l=stl,https://www.enterprisebank.com/contact-us
Firestone,shop:car_repair,"6211 Chippewa Street, Saint Louis, MO, 63109",63109,St. Louis,+13143568567,009598@bfrc.com,https://local.firestonecompleteautocare.com/missouri/saint-louis/6211-chippewa-st/,https://local.firestonecompleteautocare.com/contact/
First Community Credit Union,amenity:bank,"4249 Watson Road, Saint Louis, MO, 63109",63109,St. Louis,+18007678880,,https://www.firstcommunity.com/,https://www.firstcommunity.com/about-us/contact-us.html
Fit N Tan,shop:beauty,"6508 Chippewa Street, Saint Louis, MO, 63109",63109,St. Louis,+13147718267,,https://fitntanstl.com,
Forte Massage and Spa,shop:massage,"6436 Chippewa Street, Saint Louis, MO, 63109",63109,St. Louis,+13143040237,info@goglostl.com,https://fortespa.com,https://fortespa.com/#contact
Fortune Express,amenity:restaurant,"6738 Chippewa Street, Saint Louis, MO, 63109",63109,St. Louis,+13143519988,,https://www.fortuneexpressstlouis.com/,https://www.fortuneexpressstlouis.com/contact
Francis Park Dentistry,amenity:dentist,"6650 Chippewa Street, Saint Louis, MO, 63109",63109,St. Louis,+13144570613,example@smilegeneration.com,https://www.francisparkdentistry.com/,https://www.francisparkdentistry.com/about-us/contact-us/
Gallaher's House of Hearing Aids,shop:hearing_aids,"5010 Hampton Ave, St. Louis, MO, 63109",63109,St. Louis,+1 314-352-7402,,https://www.gallahershearing.com,https://gallahershearing.com/hearing-instrument-specialist/
Greenlight Marijuana Dispensary Chippewa,shop:cannabis,"6497 Chippewa Street, St. Louis, MO, 63109",63109,St. Louis,+1 844-785-9333,administrator@greenlightdispensary.com,https://greenlightdispensary.com/chippewa,https://greenlightdispensary.com/contact-greenlight-dispensary/
Hoffmeister Colonial Mortuary,shop:funeral_directors,"6464 Chippewa Street, Saint Louis, MO, 63109",63109,St. Louis,+13148327770,,https://www.dignitymemorial.com/funeral-homes/st-louis-mo/hoffmeister-colonial-mortuary/4722,
IHOP,amenity:restaurant,"6456 Chippewa Street, Saint Louis, MO, 63109",63109,St. Louis,+13148334467,,https://ihop.com,
Imo's Pizza,amenity:fast_food,"5806 Hampton Avenue, Saint Louis, MO, 63109",63109,St. Louis,+1 314-832-9677,,https://www.imospizza.com/,https://www.imospizza.com/contact-corporate/
Jack in the Box,amenity:fast_food,"4201 South Kingshighway Boulevard, Saint Louis, MO, 63109",63109,St. Louis,+13143510952,,https://locations.jackinthebox.com/us/mo/saint-louis/4201-s-kingshighway-blvd,https://jackinthebox.com/contact
Jewell Animal Hospital,amenity:veterinary,"6400 Chippewa Street, Saint Louis, MO, 63109",63109,St. Louis,+13143514700,jewellhospital@gmail.com,https://jewellanimalhospitalstl.com/,https://jewellanimalhospitalstl.com/contact/
Jimmy John's,amenity:fast_food,"6459 Chippewa Street, Saint Louis, MO, 63109",63109,St. Louis,+1 314-351-0708,,https://locations.jimmyjohns.com/mo/st-louis/sandwiches-1272.html,https://www.jimmyjohns.com/contact-us/feedback
Kounter Kulture,amenity:restaurant,"3825 Watson Road, Saint Louis, MO, 63109",63109,St. Louis,+13147814344,kitchenkulture@yahoo.com,https://kounterkulturestl.com/,https://kounterkulturestl.com/home/#about
LeGrande's Deli,shop:deli,"4414 Donovan Avenue, Saint Louis, MO, 63109",63109,St. Louis,+13143536128,,https://www.legrandsmarket-catering.com/,
Lindell Bank,amenity:bank,"3921 Hampton Avenue, Saint Louis, MO, 63109",63109,St. Louis,+13147523400,info@lindell-bank.com,https://www.lindellbank.com/,https://www.lindellbank.com/contact-us/
Lindenwood Drug,shop:chemist,"6903 Lansdowne Avenue, Saint Louis, MO, 63109",63109,St. Louis,+13147812445,thuntrph@sbcglobal.net,https://www.mygnp.com/pharmacies/lindenwood-drug-st-louis-mo-63109/,https://www.mygnp.com/pharmacies/lindenwood-drug-st-louis-mo-63109/store-contact/
Mathew's Kitchen,amenity:restaurant,"5625 Hampton Avenue, Saint Louis, MO, 63109",63109,St. Louis,,,https://mathewskitchenstl.com,
Mattress Firm,shop:bed,"5811 Chippewa Street, Saint Louis, MO, 63109",63109,St. Louis,+1 314-832-2695,,https://stores.mattressfirm.com/mo/stlouis/mattress-stores-st-louis-mo-5682.html,
McDonald's,amenity:fast_food,"4620 South Kingshighway, Saint Louis, MO, 63109",63109,St. Louis,+1 314-481-6715,,https://www.mcdonalds.com/us/en-us/location/1531.html,https://www.mcdonalds.com/us/en-us/contact-us.html
Mom's Deli,shop:deli,"4412 Jamieson Avenue, Saint Louis, MO, 63109",63109,St. Louis,+13146441198,,https://www.momsdeli.com/,https://www.momsdeli.com/
New China,amenity:restaurant,"3730 South Kingshighway Boulevard, Saint Louis, MO, 63109",63109,St. Louis,+13147718880,,,
Panda Express,amenity:fast_food,"4400 Hampton Avenue, Saint Louis, MO, 63109",63109,St. Louis,+1 314-352-1877,,https://www.pandaexpress.com/locations/mo/saint-louis/2965,
Penn Station,amenity:fast_food,"3824 Hampton Avenue, Saint Louis, MO, 63109",63109,St. Louis,+13143528423,,https://www.penn-station.com/,https://www.penn-station.com/about_our_product.php
Pietro's,amenity:restaurant,"3801 Watson Road, Saint Louis, MO, 63109",63109,St. Louis,+13146459263,,https://pietrosdining.com/,https://pietrosdining.com/contact/
PNC Bank,amenity:bank,"6025 Chippewa Street, Saint Louis, MO, 63109",63109,St. Louis,+13148148106,,https://pnc.com,https://pnc.com/en/personal-banking/totalrewards/reward-details.html?lnksrc=topnav
Qdoba,amenity:fast_food,"6417 Chippewa Street, Saint Louis, MO, 63109",63109,St. Louis,+1 314-832-1420,,https://locations.qdoba.com/us/mo/st--louis/6417-chippewa-st.html,
Saint Louis Bread Co.,amenity:fast_food,"6607 Chippewa Street, Saint Louis, MO, 63109",63109,St. Louis,+1 314-781-6469,,https://locations.panerabread.com/mo/st--louis/6607-chippewa-street.html,https://locations.panerabread.com/en-us/company/about-panera.html
Saint Louis Hills Car Wash,amenity:car_wash,"6536 Chippewa Street, Saint Louis, MO, 63109",63109,St. Louis,,,,
Salon Fleur de Lis,shop:hairdresser,"6762 Chippewa Street, Saint Louis, MO, 63109",63109,St. Louis,+13144570009,info@salonfdl.com,https://www.salonfdl.com/,https://salonfdl.com/contact/
Salt + Smoke,amenity:restaurant,"5625 Hampton Avenue, Saint Louis, MO, 63109",63109,St. Louis,,,,
Schaefer Auto Care,shop:car_repair,"6520 Chippewa Street, Saint Louis, MO, 63109",63109,St. Louis,+13148322922,,,
Smoking Barrels BBQ,amenity:restaurant,"5641 South Kingshighway Boulevard, Saint Louis, 63109",63109,St. Louis,,,https://www.smokingbarrels.net/,https://smokingbarrels.net/index.php/contact/
Smoothie King,amenity:fast_food,"6424 Chippewa Street, Saint Louis, MO, 63109",63109,St. Louis,+13148334455,,https://locations.smoothieking.com/ll/US/MO/St_-Louis/6424-Chippewa-St_,https://www.contactus.smoothiekingfeedback.com/
Southtown Barbershop,shop:hairdresser,"3625 McCausland Avenue, Saint Louis, MO, 63109",63109,St. Louis,,,https://www.facebook.com/Southtown-Barbershop-122121817816560/,https://www.facebook.com/Southtown-Barbershop-122121817816560/
Spirit Wine & Craft,shop:alcohol,"5760 Chippewa Street, Saint Louis, MO, 63109",63109,St. Louis,+13142220333,,https://craftbeercellar.com/,
Sport Clips,shop:hairdresser,"6457 Chippewa Street, Saint Louis, MO, 63109",63109,St. Louis,+13144491800,,https://haircutmensouthcitystlouismo.com/,
St. Louis Hills Dental Group,amenity:dentist,"6979 Chippewa Street, Saint Louis, MO, 63109",63109,St. Louis,+13146440440,,https://www.stlouishillsdental.com/,https://www.stlouishillsdental.com/contact-us/
Stan's Bar,amenity:bar,"5007 Macklind Avenue, Saint Louis, MO, 63109",63109,St. Louis,,,,
Starbucks,amenity:cafe,"3700 South Kingshighway Boulevard, Saint Louis, MO, 63109",63109,St. Louis,+1 314-664-2158,,https://www.starbucks.com/store-locator/store/17587/kings-chippewa-3700-south-kingshighway-blvd-st-louis-mo-631091800,https://www.starbucks.com/store-locator/store/17587/kings-chippewa-3700-south-kingshighway-blvd-st-louis-mo-631091800
Starbucks,amenity:cafe,"6322 Chippewa Street, Saint Louis, MO, 63109",63109,St. Louis,+1 314-832-9507,,https://www.starbucks.com/store-locator/store/10377/chippewa-lansdowne-6622-chippewa-st-st-louis-mo-631092525-us,https://www.starbucks.com/store-locator/store/10377/chippewa-lansdowne-6622-chippewa-st-st-louis-mo-631092525-us
State Farm,office:insurance,"5757 Chippewa Street, Saint Louis, MO, 63109",63109,St. Louis,+13148322880,,,
Subway,amenity:fast_food,"6918 Chippewa Street, Saint Louis, MO, 63109",63109,St. Louis,+13145719377,,https://restaurants.subway.com/united-states/mo/st-louis/6918-chippewa-ave,https://www.subway.com/en-US/ContactUs/GuestCare
Taco Bell,amenity:fast_food,"6639 South Kingshighway Boulevard, Saint Louis, MO, 63109",63109,St. Louis,,,,
Ted Drewes Frozen Custard,amenity:ice_cream,"6726 Chippewa Street, Saint Louis, MO, 63109",63109,St. Louis,+1-314-481-2652,nteddrewesgiftshop@gmail.com,https://teddrewes.com/,https://www.teddrewesgiftshop.com/contact-us
TFA The Future Antiques,shop:antiques,"6514 Chippewa Street, Saint Louis, MO, 63109",63109,St. Louis,+13148651552,info@tfa50s.com,https://tfa50s.com/,https://tfa50s.com/
Together Credit Union,amenity:bank,"6600 Chippewa Street, Saint Louis, MO, 63109",63109,St. Louis,+13148328500,membercontactcenter@togethercu.org,https://www.togethercu.org/,https://www.togethercu.org/contact-us
Trattoria Marcella,amenity:restaurant,"3600 Watson Road, Saint Louis, MO, 63109",63109,St. Louis,+13143527706,,https://www.trattoriamarcella.com/,https://www.trattoriamarcella.com/
Tuscan Sky Hair Salon,shop:hairdresser,"5761 Chippewa Street, Saint Louis, MO, 63109",63109,St. Louis,+13145184247,,,
Walgreens,shop:chemist,"3920 Hampton Avenue, St Louis, MO, 63109",63109,St. Louis,,,,
Walgreens,amenity:pharmacy,"3822 South Kingshighway Boulevard, Saint Louis, MO, 63109",63109,St. Louis,+13147731384,,https://www.walgreens.com/locator/walgreens-3822+s+kingshighway+blvd-saint+louis-mo-63109/id=6166,https://www.walgreens.com/youraccount/clhistory/contactlenshist.jsp
Watson Road Animal Hospital,amenity:veterinary,"3725 Watson Road, Saint Louis, MO, 63109",63109,St. Louis,+13146441544,your@email.com,https://watsonrdvet.com/,https://watsonrdvet.com/contact-pet-clinic
24h CBD Shop - Cannamat_official,shop:supermarket,"13 Isarstraße, Rodgau, 63110",63110,St. Louis,+49 6151 9737070,,,
2nd Shift Brewing,amenity:bar,"1601 Sublette Avenue, St. Louis, MO, 63110",63110,St. Louis,+1-314-669-9013,user@domain.com,https://www.2ndshiftbrewing.com/,https://www.2ndshiftbrewing.com/contact-us
4electric.de,shop:car_parts,"28 Hessenring, Rodgau, 63110",63110,St. Louis,,,https://4electric.de/,https://4electric.de/
A Verità,amenity:pub,"11 Württemberger Straße, Rodgau, 63110",63110,St. Louis,,,,
A-Team Rodgau,shop:car_repair,"65 Ober-Rodener Straße, Rodgau, 63110",63110,St. Louis,,info@a-team-rodgau.de,https://www.a-team-rodgau.de/,https://www.a-team-rodgau.de/
A&O GmbH,office:company,"5 Elisabeth-Selbert-Straße, Rodgau, 63110",63110,St. Louis,+49 6106 290990,info@aundo-gmbh.de,https://www.aundo-gmbh.de/,
Absolut by Manitou,shop:watches,"24-26 Ludwigstraße, Rodgau, 63110",63110,St. Louis,,,,
Adler Apotheke,amenity:pharmacy,"1 Puiseauxplatz, Rodgau, 63110",63110,St. Louis,+49 6106 72767,info@adlerapotheke-rodgau.de,http://www.adlerapotheke-rodgau.de/,
Adrianas On The Hill,amenity:restaurant,"5101 Shaw Avenue, Saint Louis, MO, 63110",63110,St. Louis,,,,
Advertisers Printing Company,office:company,"1229 South Vandeventer Avenue, St. Louis, 63110",63110,St. Louis,,,,
Aktan Friseur,shop:hairdresser,"55 Eisenbahnstraße, Rodgau, 63110",63110,St. Louis,+49 1523 6284808,,,
Alamo Drafthouse Cinema City Foundry,amenity:cinema,"3765 Foundry Way, Saint Louis, MO, 63110",63110,St. Louis,,,https://drafthouse.com/st-louis/theater/city-foundry,https://drafthouse.com/st-louis/theater/city-foundry
ALDI,shop:supermarket,"Rue des Frères Lumière, Beaumont, 63110",63110,St. Louis,,,,
Aldi Süd,shop:supermarket,"54 Borsigstraße, Rodgau, 63110",63110,St. Louis,,,https://filialen.aldi-sued.de/hessen/nieder-roden/borsigstrasse-52,https://filialen.aldi-sued.de/hessen/nieder-roden/borsigstrasse-52
ALDI Süd,shop:supermarket,"7 Hans-Sachs-Straße, Rodgau, 63110",63110,St. Louis,,,https://filialen.aldi-sued.de/hessen/rodgau-hainhausen/hans-sachs-strasse-7,https://filialen.aldi-sued.de/hessen/rodgau-hainhausen/hans-sachs-strasse-7
alldrink,shop:beverages,"38 Hauptstraße, Rodgau, 63110",63110,St. Louis,,,,
Altun Immobilienbörse,office:estate_agent,"59 Vordergasse, Rodgau, 63110",63110,St. Louis,+49 6106 6391030,info@altun-immobilienboerse.de,http://www.altun-immobilienboerse.de/,
André Rupp,office:tax_advisor,"29 Alter Weg, Rodgau, 63110",63110,St. Louis,,,,
Animal Medical Center of Mid-America - St. Louis City,amenity:veterinary,"1201 Macklind Avenue, Saint Louis, MO, 63110",63110,St. Louis,+1-314-951-1534,,https://www.amcma.org/,https://amcma.org/about/our-story/
Anthonino's Taverna,amenity:restaurant,"2225 Macklind Avenue, 63110",63110,St. Louis,+1-314-773-4455,anthony@anthoninos.com,,
Apotheke St. Peter,amenity:pharmacy,"11-13 Schillerstraße, Rodgau, 63110",63110,St. Louis,+49 6106 5152,info@apotheke-st-peter.de,http://www.apotheke-st-peter.de/,
Asia Express,amenity:restaurant,"178 Leipziger Ring, Rodgau, 63110",63110,St. Louis,+49 6106 2669355,,,
Au vieux biclou,shop:bicycle,"1 Rue Barbier Daubrée, Beaumont, 63110",63110,St. Louis,,contact@auvieuxbiclou.com,https://www.auvieuxbiclou.fr/,https://www.auvieuxbiclou.fr/fr/contact-reparateur-velo
Auto Buy Credit,shop:car,"2245 South Kingshighway Boulevard, Saint Louis, MO, 63110",63110,St. Louis,+13148810222,,https://autobuycredit.com/,https://autobuycredit.com/contact-us/
Auto Check,shop:car_repair,"79 Weiskircher Straße, Rodgau, 63110",63110,St. Louis,+49 6106 63007,info@auto-schmakeit.de,https://www.auto-schmakeit.de/startseite,https://www.auto-schmakeit.de/startseite
Autohaus Murmann GmbH,shop:car,"15-17 Benzstraße, Rodgau, 63110",63110,St. Louis,+49 6106 6668880,,https://www.autohaus-murmann.de/,
Autohaus Schleicher GmbH,shop:car,"10 Borsigstraße, Rodgau, 63110",63110,St. Louis,,info@autohaus-schleicher.de,https://www.autohaus-schleicher.de/,https://www.autohaus-schleicher.de/
Autowaschanlage,amenity:car_wash,"Weiskircher Straße, Rodgau, 63110",63110,St. Louis,,,,
Autowerkstatt Alex Automobile,shop:car_repair,"97 Frankfurter Straße, Rodgau, 63110",63110,St. Louis,+49 1521 4213676,,,
Bäcker Schäfer,shop:bakery,"20 Ludwigstraße, Rodgau, 63110",63110,St. Louis,,baeckerei@schaefer-rodgau.de,http://www.schaefer-rodgau.de/index.php?id=53,http://www.schaefer-rodgau.de/index.php?id=53
Bäckerei Bauder,shop:bakery,"38 Vordergasse, Rodgau, 63110",63110,St. Louis,+49 6106 3219,info@baeckerei-bauder.de,https://www.baeckerei-bauder.de/,https://www.baeckerei-bauder.de/
Bäckerei Spahn,shop:bakery,"6 Hainburgstraße, Rodgau, 63110",63110,St. Louis,+49 6106 771345,peter-spahn@t-online.de,https://www.holzofenbäckerei-spahn.de,https://www.holzofenbäckerei-spahn.de
Bäckerei Wolz,shop:bakery,"34 Weiskircher Straße, Rodgau, 63110",63110,St. Louis,,,,
Backhaus Bickert,shop:bakery,"2 Obere Marktstraße, Rodgau, 63110",63110,St. Louis,+49 6106 772912,,https://www.backhaus-bickert.de/filialen/rodgau-nieder-roden/,
Backhaus Bickert,shop:bakery,"4 Ludwig-Erhard-Platz, Rodgau, 63110",63110,St. Louis,,,,
Baileys’ Range,amenity:restaurant,"4175 Shaw Boulevard, Saint Louis, MO, 63110",63110,St. Louis,+13142624000,user@domain.com,https://www.baileysrange.com/,https://www.baileysrange.com/about
Bar K,amenity:pub,"4565 McRee Avenue, Saint Louis, MO, 63110",63110,St. Louis,,,https://barkdogbar.com/locations/st-louis-mo/,
Barmenia Versicherung - Reisebüro Central GmbH,office:insurance,"70a Frankfurter Straße, Rodgau, 63110",63110,St. Louis,+49 172 6917720,reisebuero-central-gmbh@barmenia.de,https://agentur.barmenia.de/reisebuero-central-gmbh,https://agentur.barmenia.de/reisebuero-central-gmbh
Barnes Jewish Hospital Foundation,office:foundation,"1001 Highlands Plaza Drive, Saint Louis, MO, 63110",63110,St. Louis,+13142860600,,https://www.barnesjewish.org/giving/about-us,https://www.foundationbarnesjewish.org/About/Contact-Us
Bauernhof Keller,shop:convenience,"6 Heinrich-Sahm-Straße, Rodgau, 63110",63110,St. Louis,+49 163 8464813,info@bauernhofkeller.de,https://www.bauernhofkeller.de/,https://www.bauernhofkeller.de/about-1
BAUPHYSIKMANUFAKTUR,office:architect,"44 Hintergasse, Rodgau, 63110",63110,St. Louis,,,https://bms-ing.de,https://bms-ing.de
Bay Insulation of Missouri Inc,shop:hardware,"5130 Wise Avenue, Saint Louis, MO, 63110",63110,St. Louis,,,,
Bei uns,amenity:restaurant,"21 August-Neuhäusel-Straße, Rodgau, 63110",63110,St. Louis,+49 6106 2673364,,,
Bike Monkey,shop:bicycle,"54 Alfred-Delp-Straße, Rodgau, 63110",63110,St. Louis,+49 6106 2898447,,,
Bio Kosmos GmbH,shop:supermarket,"6-8 Hintergasse, Rodgau, 63110",63110,St. Louis,+49 6106 14945,,https://bio-kosmos.de/,https://bio-kosmos.de/
BioSTL,office:association,"4340 Duncan Avenue, Saint Louis, MO, 63110",63110,St. Louis,+13148808877,info@biostl.org,https://biostl.org/,https://biostl.org/contact/
Bittner & Kämpf Video- TV- HiFi GmbH,shop:electronics,"91 Ludwigstraße, Rodgau, 63110",63110,St. Louis,+49 6106 4191,info@bittnertv.de,https://www.bittner-tv.de/,https://www.bittner-tv.de/
BJC Home Infusion,shop:medical_supply,"710 South Boyle Avenue, Saint Louis, MO, 63110",63110,St. Louis,+18882524663,,,
Blue Pond Cafe Maesot,amenity:cafe,"23/4 ถนนบ้านทุ่ง, 63110",63110,St. Louis,0644195973,bluepondcafe@gmail.com,,
Blumen Irma,shop:florist,"6 Görlitzer Straße, Rodgau, 63110",63110,St. Louis,,,,
Blumen Lüddicke,shop:florist,"85 Hauptstraße, Rodgau, 63110",63110,St. Louis,,,,
Booksource,shop:books,"1230 Macklind Avenue, Saint Louis, MO, 63110",63110,St. Louis,,,,
Bootleggin' BBQ Tavern,amenity:restaurant,"4501 Chouteau Avenue, Saint Louis, MO, 63110",63110,St. Louis,,,https://www.bootlegginbbq.com/,https://www.bootlegginbbq.com/contact-us/
Brass,shop:car,"11 Gutenbergstraße, Rodgau, 63110",63110,St. Louis,+49 6106 2900,info.rodgau@brass-gruppe.de,https://www.brass-gruppe.de/de/unternehmen/standorte/brass-rodgau-volkswagen.html,https://www.brass-gruppe.de/de/unternehmen/standorte/brass-rodgau-volkswagen.html
Burger King,amenity:fast_food,"Rodgau, 63110",63110,St. Louis,,,,
Bürgerhaus Gaststätte,amenity:restaurant,"1 Georg-August-Zinn-Straße, Rodgau, 63110",63110,St. Louis,+49 6106 7798911,,,
C.L. Smith,office:company,"1311 South 39th Street, Saint Louis, MO, 63110",63110,St. Louis,+1 800-264-1202,,https://www.clsmith.com,https://www.clsmith.com/contact-us/
Calcaterra Funeral Home,shop:funeral_directors,"5140 Daggett Avenue, St. Louis, MO, 63110",63110,St. Louis,+1-314-771-3383,,https://www.calcaterrafuneral.com,
Car Tank 24,shop:kiosk,"42 Hainburgstraße, Rodgau, 63110",63110,St. Louis,+49 6106 21753,,,
Central Contracting,craft:roofer,"515 South Vandeventer Avenue, Saint Louis, MO, 63110",63110,St. Louis,+13144541616,,http://centralcontractingstlouis.com/,http://centralcontractingstlouis.com/contact-us/
Central GmbH,shop:travel_agency,"70 Frankfurter Straße, Rodgau, 63110",63110,St. Louis,,reisebuero_central@t-online.de,http://www.reisebuero-central.com/,
Century Tire & Auto Service Center,shop:car_repair,"2245 South Kingshighway Boulevard, Saint Louis, MO, 63110",63110,St. Louis,,,,
Cha Cha Chow,amenity:restaurant,"4916 Shaw Avenue, St. Louis, MO, 63110",63110,St. Louis,+1 314-833-6655,,https://www.chachachow.com/,https://www.chachachow.com/
Charlie Gitto's,amenity:restaurant,"5226 Shaw Avenue, Saint Louis, MO, 63110",63110,St. Louis,+1-314-772-8898,user@domain.com,https://www.charliegittos.com/,https://www.charliegittos.com/contact
Chick-fil-A,amenity:fast_food,"4588 Parkview Place, Saint Louis, MO, 63110",63110,St. Louis,+1 314-446-8156,,https://www.chick-fil-a.com/locations/mo/st-louis-college-of-pharmacy,https://www.chick-fil-a.com/about
Chicken-World,amenity:fast_food,"18 Hainburgstraße, Rodgau, 63110",63110,St. Louis,+49 6106 6399284,,http://chicken-world.de/,
China Dish,amenity:restaurant,"4935 Southwest Avenue, Saint Louis, MO, 63110",63110,St. Louis,+13147762511,,,
Chop Shop,shop:hairdresser,"4139 Manchester Avenue, Saint Louis, MO, 63110",63110,St. Louis,,,,
Christina Ücker Immobilien,office:estate_agent,"26 Rhönstraße, Rodgau, 63110",63110,St. Louis,+49 6106 6394352,,https://www.christina-uecker-immobilien.de/,https://www.christina-uecker-immobilien.de/
City Boutique,shop:clothes,"4300-4302 Manchester Avenue, Saint Louis, MO, 63110",63110,St. Louis,,,,
City Development Enterprises,office:yes,"824 South Vandeventer Avenue, Saint Louis, MO, 63110",63110,St. Louis,+13143714022,,,
City Lighting Products,shop:lighting,"4307 Papin Street, Saint Louis, MO, 63110",63110,St. Louis,,,,
City of St. Louis Water Division,office:water_utility,"1640 South Kingshighway Boulevard, Saint Louis, MO, 63110",63110,St. Louis,+13146339000,customerservice@stlwater.com,https://www.stlwater.com/,https://www.stlwater.com/about-us/
CK Supply,shop:gas,"5835 Manchester Avenue, St. Louis, MO, 63110",63110,St. Louis,+1-314-644-3500,,https://cksupply.com/,https://cksupply.com/contact/
Classic Metal Craft,craft:metal_construction,"1315 South Vandeventer Avenue, St. Louis, 63110",63110,St. Louis,,,,
Code Red Safety,shop:rental,"5136 Southwest Avenue, Saint Louis, MO, 63110",63110,St. Louis,+13142410700,hammondcsr@coderedsafety.com,https://www.coderedsafety.com/,https://www.coderedsafety.com/contact-us
Cofactor Genomics,office:research,"4044 Clayton Avenue, Saint Louis, MO, 63110",63110,St. Louis,+18003681019,,https://www.cofactorgenomics.com/,https://cofactorgenomics.com/contact/
Combident GmbH,office:company,"15 Haydnstraße, Rodgau, 63110",63110,St. Louis,+49 6106 22428,info@combident.de,http://www.combident.de/,
Commerce Bank Center for Science Education,office:association,"4651 Shaw Boulevard, Saint Louis, MO, 63110",63110,St. Louis,+13145770220,contact@mobot.org,https://www.missouribotanicalgarden.org/,https://www.missouribotanicalgarden.org/about/additional-information/contact-us.aspx
Comoto Honda Tepic,shop:motorcycle,"947 Avenida de los Insurgentes Poniente, 63110",63110,St. Louis,311 212 2269,,http://comotohonda.mx,http://comotohonda.mx
Consolidated Truck & Caster Co,office:yes,"2254 South Vandeventer Avenue, St. Louis, MO, 63110",63110,St. Louis,+13147716102,,https://www.consolidatedcaster.com/,https://consolidatedcaster.com/contact-us/
Da Luigi II,amenity:restaurant,"87 Hauptstraße, Rodgau, 63110",63110,St. Louis,+49 6106 2591400,,https://www.pizzeriadaluigill.de/,https://www.pizzeriadaluigill.de/contact
Da Vinci Ristorante Gelateria,amenity:restaurant,"123 Ludwigstraße, Rodgau, 63110",63110,St. Louis,+49 6106 2590259,info@restaurant-rodgau.de,https://www.davinci-rodgau.de/,
Dafy Moto,office:company,"Rue Henri Becquerel, Beaumont, 63110",63110,St. Louis,+33 4 73 26 85 69,,https://www.dafy-moto.com/,https://www.dafy-moto.com/contact.html
Damn Fine Hand Pies,amenity:cafe,"4000 Shaw Boulevard, Saint Louis, MO, 63110",63110,St. Louis,,hello@damnfinehandpies.com,https://damnfinehandpies.com/,https://www.spothopperapp.com/contact-us?contact_reason=demo
Dampfstubb,shop:vapestore,"51 Alfred-Delp-Straße, Rodgau, 63110",63110,St. Louis,+49 6106 6398007,,,
David Mason + Associates,office:engineer,"800 South Vandeventer Avenue, Saint Louis, MO, 63110",63110,St. Louis,+13145341030,,https://www.davidmason.com/,https://www.davidmason.com/contact
DAYAN Supermarket,shop:supermarket,"2C Puiseauxplatz, Rodgau, 63110",63110,St. Louis,,,,
Delalic & Kiefer Automobil GmbH,shop:car,"32 Borsigstraße, Rodgau, 63110",63110,St. Louis,+49 6106 8808-0,,https://www.delalic-kiefer.de/,
DER Deutsches Reisebüro,shop:travel_agency,"27 Hintergasse, Rodgau, 63110",63110,St. Louis,+49 6106 86040,rodgau-juegesheim1@dertour-reisebuero.de,https://www.der.com/reisebuero/Rodgau-Juegesheim-Hintergasse-27,https://www.der.com/reisebuero/Rodgau-Juegesheim-Hintergasse-27
Der Yogaraum,leisure:fitness_centre,"48 Gartenstraße, Rodgau, 63110",63110,St. Louis,,,,
Die Hütte - Event-Gastronomie GmbH,amenity:restaurant,"11 Marie-Curie-Straße, Rodgau, 63110",63110,St. Louis,+49 6106 7733471,mail@diehuette-event.de,https://www.diehuette-event.de/,https://www.diehuette-event.de/
Dieter Hau,shop:hairdresser,"1 Schillerstraße, Rodgau, 63110",63110,St. Louis,,,,
DiGregorio's Italian Market,shop:supermarket,"5200 Daggett Avenue, St. Louis, MO, 63110",63110,St. Louis,,,,
dm,shop:chemist,"46a Alfred-Delp-Straße, Rodgau, 63110",63110,St. Louis,,,https://www.dm.de/store/de-1366/rodgau/alfred-delp-strasse-46,https://www.dm.de/store/de-1366/rodgau/alfred-delp-strasse-46
Döbert's Wirtshaus,amenity:restaurant,"Raiffeisenstraße, Rodgau, 63110",63110,St. Louis,,,,
Don Brown Chevrolet,shop:car,"2244 South Kingshighway Boulevard, Saint Louis, MO, 63110",63110,St. Louis,+13142827887,,https://www.donbrownchevrolet.com/Welcome-to-Don-Brown-Chevrolet-Service-Department,
Dr. med. dent. Markus Lehmberg,amenity:dentist,"7 Klostergartenstraße, Rodgau, 63110",63110,St. Louis,,,https://www.zahnarzt-lehmberg.de/,https://www.zahnarzt-lehmberg.de/
Dr. med. dent. Rainer Eisel,amenity:dentist,"6 Ludwig-Erhard-Platz, Rodgau, 63110",63110,St. Louis,,info@dr-eisel.de,https://www.dr-eisel.de/,https://www.dr-eisel.de/
Dr. Ruscher,amenity:dentist,"110 Hauptstraße, Rodgau, 63110",63110,St. Louis,,,https://zahnarzt-ruscher.de,https://zahnarzt-ruscher.de
due amici by Nuivi,amenity:restaurant,"22 Vordergasse, Rodgau, 63110",63110,St. Louis,+49 6106 6254662,restaurant@nuivi.com,https://www.nuivi.de/,
EarthWays Center,office:association,"4651 Shaw Boulevard, Saint Louis, MO, 63110",63110,St. Louis,+13145770220,greenresources@mobot.org,http://www.earthwayscenter.org/,https://www.missouribotanicalgarden.org/sustainability/sustainability/earthways-center/contact-us
EDEKA,shop:supermarket,"3 Hegelstraße, Rodgau, 63110",63110,St. Louis,+49 6106 6670690,ermel@edeka-ermel.de,https://www.edeka.de/eh/s%C3%BCdwest/edeka-ermel-hegelstra%C3%9Fe-3/index.jsp,https://www.edeka.de/eh/s%C3%BCdwest/edeka-ermel-hegelstra%C3%9Fe-3/index.jsp
ehemaliger MW Sender,amenity:studio,"Rodgau, 63110",63110,St. Louis,,,,
Eiffler,shop:bakery,"78 Hauptstraße, Rodgau, 63110",63110,St. Louis,,,,
Einhorn-Apotheke,amenity:pharmacy,"68 Nieuwpoorter Straße, Rodgau, 63110",63110,St. Louis,+49 6106 24549,einhorn-apotheke_rodgau@web.de,http://www.einhorn-apotheke-rodgau.de/,
Einrichtungshaus Manus,shop:interior_decoration,"58 Ober-Rodener Straße, Rodgau, 63110",63110,St. Louis,+49 6106 88070,einrichtungshaus@manus.de,https://www.einrichtungshaus-manus.de/,https://www.einrichtungshaus-manus.de/
Eis-Werner,amenity:ice_cream,"7 Puiseauxplatz, Rodgau, 63110",63110,St. Louis,,,,
Eiscafe Costa,amenity:cafe,"21 Eisenbahnstraße, Rodgau, 63110",63110,St. Louis,,,,
Eiscafe Piccola Venezia,amenity:cafe,"34 Hintergasse, Rodgau, 63110",63110,St. Louis,+49 6106 649933,,http://eiscafe-rodgau.de/,http://eiscafe-rodgau.de/
El Milagro Azteca,amenity:restaurant,"4940 Southwest Avenue, Saint Louis, MO, 63110",63110,St. Louis,,user@domain.com,https://www.elmilagroazteca.com/,https://www.elmilagroazteca.com/
Elektro Lemster,craft:electrician,"6 Raiffeisenstraße, Rodgau, 63110",63110,St. Louis,,,,
Everest Cafe & Bar,amenity:cafe,"4145 Manchester Avenue, Saint Louis, MO, 63110",63110,St. Louis,,,,
Extra Space Storage,shop:storage_rental,"722 South Vandeventer Avenue, Saint Louis, MO, 63110",63110,St. Louis,+13145303900,,,
Fahrradladen Mauer,shop:bicycle,"8 Goetheplatz, Rodgau, 63110",63110,St. Louis,+49 6106 5239,hallo@fahrradladen-mauer.de,https://www.fahrradladen-mauer.de,
Fair Saint Louis Foundation,office:association,"301 Prospect Avenue, Saint Louis, MO, 63110",63110,St. Louis,+13144343434,info@celebratesaintlouis.org,http://fairsaintlouis.org/,http://fairsaintlouis.org/about
Fiddlehead Fern Cafe,amenity:cafe,"4066 Russell Boulevard, Saint Louis, MO, 63110",63110,St. Louis,+13143008111,info@fiddleheadferncafe.com,https://www.fiddleheadferncafe.com/,https://www.fiddleheadferncafe.com/contact
Fielder Electrical Service,craft:electrician,"1827 South Kingshighway Boulevard, St. Louis, MO, 63110",63110,St. Louis,+13147734955,info@fielderstl.com,http://www.fielderelectricalservices.com/,https://fielderelectricalservices.com/contact-us/
Fitness World Rodgau,leisure:fitness_centre,"3-5 Borsigstraße, Rodgau, 63110",63110,St. Louis,+49 6106 75341,info@fitness-rodgau.de,https://fitness-rodgau.de/,https://fitness-rodgau.de/
Fitnessfabrik,leisure:fitness_centre,"4 Einsteinstraße, Rodgau, 63110",63110,St. Louis,+49 6106 7734298,,https://www.fitnessfabrik.de/,
Five Bistro,amenity:restaurant,"5100 Daggett Avenue, 63110",63110,St. Louis,+13147735553,,http://fivebistro.com,http://fivebistro.com
Frankfurter Volksbank,amenity:bank,"66 Frankfurter Straße, Rodgau, 63110",63110,St. Louis,+49 6106 8816,,,
Frankfurter Volksbank,amenity:bank,"2-8 Babenhäuser Straße, Rodgau, 63110",63110,St. Louis,,,,
Fresh Thyme,shop:supermarket,"3701 Foundry Way, Saint Louis, MO, 63110",63110,St. Louis,+13145974400,sd104@freshthyme.com,https://www.freshthyme.com/,https://www.freshthyme.com/sm/planning/rsid/104/contact-us
Friseur Loredana Galanti,shop:hairdresser,"59 Vordergasse, Rodgau, 63110",63110,St. Louis,+49 6106 2590778,,,
Früchtehaus Staudt,shop:greengrocer,"2 Obere Marktstraße, Rodgau, 63110",63110,St. Louis,,,,
GadellNet Consulting Services,office:it,"1520 South Vandeventer Avenue, Saint Louis, MO, 63110",63110,St. Louis,+13147365304,,https://gadellnet.com/location/st-louis/,https://gadellnet.com/contact/
Gallery Pub on Thurman,amenity:pub,"4069 Shenandoah Avenue, Saint Louis, MO, 63110",63110,St. Louis,,gallerypubart@gmail.com,https://gallerypubstl.com/,https://gallerypubstl.com/
Gartenstadt-Apotheke,amenity:pharmacy,"1 Hamburger Straße, Rodgau, 63110",63110,St. Louis,+49 6106 72040,info@apothekegartenstadt.de,http://www.apothekegartenstadt.de/,
Gasthaus Zum Engel,amenity:restaurant,"16 Ober-Rodener Straße, Rodgau, 63110",63110,St. Louis,,,,
Getränke Gotta,shop:beverages,"5 Elbinger Straße, Rodgau, 63110",63110,St. Louis,+49 6106 668032,info@getraenke-gotta.de,https://www.gotta24.de/rodgau-juegesheim-35,
Gioia's Deli,amenity:restaurant,"1934 Macklind Avenue, Saint Louis, MO, 63110",63110,St. Louis,,contact@gioiasdeli.com,https://www.gioiasdeli.com/,mailto:contact@gioiasdeli.com
gipsart,shop:gift,"61 Vordergasse, Rodgau, 63110",63110,St. Louis,+49 173 6662444,,,
Glass Blocks of St Louis Inc,shop:country_store,"1253 East Road, Saint Louis, MO, 63110",63110,St. Louis,,,,
Gleis 3,amenity:restaurant,"Bahnhof, Rodgau, 63110",63110,St. Louis,+49 6106 7732460,gleis3@gmx.de,,
Good Company,amenity:bar,"4317 Manchester Avenue, 63110",63110,St. Louis,+1-314-405-8333,,https://goodcompany-stl.com/,https://goodcompany-stl.com/contact/
Goodwill Outlet,shop:charity,"3728 Market Street, Saint Louis, MO, 63110",63110,St. Louis,+1 314 531 0671,,https://mersgoodwill.org/shop/goodwill-outlet-store/,
greem,shop:mobile_phone,"5 Obere Marktstraße, Rodgau, 63110",63110,St. Louis,,,,
Grimm Raumausstattung,shop:interior_decoration,"36 Hintergasse, Rodgau, 63110",63110,St. Louis,+49 6106 9347,,,
Guidos Pizzeria and Tapas,amenity:restaurant,"5046 Shaw Avenue, Saint Louis, MO, 63110",63110,St. Louis,,,,
Harald Ries,shop:hairdresser,"12 Hanauer Straße, Rodgau, 63110",63110,St. Louis,,,,
Haustechnik Wagner,shop:bathroom_furnishing,"29-31 Am Rückersgraben, Rodgau, 63110",63110,St. Louis,+49 6106 22332,info@haustechnik-wagner.de,http://www.haustechnik-wagner.de/,
Heinrich Schreiner,office:company,"39 Borsigstraße, Rodgau, 63110",63110,St. Louis,+49 6106 71116,,,
Heiztechnik Deister & Petz,craft:hvac,"97a Eisenbahnstraße, Rodgau, 63110",63110,St. Louis,+49 6106 648914,,,
Herbaria,shop:soap,"2016 Marconi Avenue, St. Louis, MO, 63110",63110,St. Louis,,,,
Herrtwich GmbH,office:company,"4 Raiffeisenstraße, Rodgau, 63110",63110,St. Louis,,,,
Hitzel Parfümerie,shop:beauty,"5 Obere Marktstraße, Rodgau, 63110",63110,St. Louis,,,,
Hofcafé,amenity:cafe,"6 Heinrich-Sahm-Straße, Rodgau, 63110",63110,St. Louis,,,,
Höfler Fenster,craft:window_construction,"38 Hainburgstraße, Rodgau, 63110",63110,St. Louis,+49 6106 22228,info@hoefler-fenster.de,http://www.hoefler-fenster.de,http://www.hoefler-fenster.de
Homie Burmese Restaurant,amenity:restaurant,"104,28 Ban Nuea, 63110",63110,St. Louis,,,,
Ices Plain & Fancy,amenity:ice_cream,"2256 South 39th Street, Saint Louis, MO, 63110",63110,St. Louis,,,,
Idle Hands Hair Company,shop:hairdresser,"4102 Shenandoah Avenue, Saint Louis, MO, 63110",63110,St. Louis,+13148990780,sales@vagaro.com,http://idlehandsgroomingco.com/,https://www.vagaro.com/pro/contact
iHeartMedia,office:yes,"1001 Highlands Plaza Drive, Saint Louis, MO, 63110",63110,St. Louis,+13143338000,,https://www.iheartmedia.com/,https://www.iheartmedia.com/
iHeartMedia,amenity:studio,"3725 Foundry Way, Saint Louis, MO, 63110",63110,St. Louis,,,https://www.iheartmedia.com/,https://www.iheartmedia.com/
Il Capitano,amenity:restaurant,"54 Nieuwpoorter Straße, Rodgau, 63110",63110,St. Louis,+49 6106 268880,info@ilcapitanorodgau.de,https://www.ilcapitanorodgau.de/,https://www.ilcapitanorodgau.de/
Indigo Lighthouse Germany GmbH,shop:wholesale,"10 Boschstraße, Rodgau, 63110",63110,St. Louis,,,,
iNDO,amenity:restaurant,"1641D Tower Grove Avenue, Saint Louis, MO, 63110",63110,St. Louis,+13148999333,user@domain.com,https://www.indo-stl.com/,https://www.indo-stl.com/
Ingenieurbüro Schmidt,office:architect,"12 Vordergasse, Rodgau, 63110",63110,St. Louis,+49 6106 7708090,,,
Innenarchitekttur G.Oczko,office:architect,"2 Hochstädter Straße, Rodgau, 63110",63110,St. Louis,+49 6106 79210,,http://www.oczko.de,http://www.oczko.de
interactive displays GmbH,office:company,"13 Mainzer Straße, Rodgau, 63110",63110,St. Louis,,info@in-dis.de,https://www.interactive-displays.de/,https://www.interactive-displays.de/
Iron Workers Union 396,office:yes,"2500 59th Street, Saint Louis, MO, 63110",63110,St. Louis,+13146473008,bbortons@stl-cts.org,http://www.ironworkers396.org/,http://www.ironworkers396.org/
ISK Ingenieurgesellschaft für Bau- und Geotechnik mbH,office:company,"1 Ferdinand-Porsche-Ring, Rodgau, 63110",63110,St. Louis,+49 6106 269930,isk@isk-ing.de,http://www.isk-ing.de/,
JET,amenity:fuel,"126 Weiskircher Straße, Rodgau, 63110",63110,St. Louis,+49 6106 3750,mail.jet-tankstellen@p66.com,https://www.jet.de/tankstellen/rodgau/weisskircher-str-126,https://www.jet.de/tankstellen/rodgau/weisskircher-str-126
Jiffy Lube,shop:car_repair,"4592 Manchester Avenue, Saint Louis, MO, 63110",63110,St. Louis,,,,
Jimmy John's,amenity:fast_food,"5720 Oakland Avenue, Saint Louis, MO, 63110",63110,St. Louis,+1 314-644-3278,,https://locations.jimmyjohns.com/mo/st-louis/sandwiches-1226.html,https://www.jimmyjohns.com/contact-us/feedback
Jo Fassi Sausage and Sandwich Factory,amenity:fast_food,"2323 Sublette Avenue, Saint Louis, MO, 63110",63110,St. Louis,+13146475158,joefassisandwich@gmail.com,https://www.joefassisandwiches.com/,https://www.joefassisandwiches.com/#contact-map-section
John Viviano and Sons,shop:supermarket,"5139 Shaw Avenue, Saint Louis, MO, 63110",63110,St. Louis,+1-314-771-5476,,https://shopviviano.com/,
Journal Rodgau,amenity:restaurant,"5 Konrad-Kappler-Straße, Rodgau, 63110",63110,St. Louis,+49 6106 7737000,info@journal-rodgau.com,http://www.journal-rodgau.com/,
Junker Immobilien,office:estate_agent,"105 Ludwigstraße, Rodgau, 63110",63110,St. Louis,+49 6106 84000,kontakt@junker-immobilien.de,https://www.junker-immobilien.net/,https://www.junker-immobilien.net/
Kärcher Clean Park,amenity:car_wash,"16 Liebigstraße, Rodgau, 63110",63110,St. Louis,,,,
Keagan’s Restaurant,amenity:restaurant,"5163 Clayton Avenue, Saint Louis, MO, 63110",63110,St. Louis,+13145317773,michael.stauder@arcisgolf.com,https://www.highlandsgolfandtennis.com/,https://arcisgolf.com/clubs/highlands_golf_and_tennis_center/club_contacts
KFK Automation GmbH,office:company,"2 Otto-Hahn-Straße, Rodgau, 63110",63110,St. Louis,+49 6106 6269300,info@kfk-automation.de,http://kfk-automation.de/,http://kfk-automation.de/
Kleins Radhaus,shop:bicycle,"53a Nieuwpoorter Straße, Rodgau, 63110",63110,St. Louis,+49 6106 284921,info@kleins-radhaus.de,https://kleins-radhaus.de/,https://kleins-radhaus.de/
Kloset Cafe&Eatery-สาขาเมืองฉอดสปอร์ตคลับ,amenity:cafe,"455 455 Tha Sai Luat, Mae Sot District, Chang Wat Tak 63110, 63110",63110,St. Louis,0919474242,,,
Kronen Lichtspiele,amenity:cinema,"13 Hochstädter Straße, Rodgau, 63110",63110,St. Louis,,,https://www.kino-rodgau.de/,https://www.kino-rodgau.de/
KS Tools,shop:wholesale,"12 Boschstraße, Rodgau, 63110",63110,St. Louis,+49 6104 49740,,,
La Calle Mexican Restaurant,amenity:restaurant,"4121-4125 Manchester Avenue, Saint Louis, MO, 63110",63110,St. Louis,+1-314-328-1452,lacalle.grove@gmail.com,https://lacallestl.com/,https://www.spothopperapp.com/contact-us?contact_reason=demo
La Dolce Vita,amenity:restaurant,"54 Ludwigstraße, Rodgau, 63110",63110,St. Louis,+49 6106 61539,,https://dolce-vita.info/,https://dolce-vita.info/
la Famiglia,amenity:restaurant,"15 Borsigstraße, Rodgau, 63110",63110,St. Louis,+49 6106 707784,,http://ristorante-la-famiglia.de/,http://ristorante-la-famiglia.de/
La Finca Coffee,amenity:cafe,"4440 Manchester Avenue, St. Louis, MO, 63110",63110,St. Louis,,,,
La Pâtisserie Chouquette,shop:pastry,"1626 Tower Grove Avenue, Saint Louis, MO, 63110",63110,St. Louis,+13149327935,,,
Lara Döner Pizza,amenity:fast_food,"1-3 Obere Marktstraße, Rodgau, 63110",63110,St. Louis,+49 6106 6687658,,https://www.laradoenerpizza.de/,
Latte Macchiato,shop:coffee,"2 Schwesternstraße, Rodgau, 63110",63110,St. Louis,+49 6106 667656,,,
Lawson Brothers Floor Company,shop:flooring,"1340 South Kingshighway Boulevard, Saint Louis, MO, 63110",63110,St. Louis,,,,
Layla's,amenity:restaurant,"4317 Manchester Avenue, Saint Louis, MO, 63110",63110,St. Louis,,,,
Le Monte Christo,shop:newsagent,"4 Place du Parc, Beaumont, 63110",63110,St. Louis,+33443970594,lemontechristo63110@gmail.com,https://www.facebook.com/profile.php?id=100085954383868&locale=fr_FR,
Le P'tit Nice,amenity:restaurant,"2 Rue de la Châtaigneraie, Beaumont, 63110",63110,St. Louis,+33 4 73 26 82 21,,,
Lidl,shop:supermarket,"46 Alfred-Delp-Straße, Rodgau, 63110",63110,St. Louis,,,https://www.lidl.de/filialen/rodgau/hainhausen-alfred-delp-str-46.html,https://www.lidl.de/filialen/rodgau/hainhausen-alfred-delp-str-46.html
Little Burma Tea Bar,amenity:restaurant,"23 phra that pha Daeng, 63110",63110,St. Louis,,,,
Lofty Perückenstudio in Rodgau,shop:hairdresser,"10 Henschelstraße, Rodgau, 63110",63110,St. Louis,,,https://www.peruecken-lofty.de/lofty-vor-ort/lofty-peruecken-rodgau/,
Lokanta Döner Kebap Grill-Haus,amenity:restaurant,"13-15 Obere Marktstraße, Rodgau, 63110",63110,St. Louis,,,,
LP Mart,shop:convenience,"733 South Vandeventer Avenue, Saint Louis, MO, 63110",63110,St. Louis,+13146528338,,,
Ma-Thai Original Thailändische Massagekunst,shop:massage,"176a Leipziger Ring, Rodgau, 63110",63110,St. Louis,+49 6106 8819880,mail@ma-thaimassage.de,http://www.ma-thaimassage.de/,http://www.ma-thaimassage.de/
Mac's Local Eats,amenity:restaurant,"5656 Oakland Avenue, Saint Louis, MO, 63110",63110,St. Louis,+1 314 393 7713,macslocalbuys@gmail.com,https://www.macslocaleats.com/,https://www.macslocaleats.com/#hours-contact
MahanakhoN Thai Massage,shop:massage,"24 Hochstädter Straße, Rodgau, 63110",63110,St. Louis,+49 6106 2667970,,http://www.thai-massage-rimhad.de/,http://www.thai-massage-rimhad.de/
Mama's On The Hill,amenity:restaurant,"2132 Edwards Street, St Louis, MO, 63110",63110,St. Louis,+1 314-776-3100,,https://mamasonthehill.com,
McDonald’s,amenity:fast_food,"2 Lange Schneise, 63110",63110,St. Louis,,,,
Messerschärferei SCHLEIFNIX,shop:locksmith,"44 Hintergasse, Rodgau, 63110",63110,St. Louis,,,https://www.schleifnix.de/,https://www.schleifnix.de/
Metzgerei Siegler,shop:butcher,"105 Nieuwpoorter Straße, Rodgau, 63110",63110,St. Louis,,,http://www.siegler-metzgerei.de,http://www.intercontact-agentur.de/
Midland Optical,shop:optician,"2360 59th Street, Saint Louis, MO, 63110",63110,St. Louis,+13145332020,info@midlandoptical.com,https://midlandoptical.com/,https://midlandoptical.com/contact/
Midtown Community Services,office:association,"1202 South Boyle Avenue, Saint Louis, MO, 63110",63110,St. Louis,,,,
Milo's Tavern,amenity:bar,"5210 Wilson Avenue, St. Louis, MO, 63110",63110,St. Louis,+1-314-776-0468,milosbocce@milosboccegarden.com,https://www.milosboccegarden.com/,https://www.milosboccegarden.com/
Mitch STL,shop:hairdresser,"4301 Arco Avenue, St. Louis, MO, 63110",63110,St. Louis,,,,
MKS-Kratz,office:tax_advisor,"13 Eppertshäuser Weg, Rodgau, 63110",63110,St. Louis,,,,
Modern Brewery & The Kings Oak,amenity:pub,"5200 Oakland Avenue, Saint Louis, MO, 63110",63110,St. Louis,,,,
Motorradhalle hot And top GmbH,shop:motorcycle,"5d Hans-Böckler-Straße, Rodgau, 63110",63110,St. Louis,+49 6106 16177,service@die-motorradhalle.de,https://www.die-motorradhalle.de,https://www.die-motorradhalle.de
Movementgym Rodgau,leisure:fitness_centre,"13-15 Obere Marktstraße, Rodgau, 63110",63110,St. Louis,,,,
"MP Café, Café am Marktplatz",amenity:cafe,"13 Obere Marktstraße, Rodgau, 63110",63110,St. Louis,,,https://mpcaferodgau.jimdo.com/,
Mr DIY,shop:doityourself,"68 Prasatwithi, 63110",63110,St. Louis,+66 02-316-0004-13,customercare.th@mrdiy.com,https://www.mrdiy.co.th/en/home,
N & M Food Market,shop:supermarket,"4201-4205 Manchester Avenue, Saint Louis, MO, 63110",63110,St. Louis,,,,
Nähcafe Hexenstich,shop:fabric,"24 Potsdamer Straße, Rodgau, 63110",63110,St. Louis,+49 177 8883376,info@hexenstich.eu,https://www.hexenstich.eu/,
National Transport Service GmbH,office:logistics,"3 Ferdinand-Porsche-Ring, Rodgau, 63110",63110,St. Louis,+49 6106 60020,info@nts-rodgau.de,http://www.nts-rodgau.de/,
Neon Greens,amenity:restaurant,"4176 Manchester Avenue, St. Louis, MO, 63110",63110,St. Louis,,,https://www.neongreens.com/,
Nerdy Terdy World,shop:clothes;collector;toys,"13 Philipp-Reis-Straße, Rodgau, 63110",63110,St. Louis,+49 6106 6394815,store@nerdyterdyworld.de,https://nerdyterdyworld.de,
Nick's Pub,amenity:bar,"6001 Manchester Avenue, St. Louis, MO, 63110",63110,St. Louis,+13147817806,user@domain.com,https://www.nicksirishpub.com/,https://www.nicksirishpub.com/contact-us
Nicky Slices Pizza Club,amenity:restaurant,"2240 Edwards Street, Saint Louis, MO, 63110",63110,St. Louis,,user@domain.com,https://www.nickyslices.com/,https://www.nickyslices.com/
Ninety-Seven,shop:leather,"97 Ludwigstraße, Rodgau, 63110",63110,St. Louis,+49 6106 3222,info@ninetyseven.de,http://www.ninetyseven.de/,http://www.ninetyseven.de/
NKD,shop:clothes,"1-3 Obere Marktstraße, Rodgau, 63110",63110,St. Louis,,,,
NPG Germany GmbH,office:company,"43 Ludwigstraße, Rodgau, 63110",63110,St. Louis,,,,
O'Connell's Pub,amenity:pub,"4652 Shaw Boulevard, Saint Louis, MO, 63110",63110,St. Louis,+1-314-773-6600,,https://www.oconnells-pub.com/,
O'fashion Donuts Inc,amenity:fast_food,"5120 Southwest Avenue, Saint Louis, MO, 63110",63110,St. Louis,+13147720398,,,
OHP Automation Systems GmbH,office:company,"16 Gutenbergstraße, Rodgau, 63110",63110,St. Louis,+49 6106 849550,info@ohp.de,http://www.ohp.de/,
Oliva on the Hill,amenity:restaurant,"4915 Daggett Ave, Saint Louis, MO, 63110",63110,St. Louis,+13148996271,info@cateringstlouis.com,https://olivaonthehill.com/,https://olivaonthehill.com/contact/
Olympia,amenity:restaurant,"83 Frankfurter Straße, Rodgau, 63110",63110,St. Louis,+49 6106 71105,,http://www.restaurant-olympia-rodgau.de/,
Optik Fuchs,shop:optician,"32 Hintergasse, Rodgau, 63110",63110,St. Louis,+49 6106 15203,optikfuchs@web.de,http://www.optik-fuchs.eu/,http://www.optik-fuchs.eu/
Pan & Pizza Rodgau,amenity:fast_food,"1-3 Opelstraße, Rodgau, 63110",63110,St. Louis,,,,
Parres,shop:hairdresser,"34 Hintergasse, Rodgau, 63110",63110,St. Louis,,info@parres-haircompany.de,https://www.parres-haircompany.de/,https://www.parres-haircompany.de/
Pegels Hörgeräte,shop:hearing_aids,"5 Puiseauxplatz, Rodgau, 63110",63110,St. Louis,+49 6106 2677233,,https://www.pegels.de,https://www.pegels.de
Petranovic,shop:car_repair,"3 Raiffeisenstraße, Rodgau, 63110",63110,St. Louis,,,,
Pflanzenzentrum Fischer,shop:garden_centre,"2 Blumenau, Rodgau, 63110",63110,St. Louis,+496106 21010,info@fischer-pflanzen.de,http://www.fischer-pflanzen.de/,
Pizzeria Capri,amenity:restaurant,"20 Hanauer Straße, Rodgau, 63110",63110,St. Louis,,,,
Platypus,amenity:bar,"4510 Manchester Avenue, St. Louis, MO, 63110",63110,St. Louis,,,,
Praxis f. Zahnheilkunde,amenity:dentist,"1-3 Puiseauxplatz, Rodgau, 63110",63110,St. Louis,,,,
Prism,amenity:bar,"4510 Manchester Avenue, St. Louis, MO, 63110",63110,St. Louis,,,,
Profi Getränke Shop,shop:beverages,"2 Einsteinstraße, Rodgau, 63110",63110,St. Louis,,,https://www.profi-getraenke-shop.de/,https://www.profi-getraenke-shop.de/
PTG Lohnabfüllung GmbH,office:company,"4 Elisabeth-Selbert-Straße, Rodgau, 63110",63110,St. Louis,+49 6106 267450,info@ptg-lohnabfuellung.de,http://www.ptg-lohnabfuellung.de/,
purfitness Weiskirchen,leisure:fitness_centre,"4 Liebigstraße, Rodgau, 63110",63110,St. Louis,,,https://purfitness.de/fitnessstudio-weiskirchen,https://purfitness.de/fitnessstudio-weiskirchen
QuikTrip,shop:convenience,"904 South Vandeventer Avenue, Saint Louis, MO, 63110",63110,St. Louis,+13145334333,,,
QuikTrip,shop:convenience,"2600 Chouteau Avenue, Saint Louis, MO, 63110",63110,St. Louis,,,,
R & J Supply,shop:wholesale,"4931 Daggett Avenue, Saint Louis, MO, 63110",63110,St. Louis,+13146648100,,http://www.randjsupply.com/,https://rjsign.com/ABOUT-R-J.html
Radsport Lenhart,shop:bicycle,"34 Vordergasse, Rodgau, 63110",63110,St. Louis,+49 6106 61499,,http://radsport-lenhart.de,http://radsport-lenhart.de
Radsporthalle lehrstehend,shop:vacant,"9 Elbinger Straße, Rodgau, 63110",63110,St. Louis,,,,
Raising Cane's,amenity:fast_food,"805 South Vandeventer Avenue, Saint Louis, MO, 63110",63110,St. Louis,,,https://www.raisingcanes.com/locations/c372,
Rebellos,amenity:cafe,"52 Weiskircher Straße, Rodgau, 63110",63110,St. Louis,,,,
Reifenservice Ruck Zuck,shop:car_repair,"52 Dudenhöfer Straße, Rodgau, 63110",63110,St. Louis,+49 6106 667470,,http://www.reifenservice-ruckzuck.de/,http://www.reifenservice-ruckzuck.de/
Restaurant Bürgerhaus Weiskirchen,amenity:restaurant,"Schillerstraße, Rodgau, 63110",63110,St. Louis,+49 6106 14042,info@buergerhaus-weiskirchen.de,https://www.buergerhaus-weiskirchen.de/,https://www.buergerhaus-weiskirchen.de/
Restaurant Dalmatia,amenity:restaurant,"15 Hintergasse, Rodgau, 63110",63110,St. Louis,+49 6106 2789882,,,
Rewe,shop:supermarket,"4 Elbinger Straße, Rodgau, 63110",63110,St. Louis,,,,
Rewe,shop:supermarket,"12 Rochusstraße, Rodgau, 63110",63110,St. Louis,,,,
REWE,shop:supermarket,"2 Marie-Curie-Straße, Rodgau, 63110",63110,St. Louis,+49 6106 773349,,,
REWE Center,shop:supermarket,"46 Feldstraße, Rodgau, 63110",63110,St. Louis,+49 6106 8221-0,,https://www.rewe.de/marktseite/rodgau-dudenhofen/240296/rewe-center-feldstrasse-46/,
REWE Tankstelle,amenity:fuel,"Rodgau, 63110",63110,St. Louis,,,,
Rhenus SE & Co. KG,office:company,"3 Elisabeth-Selbert-Straße, Rodgau, 63110",63110,St. Louis,+49 6106 28590,,https://www.de.rhenus.com/,
Rieth Maschinenhandel GmbH,shop:trade,"3 Hans-Böckler-Straße, Rodgau, 63110",63110,St. Louis,+49 6106 267660,info@rieth-maschinenhandel.de,https://www.rieth-maschinenhandel.de/,https://plus.google.com/105143741567130126140/about
Rigazzi's,amenity:restaurant,"4945 Daggett Avenue, St. Louis, MO, 63110",63110,St. Louis,+1-314-772-4900,,https://www.rigazzis.com/,
Ristorante Pizzeria Pompei,amenity:restaurant,"78 Hauptstraße, Rodgau, 63110",63110,St. Louis,+49 6106 18829,ciao@pizzeria-pompei.de,https://pizzeria-pompei.restaurant-king.de/,https://pizzeria-pompei.restaurant-king.de/
Rockwell Beer Company,craft:brewery,"1400 Kentucky Avenue, Saint Louis, MO, 63110",63110,St. Louis,,,,
Rodgau Döner,amenity:fast_food,"9 Dudenhöfer Straße, Rodgau, 63110",63110,St. Louis,+49 6106 61389,,,
Rodgau Kiosk,amenity:pub,"5 Heidelberger Straße, Rodgau, 63110",63110,St. Louis,,,,
ROFU Kinderland,shop:toys,"1 Hegelstraße, Rodgau, 63110",63110,St. Louis,+49 6106 29112,,https://www.rofu.de,https://www.rofu.de
Rossmann,shop:chemist,"47 Hainburgstraße, Rodgau, 63110",63110,St. Louis,+49 6106 7709880,,https://www.rossmann.de,https://www.rossmann.de
Running Niche,shop:sports,"1601 Tower Grove Avenue, Saint Louis, MO, 63110",63110,St. Louis,+13144058006,,,
s + d Druckhaus GmbH,office:company,"17 Theodor-Heuss-Straße, Rodgau, 63110",63110,St. Louis,+49 6106 2857990,,http://www.sd-druckhaus.de/,
Salon Geni,shop:hairdresser,"5 Obere Marktstraße, Rodgau, 63110",63110,St. Louis,,,,
Salon Rudolph,shop:hairdresser,"14 Hochstädter Straße, Rodgau, 63110",63110,St. Louis,,,https://friseursalonrudolph.de/,https://friseursalonrudolph.de/
Salon Rudolph,shop:hairdresser,"6 Eppsteiner Straße, Rodgau, 63110",63110,St. Louis,+49 6106 9874,,https://friseursalonrudolph.de/,https://friseursalonrudolph.de/
Sameem Afghan Restaurant & Catering,amenity:restaurant,"4341 Manchester Avenue, Saint Louis, MO, 63110",63110,St. Louis,,,,
Sanctuaria,amenity:restaurant,"4198 Manchester Avenue, 63110",63110,St. Louis,,,https://www.sanctuariastl.com/,
Sandhof,shop:farm,"3 Westweiler/Außerhalb, Rodgau, 63110",63110,St. Louis,+49 6106 167 17,,https://sandhof-rodgau.de,https://sandhof-rodgau.de
Sasha's on Shaw,amenity:bar,"4069 Shaw Avenue, 63110",63110,St. Louis,,sashasonshaw@gmail.com,https://www.sashaswinebar.com/,https://www.sashaswinebar.com/
Sauce On The Side,amenity:restaurant,"4261 Manchester Avenue, Saint Louis, MO, 63110",63110,St. Louis,,,,
SBS Autoservice GmbH,shop:car_repair,"6 Kronberger Straße, Rodgau, 63110",63110,St. Louis,+49 6106 23205,info@sbsautoservice.de,https://werkstatt-sbs.de,
Schaeffler Technologies AG & Co. KG - IB Offenbach,office:company,"13 Gutenbergstraße, Rodgau, 63110",63110,St. Louis,+49 6106 850641,ib.offenbach@schaeffler.com,https://www.schaeffler.de/,
Schenke & Neumann,office:lawyer,"14 Eisenbahnstraße, Rodgau, 63110",63110,St. Louis,,,,
Seibel,craft:tailor,"15 Weiskircher Straße, Rodgau, 63110",63110,St. Louis,,,,
Selgros,shop:wholesale,"2 Udenhoutstraße, Rodgau, 63110",63110,St. Louis,,rodgau@selgros.de,https://www.selgros.de/markt/rodgau,https://www.selgros.de/markt/rodgau
Semcor,shop:hardware,"5432 Highland Park Drive, Saint Louis, MO, 63110",63110,St. Louis,,,,
Sergej Tischuk,shop:car_repair,"7 Ostendstraße, Rodgau, 63110",63110,St. Louis,,,,
Service Center Möbius,shop:stationery,"2 Schwesternstraße, Rodgau, 63110",63110,St. Louis,,,,
Shaw Market,shop:convenience,"4200 Shaw Boulevard, Saint Louis, MO, 63110",63110,St. Louis,+1-314-771-3544,,https://www.facebook.com/ShawMarket,https://www.facebook.com/ShawMarket
Shaw Neighborhood Improvement Association,office:nonprofit_neighborhood_association,"4103 Shenandoah Avenue, Saint Louis, 63110",63110,St. Louis,+1-314-771-3101,snia@shawstlouis.org,https://shawstlouis.org/,https://shawstlouis.org/all-about-shaw/
Shaw's Coffee,amenity:cafe,"5147 Shaw Avenue, Saint Louis, MO, 63110",63110,St. Louis,,,https://shawcoffee.com,
Shell,amenity:fuel,"77 Weiskircher Straße, Rodgau, 63110",63110,St. Louis,+49 6106 13091,,,
ShenayIleri Beauty,shop:beauty,"9 Ludwig-Erhard-Platz, Rodgau, 63110",63110,St. Louis,,,,
Skif International,shop:clothes,"2008 Marconi Avenue, St. Louis, MO, 63110",63110,St. Louis,,,,
Songbird,amenity:restaurant,"4476 Chouteau Avenue, Saint Louis, MO, 63110",63110,St. Louis,,,,
Sowiso,amenity:restaurant,"21 Kasseler Straße, Rodgau, 63110",63110,St. Louis,+49 6106 15952,info@sowiso-rodgau.de,https://sowiso-rodgau.de/,
Spahn,shop:bakery,"1 Wormser Straße, Rodgau, 63110",63110,St. Louis,+49 6106 733193,sales@nicsell.com,http://www.ihr-holzofenbaecker.de,http://www.ihr-holzofenbaecker.de/en/contact
Spahn,shop:clothes,"3 Schwesternstraße, Rodgau, 63110",63110,St. Louis,,,,
Sparkasse,amenity:bank,"29 Ludwigstraße, Rodgau, 63110",63110,St. Louis,,info@sls-direkt.de,https://www.sls-direkt.de/module/ihre_sparkasse/filialfinder/index.php?n=%2Fmodule%2Fihre_sparkasse%2Ffilialfinder%2F#details/7654,https://www.sls-direkt.de/module/ihre_sparkasse/filialfinder/index.php?n=%2Fmodule%2Fihre_sparkasse%2Ffilialfinder%2F#details/7654
Sparkasse Dieburg,amenity:bank,"79 Frankfurter Straße, Rodgau, 63110",63110,St. Louis,,,,
Sparkasse Langen-Seligenstadt,amenity:bank,"12-14 Nieuwpoorter Straße, Rodgau, 63110",63110,St. Louis,,,,
"sport aktiv Outdoor, Trekking, Berg- und Radsport",shop:sports,"6 Ludwigstraße, Rodgau, 63110",63110,St. Louis,+49 6106 3431,,https://www.sportaktiv-shop.de/,https://www.sportaktiv-shop.de/
Sportgemeinschaft Nieder-Roden e. V. - Hauptanlage,leisure:sports_centre,"49 Hainburgstraße, Rodgau, 63110",63110,St. Louis,,,,
Sporthalle Georg-Büchner-Schule,leisure:sports_centre,"2 Lange Straße, Rodgau, 63110",63110,St. Louis,,,,
Sporthalle Nieder-Roden,leisure:sports_centre,"48a Wiesbadener Straße, Rodgau, 63110",63110,St. Louis,,,,
Sportvereinigung Weiskirchen 1893 e.V.,leisure:sports_centre,"7 Am Sportplatz, Rodgau, 63110",63110,St. Louis,,,,
St. Louis Automatic Sprinkler,office:engineer,"3928 Clayton Avenue, Saint Louis, MO, 63110",63110,St. Louis,+13145337710,,https://www.slasco.com/,https://www.slasco.com/
"St. Louis Department of Parks, Recreation, and Forestry",office:government,"5600 Clayton Avenue, Saint Louis, MO, 63110",63110,St. Louis,+13142895300,cityparkevents@stlouis-mo.gov,https://www.stlouis-mo.gov/government/departments/parks/parks/,https://www.stlouis-mo.gov/government/departments/parks/parks/#orgContact
Starbucks,amenity:cafe,"4573 Parkview Place, Saint Louis, MO, 63110",63110,St. Louis,+1 314-446-8156,,https://www.starbucks.com/store-locator/store/1021185/univ-of-health-sciences-pha-4573-parkview-place-st-louis-mo-63110-us,https://www.starbucks.com/store-locator/store/1021185/univ-of-health-sciences-pha-4573-parkview-place-st-louis-mo-63110-us
Starbucks,amenity:cafe,"1 Government Drive, Saint Louis, MO, 63110",63110,St. Louis,+1 314-781-0900,,https://www.starbucks.com/store-locator/store/1022173/saint-louis-zoo-1-government-drive-st-louis-mo-63110-us,https://www.starbucks.com/store-locator/store/1022173/saint-louis-zoo-1-government-drive-st-louis-mo-63110-us
Stern Apotheke,amenity:pharmacy,"14 Eisenbahnstraße, Rodgau, 63110",63110,St. Louis,+49 6106 9261,info@stern-apotheke-rodgau.de,http://www.stern-apotheke-rodgau.de/,
STL TV,amenity:studio,"4971 Oakland Avenue, Saint Louis, MO, 63110",63110,St. Louis,,holmana@stlouis-mo.gov,https://stltv.net/,https://stltv.net/about/contact/
Streamline Orthotics & Prosthetics,shop:medical_supply,"615 South Vandeventer Avenue, Saint Louis, MO, 63110",63110,St. Louis,+13142899100,,,
Subway,amenity:fast_food,"1151 South Kingshighway Boulevard, St. Louis, MO, 63110",63110,St. Louis,+1 314-531-7827,,https://restaurants.subway.com/united-states/mo/st-louis/1151-s-kingshighway-blvd,https://www.subway.com/en-US/ContactUs/GuestCare
Super Tandoori,amenity:restaurant,"43 Breslauer Straße, Rodgau, 63110",63110,St. Louis,+49 6106 6399189,supertandoori63110@gmail.com,https://www.supertandoori.de/,https://www.supertandoori.de/contact
Sushi Mitarzu,amenity:restaurant,"178 Leipziger Ring, Rodgau, 63110",63110,St. Louis,,,,
Taft & Tüll Brautstudio / MAIN KAVALIER,shop:clothes,"27 Hintergasse, Rodgau, 63110",63110,St. Louis,+49 152 23278218,benutzer@domain.com,https://www.taft-tuell.de/,https://www.taft-tuell.de/
Taha'a Twisted Tiki,amenity:bar,"4199 Manchester Avenue, Saint Louis, MO, 63110",63110,St. Louis,,,https://www.tahaatwistedtikistl.com/,
Takashima Record Bar,amenity:bar,"4095 Chouteau Avenue, Saint Louis, MO, 63110",63110,St. Louis,,,https://takashimarecordbar.com/,https://takashimarecordbar.com/contact
Tankcenter Nieder-Roden,shop:kiosk,"51 Hainburgstraße, Rodgau, 63110",63110,St. Louis,+49 6106 771247,,https://store.totalenergies.de/de_DE/ND002899,
Taverne Alt Athen,amenity:restaurant,"19 Rhönstraße, Rodgau, 63110",63110,St. Louis,+49 61 06 7 14 22,,https://tavernealtathen.de/,https://tavernealtathen.de/contact
Taxi-Shuttle-Ludwig,office:company,"1a Elbinger Straße, Rodgau, 63110",63110,St. Louis,+49 6106 6665888,info@rodgau-taxi.de,http://www.shuttle-service-ludwig.de/,
TEDi,shop:variety_store,"83 Frankfurter Straße, Rodgau, 63110",63110,St. Louis,,,https://www.tedi.com/stores/5662/de/HESSEN/Rodgau/Frankfurter-Str-83,https://www.tedi.com/stores/5662/de/HESSEN/Rodgau/Frankfurter-Str-83
Teresa Hairdesign,shop:hairdresser,"76 Ludwigstraße, Rodgau, 63110",63110,St. Louis,+49 6106 2660926,,http://www.alcina.de/salon/teresa-hairdesign-rodgau.html,
TGM/SV Jügesheim e.V.,leisure:sports_centre,"42 Weiskircher Straße, Rodgau, 63110",63110,St. Louis,,,https://www.tgmsvjuegesheim.de/,https://www.tgmsvjuegesheim.de/
TGS 1895 Jügesheim e.V.,leisure:sports_centre,"18 Ostring, Rodgau, 63110",63110,St. Louis,,,,
The Boss 0.1,amenity:fast_food,"59 Dudenhöfer Straße, Rodgau, 63110",63110,St. Louis,,,https://www.theboss01.de/,https://www.theboss01.de/contact
The Gramophone,amenity:bar,"4245 Manchester Avenue, St. Louis, MO, 63110",63110,St. Louis,,,,
The Hill Antique Market,shop:antiques,"4923 Daggett Avenue, Saint Louis, MO, 63110",63110,St. Louis,+13149617879,,https://www.hillantiques.com/,
The Improv Shop,amenity:theatre,"3960 Chouteau Avenue, St. Louis, MO, 63110",63110,St. Louis,,,https://theimprovshop.com/,https://theimprovshop.com/contact/
The L.A.B. Gym,leisure:fitness_centre,"4011 Papin Street, Saint Louis, MO, 63110",63110,St. Louis,,frontdesk@labgym.com,https://labgym.com/,https://labgym.com/#
The Station at Thurman,amenity:marketplace,"2232 Thurman Avenue, Saint Louis, MO, 63110",63110,St. Louis,,,,
Theo Holler Bauschlosserei,craft:agricultural_engines,"2 Donaustraße, Rodgau, 63110",63110,St. Louis,+49 6106 3738,,,
Tierärztliche Paxis Bettina Gramß,amenity:veterinary,"64 Hauptstraße, Rodgau, 63110",63110,St. Louis,+49 6106 697863,anmeldung@tierarzt-rodgau.de,http://www.tierarzt-rodgau.de/,http://www.tierarzt-rodgau.de/
Tierarztpraxis Dr. Gerbig,amenity:veterinary,"9 Borsigstraße, Rodgau, 63110",63110,St. Louis,+49 6106 76313,,https://www.tierarzt-dr-gerbig.de/,
toom Baumarkt,shop:doityourself,"1 Hegelstraße, Rodgau, 63110",63110,St. Louis,+49 6106 2835910,,https://toom.de/m/rodgau/,https://toom.de/m/rodgau/
Tower Classic Tattoos,shop:tattoo,"4146 Manchester Avenue, Saint Louis, MO, 63110",63110,St. Louis,,,,
Tresor,amenity:restaurant,"7 Am Sportplatz, Rodgau, 63110",63110,St. Louis,+49 6106 2679542,info@tresor-rodgau.de,https://www.tresor-rodgau.de,
TSV 1889 eV. Dudenhofen,leisure:sports_centre,"11 Forsthausstraße, Rodgau, 63110",63110,St. Louis,,,,
U-Haul,shop:storage_rental,"2101 South Kingshighway Boulevard, Saint Louis, MO, 63110",63110,St. Louis,+13147711343,,https://www.uhaul.com/Locations/Self-Storage-near-Saint-Louis-MO-63110/736063/,
Union Loafers,shop:bakery,"1629 Tower Grove Avenue, 63110",63110,St. Louis,,,https://www.unionloafers.com/,
Urban Chestnut Brewing Company,amenity:restaurant,"4465 Manchester Avenue, St. Louis, 63110",63110,St. Louis,,,,
"Vails Brothers Shrimp, Chicken, & Fish",amenity:fast_food,"4420 Manchester Avenue, St. Louis, MO, 63110",63110,St. Louis,,,,
Vereinigte Volksbank,amenity:bank,"Ludwig-Erhard-Platz, Rodgau, 63110",63110,St. Louis,,,,
Vermessungsbüro Riemenschneider GbR,office:geodesist,"149 Hauptstraße, Rodgau, 63110",63110,St. Louis,+49 6106 285620,vr@riemenschneider.net,http://www.riemenschneider.net/,
VibeSzn,shop:clothes,"3730 City Foundry Way, Saint Louis, MO, 63110",63110,St. Louis,,,,
Vicia,amenity:restaurant,"4260 Forest Park Avenue, Saint Louis, MO, 63110",63110,St. Louis,+1 314-553-9239,info@viciarestaurant.com,https://www.viciarestaurant.com/,
Vincent van Doughnut,amenity:fast_food,"1072 Tower Grove Avenue, Saint Louis, MO, 63110",63110,St. Louis,,,,
Vitale's,shop:bakery,"2130 Marconi Avenue, St. Louis, MO, 63110",63110,St. Louis,+1-314-664-6665,info@vitalesbakery.com,http://vitalesbakery.com/,http://vitalesbakery.com/
Walgreens,shop:chemist,"2315 South Kingshighway Boulevard, St Louis, MO, 63110",63110,St. Louis,,,https://www.walgreens.com/locator/walgreens-2315+s+kingshighway+blvd-saint+louis-mo-63110/id=16326,
Washington University Institute for Public Health,office:university,"600 South Taylor Avenue, Saint Louis, MO, 63110",63110,St. Louis,+13147479212,,https://publichealth.wustl.edu/,
Waterway Express,amenity:car_wash,"2269 South Kingshighway Boulevard, Saint Louis, MO, 63110",63110,St. Louis,+13147626516,,https://www.waterwayexpresscarwash.com/,
Well Met Café,amenity:cafe,"4100 Shenandoah Avenue, Saint Louis, 63110",63110,St. Louis,+13142828016,user@domain.com,https://www.wellmetstl.com/,https://www.wellmetstl.com/
Whitecherry,shop:tattoo,"10a Schillerstraße, Rodgau, 63110",63110,St. Louis,,,,
Wolke 7,shop:tobacco,"176 Leipziger Ring, Rodgau, 63110",63110,St. Louis,,,,
Yoga Six,leisure:fitness_centre,"5724 Oakland Avenue, Saint Louis, MO, 63110",63110,St. Louis,+13148027447,contact@yogasix.com,https://yogasix.com,https://www.yogasix.com/contact
Zahnarzt,amenity:dentist,"32 Hintergasse, Rodgau, 63110",63110,St. Louis,+49 6106 2679666,,,
Zahnarzt,amenity:dentist,"19 Ober-Rodener Straße, Rodgau, 63110",63110,St. Louis,+49 6106 876060,,https://droliverklein.de/,https://droliverklein.de/
Zahnarzt Reuter,amenity:dentist,"66 Frankfurter Straße, Rodgau, 63110",63110,St. Louis,+496106771499,,,
Zahnarztpraxis Swoboda,amenity:dentist,"6 Hintergasse, Rodgau, 63110",63110,St. Louis,,,,
Zahnheilkunde Knüpp,amenity:dentist,"24 Eisenbahnstraße, Rodgau, 63110",63110,St. Louis,+49 6106 643790,,,
Zentner Scherer,shop:medical_supply,"10 Dieselstraße, Rodgau, 63110",63110,St. Louis,,,,
Zentrum für ganzheitliche Zahnmedizin,amenity:dentist,"2 Untere Marktstraße, Rodgau, 63110",63110,St. Louis,+49 6106 74695,info@daszahnzentrum.de,https://www.daszahnzentrum.de/,
Zilch & Fritsch GmbH,craft:roofer,"18 Gutenbergstraße, Rodgau, 63110",63110,St. Louis,+49 6106 286854,info@zilch-fritsch.de,http://www.zilch-fritsch.de/,
Zur Wolfschlucht,amenity:restaurant,"12 Am Wasserturm, Rodgau, 63110",63110,St. Louis,+49 6106 3254,info@zur-wolfsschlucht.de,http://www.zur-wolfsschlucht.de/,
กาดวันวา,amenity:restaurant,63110,63110,St. Louis,+66 904515556,,,
กายา เรสท์แอนด์รีแล็กซ์,shop:massage,"45/101 Songkwae, 63110",63110,St. Louis,+66829095207,,,
กิกกะเฮิร์ทซ,shop:computer,"31/18 อินทารักคีรี, 63110",63110,St. Louis,,,,
คลาวด์ ทีแอนด์โทสต์,amenity:cafe,"77/92 Songkwae, 63110",63110,St. Louis,+66649429901,,https://www.facebook.com/cloudteaandtoast,https://www.facebook.com/cloudteaandtoast
เคอีซีดี,office:government,"ช. 6 บ.เมืองทอง, 63110",63110,St. Louis,,,,
ตลาดดอยมูเซอ,shop:gift,63110,63110,St. Louis,,,,
นคม.ที่ 2.3.1 (แม่สอด),office:yes,"ถนนอินทรคีรี, แม่่สอด, 63110",63110,St. Louis,,,,
บริษัท เค-8 โลจิสติกส์ (2019) จำกัด,office:company,"572 Moo 1, Tha Sai Luat, Mae Sot, Tak, 63110",63110,St. Louis,+66 99 154 2591,,https://www.facebook.com/K8MSS.Logistics,https://www.facebook.com/K8MSS.Logistics
บริษัท แม่สอด ชิปปิ้ง เซอร์วิส จำกัด,office:company,"572 Moo 1,Tha Sai Luat, Mae Sot, 63110",63110,St. Louis,+66 99 154 2591,,https://www.facebook.com/K8MSS.Logistics,https://www.facebook.com/K8MSS.Logistics
บ้าน ฮารูน ขายหมอน,shop:variety_store,"206/13 ถนน ศรีพานิช, 63110",63110,St. Louis,0850502073,rip0786@hotmail.com,,
บุษบา คอสเมติกส์,shop:supermarket,"100/1-2 ประสาทวิถี, 63110",63110,St. Louis,+66623580110,,,
ร้านลาบลำปาง,amenity:restaurant,"00, 63110",63110,St. Louis,,,,
7-Eleven,shop:convenience,"6709 South Broadway, Saint Louis, MO, 63111",63111,St. Louis,,,,
AD:ARCH,office:architect,"4527 Virginia Avenue, Saint Louis, MO, 63111",63111,St. Louis,,info@duncanarchitecture.com,https://www.duncanarchitecture.com/,https://www.duncanarchitecture.com/contact-us
Bar:PM,amenity:bar,"7109 South Broadway, Saint Louis, MO, 63111",63111,St. Louis,,,https://www.facebook.com/BarPMSTL,https://www.facebook.com/BarPMSTL
"Bengkel Bubut dan Las ""Gatot Kaca""",shop:repair,"11 Jalan Gatutkaca, Kota Madiun, 63111",63111,St. Louis,,,,
Bodach's Games,shop:video_games,"7201 South Broadway, St. Louis, MO, 63111",63111,St. Louis,+1 314-296-3218,,https://facebook.com/BodachsGames,https://facebook.com/BodachsGames
Burger King,amenity:fast_food,"932 Loughborough Avenue, Saint Louis, MO, 63111",63111,St. Louis,+1 314-457-1011,,https://www.bk.com/store-locator/store/restaurant_10535,https://www.bk.com/store-locator/store/restaurant_10535
Carondelet Park Rec Complex,leisure:sports_centre,"930 Holly Hills Drive, St. Louis, 63111",63111,St. Louis,+1-314-768-9622,,http://www.ymcastlouis.org/carondelet-park-rec-complex,https://gwrymca.org/contact-us
China King,amenity:restaurant,"1042 Loughborough Avenue, Saint Louis, MO, 63111",63111,St. Louis,,,,
Chulick Funeral Home,shop:funeral_directors,"5611 South Grand Boulevard, Saint Louis, MO, 63111",63111,St. Louis,,,,
Family Dollar,shop:variety_store,"7700 South Broadway, Saint Louis, MO, 63111",63111,St. Louis,,,,
Franciscan Connection,office:association,"5201 Virginia Avenue, St. Louis, MO, 63111",63111,St. Louis,+13147738485,,https://franciscanconnection.org/,https://franciscanconnection.org/contact-us/
Great Clips,shop:hairdresser,"1042 Loughborough Avenue, Saint Louis, MO, 63111",63111,St. Louis,,,,
H&R Block,office:tax_advisor,"1042 Loughborough Avenue, Saint Louis, MO, 63111",63111,St. Louis,,,,
Intertwine Wine Bar,amenity:bar,"4710 Virginia Avenue, St. Louis, MO, 63111",63111,St. Louis,+13144376460,,https://intertwinebar.com/,https://intertwinebar.com/contact/
Iron Barley Restaurant,amenity:restaurant,"550 Virginia Avenue, St. Louis, 63111",63111,St. Louis,,,,
Jack in the Box,amenity:fast_food,"5600 South Grand Boulevard, Saint Louis, MO, 63111",63111,St. Louis,+1 314-571-9551,,https://locations.jackinthebox.com/us/mo/saint-louis/5600-s-grand-blvd,https://jackinthebox.com/contact
Kabul Express STL,amenity:restaurant,"7704 Ivory Street, Saint Louis, MO, 63111",63111,St. Louis,+1 314-499-4369,,https://kabulexpressstl.square.site/,https://kabulexpressstl.square.site/
Little Caesars,amenity:fast_food,"1042 Loughborough Avenue, Saint Louis, MO, 63111",63111,St. Louis,,,https://littlecaesars.com/en-us/store/8847/,https://littlecaesars.com/en-us/store/8847/
"Loughborough Autobody, Inc.",shop:car_repair,"317 Loughborough Avenue, St. Louis, MO, 63111",63111,St. Louis,,,,
Lowe's,shop:doityourself,"932 Loughborough Avenue, Saint Louis, MO, 63111",63111,St. Louis,+1 314-450-2140,,https://www.lowes.com/store/mo-saint-louis/2300,https://www.lowes.com/store/mo-saint-louis/2300
Nail Experts,shop:beauty,"1042 Loughborough Avenue, Saint Louis, MO, 63111",63111,St. Louis,,,,
Normitas House,amenity:restaurant,"5228 Vermont Avenue, St. Louis, MO, 63111",63111,St. Louis,,,https://normitashouse.square.site/,https://normitashouse.square.site/
O'Reilly Auto Parts,shop:car_parts,"4300 South Broadway, Saint Louis, MO, 63111",63111,St. Louis,,,https://locations.oreillyauto.com/mo/saintlouis/autoparts-1616.html,https://www.oreillyauto.com/contact-us
Perennial Artisan Ales,amenity:bar,"8125 Michigan Avenue, St. Lois, MO, 63111",63111,St. Louis,,,,
Phillips 66,amenity:fuel,"4347 South Broadway, Saint Louis, MO, 63111",63111,St. Louis,,,https://www.phillips66gas.com/station/P66-GOOD-TRIP-CONOCO-0000885574/,
Phire Smoke,shop:tobacco,"5601 South Broadway, 63111",63111,St. Louis,+13148737238,,,
Quality Auto Repair & Sales,shop:car_repair,"3245 Mt Pleasant St, St. Louis, MO, 63111",63111,St. Louis,+13143514325,,,
Ross,shop:department_store,"1016 Loughborough Avenue, Saint Louis, MO, 63111",63111,St. Louis,+1 314-351-0765,,,
Route 66 Transmission Rebuilders,shop:car_repair,"116 Robert Avenue, Saint Louis, MO, 63111",63111,St. Louis,,,http://transmissionsstl.wix.com/transmissionsstl,
Sawhorse Recording,amenity:studio,"5205 Virginia Avenue, St. Louis, MO, 63111",63111,St. Louis,+13143533280,contact@sawhorsestudios.com,http://www.sawhorsestudios.com/,mailto:contact@sawhorsestudios.com
Shay's donuts and coffee,amenity:cafe,"4534 Virginia Avenue, St. Louis, MO, 63111",63111,St. Louis,,,,
Sign of the Times Tattoo,shop:tattoo,"4722 Virginia Avenue, St. Louis, MO, 63111",63111,St. Louis,+13146962233,,,
St. Louis Skatium,leisure:sports_centre,"120 East Catalan Street, Saint Louis, MO, 63111",63111,St. Louis,,,,
Starbucks,amenity:cafe,"1042 Loughborough Avenue, Saint Louis, MO, 63111",63111,St. Louis,+1 314-457-8322,,https://www.starbucks.com/store-locator/store/18157/loughborough-i-55-1042-a-loughborough-ave-st-louis-mo-631112649-us,https://www.starbucks.com/store-locator/store/18157/loughborough-i-55-1042-a-loughborough-ave-st-louis-mo-631112649-us
Sugarwitch,amenity:ice_cream,"7726 Virginia Avenue, Saint Louis, MO, 63111",63111,St. Louis,+1 573-234-0042,info@sugarwitchic.com,https://www.sugarwitchic.com/,https://www.sugarwitchic.com/
Sure-Fix Plumbing & Drain,craft:plumber,"4736 Virginia Avenue, St. Louis, MO, 63111",63111,St. Louis,+13144819793,surefix.customerservice@gmail.com,https://surefixplumbing.com/,https://surefixplumbing.com/
T-Mobile,shop:mobile_phone,"1042 Loughborough Avenue, Saint Louis, MO, 63111",63111,St. Louis,,,https://www.t-mobile.com/stores/bd/t-mobile-st-louis-mo-63111-9095,https://www.t-mobile.com/stores/bd/t-mobile-st-louis-mo-63111-9095
Universal Food Market,shop:supermarket,"4330 South Broadway, Saint Louis, MO, 63111",63111,St. Louis,,,,
Amighetti’s,amenity:restaurant,"5700 Lindell Boulevard, Saint Louis, MO, 63112",63112,St. Louis,,,https://mohistory.org/visit/dine/,https://mohistory.org/visit/dine/
Amigo Sole,amenity:restaurant,"6102 Delmar Boulevard, Saint Louis, MO, 63112",63112,St. Louis,,,https://amigosole.com/,https://amigosole.com/
Atelier de lave émaillée - Emaux d'art,shop:gift,"73 Rue de l'Arbre de la Liberté, 63112",63112,St. Louis,,,,
Atlantis Day Spa,shop:beauty,"5984 Delmar Boulevard, Saint Louis, MO, 63112",63112,St. Louis,+13143690631,,,
B & B Supermarket,shop:convenience,"954 Goodfellow Boulevard, Saint Louis, MO, 63112",63112,St. Louis,,,,
Boutique Smile,shop:beauty,"6018 Delmar Boulevard, Saint Louis, MO, 63112",63112,St. Louis,,,,
Brasas,amenity:restaurant,"6138 Delmar Blvd, Saint Louis, MO, 63112",63112,St. Louis,,user@domain.com,https://www.brasas-stl.com/,https://www.brasas-stl.com/about-us
Clark & Sons Funeral Chapel,shop:funeral_directors,"933 Hodiamont Avenue, Saint Louis, MO, 63112",63112,St. Louis,+13147270808,,,
Delmar Doggie Design,shop:pet_grooming,"5860 Delmar Boulevard, Saint Louis, MO, 63112",63112,St. Louis,+13144549663,,,
"Dr. Byron K. Keith, DDS",amenity:dentist,"5989 Delmar Boulevard, Saint Louis, MO, 63112",63112,St. Louis,,,,
Dwight Davis Tennis Center,leisure:sports_centre,"5620 Grand Drive, Saint Louis, MO, 63112",63112,St. Louis,,dwight@ustastl.com,https://www.dwightdavistennis.com/,https://www.dwightdavistennis.com/about-us
Eclipse Restaurant,amenity:restaurant,"6177 Delmar Boulevard, Saint Louis, 63112",63112,St. Louis,+1 314-726-2222,sales@moonrisehotel.com,http://eclipsestlouis.com/,https://moonrisehotel.com/make-contact/
Euphoria Kitchen and Kocktails,amenity:restaurant,"5916 Delmar Boulevard, Saint Louis, MO, 63112",63112,St. Louis,+13142561045,,http://euphoria-stl.com/,
Faded Barbershop,shop:hairdresser,"5901 Delmar Boulevard, Saint Louis, MO, 63112",63112,St. Louis,+13142245026,,,
Falk Harrison,office:company,"6124 Delmar Boulevard, 63112",63112,St. Louis,,,,
Family Dollar,shop:variety_store,"5935 Delmar Boulevard, Saint Louis, MO, 63112",63112,St. Louis,+13142824725,,,
Forest Perk Cafe,amenity:cafe,"5595 Grand Drive, Saint Louis, MO, 63112",63112,St. Louis,+1 314-948-6501,,https://www.forestparkmap.org/forest-perk-caf,https://www.forestparkmap.org/restroom-near-hampton-roundabout-seasonal
Fork & Stix,amenity:restaurant,"549 Rosedale Avenue, Saint Louis, MO, 63112",63112,St. Louis,+1-314-863-5572,,https://forknstix.com/,https://forknstix.com/contact-us
Gokul Indian Restaurant,amenity:restaurant,"6101 Delmar Boulevard, Saint Louis, MO, 63112",63112,St. Louis,+13147211888,,https://gokulindianstlouis.com/,https://gokulindianstlouis.com/
Hair City,shop:beauty,"5837 Delmar Boulevard, Saint Louis, MO, 63112",63112,St. Louis,+13143676464,,,
Joe's Cafe & Art Gallery,amenity:cafe,"6014 Kingsbury Avenue, 63112",63112,St. Louis,,,,
K-Bop STL,amenity:restaurant,"6120 Delmar Boulevard, 63112",63112,St. Louis,,,https://kbopstl.com/delmar,https://kbopstl.com/contact-us
Kingside Express,amenity:restaurant,63112,63112,St. Louis,,,,
Korean American Journal,shop:medical_supply,"5835 Delmar Boulevard, Saint Louis, MO, 63112",63112,St. Louis,+13144540707,,,
La Pierre Noble,craft:stonemason,"262 Rue de Clermont, Blanzat, 63112",63112,St. Louis,+33749511663,contact@lapierrenoble.fr,https://lapierrenoble.fr/,
Locs Of Glory,shop:hairdresser,"5886 Delmar Boulevard, Saint Louis, MO, 63112",63112,St. Louis,+13143254727,,,
Natural M's Beauty Salon,shop:hairdresser,"5860 Delmar Boulevard, Saint Louis, MO, 63112",63112,St. Louis,+13145465734,,,
Nudo House Delmar,amenity:restaurant,"6105 Delmar Boulevard, Saint Louis, MO, 63112",63112,St. Louis,+13143706970,user@domain.com,https://www.nudohousestl.com/,https://www.nudohousestl.com/about
Ocean Grill,amenity:restaurant,"280 De Baliviere Avenue, Saint Louis, MO, 63112",63112,St. Louis,+13143619999,,http://places.singleplatform.com/ocean-grill-17/menu?ref=google,http://places.singleplatform.com/ocean-grill-17/menu?ref=google
Palomino Lounge,amenity:bar,"5876 Delmar Boulevard, Saint Louis, MO, 63112",63112,St. Louis,,,,
Prime 55,amenity:restaurant,"6100 Delmar Boulevard, Saint Louis, MO, 63112",63112,St. Louis,+1-314-330-2177,,https://www.prime55delmar.com/,https://www.prime55delmar.com/
Puzzles Hookah Lounge,amenity:restaurant,63112,63112,St. Louis,,,,
Savvi Formalwear,shop:clothes,"6185 Delmar Boulevard, 63112",63112,St. Louis,+1 314-725-2150,stlinfo@savviformalwear.com,https://savviformalwear.com/,
Simply Flawless Hairtique,shop:wigs,"5860 Delmar Boulevard, Saint Louis, MO, 63112",63112,St. Louis,+13146013855,,,
Sold on St. Louis,shop:gift,"5700 Lindell Boulevard, Saint Louis, MO, 63112",63112,St. Louis,+13144543172,,,
Soul 2 Soul,amenity:bar,"5917 Delmar Boulevard, Saint Louis, MO, 63112",63112,St. Louis,,,,
STL GRILLZZ,shop:jewelry,"5898 Delmar Boulevard, Saint Louis, MO, 63112",63112,St. Louis,+13144416838,,,
Studio Posh,shop:hairdresser,"5856 Delmar Boulevard, Saint Louis, MO, 63112",63112,St. Louis,+13144549999,,,
The BLVD Salon & Spa,shop:beauty,"5888 Delmar Boulevard, Saint Louis, MO, 63112",63112,St. Louis,+13142609246,,,
The Byron Company,office:property_management,"6060 Delmar Boulevard, Saint Louis, MO, 63112",63112,St. Louis,,,,
The Delmar Galaxy,shop:beauty,"5894 Delmar Boulevard, Saint Louis, MO, 63112",63112,St. Louis,+13144885687,,,
The Muny,amenity:theatre,"1 Theatre Drive, Saint Louis, MO, 63112",63112,St. Louis,,munyinfo@muny.org,https://muny.org/,https://muny.org/contact-us/
The Nic “Runtz St. Louis”,shop:tobacco,"5892 Delmar Boulevard, Saint Louis, MO, 63112",63112,St. Louis,,,,
The Wizard's Wagon,shop:collector,"6178 Delmar Boulevard, 63112",63112,St. Louis,+1 314-862-4263,thewizardswagon@gmail.com,https://thewizardswagon.square.site/,
Up Late,amenity:fast_food,"6197 Delmar Boulevard, 63112",63112,St. Louis,+1 314-384-1010,nathan@uplatestl.com,https://www.uplatestl.com,https://www.uplatestl.com/#Contact
V.Vegaz,shop:hairdresser,"6174 Delmar Boulevard, 63112",63112,St. Louis,+1 314-725-7900,v.vegazstyle@gmail.com,https://www.vvegazstyle.com,
Vails Brothers Shrimp Chicken & Fish,amenity:restaurant,"5942 Delmar Boulevard, Saint Louis, MO, 63112",63112,St. Louis,+13142820051,,https://www.vailsbrothers314.com/the-loop,
Walgreens,amenity:pharmacy,"1217 Union Boulevard, Saint Louis, MO, 63112",63112,St. Louis,,,,
Yan Wu House Chop Suey,amenity:restaurant,"5970 Delmar Boulevard, Saint Louis, MO, 63112",63112,St. Louis,+13147271917,,,
도두동주민센터,amenity:townhall,"9-1 도두1길, 제주시, 63112",63112,St. Louis,,,http://www.jejusi.go.kr/,http://www.jejusi.go.kr/
365약국,amenity:pharmacy,"161 서해안로, 제주시, 63113",63113,St. Louis,+82 64 748 3650,,,
AutoZone,shop:car_parts,"1211 North Kingshighway Boulevard, Saint Louis, MO, 63113",63113,St. Louis,,,https://www.autozone.com/locations/mo/saint-louis/1215-n-kingshighway-blvd.html,
Buddy's Tires,shop:car_repair,"3727 Doctor Martin Luther King Drive, Saint Louis, MO, 63113",63113,St. Louis,,,,
Deaconess Center For Child Well-Being,office:association,"1000 North Vandeventer Avenue, Saint Louis, MO, 63113",63113,St. Louis,,,,
Harold's Chicken Shack,amenity:fast_food,"1122 Union Boulevard, Saint Louis, MO, 63113",63113,St. Louis,,,,
Legends Bar & Grill,amenity:bar,"2613 Marcus Avenue, Saint Louis, MO, 63113",63113,St. Louis,+1-314-833-3838,,,
Niko's Grocery Grill,shop:supermarket,"2404-2408 Union Boulevard, Saint Louis, MO, 63113",63113,St. Louis,,,,
Roberts Funeral Chapel,shop:funeral_directors,"1416 North Taylor Avenue, Saint Louis, MO, 63113",63113,St. Louis,,,,
Save-A-Lot,shop:supermarket,"1331 Union Boulevard, Saint Louis, MO, 63113",63113,St. Louis,,example@email.com,https://savealot.com/grocery-stores/st-louis-63113-61379/,https://savealot.com/wcp/contact-us
Soll's Gateway Market,shop:supermarket,"1200-1206 North Kingshighway Boulevard, Saint Louis, MO, 63113",63113,St. Louis,,,,
Swish Wash,amenity:car_wash,"1036 North Vandeventer Avenue, Saint Louis, MO, 63113",63113,St. Louis,,,,
Tandy Community Center,leisure:sports_centre,"4206 Kennerly Avenue, Saint Louis, MO, 63113",63113,St. Louis,,,,
Access Automotive,shop:car_repair,"9373 Page Avenue, Overland, MO, 63114",63114,Overland,,,https://access-automotive.edan.io/,
Baskin-Robbins,amenity:ice_cream,"10250 Page Avenue, Overland, MO, 63114",63114,Overland,+1 314-731-6071,,https://locations.baskinrobbins.com/mo/overland/10250-page-ave-357164-br,https://www.baskinrobbins.com/en/about-us
Burger King,amenity:fast_food,"9203 Page Avenue, Overland, MO, 63114",63114,Overland,+1 314-890-9620,,https://www.bk.com/store-locator/store/restaurant_343,https://www.bk.com/store-locator/store/restaurant_343
Chimi's Fresh Mex,amenity:restaurant,"2435 Woodson Road, Overland, MO, 63114",63114,Overland,,,,
Chuck-A-Burger Drive-In,amenity:restaurant,"9025 Saint Charles Rock Road, 63114",63114,Overland,+1 314-427-9524,,https://m.facebook.com/Chuckaburgerdrivein,https://m.facebook.com/Chuckaburgerdrivein
Church's Chicken,amenity:fast_food,"1753 Woodson Road, Overland, MO, 63114",63114,Overland,+1 314-227-9675,,https://locations.churchs.com/mo/overland/1753-woodson-road,https://locations.churchs.com/mo/overland/1753-woodson-road
Costco Business Center,shop:wholesale,"8421 Saint John Industrial Lane, Saint Louis, MO, 63114",63114,Overland,+1 314-219-1195,,https://www.costco.com/warehouse-locations/st-john-bus-ctr-st-louis-mo-1665.html,
Dielman Moving & Storage,office:moving_company,"8822 Saintt Charles Rock Road, Saint Louis, MO, 63114",63114,Overland,+1-314-428-6683,info@dielmanmoving.com,https://dielmanmoving.com,https://dielmanmoving.com
Domino's,amenity:fast_food,"9511 Lackland Road, Saint Louis, MO, 63114",63114,Overland,+1 314-423-7440,olocustomercare@dominos.com,https://pizza.dominos.com/missouri/st.-louis/9511-lackland-road,https://www.dominos.com/en/about-pizza/
Dunkin',amenity:fast_food,"10250 Page Avenue, Overland, MO, 63114",63114,Overland,+1 314-731-6071,development_sites@dunkinbrands.com,https://locations.dunkindonuts.com/en/mo/overland/10250-page-ave/357164,https://www.dunkindonuts.com/en/about/contact-us/faqs
Extra Space Storage,shop:storage_rental,"11210 Midland Boulevard, St. Louis, MO, 63114",63114,Overland,,,,
Foot Locker,shop:shoes,"9166, Overland, MO, 63114",63114,Overland,,,,
Mi Hungry BBQ & Jamaican Cuisine,amenity:restaurant,"8660 Saint Charles Rock Road, Saint Louis, MO, 63114",63114,Overland,+1-314-427-3368,,https://mihungrybbqjamaicacuisine.com,https://mihungrybbqjamaicacuisine.com/contactus.htm
Nail Art,shop:beauty,"9162, Overland, MO, 63114",63114,Overland,,,https://www.facebook.com/nailart9162/,https://www.facebook.com/nailart9162/
Restaurant El Mexiquense,amenity:restaurant,"9519 Lackland Road, Overland, MO, 63114",63114,Overland,,,,
RNR Tire Express,shop:car_repair,"9025 Page Avenue, Overland, MO, 63114",63114,Overland,,,,
Rose Alteration and Tailoring,shop:tailor,"2332 Woodson Road, Overland, MO, 63114",63114,Overland,+1-314-326-5638,,https://rosealterationandtailoring.com/,https://rosealterationandtailoring.com/#
Sammy L. Davis Federal Building,office:government,"1655 Woodson Road, Overland, MO, 63114",63114,Overland,,,,
The Home Depot,shop:doityourself,"8901 Page Avenue, Overland, MO, 63114",63114,Overland,+1 314-733-1534,,https://www.homedepot.com/l/overland/mo/overland/63114/3037,
The Spot Sports Bar Stl,amenity:bar,"8816 Saint Charles Rock Road, Saint Louis, MO, 63114",63114,Overland,,,,
Wendy's,amenity:fast_food,"8905 Page Avenue, Saint Louis, MO, 63114",63114,Overland,+1 314-423-2685,,https://locations.wendys.com/united-states/mo/saint-louis/8905-page-ave,https://www.wendys.com/contact-us
Wingstop,amenity:fast_food,"9164 Overland Plaza, Overland, MO, 63114",63114,Overland,+1 314-427-9464,,,
쌍알횟집,amenity:restaurant,"500 서해안로, 제주시, 63114",63114,Overland,,,,
BP,amenity:fuel,"4700 Bircher Boulevard, Saint Louis, MO, 63115",63115,St. Louis,,,,
Burger King,amenity:fast_food,"5030 Natural Bridge Avenue, Saint Louis, MO, 63115",63115,St. Louis,+1 314-385-6215,,https://www.bk.com/store-locator/store/restaurant_3409,https://www.bk.com/store-locator/store/restaurant_3409
Divine4 Cleaning Service,craft:cleaning,"4016 Cora Avenue, Saint Rosa, MO, 63115",63115,St. Louis,+1 314-797-1590,divine4cleaningservice@gmail.com,,
EURO TRASH,office:architect,"5300 Delmar Boulevard, Saint Louis, MO, 63115",63115,St. Louis,,,https://www.eurotrash.us/,https://www.eurotrash.us/pages/contact
Lee's Family Laundry,shop:laundry,"3316 Union Boulevard, Saint Louis, MO, 63115",63115,St. Louis,,,,
McDonald's,amenity:fast_food,"4979 Natural Bridge Road, Saint Louis, MO, 63115",63115,St. Louis,+1 314-381-1328,,https://www.mcdonalds.com/us/en-us/location/1055.html,https://www.mcdonalds.com/us/en-us/contact-us.html
O'Reilly Auto Parts,shop:car_parts,"4318 Natural Bridge Avenue, Saint Louis, MO, 63115",63115,St. Louis,,,https://locations.oreillyauto.com/mo/saintlouis/autoparts-1781.html,https://www.oreillyauto.com/contact-us
Rally's,amenity:fast_food,"4953 Natural Bridge Avenue, Saint Louis, MO, 63115",63115,St. Louis,,,https://checkersandrallys.com/location/rally-s-8149-natural-bridge-441222,
Salama Supermarket,shop:supermarket,"4873 Saint Louis Avenue, Saint Louis, MO, 63115",63115,St. Louis,,,,
Skylink Wireless,shop:mobile_phone,"4346 Natural Bridge Avenue, Saint Louis, MO, 63115",63115,St. Louis,,,,
Subway,amenity:fast_food,"4963 Natural Bridge Avenue, Saint Louis, MO, 63115",63115,St. Louis,+1 314-389-7827,,https://restaurants.subway.com/united-states/mo/st-louis/4963-natural-bridge-ave,https://www.subway.com/en-US/ContactUs/GuestCare
Taco Bell,amenity:fast_food,"5031 Natural Bridge, Saint Louis, MO, 63115",63115,St. Louis,+1 314-382-0029,,https://locations.tacobell.com/mo/saint-louis/5031-natural-bridge.html,https://locations.tacobell.com/mo/saint-louis/5031-natural-bridge/breakfast.html
Wendy's,amenity:fast_food,"3465 Union Boulevard, Saint Louis, MO, 63115",63115,St. Louis,+1 314-382-2759,,https://locations.wendys.com/united-states/mo/saint-louis/3465-union-blvd,https://www.wendys.com/contact-us
제주공항약국,amenity:pharmacy,"2 공항로, 제주시, 63115",63115,St. Louis,+82 64 743 3213,,,
7-Eleven,shop:convenience,"5604 Gravois Avenue, Saint Louis, MO, 63116",63116,St. Louis,,media@7-11.com,https://www.7-eleven.com/locations/mo/saint-louis/5604-gravois-avenue-29046,https://corp.7-eleven.com/corp/about?utm_source=7-eleven.com&amp;utm_medium=referral&amp;utm_campaign=corpcom_2021
Aldi,shop:supermarket,"3865 Gravois Avenue, St. Louis, MO, 63116",63116,St. Louis,+1 855-955-2534,,https://stores.aldi.us/mo/st.-louis/3865-gravois-ave,https://www.aldi.us/store/aldi/pages/about-aldi
Artscope,office:association,"2929 Tower Grove Avenue, Saint Louis, MO, 63116",63116,St. Louis,+13148650060,info@artscopestl.org,https://www.artscopestl.org/,https://www.artscopestl.org/contact
AutoZone,shop:car_parts,"922 R Loughborough Avenue, Saint Louis, MO, 63116",63116,St. Louis,+1-314-457-0088,,https://www.autozone.com/locations/mo/saint-louis/922-loughborough-ave.html,
Best Wash Laundromat,shop:laundry,"7241 Gravois Avenue, Saint Louis, MO, 63116",63116,St. Louis,,,,
Black Thorn Pub,amenity:pub,"3735 Wyoming Street, Saint Louis, MO, 63116",63116,St. Louis,,,,
Burger King,amenity:fast_food,"4008 Chippewa, Saint Louis, MO, 63116",63116,St. Louis,+1 314-802-7066,,https://www.bk.com/store-locator/store/restaurant_86811,https://www.bk.com/store-locator/store/restaurant_86811
Burlington,shop:department_store,"4930 Christy Boulevard, Saint Louis, MO, 63116",63116,St. Louis,+1 314-481-0446,info@burlingtoninvestors.com,https://stores.burlington.com/mo/st.-louis/325,https://stores.burlington.com/helpcenter/contact-us
"Cfx, Inc.",office:advertising_agency,"3221 Oak Hill Avenue, Saint Louis, MO, 63116",63116,St. Louis,,,https://www.cfx-inc.com/,https://www.cfx-inc.com/
Chippewa Tire,shop:tyres,"4305 Chippewa Street, Saint Louis, MO, 63116",63116,St. Louis,,,,
Civil Life Brewing Co.,craft:brewery,"3714 Holt Avenue, 63116",63116,St. Louis,,,https://www.thecivillife.com/,
Crispy Edge,amenity:restaurant,"4168 Juniata Street, Saint Louis, MO, 63116",63116,St. Louis,+13143103343,foh@crispyedge.com,https://crispyedge.com/,https://crispyedge.com/
CVS Pharmacy,amenity:pharmacy,"7320 Gravois Avenue, Saint Louis, MO, 63116",63116,St. Louis,,,https://www.cvs.com/store-locator/saint-louis-mo-pharmacies/7320-gravois-ave-saint-louis-mo-63116/storeid=5669,
Das Bevo,amenity:restaurant,"4749 Gravois Avenue, St Louis, MO, 63116",63116,St. Louis,+13148322251,hallo@dasbevo.com,https://dasbevo.com,https://dasbevo.com/contact/
Family Dollar,shop:variety_store,"4645 Gravois Avenue, Saint Louis, MO, 63116",63116,St. Louis,,,,
First Bank,amenity:bank,"7256 Gravois Avenue, Saint Louis, MO, 63116",63116,St. Louis,,,,
Friendly's Bar & Grill,amenity:bar,"3503 Roger Place, 63116",63116,St. Louis,+1-314-771-2040,,,
Gyro Company,amenity:restaurant,"7240 Gravois Avenue, Saint Louis, 63116",63116,St. Louis,,,,
Harbor Freight Tools,shop:hardware,"4600 Chippewa Street, Saint Louis, MO, 63116",63116,St. Louis,+1 314-481-4025,,https://www.harborfreight.com/storelocator/4600-chippewa-st-saint-louis-63116?number=415,https://www.harborfreight.com/customer-support/contact-us?topic=onlineExperience
Hartford Coffee Company,amenity:cafe,"3974 Hartford Street, Saint Louis, MO, 63116",63116,St. Louis,+13147715282,theguys@hartfordcoffee.com,https://hartfordcoffee.com/,https://hartfordcoffee.com/contact-us/
Homegrown Hair Company,shop:hairdresser,"3148 Morganford Road, Saint Louis, MO, 63116",63116,St. Louis,,,,
Hook & Reel Cajun Seafood & Bar,amenity:restaurant,"4680 Chippewa Street, Saint Louis, MO, 63116",63116,St. Louis,+13142820770,,https://hookreelcajunmo.com/,
Imo's Pizza,amenity:fast_food,"3222 Morganford Road, Saint Louis, MO, 63116",63116,St. Louis,,,,
Lady Layre,shop:variety_store,"5600 Morganford Road, Saint Louis, MO, 63116",63116,St. Louis,+1-314-496-6849,,,
LightHouse Christian Ministry,office:religion,"3616 Bates Street, Saint Louis, MO, 63116",63116,St. Louis,,,,
MoKaBe's Coffeehouse,amenity:cafe,"3606 Arsenal Street, St. Louis, MO, 63116",63116,St. Louis,+1 314-865-2009,,https://www.facebook.com/mokabes,https://www.facebook.com/mokabes
NAD Motor - NAD's Custom Whees & Tires,shop:tyres,"3705 Morganford Road, Saint Louis, MO, 63116",63116,St. Louis,+1-314-328-1873,,,
Never Fade Tattoo Studio,shop:tattoo,"7250 Gravois Avenue, Saint Louis, MO, 63116",63116,St. Louis,+1-314-752-4589,,https://www.neverfadetattoo.com/,
Office Depot,shop:stationery,"4617 Chippewa Street, Saint Louis, MO, 63116",63116,St. Louis,+1 314-772-3089,,https://www.officedepot.com/storelocator/mo/st.-louis/officemax-6713/,
Papa John's,amenity:fast_food,"6850 Gravois Avenue, Saint Louis, MO, 63116",63116,St. Louis,+1 314-353-4077,,https://locations.papajohns.com/united-states/mo/63116/saint-louis/6850-gravois-ave,https://locations.papajohns.com/united-states/mo/63116/saint-louis/6850-gravois-ave
PetSmart,shop:pet,"4621 Chippewa Street, Saint Louis, MO, 63116",63116,St. Louis,+1 314-776-7608,,https://www.petsmart.com/stores/us/mo/saint-louis-store1234.html,
PHOTO COPY,shop:supermarket,"46 Jalan Kalimantan, Madiun, 63116",63116,St. Louis,,,,
QuikTrip,amenity:fuel,"6900 Gravois Avenue, Saint Louis, MO, 63116",63116,St. Louis,,,,
Red Light Wellness,shop:medical_supply,"4515 Miami Street, Saint Louis, MO, 63116",63116,St. Louis,+1-314-772-7000,info@redlight-wellness.com,https://www.redlight-wellness.com/,
Saint Vincent de Paul Thrift Store,shop:charity,"4928 Christy Boulevard, Saint Louis, 63116",63116,St. Louis,+1 314-881-6043,,,
Schnucks,shop:supermarket,"7450 Hampton Avenue, Saint Louis, MO, 63116",63116,St. Louis,,,,
Simple Pleasures Boutique,shop:tobacco,"4117 Chippewa Street, Saint Louis, MO, 63116",63116,St. Louis,+1-314-772-0057,,https://www.stlsimplepleasures.com/,
South Side Cyclery,shop:bicycle,"6969 Gravois Avenue, St. Louis, MO, 63116",63116,St. Louis,+1-314-481-1120,,https://www.southsidecyclery.com/,https://www.southsidecyclery.com/about/location-pg141.htm
St. Louis Community Credit Union,amenity:bank,"7224 Gravois Avenue, Saint Louis, MO, 63116",63116,St. Louis,+1 314-534-7610,,,
Steak 'n Shake,amenity:fast_food,"4640 Chippewa Street, Saint Louis, MO, 63116",63116,St. Louis,+1 314-480-6566,,https://www.steaknshake.com/locations/mo-st-louis-chippewa/,https://www.steaknshake.com/about-us/
Subway,amenity:fast_food,"4600 Chippewa Avenue, St Louis, MO, 63116",63116,St. Louis,+1 314-832-4200,,https://restaurants.subway.com/united-states/mo/st-louis/4600-chippewa-ave,https://www.subway.com/en-US/ContactUs/GuestCare
Taco Bell,amenity:fast_food,"3501 South Grand Boulevard, Saint Louis, MO, 63116",63116,St. Louis,+1 314-771-7422,,https://locations.tacobell.com/mo/saint-louis/3501-s-grand-ave.html,https://locations.tacobell.com/mo/saint-louis/3501-s-grand-ave/breakfast.html
The Headless Bat,amenity:bar,"3128 Morganford Road, Saint Louis, MO, 63116",63116,St. Louis,,,,
Tower Pub,amenity:pub,"3234 Morganford Road, 63116",63116,St. Louis,+1-314-771-7979,towerpub@yahoo.com,,
U.S. Bank,amenity:bank,"3881 Gravois Avenue, St. Louis, MO, 63116",63116,St. Louis,,,,
Vegan Deli and Butcher,amenity:restaurant,"5003 Gravois Avenue, St Louis, MO, 63116",63116,St. Louis,+1-314-350-7955,stlvegandeliandbutcher@gmail.com,https://www.stlvegandeliandbutcher.com/,
Verizon,shop:mobile_phone,"4647 Chippewa Street, Saint Louis, MO, 63116",63116,St. Louis,+13148654405,,,
Walgreens,amenity:pharmacy,"3631 Gravois Avenue, St. Louis, MO, 63116",63116,St. Louis,,,,
Wendy's,amenity:fast_food,"3801 Gravois Road, Saint Louis, MO, 63116",63116,St. Louis,+1 314-772-6923,,https://locations.wendys.com/united-states/mo/saint-louis/3801-gravois-rd,https://www.wendys.com/contact-us
White Castle,amenity:fast_food,"3601 Gravois Avenue, Saint Louis, MO, 63116",63116,St. Louis,,,,
Zlatno Žito Bakery and Deli,shop:bakery,"4573 Gravois Avenue, St. Louis, MO, 63116",63116,St. Louis,,,,
소풍렌트카 편의접,shop:convenience,"28-1 제성1길, 제주시, 63116",63116,St. Louis,,,,
Ambruster Chapel,shop:funeral_directors,"6633 Clayton Road, Clayton, MO, 63117",63117,Richmond Heights,+1-314-863-1300,info@ambrusterchapel.com,https://www.ambrusterchapel.com,
AMC Esquire 7,amenity:cinema,"6706 Clayton Road, Richmond Heights, MO, 63117",63117,Richmond Heights,,,https://www.amctheatres.com/movie-theatres/st-louis/amc-esquire-7,
Basso,amenity:restaurant,"7036 Clayton Avenue, St. Louis, MO, 63117",63117,Richmond Heights,,jwinter@lhmc.com,https://www.basso-stl.com/,https://www.basso-stl.com/the-cheshire/contact/
Big Shark Bicycle Company,shop:bicycle,"1155 South Big Bend Boulevard, Saint Louis, MO, 63117",63117,Richmond Heights,+1 314-862-1188,,https://www.bigshark.com/,https://www.bigshark.com/#
Boundary,amenity:restaurant,"7036 Clayton Avenue, St. Louis, MO, 63117",63117,Richmond Heights,,jwinter@cheshirerestaurant-stl.com,https://www.boundary-stl.com/,https://www.boundary-stl.com/
Casa Bagus,leisure:fitness_centre,"6318 Clayton Road, Richmond Heights, MO, 63117",63117,Richmond Heights,,,https://www.facebook.com/CasaBagus/,https://www.facebook.com/CasaBagus/
Chinese Express,amenity:restaurant,"7022 Clayton Avenue, St. Louis, MO, 63117",63117,Richmond Heights,,,https://chineseexpressmo.com,https://chineseexpressmo.com
Commerce Bank,amenity:bank,"6369 Clayton Road, Clayton, MO, 63117",63117,Richmond Heights,,,,
CYCLEBAR,leisure:fitness_centre,"8025 Dale Avenue, 63117",63117,Richmond Heights,+1-314-230-9255,richmondheights@cyclebar.com,https://www.cyclebar.com/location/richmond-heights,https://www.cyclebar.com/about-us
Del Pietros,amenity:restaurant,"1059 South Big Bend Boulevard, Richmond Heights, MO, 63117",63117,Richmond Heights,,,,
Drake's,amenity:bar,"8135 Dale Avenue, 63117",63117,Richmond Heights,,,https://drakescomeplay.com/locations/drakes-richmond-heights-mo/,https://bluegrasshospitality.com/contact-us/
Dunkin',amenity:fast_food,"1754 South Hanley Road, Richmond Heights, MO, 63117",63117,Richmond Heights,+1 314-341-1359,development_sites@dunkinbrands.com,https://locations.dunkindonuts.com/en/mo/richmond-heights/1754-s-hanley-rd/353975,https://www.dunkindonuts.com/en/about/contact-us/faqs
Einstein Bros. Bagels,amenity:fast_food,"6682 Clayton Road, Richmond Heights, MO, 63117",63117,Richmond Heights,,hello@einsteinbros.com,https://locations.einsteinbros.com/us/mo/richmond-heights/6682-clayton-rd,https://www.einsteinbros.com/contact/faq/
First Community Credit Union,amenity:bank,"1070 South Brentwood Boulevard, Richmond Heights, MO, 63117",63117,Richmond Heights,+1-636-728-3333,,,
Fozzie's Sandwich Emporium,amenity:fast_food,"1170 South Big Bend Boulevard, Richmond Heights, MO, 63117",63117,Richmond Heights,,info@foodatfozzies.com,https://foodatfozzies.com/,https://foodatfozzies.com/
Heavenly Scent Cleaning Service,shop:cleaners,"Oakland Avenue, St. Louis, MO, 63117",63117,Richmond Heights,+1 314-341-8334,,https://heavenly-scent.com/,https://heavenly-scent.com/
Hi-Pointe Backlot,amenity:cinema,"1002 Hi Pointe Place, St. Louis, MO, 63117",63117,Richmond Heights,,,,
Hi-Pointe Drive In,amenity:restaurant,"1033 McCausland Avenue, 63117",63117,Richmond Heights,+1-314-349-2720,hi@hipointedrivein.com,https://hipointedrivein.com,https://hipointedrivein.com/about
Hi-Pointe Theatre,amenity:cinema,"1005 McCausland Avenue, St. Louis, MO, 63117",63117,Richmond Heights,,,,
Mason Contractors Association of St. Louis,craft:stonemason,"1429 South Big Bend Boulevard, Richmond Heights, MO, 63117",63117,Richmond Heights,,,,
Mattress Firm,shop:bed,"8069 Clayton Road, Saint Louis, MO, 63117",63117,Richmond Heights,+1 314-721-2988,,https://www.mattressfirm.com/en-us/stores/mo/st-louis/018011/,
Mike Duffy's Pub and Grill,amenity:pub,"6662 Clayton Road, Richmond Heights, MO, 63117",63117,Richmond Heights,,,,
New Balance,shop:shoes,"1205 South Big Bend Boulevard, Richmond Heights, MO, 63117",63117,Richmond Heights,,,,
Office Depot,shop:stationery,"1024 South Big Bend Boulevard, Richmond Heights, MO, 63117",63117,Richmond Heights,+1 314-646-8100,,https://www.officedepot.com/storelocator/mo/richmond-heights/office-depot-635,https://www.officedepot.com/l/print-and-copy/same-day-printing?promo_name=store_page&promo_id=text&promo_creative=sameday_printing
Olympia Kebob House and Taverna,amenity:restaurant,"1543 McCausland Avenue, Saint Louis, MO, 63117",63117,Richmond Heights,+1-314-781-1299,user@domain.com,https://www.olympiakebobandtavern.com/,https://www.olympiakebobandtavern.com/
Panda Express,amenity:fast_food,"1155 Saint Louis Galleria, clayton, MO, 63117",63117,Richmond Heights,+1 314-727-2216,,https://www.pandaexpress.com/locations/mo/saint-louis/1240,
Panda Express,amenity:fast_food,"1494 South Hanley, Richmond Heights, MO, 63117",63117,Richmond Heights,+1 314-781-8888,,https://www.pandaexpress.com/locations/mo/richmond-heights/2363,
Panera Bread,amenity:fast_food,"1445 Saint Louis Galleria, Richmond Heights, MO, 63117",63117,Richmond Heights,+1 314-725-4237,,https://locations.panerabread.com/mo/richmond-heights/1445-st-louis-galleria.html,https://locations.panerabread.com/en-us/company/about-panera.html
Panera Bread,amenity:fast_food,"6734 Clayton Road, Richmond Heights, MO, 63117",63117,Richmond Heights,+1 314-644-9500,,https://locations.panerabread.com/mo/richmond-heights/6734-clayton-road.html,https://locations.panerabread.com/en-us/company/about-panera.html
Par Lounge,amenity:bar,"1001 McCausland Avenue, 63117",63117,Richmond Heights,+1-314-646-1300,,http://par-lounge.com,http://par-lounge.com/Contact-Us.html
Penn Station,amenity:fast_food,"1774 South Hanley Road, Richmond Heights, MO, 63117",63117,Richmond Heights,+13147818600,,https://www.penn-station.com/,https://www.penn-station.com/about_our_product.php
Pilates + Yoga Studio,leisure:fitness_centre,"1015 McCausland Avenue, St. Louis, MO, 63117",63117,Richmond Heights,,,https://www.pilatesyogastudio.com/,https://www.pilatesyogastudio.com/about-3
Porter Paints,shop:paint,"6717 Clayton Road, Clayton, MO, 63117",63117,Richmond Heights,,,,
Qdoba,amenity:fast_food,"6701 Clayton Road, Clayton, MO, 63117",63117,Richmond Heights,+1 314-863-5252,,https://locations.qdoba.com/us/mo/st--louis/6701-clayton-rd.html,
Saint Louis Galleria,shop:mall,"1155 St Louis Galleria Street, Saint Louis, MO, 63117",63117,Richmond Heights,,,,
Schnucks,shop:supermarket,"6600 Clayton Road, Clayton, MO, 63117",63117,Richmond Heights,,,,
Starbucks,shop:coffee,"8023 Dale Avenue, 63117",63117,Richmond Heights,,press@starbucks.com,https://www.starbucks.com/,https://www.starbucks.com/contact/
Starbucks,amenity:cafe,"7036 Clayton Avenue, St. Louis, MO, 63117",63117,Richmond Heights,+1 314-647-7300,,https://www.starbucks.com/store-locator/store/1011368/cheshire-inn-7036-clayton-ave-st-louis-mo-63117-us,https://www.starbucks.com/store-locator/store/1011368/cheshire-inn-7036-clayton-ave-st-louis-mo-63117-us
Starrs,shop:alcohol,"1135 South Big Bend Boulevard, Richmond Heights, MO, 63117",63117,Richmond Heights,,budstar@swbell.net,https://www.starrs1.com/index.php?p=home,https://www.starrs1.com/contact-us
State Farm,office:insurance,"7803 Clayton Road, St Louis, MO, 63117",63117,Richmond Heights,+1-314-725-0404,,https://veronicaobrienagency.com/,https://www.statefarm.com/lead/contact#agentAssociateID=9WTC91YS000&amp;event=sfmicrosites
Stevenson's Hi-Pointe Service,amenity:fuel,"981 South Skinker Boulevard, St. Louis, MO, 63117",63117,Richmond Heights,,,https://bigamocosign.com/,https://bigamocosign.com/contact-us/
The Cheesecake Factory,amenity:restaurant,"1062 Galleria Parkway, Saint Louis, MO, 63117",63117,Richmond Heights,+1-314-721-0505,,https://locations.thecheesecakefactory.com/mo/st.-louis-57.html,https://www.thecheesecakefactory.com/about-us
Top Flite Financial,shop:money_lender,"21 The Boulevard Saint Louis Street, Richmond Heights, MO, 63117",63117,Richmond Heights,,,,
Walgreens,amenity:pharmacy,"6733 Clayton Road, Clayton, MO, 63117",63117,Richmond Heights,,,,
Yelena's Tailoring & Alterations,shop:tailor,"6360 Clayton Road, Richmond Heights, MO, 63117",63117,Richmond Heights,,,https://yelenastailoringalterations.com,
דאבל סטנדרט,amenity:bar,"247 דיזנגוף, תל אביב, 63117",63117,Richmond Heights,,,,
7-Eleven,shop:convenience,"2607 Gravois Avenue, Saint Louis, MO, 63118",63118,St. Louis,,,,
9th Street Deli at Howards,shop:deli,"2730-2732 South 13th Street, Saint Louis, MO, 63118",63118,St. Louis,,,,
A Touch of Texas BBQ,amenity:restaurant,"3559 Arsenal Street, St. Louis, MO, 63118",63118,St. Louis,,,,
Advance Auto Parts,shop:car_parts,"3510 Gravois Avenue, Saint Louis, MO, 63118",63118,St. Louis,+1 314 772 7666,,https://stores.advanceautoparts.com/mo/saint-louis/3510-gravois-ave,
Affordable Furniture,shop:furniture,"2719 Cherokee Street, Saint Louis, MO, 63118",63118,St. Louis,,,,
African Bazaar,shop:clothes,"2715 Cherokee Street, Saint Louis, MO, 63118",63118,St. Louis,+1 314-865-2277,,,
Art Monster,shop:tattoo,"2627 Cherokee Street, Saint Louis, MO, 63118",63118,St. Louis,,,https://artmonster.com,https://www.hugedomains.com/contact.cfm
Arzolas,amenity:restaurant,"2730 McNair Avenue, Saint Louis, MO, 63118",63118,St. Louis,,,,
Auvergne Transport Service Manutention,office:company,"Route Départementale 402, Cébazat, 63118",63118,St. Louis,+33473163000,,,
Bank of America,amenity:bank,"2604 South Jefferson Avenue, Saint Louis, MO, 63118",63118,St. Louis,,,,
Banque Chalus,amenity:bank,"1 Rue des Farges, Cébazat, 63118",63118,St. Louis,,,,
Banque Populaire,amenity:bank,"1 Avenue du 8 Mai, Cébazat, 63118",63118,St. Louis,+33 4 73 16 14 30,,https://agences.banquepopulaire.fr/banque-assurance/agence-nord-de-clermont-cebazat-id1680700343,https://www.banquepopulaire.fr/nous-contacter/
Basil India,amenity:restaurant,"3183 South Grand Boulevard, St. Louis, MO, 63118",63118,St. Louis,,,,
Benton Park Cafe,amenity:restaurant,"2901 Salena Street, Saint Louis, 63118",63118,St. Louis,,,,
Bluewood Brewing,craft:brewery,"1821 Cherokee Street, Saint Louis, MO, 63118",63118,St. Louis,+1 314-376-4166,info@bluewoodbrewing.com,https://www.bluewoodbrewing.com/,https://www.bluewoodbrewing.com/membership
Boheme,shop:interior_decoration,"2308 Cherokee Street, St. Louis, MO, 63118",63118,St. Louis,+1 314-696-2690,hello@bohemeatelier.com,http://www.bohemeatelier.com/,http://www.bohemeatelier.com/
Botanicals Design Studio,shop:florist,"3014 South Grand Boulevard, Saint Louis, MO, 63118",63118,St. Louis,,,https://botanicalsdesignstudio.com/,
Bridge Bread,shop:bakery,"2639 Cherokee Street, Saint Louis, 63118",63118,St. Louis,+1 314-296-3077,,,
Busey Bank,amenity:bank,"3754 South Grand Boulevard, Saint Louis, MO, 63118",63118,St. Louis,,,,
Butter Love,shop:beauty,"2608 Cherokee Street, St. Louis, MO, 63118",63118,St. Louis,,hello@butterloveskin.com,https://butterloveskin.com,https://butterloveskin.com/pages/contact
Button Makers,shop:clothes,"2608 Cherokee Street, Saint Louis, 63118",63118,St. Louis,,,http://custom.buttonmakers.net/,http://custom.buttonmakers.net/contact
Buzz’s Hawaiian Grill,amenity:restaurant,"3457 Magnolia Avenue, Saint Louis, MO, 63118",63118,St. Louis,,buzz@buzzshawaiiangrill.com,https://buzzshawaiiangrill.com/,https://buzzshawaiiangrill.com/about-us
Café du Cours,amenity:cafe,"16 Cours des Perches, Cébazat, 63118",63118,St. Louis,,,,
Cafe Mochi,amenity:restaurant,"3221 South Grand Boulevard, St. Louis, MO, 63118",63118,St. Louis,,,https://locu.com/places/cafe-mochi-st-louis-us/,https://www.godaddy.com/help/contact-us
Cafe Natasha's,amenity:restaurant,"3200 South Grand Boulevard, St. Louis, MO, 63118",63118,St. Louis,,user@domain.com,https://www.cafenatasha.com/,https://www.cafenatasha.com/
Carburant Auchan,shop:gas,"20 Rue de Châteaugay, Cébazat, 63118",63118,St. Louis,,,,
Carrillo,shop:clothes,"2822 Cherokee Street, Saint Louis, MO, 63118",63118,St. Louis,,,,
CBGB,amenity:bar,"3163 South Grand Boulelvard, St. Louis, 63118",63118,St. Louis,,,,
Chaparritos,amenity:restaurant,"2812 Cherokee Street, Saint Louis, MO, 63118",63118,St. Louis,,,,
Cherokee Recreation Center,leisure:sports_centre,"3200 South Jefferson Avenue, Saint Louis, MO, 63118",63118,St. Louis,,,https://www.stlouis-mo.gov/government/departments/parks/recreation/centers/cherokee.cfm,https://www.stlouis-mo.gov/government/contact.cfm
Cherokee Texas,shop:leather,"2623 Cherokee Street, Saint Louis, MO, 63118",63118,St. Louis,,,https://cheeokeeandtexas.com,
Chido Stylez,shop:hairdresser,"2820 Cherokee Street, Saint Louis, MO, 63118",63118,St. Louis,,,,
Chippewa Animal Hospital,amenity:veterinary,"3850 Chippewa Street, Saint Louis, MO, 63118",63118,St. Louis,+1-314-772-0292,chippewaanimalhosp@att.net,,
Clippers and Sheers,shop:hairdresser,"2315 Cherokee Street, Saint Louis, MO, 63118",63118,St. Louis,,,,
Communication Depot,shop:electronics,"2629 Cherokee Street, Saint Louis, 63118",63118,St. Louis,+1-314-771-0000,,http://www.stlphones.com/,
Concordia Publishing House,office:publisher,"3558 South Jefferson Avenue, Saint Louis, MO, 63118",63118,St. Louis,,order@cph.org,https://about.cph.org/index.html,https://about.cph.org/contact.html
Creative Litho Printing,shop:copyshop,"3021 Cherokee Street, Saint Louis, 63118",63118,St. Louis,+1 314 772 6779,,http://creativelithoprinting.com/,
Crédit Mutuel Massif Central,amenity:bank,"3 Avenue du 8 Mai, Cébazat, 63118",63118,St. Louis,+33 4 73234140,nom@domaine.com,https://www.creditmutuel.fr/fr/caisses/10278/11631/00/000,https://www.creditmutuel.fr/fr/contact.html
CyclAmbul’,shop:bicycle,"8 Allées des Nymphes, CEBAZAT, 63118",63118,St. Louis,+33 7 68 74 33 48,jeremy@cyclambul.fr,https://www.cyclambul.fr/,
DC Auto Sales,shop:car,"2901 Arsenal Street, Saint Louis, MO, 63118",63118,St. Louis,,,,
DeMay Ltd. Antiques,shop:antiques,"2020 Cherokee Street, St. Louis, MO, 63118",63118,St. Louis,+1 314-664-4700,,https://demayfurs.com/,https://www.demayfurs.com/contact-us/
Doc Auto,shop:car_repair,"28 Rue Fontenille, Cébazat, 63118",63118,St. Louis,+33 6 18 07 95 45,,,
Don's Muffler Shop #1,shop:car_repair,"3001 Cherokee Street, Saint Louis, MO, 63118",63118,St. Louis,+1 314 772 7400,,,
Don's Muffler Shop #2,shop:car_repair,"2923 Cherokee Street, Saint Louis, MO, 63118",63118,St. Louis,+1 314 772 7400,,,
Earthbound Beer,amenity:pub,"2724 Cherokee Street, Saint Louis, MO, 63118",63118,St. Louis,+1-314-769-9576,kristina@earthboundbeer.com,https://earthbound-107865.square.site/,https://earthbound-107865.square.site/
El Chico Bakery,amenity:restaurant,"2634 Cherokee Street, Saint Louis, MO, 63118",63118,St. Louis,,,,
Elaine's,amenity:restaurant,"2311 Cherokee Street, Saint Louis, MO, 63118",63118,St. Louis,+1 314-664-0100,,http://elainesoncherokee.com/wp/,
Elders Ltd.,shop:antiques,"2124 Cherokee Street, St. Louis, MO, 63118",63118,St. Louis,,,,
eldritch brothers tatoos,shop:tattoo,"1982 Arsenal Street, Saint Louis, MO, 63118",63118,St. Louis,,eldritchbrotherstattoo@gmail.com,https://www.eldritchbrothers.com,https://www.eldritchbrothers.com
Elicia's Pizza,amenity:restaurant,"3209 Gravois Avenue, Saint Louis, MO, 63118",63118,St. Louis,+1 314-771-7777,,,
Espace Floral,shop:florist,"5 Avenue du 8 Mai, Cébazat, 63118",63118,St. Louis,,,,
Estetica Unisex Le' Criss,shop:clothes,"2750 Cherokee Street, Saint Louis, MO, 63118",63118,St. Louis,,,,
Flowers & Weeds,shop:garden_centre,"3201, 63118",63118,St. Louis,,info@flowersandweeds.com,https://www.flowersandweeds.com,https://www.flowersandweeds.com
Flowers to the People,shop:florist,"2317 Cherokee Street, Saint Louis, MO, 63118",63118,St. Louis,+1-314-762-0422,flowerstothepeople@gmail.com,https://flowerstothepeople.biz/,https://www.flowerstothepeoplestl.com/about-5
Forever Faded Studios,shop:tobacco,"3201 Arsenal Street, Saint Louis, MO, 63118",63118,St. Louis,+1 314-261-0437,prosperity@foreverfadedstudios.com,https://www.foreverfadedstudios.com/,https://www.foreverfadedstudios.com/contact-details
Fournil de l'Authentique,shop:bakery,"8 Rue de Châteaugay, Cébazat, 63118",63118,St. Louis,,,,
Frazer's Restaurant & Lounge,amenity:restaurant,"1811 Pestalozzi Street, 63118",63118,St. Louis,+1-314-773-8646,info@frazersgoodeats.com,http://frazersgoodeats.com,http://frazersgoodeats.com/contact-1
Future Ancestor,shop:clothes,"2617 Cherokee Street, Saint Louis, MO, 63118",63118,St. Louis,,,,
German Cultural Society of Saint Louis,office:association,"3652 South Jefferson Avenue, Saint Louis, MO, 63118",63118,St. Louis,,,https://www.germanstl.org/index.html,
Good Strangers,amenity:cafe,"2614 Cherokee Street, 63118",63118,St. Louis,,,,
Grove East Provisions,shop:convenience,"3101 Arsenal Street, St. Louis, 63118",63118,St. Louis,,,https://www.facebook.com/pages/Grove-East-Provisions/670238153049198?ref,https://www.facebook.com/pages/Grove-East-Provisions/670238153049198?ref
H & M Fish and Chicken,amenity:restaurant,"2903 Chippewa Street, Saint Louis, MO, 63118",63118,St. Louis,+13146642091,,,
Habitat for Humanity ReStore,shop:charity,"3520 Chippewa Street, Saint Louis, MO, 63118",63118,St. Louis,,,,
Hop Shop,shop:alcohol,"2600 Cherokee Street, Saint Louis, 63118",63118,St. Louis,,,https://www.saintlouishopshop.com/about/,https://www.saintlouishopshop.com/about/
Immigration Law LLC,office:lawyer,"Cherokee Street, St. Louis, MO, 63118",63118,St. Louis,,,,
Jackson Hewitt,office:tax_advisor,"2729 Cherokee Street, Saint Louis, MO, 63118",63118,St. Louis,+1 314-644-4444,,https://www.jacksonhewitt.com/tax-preparation-services-locations/MO/st-louis/11874/,https://www.jacksonhewitt.com/tax-preparation-services-locations/MO/st-louis/11874/
K-bop,amenity:restaurant,"2609 Cherokee Street, St. Louis, MO, 63118",63118,St. Louis,,,https://kbopstl.com/cherokee,https://kbopstl.com/contact-us
KFC,amenity:fast_food,"3517 South Grand, Saint Louis, MO, 63118",63118,St. Louis,,,https://locations.kfc.com/mo/saint-louis/3517-south-grand,https://www.kfc.com/contact
La Coop des Dômes,shop:convenience,"9020 Route Nationale 9, Cébazat, 63118",63118,St. Louis,+33 4 43 57 47 29,hello@divigrocery.com,http://www.coopdesdomes.fr/,https://www.coopdesdomes.fr/2025_contact-copy/
La Pompadour,shop:bakery,"1 Cours des Perches, Cébazat, 63118",63118,St. Louis,,,,
Lady Jane's Antiques,shop:antiques,"2110 Cherokee Street, St. Louis, MO, 63118",63118,St. Louis,,,,
Le Bedabar,amenity:bar,"2 Rue des Farges, Cébazat, 63118",63118,St. Louis,,,,
Le Kiosque à Pizzas,amenity:fast_food,"Boulevard Jean Moulin, Cébazat, 63118",63118,St. Louis,+33 9 72 64 88 42,,https://www.le-kiosque-a-pizzas.com/commander-pizza-cebazat--566,https://www.le-kiosque-a-pizzas.com/contactez-nous
Le Volant,amenity:restaurant,"Rue Verte, Cébazat, 63118",63118,St. Louis,+33473272950,,,
Lee's Famous Recipe Chicken,amenity:fast_food,"2629 South Jefferson Avenue, Saint Louis, MO, 63118",63118,St. Louis,,,,
LemonGrass,amenity:restaurant,"3161 South Grand Boulelvard, St. Louis, MO, 63118",63118,St. Louis,+1 314-664-6702,,https://www.lemongrass-rest.com,https://www.lemongrass-rest.com/about_main.htm
Lemp Mansion Restaurant,amenity:restaurant,"3322 Demenil Place, Saint Louis, MO, 63118",63118,St. Louis,+1 314-664-8024,,https://www.lempmansion.com/restaurant.htm,https://www.lempmansion.com/restaurant.htm
Lilly's Panaderia Mexican Bread,shop:bakery,"2752 Cherokee Street, Saint Louis, MO, 63118",63118,St. Louis,,,,
Maison Fournier,shop:bakery,"7 Avenue du 8 Mai, Cébazat, 63118",63118,St. Louis,,,,
Malow Fashion,shop:clothes,"2613 Cherokee Street, St. Louis, MO, 63118",63118,St. Louis,,,,
Meggie Boutique,shop:shoes,"1 Avenue du 8 Mai, Cébazat, 63118",63118,St. Louis,,,,
Mesa Home,shop:clothes,"2619 Cherokee Street, Saint Louis, MO, 63118",63118,St. Louis,,,https://instagram.com/mesa_home,https://instagram.com/mesa_home
Meskerem Ethiopian Cuisine,amenity:restaurant,"3210 South Grand Boulevard, St. Louis, MO, 63118",63118,St. Louis,+1-314-772-4442,user@domain.com,https://meskeremstl.com/,https://meskeremstl.com/
Metro by T-Mobile,shop:mobile_phone,"2631 Cherokee Street, Saint Louis, 63118",63118,St. Louis,+1 314-899-9964,,https://www.metrobyt-mobile.com/stores/bd/metro-by-t-mobile-saint-louis-mo-10221137/,https://www.metrobyt-mobile.com/stores/bd/metro-by-t-mobile-saint-louis-mo-10221137/
Midwest BankCentre,amenity:bank,"Meramec Street, Saint Louis, MO, 63118",63118,St. Louis,,,,
Midwest Pasta Company,shop:supermarket,"2023 Cherokee Street, Saint Louis, MO, 63118",63118,St. Louis,+1-314-772-7560,,https://www.midwestpastaco.com,https://www.midwestpastaco.com/contact/
MJ Style,shop:hairdresser,"16bis Cours des Perches, Cébazat, 63118",63118,St. Louis,,,,
Moshmellow,amenity:bar,"3359 South Jefferson Avenue, Saint Louis, 63118",63118,St. Louis,+1-615-796-9095,example@mysite.com,http://moshmellow.org,https://www.moshmellow.org/about-2
Mr. Nice Guy,shop:tobacco,"2636 Cherokee Street, Saint Louis, MO, 63118",63118,St. Louis,+1 314-454-3145,,,
Murphy's Mutts,shop:pet,"2307 Cherokee Street, Saint Louis, MO, 63118",63118,St. Louis,+1-314-771-3338,,https://murphysmutts.com/,https://murphysmutts.com/
Novedades Lationos Beauty,shop:clothes,"2740 Cherokee Street, Saint Louis, MO, 63118",63118,St. Louis,,,,
NOZ,shop:variety_store,"21 Rue Robert Lemoy, Cébazat, 63118",63118,St. Louis,,,https://nozarrivages.com/magasin/cebazat/,
Off Broadway,amenity:nightclub,"3509 Lemp Avenue, St. Louis, MO, 63118",63118,St. Louis,,offbroadwaystlinfo@gmail.com,https://offbroadwaystl.com/,https://offbroadwaystl.com/contact
optic 2000,shop:optician,"3 Avenue du 8 Mai, Cébazat, 63118",63118,St. Louis,,,,
Panorama Folk Art,shop:art,"1925 Cherokee Street, Saint Louis, MO, 63118",63118,St. Louis,+1-314-772-8007,,,
Perennial,shop:craft,"3762 South Broadway, 63118",63118,St. Louis,,,,
Pharmacie Dubost,amenity:pharmacy,"20 Rue de Châteaugay, Cébazat, 63118",63118,St. Louis,,,,
Pharmacie Laurent,amenity:pharmacy,"1 Avenue du 8 Mai, Cébazat, 63118",63118,St. Louis,,,,
Photographe Imagesin,craft:photographer,"Espace des Perches, Cébazat, 63118",63118,St. Louis,,,,
Pieces Board Game Bar And Restaurant,amenity:restaurant,"2727 South 12th Street, Saint Louis, MO, 63118",63118,St. Louis,,,,
Pizza Head,amenity:restaurant,"3196 South Grand Boulevard, St. Louis, MO, 63118",63118,St. Louis,,,https://www.pizzaheadstl.com/about,
Poke One,amenity:restaurant,"3101 South Grand Boulevard, St. Louis, MO, 63118",63118,St. Louis,,,,
Qdoba,amenity:fast_food,"3100 South Grand Boulevard, Saint Louis, MO, 63118",63118,St. Louis,+1 314-772-7200,,https://locations.qdoba.com/us/mo/st--louis/3100-s-grand-blvd.html,
Read A Book,shop:books,"3125 Meramec Street, Saint Louis, MO, 63118",63118,St. Louis,,,https://trq.pzm.mybluehost.me,https://trq.pzm.mybluehost.me
Rent-A-Center,shop:furniture,"3405-3413 Gravois Avenue, Saint Louis, MO, 63118",63118,St. Louis,,,,
Retro 101,amenity:bank,"2303 Cherokee Street, Saint Louis, MO, 63118",63118,St. Louis,+1-314-762-9722,,http://www.shopretro101.com,
Riverside Antiques,shop:antiques,"1947 Cherokee Street, St. Louis, MO, 63118",63118,St. Louis,+1-314-772-9177,,,
Rock Star Tacos,amenity:restaurant,"4916 Shaw Avenue, St. Louis, MO, 63118",63118,St. Louis,+1-314-571-9016,rockstartacostl@gmail.com,https://www.rockstartacos.com/,https://www.rockstartacos.com/blank-1
Rockin Redhead Salon,shop:beauty,"1960 Cherokee Street, Saint Louis, MO, 63118",63118,St. Louis,+1 314-478-2789,,,
Rooster,amenity:restaurant,"3150 South Grand Boulevard, St. Louis, MO, 63118",63118,St. Louis,+13147723447,user@domain.com,https://www.roosterstl.com/,https://www.roosterstl.com/about
Ruby Francis,shop:clothes,"2310 Cherokee Street, St. Louis, MO, 63118",63118,St. Louis,+1 314-339-5809,,http://www.ruby-francis.com/,
Saturn Lounge,amenity:bar,"1915 Cherokee Street, St. Louis, MO, 63118",63118,St. Louis,,user@domain.com,https://www.thesaturnlounge.com,https://www.thesaturnlounge.com
Saxquest,shop:musical_instrument,"2114 2114 Cherokee Street, St. Louis, MO, 63118",63118,St. Louis,+1 314-664-1234,,https://www.saxquest.com/,https://www.saxquest.com/contact
Schnucks,shop:supermarket,"3430 South Grand Blvd, Saint Louis, MO, 63118",63118,St. Louis,,,,
Shameless Grounds,amenity:cafe,"1901 Withnell Avenue, Saint Louis, MO, 63118",63118,St. Louis,,,https://shamelessgrounds.com/,https://shamelessgrounds.com/about/
Sit Sleep Furniture & Mattress,shop:furniture,"3722 South Grand Boulevard, Saint Louis, MO, 63118",63118,St. Louis,,,,
Small Change,amenity:bar,"2800 Indiana Avenue, Saint Louis, MO, 63118",63118,St. Louis,,,https://www.facebook.com/SmallChangeSTL/,https://www.facebook.com/SmallChangeSTL/
South City Art Supply,shop:craft,"1926 Cherokee Street, St. Louis, MO, 63118",63118,St. Louis,+1 314-884-8345,hello@stlartsupply.com,http://southcityart.com/,http://southcityart.com/pages/about-st-louis-art-supply
Spectrum,shop:telecommunication,"3121 South Grand Boulevard, Saint Louis, MO, 63118",63118,St. Louis,+1-888-406-7063,,https://www.spectrum.com/locations/mo/st-louis/3121-south-grand-blvd,https://www.spectrum.com/locations/mo/st-louis/3121-south-grand-blvd#contact
St. Louis Motor Co,shop:car,"2743 Gravois Avenue, Saint Louis, MO, 63118",63118,St. Louis,,,,
Taco Truck Stl,amenity:bar,"2737 Cherokee Street, Saint Louis, MO, 63118",63118,St. Louis,,,,
Taqueria El Bronco,amenity:restaurant,"2817 Cherokee Street, Saint Louis, MO, 63118",63118,St. Louis,,,,
The B-Side,amenity:bar,"2709 Cherokee Street, Saint Louis, MO, 63118",63118,St. Louis,,,,
The Little Dipper At The Fortune Teller Bar,amenity:bar,"2635 Cherokee Street, Saint Louis, MO, 63118",63118,St. Louis,,,,
The mud house,amenity:cafe,"2101 Cherokee Street, Saint Louis, MO, 63118",63118,St. Louis,+1-314-776-6599,mudhousestl@gmail.com,http://www.themudhousestl.com,http://www.themudhousestl.com/#information-section
The Purple Cow,shop:antiques,"2010 Cherokee Street, St. Louis, MO, 63118",63118,St. Louis,,,,
The Shaved Duck,amenity:restaurant,"2900 Virginia Avenue, St. Louis, MO, 63118",63118,St. Louis,+1-314-776-1407,user@domain.com,https://www.theshavedduck.com/,https://www.theshavedduck.com/contact-us
The Social Goods Marketplace,shop:gift,"3189 South Grand Boulevard, St. Louis, MO, 63118",63118,St. Louis,,,,
The Village Too!,shop:convenience,"4164 South Grand Boulevard, Saint Louis, MO, 63118",63118,St. Louis,,,,
The Vine Cafe and Market,amenity:restaurant,"3171 South Grand Boulevard, St. Louis, MO, 63118",63118,St. Louis,+13147760991,,http://www.thevinestl.com/,http://www.thevinestl.com/
Tick Tock Tavern,amenity:bar,"3459 Magnolia Avenue, Saint Louis, MO, 63118",63118,St. Louis,,,,
Tracy's Treasures,shop:antiques,"2306 Cherokee Street, St. Louis, MO, 63118",63118,St. Louis,,,,
Tree House,amenity:restaurant,"3177 South Grand Boulevard, St. Louis, MO, 63118",63118,St. Louis,+13146962100,user@domain.com,https://www.treehousestl.com/,https://www.treehousestl.com/#contact-section
Tschüss,amenity:bar,"2847 Cherokee Street, Saint Louis, MO, 63118",63118,St. Louis,,,,
Urban Matter,shop:gift,"3179 South Grand Boulevard, St. Louis, MO, 63118",63118,St. Louis,,,,
VISTA Ramen,amenity:restaurant,"2609 Cherokee Street, St. Louis, 63118",63118,St. Louis,,,http://vistaramen.com,
Waberi Grocery Store,shop:greengrocer,"2735 Cherokee Street, Saint Louis, MO, 63118",63118,St. Louis,+1-314-762-9506,,,
Whisk bakery,shop:bakery,"2201 Cherokee Street, Saint Louis, MO, 63118",63118,St. Louis,+1 314-932-5166,user@domain.com,http://whiskstl.com,http://whiskstl.com/#contact-section
Whiskey Ring,amenity:bar,"2641 Cherokee Street, Saint Louis, MO, 63118",63118,St. Louis,,,,
Wills Copy Connection,shop:radiotechnics,"2634 1/2 Cherokee Street, Saint Louis, MO, 63118",63118,St. Louis,+1 314-561-8083,,,
Wingstop,amenity:fast_food,"3626 South Grand Boulevard, Saint Louis, MO, 63118",63118,St. Louis,+1 314-776-9464,,,
Yaquis,amenity:restaurant,"2728 Cherokee Street, Saint Louis, MO, 63118",63118,St. Louis,,,,
Zephyr Salon and Bar,amenity:restaurant,"2303 Cherokee Street, Saint Louis, MO, 63118",63118,St. Louis,+1-314-371-0834,zephyrstl@gmail.com,http://zephyrstl.com,http://zephyrstl.com
Zubi Beauty Supplies,shop:beauty,"2319 Cherokee Street, Saint Louis, MO, 63118",63118,St. Louis,,,,
23 West Coffee,amenity:cafe,"23 West Lockwood Avenue, MO, 63119",63119,Webster Groves,+1-314-260-7671,user@domain.com,https://www.23westcoffee.com/,https://www.23westcoffee.com/
A.M. Clark Auto Service,shop:car_repair,"7879 Big Bend Boulevard, Webster Groves, MO, 63119",63119,Webster Groves,+1-314-961-7500,amclarkcarfix@yahoo.com,https://www.amclarkautoservice.com/,
AAA Insurance,office:insurance,"9005 Watson Road, Webster Groves, MO, 63119",63119,Webster Groves,,,,
Assistance Home Care,office:company,"9893 Manchester Road, Rock Hill, MO, 63119",63119,Webster Groves,+1 314-631-1989,info@assistancehc.com,https://www.assistancehomecare.com,https://www.assistancehomecare.com/about-us/assistance-home-care-blog/
Balkan Treat Box,amenity:restaurant,"8103 Big Bend Boulevard, 63119",63119,Webster Groves,,info@balkantreatbox.com,https://www.balkantreatbox.com,https://www.balkantreatbox.com
Bar de la Place,amenity:bar,"Rue du Bosquet, Châteaugay, 63119",63119,Webster Groves,,,,
"Bardol Law Firm, LLC",office:lawyer,"34 North Gore Avenue, Saint Louis, MO, 63119",63119,Webster Groves,+1 314-918-0100,info@bardollaw.com,https://bardollaw.com/,
Beauty Bar Hair Salon,shop:beauty,"1230 South Elm Avenue, 63119",63119,Webster Groves,+1 314-963-0692,,,
Big Lots,shop:department_store,"8563 Watson Road, Webster Groves, MO, 63119",63119,Webster Groves,+1 314-918-9403,,https://local.biglots.com/mo/webster-groves/8563-watson-rd,
Boardwalk Cafe,amenity:restaurant,"600 E Lockwood Avenue, Webster Groves, MO, 63119",63119,Webster Groves,+1 314-963-0013,,,
Bookstore,shop:books,"554 Garden Avenue, Webster Groves, MO, 63119",63119,Webster Groves,+1-314-968-5936,webster@bkstr.com,https://www.bkstr.com/websterstore/home?cm_mmc=OrganicSearch-_-GoogleMyBusiness-_-Google-_-354,https://www.bkstr.com/pages/contact
Chiang Mai,amenity:restaurant,"8158 Big Bend Boulevard, 63119",63119,Webster Groves,,,,
Chuck's Hot Chicken,amenity:fast_food,"9816 Manchester Road, Saint Louis, MO, 63119",63119,Webster Groves,,,https://www.chuckshotchicken.com/,https://www.chuckshotchicken.com/contact-us
Civil Alchemy,shop:houseware,"6154 Big Bend Boulevard, 63119",63119,Webster Groves,+1 314-801-7577,info@civilalchemy.com,https://civilalchemy.com,
Crazy Bowls and Wraps,amenity:restaurant,"9635 Manchester Road, 63119",63119,Webster Groves,,,https://crazybowlsandwraps.com/,https://crazybowlsandwraps.com/contact-us/
CVS Pharmacy,shop:chemist,"9433 Manchester Road, 63119",63119,Webster Groves,,,https://www.cvs.com/store-locator/saint-louis-mo-pharmacies/9433-manchester-rd-saint-louis-mo-63119/storeid=10135,https://www.cvs.com/minuteclinic/info/contact
Cyrano's,amenity:restaurant,"602 East Lockwood Avenue, 63119",63119,Webster Groves,+1 314 963 3232,,https://cyranos.com/,https://cyranos.com/contact-us/
David’s Guitar Loft,shop:musical_instrument,"8136 Big Bend Boulevard, 63119",63119,Webster Groves,+1 314-962-9536,user@domain.com,https://davidsguitarloft.com,https://davidsguitarloft.com/contact
De la Tête Aux Pat,shop:pet_grooming,"2 Rue Étienne Clémentel, Châteaugay, 63119",63119,Webster Groves,,,,
Dewey's Pizza,amenity:restaurant,"122 East Lockwood Avenue, 63119",63119,Webster Groves,,,https://deweyspizza.com/location/webster-groves/,https://deweyspizza.com/contact/
Dharma + Dwell Vintage Home Decor,shop:interior_decoration,"8135 Big Bend Boulevard, 63119",63119,Webster Groves,,,https://dharmaanddwell.com,https://dharmaanddwell.com/pages/contact-us
Dunkin',amenity:fast_food,"7728 Big Bend Boulevard, Saint Louis, MO, 63119",63119,Webster Groves,+1 314-677-1188,development_sites@dunkinbrands.com,https://locations.dunkindonuts.com/en/mo/saint-louis/7728-big-bend-boulevard/362974,https://www.dunkindonuts.com/en/about/contact-us/faqs
Einstein Bros. Bagels,amenity:fast_food,"8127 Big Bend Boulevard, Webster Groves, MO, 63119",63119,Webster Groves,+1 314-963-2080,hello@einsteinbros.com,https://locations.einsteinbros.com/us/mo/webster-groves/8127-big-bend-blvd,https://www.einsteinbros.com/contact/faq/
Emporium,shop:antiques,"9410 Manchester Road, 63119",63119,Webster Groves,,roscott3@aol.com,https://emporiumstlouis.com/,https://emporiumstlouis.com/pages/contact-information
Field Theory,shop:outdoor,"8153 Big Bend Boulevard, 63119",63119,Webster Groves,,store@fieldtheory.us,https://www.fieldtheory.us,
"Freddie's Market, Inc.",shop:grocery,"9052 Big Bend Blvd, Webster Groves, MO, 63119",63119,Webster Groves,+1-314-968-1914,,https://freddiesmarket.com/,
Frisco Barroom,amenity:bar,"8110 Big Bend Boulevard, 63119",63119,Webster Groves,+1 314-455-1090,info@thefriscostl.com,https://www.thefriscostl.com,
Game Nite,shop:video_games,"8380 Watson Rd, St. Louis, MO, 63119",63119,Webster Groves,+1 314-270-8440,info@gameniteshop.com,https://gameniteshop.com/,https://gameniteshop.com/new-page
General Grant Car Wash and Detail Center,amenity:car_wash,"8344 Watson Road, St. Louis, MO, 63119",63119,Webster Groves,,,,
Global Brew Tap House,craft:brewery,"9578 Manchester Road, 63119",63119,Webster Groves,+1 314-395-4504,,https://rockhill.globalbrew.com/,
Greenlight Marijuana Dispensary Rock Hill,shop:cannabis,"9800 Manchester Road, Saint Louis, MO, 63119",63119,Webster Groves,+1-844-785-9333,administrator@greenlightdispensary.com,https://greenlightdispensary.com/rock-hill,https://greenlightdispensary.com/contact-greenlight-dispensary/
Half Pint at The Annex,amenity:ice_cream,"8124 Big Bend Boulevard, 63119",63119,Webster Groves,+1 314-731-6329,user@domain.com,https://www.theannexstl.com,https://www.theannexstl.com/contact
Hangar Kitchen + Bar,amenity:restaurant,"9528 Manchester Road, 63119",63119,Webster Groves,+1 314-473-1221,,https://www.hangarkitchenandbarstl.com/,https://www.hangarkitchenandbarstl.com/
I Love Juice Bar,amenity:restaurant,"9849 Manchester Road, Rock Hill, MO, 63119",63119,Webster Groves,+1 314-455-4171,,https://www.ilovejuicebar.com/rock-hill,
Jack in the Box,amenity:fast_food,"7960 Watson Road, Marlborough, MO, 63119",63119,Webster Groves,+1 314-961-6985,,https://locations.jackinthebox.com/us/mo/marlborough/7960-watson-rd,https://jackinthebox.com/contact
Jiffy Lube,shop:car_repair,"7210 Watson Road, 63119",63119,Webster Groves,,,https://www.jiffylube.com/locations/mo/saint-louis/1067,https://www.jiffylube.com/contact
KFC,amenity:fast_food,"7500 Big Bend Boulevard, Saint Louis, MO, 63119",63119,Webster Groves,,,https://locations.kfc.com/mo/saint-louis/7500-big-bend-boulevard,https://www.kfc.com/contact
Lawn Care Equipment Company,shop:groundskeeping,"8925 Watson Road, Webster Groves, 63119",63119,Webster Groves,+1-314-961-5700,,https://www.lawncareequipmentco.com/,https://www.lawncareequipmentco.com/contact-us
McDonald's,amenity:fast_food,"7259 Watson Road, Shrewsbury, MO, 63119",63119,Webster Groves,+1 314-832-1869,,https://www.mcdonalds.com/us/en-us/location/11186.html,https://www.mcdonalds.com/us/en-us/contact-us.html
Meyou Thai Eatery,amenity:restaurant,"8162 Big Bend Boulevard, 63119",63119,Webster Groves,,,,
Momo Coffee - Champagne - Kitchen,amenity:restaurant,"9500 Manchester Road, 63119",63119,Webster Groves,+1 314-942-2172,user@domain.com,https://www.momocoffeechampagnekitchen.com/,https://www.momocoffeechampagnekitchen.com/
Office of Housing and Residential Life,office:educational_institution,"240 Edgar Road, Webster Groves, MO, 63119",63119,Webster Groves,+1-314-246-4663,housing@webster.edu,https://www.webster.edu/housing/,
Papa John's,amenity:fast_food,"8043 Watson Road, Webster Groves, MO, 63119",63119,Webster Groves,+1 314-918-8484,,https://locations.papajohns.com/united-states/mo/63119/webster-groves/8043-watson-road,https://locations.papajohns.com/united-states/mo/63119/webster-groves/8043-watson-road
PNC Bank,amenity:bank,"135 West Lockwood Avenue, 63119",63119,Webster Groves,+1 314-961-4050,,https://apps.pnc.com/locator/location-details/missouri/webster-groves/63119/00453071/webster-groves?lnksrc=branch-listing,https://apps.pnc.com/locator/location-details/missouri/webster-groves/63119/00453071/webster-groves?lnksrc=branch-listing
PPG Paints,shop:paint,"8705 Big Bend Boulevard, Webster Groves, MO, 63119",63119,Webster Groves,+1 314 961 2207,media@kirkpat.com,https://www.ppgpaints.com/,https://www.ppgpaints.com/contact
PS Dan Angkringan Gatotkaca,amenity:cafe,"13 Jalan Gatutkaca, Kota Madiun, 63119",63119,Webster Groves,,,,
Public Safety,office:government,"572 Garden Avenue, Webster Groves, MO, 63119",63119,Webster Groves,+1-314-968-7430,admit@webster.edu,https://www.webster.edu/public-safety/index.php,https://www.webster.edu/contact.php
Roger's Produce,shop:farm,"625 East Lockwood Avenue, Webster Groves, MO, 63119",63119,Webster Groves,+1 314-962-9157,rogersproduce@gmail.com,,
St. Louis Frozen Custard Factory,amenity:ice_cream,63119,63119,Webster Groves,+1 314-961-9191,sales@stlouiscustard.com,https://www.stlouiscustard.com/,
Starbucks,amenity:cafe,"1 South Old Orchard Avenue, 63119",63119,Webster Groves,+13149187765,,https://www.starbucks.com/store-locator/store/15835/,https://www.starbucks.com/store-locator/store/15835/
Steak 'n Shake,amenity:fast_food,"MO, 63119",63119,Webster Groves,+1 314-961-1184,,https://www.steaknshake.com/locations/mo-st-louis-watson-road/,https://www.steaknshake.com/about-us/
Subway,amenity:fast_food,"8420 Watson Road, St Louis, MO, 63119",63119,Webster Groves,+1 314-849-2782,,https://restaurants.subway.com/united-states/mo/st-louis/8420-watson-rd,https://www.subway.com/en-US/ContactUs/GuestCare
Taco Bell,amenity:fast_food,"7237 Watson Road, Saint Louis, MO, 63119",63119,Webster Groves,+1 314-353-6661,,https://locations.tacobell.com/mo/saint-louis/7237-watson-road.html,https://locations.tacobell.com/mo/saint-louis/7237-watson-road/breakfast.html
The Annex Coffee and Foods,shop:grocery,"8122 Big Bend Boulevard, 63119",63119,Webster Groves,+1 314-731-6329,user@domain.com,https://www.theannexstl.com,https://www.theannexstl.com/contact
The Hub Bicycle Company,shop:bicycle,"40 Lockwood Avenue, Webster Groves, MO, 63119",63119,Webster Groves,,,,
The Novel Neighbor,shop:books,"7905 Big Bend Boulevard, 63119",63119,Webster Groves,,,https://thenovelneighbor.com/,https://thenovelneighbor.com/
The Webster Groves Bookshop,shop:books,"27 North Gore Avenue, Webster Groves, MO, 63119",63119,Webster Groves,+1 314-968-1185,,https://thewebstergrovesbookshop.com,
TotalEnergies Contact,amenity:fuel,"ZAC du Champ de l'Allée, Châteaugay, 63119",63119,Webster Groves,,,,
Walmart Supercenter,shop:supermarket,"7437 Watson Road, Saint Louis, MO, 63119",63119,Webster Groves,+1 314-687-1216,aem@wall-mart.com,https://www.walmart.com/store/3061-shrewsbury-mo,https://www.sparkdriverapp.com/
Webster Family Dental,amenity:dentist,"8005 Big Bend Boulevard, 63119",63119,Webster Groves,+13149688005,contact@mywebsterfamilydental.com,https://mywebsterfamilydental.com/,
Webster University,amenity:cafe,"470 East Lockwood Avenue, Webster Groves, 63119",63119,Webster Groves,,,,
Wendy's,amenity:fast_food,"9604 Manchester Road, 63119",63119,Webster Groves,,,https://locations.wendys.com/united-states/mo/rock-hill/9604-manchester-road?utm_source=Yext&utm_medium=Google_My_Business&utm_campaign=Local_Search&utm_content=EN_US,https://www.wendys.com/contact-us
Wingstop,amenity:fast_food,"8057 Watson Road, Webster Groves, MO, 63119",63119,Webster Groves,+1 314-530-9464,,,
Yanmar Đắk Lắk,shop:agrarian,"726 Võ Văn Kiệt, Buôn Ma Thuột, 63119",63119,Webster Groves,+84905051666,sale@otodaklak.vn,https://otodaklak.vn/,https://otodaklak.vn/
a coffee,amenity:cafe,"Tak Ok, 63120",63120,St. Louis,,,,
Abeille Assurances,office:insurance,"11 Avenue Pierre et Marie Curie, Courpière, 63120",63120,St. Louis,+33 4 73 53 13 54,courpiere@abeille-assurances.com,https://agences.abeille-assurances.fr/courpiere/,https://www.abeille-assurances.fr/particulier/contacts.html
Pharmacie du Centre,amenity:pharmacy,"11 Avenue Pierre et Marie Curie, Courpière, 63120",63120,St. Louis,+33473530262,,,
Wirtalan Jäätelö Oy,shop:ice_cream,"35 Virtaniementie, Kuortane, 63120",63120,St. Louis,,,,
ร้านน้องน้ำครกหินแกรนิต,shop:yes,63120,63120,St. Louis,,,,
ร้านป้าน้อยขายส่ง ครกหินแกรนิต,shop:yes,63120,63120,St. Louis,,,,
อนุชา​ ครกหิน​แกรนิต ขายครกหินทั้งปลีก-ส่ง,shop:yes,63120,63120,St. Louis,,,,
อุทยานแห่งชาติดอยสอยมาลัย,shop:ticket,63120,63120,St. Louis,,,,
A Outlet,shop:beauty,"7026 Natural Bridge Road, St. Louis, MO, 63121",63121,Normandy,+1-314-383-1102,,https://www.aoutletmo.com/,
Blanche M Touhill Performing Arts Center,amenity:theatre,"1 Touhill Circle, Saint Louis, MO, 63121",63121,Normandy,,,,
Church's Chicken,amenity:fast_food,"7215 Natural Bridge Road, Normandy, MO, 63121",63121,Normandy,+1 314-383-2731,,https://locations.churchs.com/mo/normandy/7215-natural-bridge-road,https://locations.churchs.com/mo/normandy/7215-natural-bridge-road
Domino's,amenity:fast_food,"7240 Natural Bridge Road, Normandy, MO, 63121",63121,Normandy,+1 314-389-3030,olocustomercare@dominos.com,https://pizza.dominos.com/missouri/normandy/7240-natural-bridge-rd,https://www.dominos.com/en/about-pizza/
McDonald's,amenity:fast_food,"7171 Natural Bridge Road, Saint Louis, MO, 63121",63121,Normandy,+1 314-381-3295,,https://www.mcdonalds.com/us/en-us/location/36250.html,https://www.mcdonalds.com/us/en-us/contact-us.html
Subway,amenity:fast_food,"137 North Oaks Plaza, Northwoods, MO, 63121",63121,Normandy,+1 314-389-0029,,https://restaurants.subway.com/united-states/mo/northwoods/137-n-oaks-plaza,https://www.subway.com/en-US/ContactUs/GuestCare
Wingstop,amenity:fast_food,"7201 Natural Bridge Road, Normandy, MO, 63121",63121,Normandy,+1 314-389-9464,,,
4 Hands Brewing Co. Kirkwood,craft:brewery,"150 West Argonne Drive, 63122",63122,Kirkwood,,,https://www.4handsbrewery.com/4-hands-kirkwood,https://www.4handsbrewery.com/contact
612 Kitchen & Cocktails,amenity:restaurant,"612 West Woodbine Avenue, Kirkwood, 63122",63122,Kirkwood,+1-314-965-2003,,https://612kitchenandcocktails.com/,https://612kitchenandcocktails.com/
7-Eleven,shop:convenience,"13515 Big Bend Road, St. Louis, 63122",63122,Kirkwood,,,,
7-Eleven,shop:convenience,"639 West Woodbine Avenue, Kirkwood, 63122",63122,Kirkwood,+1 314 821 2251,,https://www.7-eleven.com/locations/mo/kirkwood/639-west-woodbine-ave-19507,
Al's Service,shop:car_repair,"12220 Old Big Bend Road, Kirkwood, 63122",63122,Kirkwood,+1 314 821 0152,,http://alsservice.net/,
ALDI,shop:supermarket,"1125 South Kirkwood Road, Kirkwood, MO, 63122",63122,Kirkwood,+1 314-822-2997,,https://stores.aldi.us/mo/kirkwood/1125-s-kirkwood-rd,https://www.aldi.us/store/aldi/pages/about-aldi
Alpine Shop,shop:outdoor,"440 North Kirkwood Road, Kirkwood, 63122",63122,Kirkwood,+1 314 962 7715,,https://www.alpineshop.com/,
American Family Insurance,office:insurance,"12213 Old Big Bend Road, Kirkwood, 63122",63122,Kirkwood,,,,
Andy's Frozen Custard,amenity:ice_cream,"311 South Kirkwood Road, Kirkwood, 63122",63122,Kirkwood,+1 314 966 1075,,https://www.eatandys.com/ice-cream-kirkwood-mo,https://www.eatandys.com/ice-cream-kirkwood-mo
Arby's,amenity:fast_food,"2945 Dougherty Ferry Road, St. Louis;Valley Park, 63122",63122,Kirkwood,,,,
Arby's,amenity:fast_food,"1147 South Kirkwood Road, Kirkwood, 63122",63122,Kirkwood,,,,
Arch Animal Hospital,amenity:veterinary,"2951 Dougherty Ferry Road, St. Louis, 63122",63122,Kirkwood,,,,
AT&T,office:telecommunication,"115 West Adams Avenue, 63122",63122,Kirkwood,+1-800-288-2020,m25101@idp.att.com,https://www.att.com/,https://www.att.com/
AT&T,shop:mobile_phone,"1263 South Kirkwood Road, Kirkwood, 63122",63122,Kirkwood,,,,
Auberge de la Moréno,amenity:restaurant,"Saint-Genès-Champanelle, 63122",63122,Kirkwood,+33 4 73 87 16 46,aubergemoreno@free.fr,https://aubergemoreno.com/,
AutoZone,shop:car_parts,"1205 South Kirkwood Road, Kirkwood, 63122",63122,Kirkwood,,,https://www.autozone.com/locations/mo/kirkwood/1205-s-kirkwood-rd.html,
Bar Louie,amenity:restaurant,"110 South Kirkwood Road, Kirkwood, 63122",63122,Kirkwood,+1 314 238 2300,ads.vaoroitv@gmail.com,https://barlouieamerica.com/,https://about.me/vaoroitv/
Barnes & Noble,shop:books,"113 West County Center, Des Peres, 63122",63122,Kirkwood,,,https://stores.barnesandnoble.com/store/2350,https://stores.barnesandnoble.com/store/2350
BARx CrossFit,leisure:fitness_centre,"12309 Old Big Bend Road, Kirkwood, 63122",63122,Kirkwood,+1 314 822 2279,info@barxcrossfit.com,https://www.barxcrossfit.com/,https://www.barxcrossfit.com/
Billy G's Kirkwood,amenity:restaurant,"131 W West Argonne Drive, Kirkwood, 63122",63122,Kirkwood,,,https://billygskirkwood.com/,https://billygskirkwood.com/contact/
Bily Goat Bicycle Company,shop:bicycle,"10211 Manchester Road, Maplewood, 63122",63122,Kirkwood,+1 314 821 0216,,https://www.billygoatbicycleco.com/,
BP,amenity:fuel,"401 North Kirkwood Road, Kirkwood, MO, 63122",63122,Kirkwood,+1 314 822 7076,,,
Buffalo Wild Wings,amenity:restaurant,"1244 South Kirkwood Road, Kirkwood, 63122",63122,Kirkwood,,,,
Burlington,shop:department_store,"1225 South Kirkwood Road, Kirkwood, MO, 63122",63122,Kirkwood,+1 314-965-5775,info@burlingtoninvestors.com,https://stores.burlington.com/mo/kirkwood/823,https://stores.burlington.com/helpcenter/contact-us
Centre commercial Intermarché La Rotonde,shop:mall,"10 Avenue de Royat, Ceyrat, 63122",63122,Kirkwood,,,,
Chase,amenity:bank,"101 North Kirkwood Road, Kirkwood, 63122",63122,Kirkwood,+1 314-800-1082,,https://locator.chase.com/mo/kirkwood/101-n-kirkwood-rd,
Chili's,amenity:restaurant,"1130 South Kirkwood Road, Kirkwood, 63122",63122,Kirkwood,+1 314 984 8176,,,
Chipotle,amenity:fast_food,"1255 South Kirkwood Road, Kirkwood, MO, 63122",63122,Kirkwood,+1 314-238-0300,mo.1048.kirkwood@chipotle.com,https://locations.chipotle.com/mo/kirkwood/1255-s-kirkwood-rd,https://chipotle.com/rewards
Chocolate Chocolate Chocolate Co.,shop:confectionery,"112 North Kirkwood Road, Kirkwood, 63122",63122,Kirkwood,,,,
Clay Avenue Dental,amenity:dentist,"204 South Clay Avenue, Kirkwood, 63122",63122,Kirkwood,,,,
Combs Tire & Auto Service Center,shop:car_repair,"10520 Big Bend Boulevard, Kirkwood, 63122",63122,Kirkwood,,,https://combsautoservice.com/,
Commerce Bank,amenity:bank,"350 North Kirkwood Road, Kirkwood, 63122",63122,Kirkwood,+1-800-453-2265,,https://locations.commercebank.com/mo/kirkwood/bank-350-n-kirkwood-rd.html,
Corner Pub & Grill,amenity:restaurant,"13645 Big Bend Road, 63122",63122,Kirkwood,,,https://www.cornerpubandgrill.com/,
Country Squire Cleaners,shop:dry_cleaning,"12180 Old Big Bend Road, Kirkwood, 63122",63122,Kirkwood,+1 314 822 0304,,http://www.cscdrycleaners.com/,
Culver's,amenity:fast_food,"10200 Big Bend Boulevard, Saint Louis, MO, 63122",63122,Kirkwood,+1 314-821-1800,,https://www.culvers.com/restaurants/crestwood-mo,https://www.contactculvers.com/
Dewey's Pizza,amenity:fast_food,"124 North Kirkwood Road, Kirkwood, 63122",63122,Kirkwood,,,,
Dierbergs,shop:supermarket,"9901 Manchester Road, Warson Woods, 63122",63122,Kirkwood,,,https://www.dierbergs.com/store-locations/warson-woods,https://www.dierbergs.com/store-locations/warson-woods
Dollar Tree,shop:variety_store,"10021 Manchester Road, 63122",63122,Kirkwood,+1 314-300-6565,,,
Dollar Tree,shop:variety_store,"1135 South Kirkwood Road, Kirkwood, 63122",63122,Kirkwood,+1 314 822 0165,,https://www.dollartree.com/locations/mo/saint-louis/3047/,
Domino's,amenity:fast_food,"485 South Kirkwood Road, Kirkwood, MO, 63122",63122,Kirkwood,+1 314-821-4111,olocustomercare@dominos.com,https://pizza.dominos.com/missouri/kirkwood/485-s-kirkwood-road-ste-105d,https://www.dominos.com/en/about-pizza/
Down by the Station,shop:gift,"150 West Argonne Drive, Kirkwood, 63122",63122,Kirkwood,,,,
Dunkin',amenity:fast_food,"1208 South Kirkwood Road, Kirkwood, MO, 63122",63122,Kirkwood,+1 314-984-0220,development_sites@dunkinbrands.com,https://locations.dunkindonuts.com/en/mo/kirkwood/1208-s-kirkwood-rd/347647,https://www.dunkindonuts.com/en/about/contact-us/faqs
Edward Jones,office:financial_advisor,"204 North Clay Avenue, Kirkwood, 63122",63122,Kirkwood,,,,
Espace Volcan,amenity:restaurant,"Route du Col de la Moreno, Laschamps, 63122",63122,Kirkwood,+33 4 73 62 26 00,espace@espacevolcan.fr,http://www.espacevolcan.fr/,http://www.espacevolcan.fr/contact-espace-volcan.html
Famous Footwear,shop:shoes,"1038 South Kirkwood Road, Kirkwood, 63122",63122,Kirkwood,+1 314 822 9722,,https://www.famousfootwear.com/Stores/531-KIRKWOOD-COMMONS,
Fandango's Sports Bar & Grill,amenity:pub,"2940 Dougherty Ferry Road, St. Louis, 63122",63122,Kirkwood,+1-636-661-3990,,https://fandangosstlouis.com/,https://fandangosstlouis.com/
First Watch,amenity:restaurant,"491 South Kirkwood Road, Kirkwood, MO, 63122",63122,Kirkwood,+1 314-909-7271,lfohlen@firstwatch.com,https://firstwatch.com/,https://firstwatch.com/contact
Freedom VTT,shop:bicycle,"3 Chemin de la Chave, Saint Genés Champanelle, 63122",63122,Kirkwood,,,https://www.freedom-vtt.fr/,
Front Door Media,craft:photographer,"556 Leffingwell Avenue, St. Louis, MO, 63122",63122,Kirkwood,,,,
Global Foods Market,shop:supermarket,"421 North Kirkwood Road, Kirkwood, 63122",63122,Kirkwood,+1 314 835 1112,,https://globalfoodsmarket.com/,https://globalfoodsmarket.com/
Global Surgical Corp,office:yes,"3610 Tree Court Industrial Boulevard, 63122",63122,Kirkwood,,,,
Goodcents Deli & Subs,amenity:fast_food,"2961 Dougherty Ferry Road, St. Louis, 63122",63122,Kirkwood,,,,
Great Harvest Bread Company,shop:bakery,"125 West Argonne Drive, Kirkwood, 63122",63122,Kirkwood,,kirkwoodmo@greatharvest.com,http://greatharvestkirkwood.com/,javascript:;
Greentree Hearing and Audiology,shop:hearing_aids,"10900 Manchester Road, Kirkwood, 63122",63122,Kirkwood,+1 314 312 1723,,https://greentreeaudiology.com,https://greentreeaudiology.com/contact
Greentree Tire & Auto,shop:car_repair,"621 West Woodbine Avenue, Kirkwood, 63122",63122,Kirkwood,,,https://www.greentreeauto.com/,https://greentreeauto.com/contact/
Hanlen's Meat Shoppe,shop:butcher,"11037 Manchester Road, Kirkwood, 63122",63122,Kirkwood,+1 314-966-8606,,https://hanlensmeat.com,
Hardee's,amenity:fast_food,"11111 Manchester Road, Kirkwood, 63122",63122,Kirkwood,,,,
Hardee's,amenity:fast_food,"10224 Big Bend Road, Crestwood, 63122",63122,Kirkwood,,,,
Head to Toe Dancewear,shop:clothes,"200 West Argonne Drive, Kirkwood, 63122",63122,Kirkwood,,,,
Hi-Pointe Drive-in,amenity:restaurant,"951 South Kirkwood Road, Kirkwood, 63122",63122,Kirkwood,+1-314-394-1150;+1-314-965-2082,kirkwood@hipointedrivein.com,https://hipointedrivein.com/,
Hobby Lobby,shop:craft,"1215 South Kirkwood Road, Kirkwood, 63122",63122,Kirkwood,+1 314 821 1899,,https://www.hobbylobby.com/,https://www.hobbylobby.com/customer-service/contact-us
HomeGoods,shop:houseware,"1040 South Kirkwood Road, Kirkwood, MO, 63122",63122,Kirkwood,+1 314-965-5290,,https://www.homegoods.com/tjx/store.aspx?id=228,https://www.homegoods.com/about
Honey Bee's Biscuits and Good Eats,amenity:restaurant,63122,63122,Kirkwood,+1 314-650-0762,mshadwick@honeybeesbg.com,https://honeybeesbg.com/,https://honeybeesbg.com/pages/contact
Ice & Fuel,amenity:bar,"213 North Kirkwood Road, Kirkwood, 63122",63122,Kirkwood,,,,
Imo's,amenity:restaurant,"215 South Kirkwood Road, Kirkwood, 63122",63122,Kirkwood,+1 314 966 3666,,,
Intermarché Super,shop:supermarket,"10 Avenue de Royat, Ceyrat, 63122",63122,Kirkwood,,,,
Izakaya Ren,amenity:restaurant,"2948 Dougherty Ferry Road, St. Louis, 63122",63122,Kirkwood,+1-636-825-3737,,,
JJ Twig's Pizza & Pub,amenity:pub,"2964 Dougherty Ferry Road, St. Louis, 63122",63122,Kirkwood,+1-636-225-9944,tgauvain@att.net,https://www.jjtwigsstl.com/,https://www.jjtwigsstl.com/contact
Kaldi's Coffee,amenity:restaurant,"120 South Kirkwood Road, Kirkwood, 63122",63122,Kirkwood,+1 314 821 0087,info@kaldiscoffee.com,https://kaldiscoffee.com/,https://kaldiscoffee.com/pages/contact-us
Kirkwood Animal Hospital,amenity:veterinary,"11114 Manchester Road, Kirkwood, 63122",63122,Kirkwood,+1 314 965 2660,kirkwoodvets@kirkwoodvets.com,https://kirkwoodvets.com/,https://kirkwoodvets.com/contact/
Kirkwood Auto & Truck Repair,shop:car_repair,"647 West Woodbine Avenue, Kirkwood, 63122",63122,Kirkwood,+1 314 821 3382,,,
Kirkwood Car Rental,amenity:car_rental,"11124 Manchester Road, Kirkwood, 63122",63122,Kirkwood,+1 314 965 5530,nosub_enerpriserentalcar@lexisnexis.com,https://enterprise.com,https://enterprise.com/en/help/contact.html
Kirkwood Deli & Grocery,shop:convenience,"500 West Essex Avenue, Kirkwood, 63122",63122,Kirkwood,+1 314 966 6699,,http://www.kirkwood-deli.com/,http://www.kirkwood-deli.com/contact.html
Kirkwood Glass,craft:glaziery,"300 South Kirkwood Road, Kirkwood, 63122",63122,Kirkwood,+1 314 966 0272,mgt@kirkwoodglass.com,https://kirkwoodglass.com/,https://kirkwoodglass.com/contact/
Kirkwood Hardware,shop:hardware,"139 West Jefferson Avenue, Kirkwood, 63122",63122,Kirkwood,,,,
Laurie's Shoes,shop:shoes,"9916 Manchester Road, Glendale, 63122",63122,Kirkwood,+1 314 961 1642,customerservice@lauriesshoes.com,https://lauriesshoes.com,https://www.lauriesshoes.com/about-us/
Le G.R.,amenity:restaurant,"Laschamps, 63122",63122,Kirkwood,+33 4 73 62 20 44,,,
Lowe's,shop:doityourself,"1212 South Kirkwood Road, Kirkwood, MO, 63122",63122,Kirkwood,+1 314-835-1779,,https://www.lowes.com/,https://www.lowes.com/l/about/mylowes-rewards-homecare
Lucille Rapp Dance Studio,leisure:dance,"153 West Argonne Drive, Kirkwood, 63122",63122,Kirkwood,,,,
McArthur's Bakery (The Pioneer Cafe),shop:bakery,"210, 63122",63122,Kirkwood,+1 314-894-0900,sales@mcarthurs.com,https://mcarthurs.com/,https://mcarthurs.com/pages/contact-us
Mike Duffy's Pub & Grill,amenity:restaurant,"124 West Jefferson Avenue, Kirkwood, 63122",63122,Kirkwood,+1 314 821 2025,,https://www.mikeduffys.com/,https://www.mikeduffys.com/
Myofascial Treatment Center,office:physician,"142 West Madison Avenue, Kirkwood, 63122",63122,Kirkwood,,,,
National Tire and Battery,shop:car_repair,"10855 Manchester Road, Kirkwood, 63122",63122,Kirkwood,+1 800 741 7261,,,
Oberweis,shop:dairy,"10338 Manchester Road, Kirkwood, MO, 63122",63122,Kirkwood,+1 314 966 8200,,https://www.oberweis.com/ice-cream-and-dairy-stores/Kirkwood,
Paris,amenity:restaurant,"6118 Delmar Boulevard, 63122",63122,Kirkwood,,,https://www.parisbanhmi.com/locations/paris-banh-mi-st-louis-mo,https://www.parisbanhmi.com/contact-us
Phillips 66,amenity:fuel,"11142 Big Bend Road, Kirkwood, 63122",63122,Kirkwood,,,,
Pi Pizzeria,amenity:restaurant,"10935 Manchester Road, Kirkwood, 63122",63122,Kirkwood,+1 314 966 8080,,,
Play It Again Sports,shop:sports,"10947 Manchester Road, Kirkwood, 63122",63122,Kirkwood,+1 314 821 4567,pias-corporate-operations@playitagainsports.com,https://playitagainsports.com,https://playitagainsports.com/contact-us
Qdoba,amenity:fast_food,"481 South Kirkwood Road, Kirkwood, MO, 63122",63122,Kirkwood,+1 314-822-2810,,https://locations.qdoba.com/us/mo/kirkwood/481-s-kirkwood-rd.html,https://contactus.qdoba.com/
Racanelli's Pizzeria,amenity:restaurant,"111 North Kirkwood Road, Kirkwood, 63122",63122,Kirkwood,+1 314 909 0008,,https://www.racanellis.com/,https://racanellis.com/contact/
Randi Chervitz Inc,shop:jewelry,"1024 North Geyer Road, Kirkwood, 63122",63122,Kirkwood,+1 314 966 6010,randi@rcstudiojewelry.com,https://uncommonthreadsjewelry.com,https://www.uncommonthreadsstudio.com/contact
Rasch Automotive Service Center,shop:car_repair,"11149 Manchester Road, Kirkwood, 63122",63122,Kirkwood,+1 314 821 3377,kirkwood@telletire.com,https://raschservice.com,https://www.telletire.com/about/our-story/
Réparation cycles,shop:repair,"6 Rue de la Côte, Saint-Genès-Champanelle, 63122",63122,Kirkwood,+33 7 84 96 99 78,,,
Riggs Construction and Design,office:yes,"212 North Clay Avenue, Kirkwood, 63122",63122,Kirkwood,,,,
Saint Louis Bread Company,amenity:restaurant,"10221 Manchester Road, Kirkwood, 63122",63122,Kirkwood,+1 314 965 8700,,https://www.panerabread.com/,https://www.panerabread.com/en-us/company/about-panera.html
Sam's Club,shop:wholesale,"10248 Big Bend Boulevard, Crestwood, MO, 63122",63122,Kirkwood,+1 314-965-7076,,https://www.samsclub.com/club/saint-louis-mo-sams-club/4741,https://www.samsclub.com/club/saint-louis-mo-sams-club/4741
Schnucks Kirkwood,shop:supermarket,"10233 Manchester Road, Kirkwood, 63122",63122,Kirkwood,+1 314 965 7310,cookingschool@schnucks.com,https://schnucks.com,https://schnucks.com/contact-us
Sonic,amenity:fast_food,"1002 South Kirkwood Road, Kirkwood, MO, 63122",63122,Kirkwood,+1 314-835-1149,,https://locations.sonicdrivein.com/mo/kirkwood/1002-s-kirkwood-rd.html,https://locations.sonicdrivein.com/mo/kirkwood/1002-s-kirkwood-rd.html
Spencers Grill,amenity:restaurant,"South Kirkwood Road, Kirkwood, 63122",63122,Kirkwood,,,,
Starbucks,amenity:cafe,"2934 Dougherty Ferry Road, St. Louis, MO, 63122",63122,Kirkwood,+1 636-825-7016,press@starbucks.com,https://www.starbucks.com/,https://www.starbucks.com/contact/
Starbucks,amenity:cafe,"343 South Kirkwood Road, Kirkwood, MO, 63122",63122,Kirkwood,+1 314-821-2377,,https://www.starbucks.com/store-locator/store/12139/kirkwood-pioneer-place-343-s-kirkwood-kirkwood-mo-631224015-us,https://www.starbucks.com/store-locator/store/12139/kirkwood-pioneer-place-343-s-kirkwood-kirkwood-mo-631224015-us
Sterling Pen,office:company,"10256 Manchester Road, Saint Louis, 63122",63122,Kirkwood,+1 314 822 9222,,,
STL Real Estate,office:estate_agent,"211 South Kirkwood Road, Kirkwood, 63122",63122,Kirkwood,+1 314 571 9225,,http://stlrealestatellc.com,https://threedoors.com/contact/
Subway,amenity:fast_food,"467 South Kirkwood Road, Kirkwood, MO, 63122",63122,Kirkwood,+1 314-965-6256,,https://restaurants.subway.com/united-states/mo/kirkwood/467-s-kirkwood-rd,https://www.subway.com/en-US/ContactUs/GuestCare
Subway,amenity:fast_food,"2956 Dougherty Ferry Road, Saint Louis, MO, 63122",63122,Kirkwood,+1 636-529-1121,,https://restaurants.subway.com/united-states/mo/saint-louis/2956-dougherty-ferry-road,https://www.subway.com/en-US/ContactUs/GuestCare
Sugar Shack,shop:confectionery,"151 West Argonne Drive, Kirkwood, 63122",63122,Kirkwood,+1 314 966 0065,barb@kirkwoodsugarshack.com,https://kirkwoodsugarshack.com/,https://kirkwoodsugarshack.com/contact
Sure Lock & Key,craft:locksmith,"11019 Manchester Road, Kirkwood, 63122",63122,Kirkwood,+1 314-822-7300,,https://surelockandkey.net/,https://surelockandkey.net/contact-us.html
T-Mobile,shop:mobile_phone,"1230 South Kirkwood Road, Kirkwood, 63122",63122,Kirkwood,+1 314 965 6288,,https://www.t-mobile.com/store/cell-phone-kirkwood-mo-4.html,
Taco Bell,amenity:fast_food,"2971 Dougherty Ferry Road, St. Louis;Valley Park, MO, 63122",63122,Kirkwood,+1 636-825-2912,,https://locations.tacobell.com/mo/saint-louis/2971-dougherty-ferry-rd-.html,https://locations.tacobell.com/mo/saint-louis/2971-dougherty-ferry-rd-/breakfast.html
Taco Bell,amenity:fast_food,"10035 Manchester Road, Warson Woods, MO, 63122",63122,Kirkwood,+1 314-909-8440,,https://locations.tacobell.com/mo/saint-louis/10035-manchester-road.html,https://locations.tacobell.com/mo/saint-louis/10035-manchester-road/breakfast.html
Taco Bell,amenity:fast_food,"353 South Kirkwood Road, Kirkwood, MO, 63122",63122,Kirkwood,+1 314-909-9803,,https://locations.tacobell.com/mo/kirkwood/353-south-kirkwood-road.html,https://locations.tacobell.com/mo/kirkwood/353-south-kirkwood-road/breakfast.html
Target,shop:department_store,"1042 South Kirkwood Road, Kirkwood, MO, 63122",63122,Kirkwood,+1 314-822-4051,,https://www.target.com/sl/kirkwood/1279,https://www.target.com/help/contact-us
TC Builders Supply,office:yes,"3636 Tree Court Industrial Boulevard, MO, 63122",63122,Kirkwood,,,,
Texas Roadhouse,amenity:restaurant,"1220 South Kirkwood Road, Kirkwood, 63122",63122,Kirkwood,,,https://www.texasroadhouse.com/,
The Bug Store,shop:furniture,"113 West Argonne Drive, Kirkwood, 63122",63122,Kirkwood,+1 314 966 2287,,https://bugstore.com/,https://bugstore.com/
The Custard Station,amenity:restaurant,"140 West Argonne Drive, Kirkwood, 63122",63122,Kirkwood,,,http://www.custardstation.com/,https://www.hugedomains.com/contact.cfm
The Great American Diving Company,shop:scuba_diving,"11125 Manchester Road, St Louis, 63122",63122,Kirkwood,,,https://stldive.com/,https://stldive.com/
The Jenkins Building,office:yes,"699 West Woodbine Avenue, Kirkwood, 63122",63122,Kirkwood,,,http://www.redmondandcompany.com/JenkingsBuilding.htm,
The Little House of Dogs,shop:pet,"1050 North Kirkwood Road, Kirkwood, 63122",63122,Kirkwood,+1 314 909 7833,,,
The Lutheran Church - Missouri Synod,office:religion,"1333 South Kirkwood Road, Kirkwood, 63122",63122,Kirkwood,+1-888-843-5267,help@lcms.org,https://www.lcms.org/,https://www.lcms.org/contact-us
The UPS Store,shop:copyshop,"101 West Argonne Drive, 63122",63122,Kirkwood,,,,
Tom's Service,amenity:fuel,"400 North Kirkwood Road, Kirkwood, 63122",63122,Kirkwood,+1 314 821 0007,,,
Van's Tavern,amenity:bar,"1130 South Kirkwood Road, Kirkwood, 63122",63122,Kirkwood,,,,
Walgreens,amenity:pharmacy,"441 North Kirkwood Road, Kirkwood, 63122",63122,Kirkwood,+1 314 965 7944,,https://www.walgreens.com/locator/walgreens-441+n+kirkwood+rd-kirkwood-mo-63122/id=4392,https://www.walgreens.com/youraccount/clhistory/contactlenshist.jsp
Walmart Supercenter,shop:supermarket,"1202 South Kirkwood Road, Kirkwood, MO, 63122",63122,Kirkwood,+1 314-835-9406,,https://www.walmart.com/store/2694-kirkwood-mo,https://www.walmart.com/store/2694-kirkwood-mo
Warson Woods Antique Gallery,shop:antiques,"10091 Manchester Road, St. Louis, 63122",63122,Kirkwood,+1-314-909-0123,,https://www.missouriantiquemalls.com/warson-woods-antique-gallery/,https://missouriantiquemalls.com/contact-us/
Waterway Carwash,amenity:car_wash,"10850 Manchester Road, Kirkwood, 63122",63122,Kirkwood,+1 314 965 3757,customerservice@waterway.com,https://waterway.com,https://waterway.com/contact-us/
White Castle,amenity:fast_food,"1224 South Kirkwood Road, Kirkwood, MO, 63122",63122,Kirkwood,,snapchat@whitecastle.com,https://www.whitecastle.com/locations/1147,https://www.whitecastle.com/locations/1147
YMCA,leisure:sports_centre,"325 North Taylor Avenue, Kirkwood, 63122",63122,Kirkwood,,,,
Zisser Tire & Auto,shop:car_repair,"501 West Essex Avenue, Kirkwood, 63122",63122,Kirkwood,+1 314 835 1800,,http://www.zissertirekirkwood.com/,http://www.zissertirekirkwood.com/
연동주민센터,amenity:townhall,"101 신대로, 제주시, 63122",63122,Kirkwood,,,http://www.jejusi.go.kr/,http://www.jejusi.go.kr/
Absolute Martial Arts,leisure:fitness_centre,"8822 Gravois Rd, St. Louis, MO, 63123",63123,Affton,+1-314-664-0466,stephen@marketmuscles.com,https://absolutemartialarts.com,https://absolutemartialarts.com/location/st-louis-mo/
Ace Hardware,shop:doityourself,"10042 Gravois Road, Affton, MO, 63123",63123,Affton,+1 314-631-8464,,,
Affton Lawn Equipment,shop:groundskeeping,"9875 Gravois Road, MO, 63123",63123,Affton,+1-314-631-8118,team@arcolawn.com,https://www.afftonlawn.com/,https://www.afftonlawn.com/pages/contact
Affton Pizza Company,amenity:restaurant,"9163 Reavis Barracks Road, St. Louis, MO, 63123",63123,Affton,+1-314-312-6565,info@ndiscovered.com,https://afftonpizzacompany.com/,https://afftonpizzacompany.com/
Affton Veterinary Clinic,amenity:veterinary,"8100 Gravois Road, 63123",63123,Affton,,,,
ALDI,shop:supermarket,"11185 South Towne Square, Saint Louis, MO, 63123",63123,Affton,+1 855-955-2534,,https://stores.aldi.us/mo/st.-louis/11185-s-towne-square,https://www.aldi.us/store/aldi/pages/about-aldi
All American Sports Mall,leisure:sports_centre,"11133 Lindbergh Business Court, Saint Louis, MO, 63123",63123,Affton,+1-314-487-4625,allamericanhockey85@gmail.com,https://www.allamericaninlinehockey.com,https://allamericaninlinehockey.com/contact/
Breakfast & Burger,amenity:restaurant,"10024 Gravois Road, Affton, MO, 63123",63123,Affton,+1 314-669-9555,,https://www.thebreakfastandburger.com/,
Church's Chicken,amenity:fast_food,"5720 South Lindbergh Boulevard, Saint Louis, MO, 63123",63123,Affton,+1 314-849-1114,,https://locations.churchs.com/mo/st-louis/5720-s-lindbergh-boulevard,
Circle K,shop:convenience,"9998 Tesson Ferry Road, Affton, MO, 63123",63123,Affton,+1 314-631-6752,,,
Club Fitness,leisure:fitness_centre,"10047 Gravois Road, Affton, MO, 63123",63123,Affton,+13146382582,,,
Coffee Culture & Cookie Hustle,amenity:cafe,"5532 South Lindbergh Boulevard, Saint Louis, MO, 63123",63123,Affton,+1-314-221-3835,,https://www.coffeeculturetruck.com/,https://www.coffeeculturetruck.com/
Coop Põlgaste Kauplus,shop:convenience,"1, Põlgaste küla, 63123",63123,Affton,+3727973348,,https://www.coop.ee/polgaste-kauplus,
Courtesy Diner,amenity:restaurant,"8000 Laclede Station Road, Saint Louis, MO, 63123",63123,Affton,,,https://www.courtesydiner.com/,
Dollar General,shop:variety_store,"63 Grasso Plaza, Affton, MO, 63123",63123,Affton,+1 314-631-5406,digitalcare@dollargeneral.com,https://www.dollargeneral.com/store-directory/mo/saint-louis/2452,https://www.dollargeneral.com/store-directory/mo/saint-louis/2452#
Fortel's Pizza Den,amenity:restaurant,"7932 Mackenzie Road, St. Louis, MO, 63123",63123,Affton,,,https://www.fortelspizzaden.com/,https://www.fortelspizzaden.com/contact/
Garner’s Market,shop:convenience,"4301 Seibert Avenue, Saint Louis, MO, 63123",63123,Affton,+13146388863,,,
Great Southern Bank,amenity:bank,"6800 South Rock Hill Road, Saint Louis, 63123",63123,Affton,,,https://www.greatsouthernbank.com/,https://www.greatsouthernbank.com/about/contact-us
Green Angel Cleaning,craft:cleaning,"5404 A South Lindbergh, St. Louis, MO, 63123",63123,Affton,,info@greenangelcleaning.com,https://greenangelcleaning.com/,
Hong Kong Spa,shop:beauty,"54 Grasso Plaza, Affton, MO, 63123",63123,Affton,+1 314-723-0083,,,
International Market,shop:supermarket,"8816 Gravois Road, St. Louis, MO, 63123",63123,Affton,+1 314-481-2535,,,
Jack in the Box,amenity:fast_food,"4292 Bayless Avenue, Saint Louis, MO, 63123",63123,Affton,+1 314-631-4749,,https://locations.jackinthebox.com/us/mo/saint-louis/4292-bayless-ave,https://jackinthebox.com/contact
Jimmy John's,amenity:fast_food,"9347 Gravois Road, Saint Louis, MO, 63123",63123,Affton,+1 314-899-9966,,https://locations.jimmyjohns.com/mo/st-louis/sandwiches-2475.html,https://www.jimmyjohns.com/contact-us/feedback
McDonald's,amenity:fast_food,"5904 South Lindbergh Boulevard, Saint Louis, MO, 63123",63123,Affton,+1 314-487-3548,,https://www.mcdonalds.com/us/en-us/location/3561.html,https://www.mcdonalds.com/us/en-us/contact-us.html
Miniature Market,shop:toys,"9610 Continental Industrl Drive, 63123",63123,Affton,+1 314-833-3792,support@miniaturemarket.com,https://www.miniaturemarket.com/,
Mungenast Motorsports,shop:motorcycle,"5935 South Lindbergh Boulevard, Saint Louis, MO, 63123",63123,Affton,,,https://www.mungenastmotorsports.com/,
Neighbors Credit Union,amenity:bank,"6300 South Lindbergh, 63123",63123,Affton,,,,
Offices on MacKenzie,office:multi-tenant_professional_office_building,"9700 Mackenzie Road, Saint Louis, MO, 63123",63123,Affton,+1 314-885-3900,info@officesonmackenzie.com,https://officesonmackenzie.com,https://officesonmackenzie.com/contact
Panda Express,amenity:fast_food,"6304 South Lindbergh Boulevard, st louis, MO, 63123",63123,Affton,+1 314-892-2995,,https://www.pandaexpress.com/locations/mo/green-park/2369,
Panera Bread,amenity:fast_food,"99 Grasso Plaza, Affton, MO, 63123",63123,Affton,+1 314-544-2266,,https://locations.panerabread.com/mo/st-louis/99-grasso-plaza.html,
Popeyes,amenity:fast_food,"9501 Gravois Road, Affton, MO, 63123",63123,Affton,+1 314-544-7791,,https://www.popeyes.com/store-locator/store/restaurant_86614,https://www.popeyes.com/store-locator/store/restaurant_86614
RE13NTLESS CUSTOMS,shop:textile_printing,"9931 Lin Ferry Drive, Saint Louis, MO, 63123",63123,Affton,+13142708558,info@re13ntless.com,https://www.314shirts.com/,
Retro Game Rescue,shop:video_games,"4217 Bayless Avenue, 63123",63123,Affton,+1-314-696-2144,store@retrogamerescue.com,https://retrogamerescue.com,
SharpShooter,shop:weapons,"8135 Gravois Rd, St. Louis, MO, 63123",63123,Affton,,training@sharpshooterstl.com,https://sharpshooterstl.com/,https://sharpshooterstl.com/contact-us/
Soco's Gyros,amenity:restaurant,"5530 South Lindbergh Boulevard, Saint Louis, MO, 63123",63123,Affton,+1-314-843-7600,,https://www.socosgyros.com/,https://www.socosgyros.com/contact.html
Starbucks,amenity:cafe,"10015 Gravois Road, Affton, MO, 63123",63123,Affton,+1 314-413-2962,,https://www.starbucks.com/store-locator/store/1009464/gravois-and-rock-hill-affton-10015-gravois-road-affton-mo-631234023-us,https://www.starbucks.com/store-locator/store/1009464/gravois-and-rock-hill-affton-10015-gravois-road-affton-mo-631234023-us
Subway,amenity:fast_food,"10052 Gravois Road, Affton, MO, 63123",63123,Affton,+1 314-631-1707,,https://restaurants.subway.com/united-states/mo/affton/10052-gravois-road,https://www.subway.com/en-US/ContactUs/GuestCare
Subway,amenity:fast_food,"4251 Bayless Avenue, St Louis, MO, 63123",63123,Affton,+1 314-638-3549,,https://restaurants.subway.com/united-states/mo/st-louis/4251-bayless-ave,https://www.subway.com/en-US/ContactUs/GuestCare
Taco Bell,amenity:fast_food,"6080 South Lindbergh Boulevard, Green Park, MO, 63123",63123,Affton,+1 314-894-5283,,https://locations.tacobell.com/mo/green-park/6080-s--lindbergh-blvd-.html,https://locations.tacobell.com/mo/green-park/6080-s--lindbergh-blvd-/breakfast.html
Taco Bell,amenity:fast_food,"4254 Bayless Avenue, Saint Louis, MO, 63123",63123,Affton,+1 314-638-3334,,https://locations.tacobell.com/mo/saint-louis/4254-bayless-ave.html,https://locations.tacobell.com/mo/saint-louis/4254-bayless-ave/breakfast.html
The Record Space,shop:music,"8716 Gravois Road, St. Louis, MO, 63123",63123,Affton,,,,
Ulta Beauty,shop:cosmetics,"4120 Elm Park Drive, Saint Louis, MO, 63123",63123,Affton,+1 314-892-8879,,https://www.ulta.com/stores/st-louis-mo-1375,https://www.ulta.com/stores/st-louis-mo-1375
Walgreens,shop:chemist,"1 Grasso Plaza, Affton, MO, 63123",63123,Affton,+1 314-631-8800,,https://www.walgreens.com/locator/walgreens-1+grasso+plz-affton-mo-63123/id=7762,https://www.walgreens.com/youraccount/clhistory/contactlenshist.jsp
Walgreens,amenity:pharmacy,"5764 South Lindbergh Boulevard, st louis, 63123",63123,Affton,+1 3148423372,,https://www.walgreens.com/locator/walgreens-5764+s+lindbergh+blvd-green+park-mo-63123/id=854,https://www.walgreens.com/youraccount/clhistory/contactlenshist.jsp
Weekends Only Store,shop:furniture,"6303 South Lindbergh Boulevard, st Louis, 63123",63123,Affton,,,,
Yeti Gaming,shop:video_games,"84 Grasso Plaza, Affton, MO, 63123",63123,Affton,,,,
김형진치과의원,amenity:dentist,"63 신광로, 제주시, 63123",63123,Affton,+82 64 746 3325,,,
부부온누리약국,amenity:pharmacy,"41 신대로16길, 제주시, 63123",63123,Affton,+82 64 742 5252,,,
새한온누리약국,amenity:pharmacy,"128 신대로, 제주시, 63123",63123,Affton,+82 64 742 1348,,,
스타벅스 신제주점,amenity:cafe,"99 노연로, 제주시, 63123",63123,Affton,,,,
태평양약국,amenity:pharmacy,"30 연동7길, 제주시, 63123",63123,Affton,+82 64 744 3236,,,
Bank of America,amenity:bank,"10263 Clayton Road, Ladue, MO, 63124",63124,Ladue,,thien.le@ml.com,https://locators.bankofamerica.com/mo/saintlouis/financial-centers-saint-louis-8774.html,https://www.bankofamerica.com/customer-service/contact-us/
Country Squire Cleaners,shop:dry_cleaning,"9159 Clayton Road, Ladue, 63124",63124,Ladue,+1 314-993-8440,,http://www.cscdrycleaners.com/,
Crown Vision Center,shop:optician,"8885 Ladue Road, Ladue, MO, 63124",63124,Ladue,,,https://crownvisioncenter-ladue.com/,https://crownvisioncenter-ladue.com/contact-us/?utm_source=direct&amp;utm_medium=direct&amp;utm_content=dr_page-view_dr
Deer Creek Coffee,amenity:cafe,"9820 Clayton Road, Ladue, 63124",63124,Ladue,+1 314-262-8494,,https://www.deercreekcoffee.com/,
Dominic Michael Salon,shop:hairdresser,"8833 Ladue Road, 63124",63124,Ladue,,,https://www.dmsalon.com/,https://www.dmsalon.com/about/
"Ivy Hill (Clothing, Accessories, Gifts)",shop:clothes,"8835 Ladue Road, 63124",63124,Ladue,,ivyhillstl@gmail.com,https://ivyhillboutique.com/pages/ivy-hill-boutique,https://ivyhillboutique.com/policies/contact-information
Jilly's Cupcake Bar and Cafe,amenity:restaurant,"8509 Delmar Boulevard, St Louis, MO, 63124",63124,Ladue,+1-314-993-5455,,https://www.jillyscupcakebar.com/,https://www.jillyscupcakebar.com/contact/
Juice Bar Ladue,amenity:restaurant,"10283 Clayton Road, St. Louis, MO, 63124",63124,Ladue,+1 314-755-1545,,https://www.ilovejuicebar.com/ladue,
Ladue Market,shop:convenience,"9155 Clayton Road, Ladue, 63124",63124,Ladue,,,,
MOD Pizza,amenity:fast_food,"8855 Ladue Road, Ladue, MO, 63124",63124,Ladue,+1 314-354-8120,press@modpizza.com,https://locations.modpizza.com/usa/mo/ladue/8855k-ladue-rd,https://modpizza.com/contact-us/
Orangetheory Fitness,leisure:fitness_centre,"10277 Clayton Road, St. Louis, MO, 63124",63124,Ladue,+1 314-272-0641,studio0187@orangetheoryfitness.com,https://www.orangetheory.com/en-us/locations/missouri/ladue/10277-clayton-road/,
Palm Health,leisure:fitness_centre,"9160 Clayton Road, Ladue, MO, 63124",63124,Ladue,+13148018898,contact@palmhealth.com,https://palmhealth.com/,
Paper Source,shop:stationery,"8811 Ladue Road, 63124",63124,Ladue,,customerservice@papersource.com,https://www.papersource.com/,https://www.papersource.com/policies/contact-information
Saint Louis Bank,amenity:bank,"9811 South 40 Drive, Ladue, MO, 63124",63124,Ladue,,,,
Schnucks,shop:supermarket,"10275 Clayton Road, Ladue, 63124",63124,Ladue,+1 314-991-0510,cookingschool@schnucks.com,https://www.schnucks.com/,https://www.schnucks.com/contact-us
Schultz & Myers,office:lawyer,"9807 South 40 Drive, Ladue, MO, 63124",63124,Ladue,,,,
Sportsman's Park,amenity:restaurant,"9901 Clayton Road, Ladue, MO, 63124",63124,Ladue,,,,
The Lifestyle Center,shop:beauty,"10287 Clayton Rd, St Louis, MO, 63124",63124,Ladue,+1 314-863-5556,,https://thelifestylecenter.com,https://aestheticarestl.com/contact/
"Tom Wilmowski, Injury Attorney",office:lawyer,"9807 South 40 Drive, St. Louis, MO, 63124",63124,Ladue,+1 314-860-1644,frontdesk@personalinjurystlouis.com,https://personalinjurystlouis.com/,
Vakkar Salon,shop:hairdresser,"9912 Clayton Road, Saint Louis, MO, 63124",63124,Ladue,+1-314-991-1616,info@vakkar.com,https://www.vakkar.com/,https://vakkar.com/contact/
Vie,shop:clothes,"9660 Clayton Road, St Louis, MO, 63124",63124,Ladue,+1 314-997-0124,,https://viestlouis.com,https://viestlouis.com
Walgreens,shop:chemist,"8390 Delmar Boulevard, University City, MO, 63124",63124,Ladue,+13149913402,,,
한라프라자약국,amenity:pharmacy,"46 삼무로, 제주시, 63124",63124,Ladue,+82 64 743 2098,,,
ALDI,shop:supermarket,"1033 Lemay Ferry, Saint Louis, MO, 63125",63125,Lemay,+1 855-955-2534,,https://stores.aldi.us/mo/st.-louis/1033-lemay-ferry,https://www.aldi.us/store/aldi/pages/about-aldi
Arby's,amenity:fast_food,"3973 Lemay Ferry Road, Saint Louis, MO, 63125",63125,Lemay,+1 314-487-4700,,https://www.arbys.com/locations/us/mo/st--louis/3973-lemay-ferry-rd/store-581/,https://www.arbys.com/locations/us/mo/st--louis/3973-lemay-ferry-rd/store-581/
AutoZone,shop:car_parts,"1310 Lemay Ferry Road, Saint Louis, MO, 63125",63125,Lemay,+1-314-631-0310,,https://www.autozone.com/locations/mo/lemay/1310-lemay-ferry.html,
Best Buy,shop:electronics,"7017 South Lindbergh Boulevard, Saint Louis, MO, 63125",63125,Lemay,+1 314-487-4999,,https://stores.bestbuy.com/mo/saint-louis/7017-s-lindbergh-blvd-30.html,https://www.bestbuy.com/contact-us
BP,amenity:fuel,"4036 Bayless Avenue, St Louis, MO, 63125",63125,Lemay,,,,
BP Shop,shop:convenience,"4036 Bayless Avenue, St Louis, MO, 63125",63125,Lemay,,,,
Church's Chicken,amenity:fast_food,"1200 Lemay Ferry Road, Saint Louis, MO, 63125",63125,Lemay,+1 314-631-0776,,https://locations.churchs.com/mo/st-louis/1200-lemay-ferry-road,
Covington Place,office:estate_agent,"1247 Covington Manor Lane, St. Louis, 63125",63125,Lemay,+1-314-207-4487,,https://www.covingtonplace.com/,
Domino's,amenity:fast_food,"3239 Lemay Ferry Road, Saint Louis, MO, 63125",63125,Lemay,+1 314-487-9190,,https://pizza.dominos.com/missouri/st-louis/3239-a-lemay-ferry-road/,
Dowling Auto Body,shop:car_repair,"939 Lemay Ferry Road, St. Louis, MO, 63125",63125,Lemay,+1-314-638-0090,dowling.autobody@yahoo.com,https://www.dowlingautobody.net/,https://www.dowlingautobody.net/contact
Five Guys,amenity:fast_food,"6910 South Lindbergh Boulevard, Saint Louis, MO, 63125",63125,Lemay,+1 314-200-9171,,https://restaurants.fiveguys.com/6910-south-lindbergh-blvd,
Hardee's,amenity:fast_food,"2580 Lemay Ferry Road, Lemay, MO, 63125",63125,Lemay,+1 314-894-5551,,https://locations.hardees.com/mo/lemay/2580-lemay-ferry-rd,
Jack in the Box,amenity:fast_food,"2666 Telegraph Road, St. Louis, MO, 63125",63125,Lemay,+13148948716,,https://locations.jackinthebox.com/us/mo/saint-louis/2666-telegraph-rd,https://jackinthebox.com/contact
"John Monaco, DDS, PC",amenity:dentist,"3001 Lemay Ferry Road, St Louis, 63125",63125,Lemay,+1-314-892-5343,,https://johnmonacodds.com/,
Mattress Firm,shop:bed,"6917 South Lindberg Boulevard, Saint Louis, MO, 63125",63125,Lemay,+1 314-894-4547,,https://www.mattressfirm.com/en-us/stores/mo/st-louis/018037/,
McAlister's Deli,amenity:restaurant,"3793 Lemay Ferry Road, Saint Louis, 63125",63125,Lemay,,,,
McDonald's,amenity:fast_food,"4011 Bayless Avenue, Saint Louis, MO, 63125",63125,Lemay,+1 314-544-5151,,https://www.mcdonalds.com/us/en-us/location/6670.html,https://www.mcdonalds.com/us/en-us/contact-us.html
MD&A Turbine-Generator Repair Facility,office:company,"3804 Weber Road, 63125",63125,Lemay,,info@mdaturbines.com,https://www.mdaturbines.com/,https://www.mdaturbines.com/contact/
One Eyed Willie's,amenity:bar,"2924 Telegraph Road, Saint Louis, 63125",63125,Lemay,,,,
Panera Bread,amenity:fast_food,"6904 South Lindbergh Boulevard, Saint Louis, MO, 63125",63125,Lemay,+1 314-845-1700,,https://locations.panerabread.com/mo/st-louis/6904-s-lindbergh-blvd.html,https://locations.panerabread.com/en-us/company/about-panera.html
Papa John's,amenity:fast_food,"2330 Union Road, Saint Louis, MO, 63125",63125,Lemay,+1 314-631-6161,,https://locations.papajohns.com/united-states/mo/63125/saint-louis/2230-union-rd,https://locations.papajohns.com/united-states/mo/63125/saint-louis/2230-union-rd
Party City,shop:party,"2560 Lemay Ferry Road, Saint Louis, MO, 63125",63125,Lemay,+1 314-396-2245,info@stagheaddesigns.com,https://stores.partycity.com/us/mo/saintlouis/party-store-pc5163.html,https://www.partycity.com/pages/contact
Popeyes,amenity:fast_food,"3150 Telegraph Road, Saint Louis, MO, 63125",63125,Lemay,+1 314-474-8033,,https://www.popeyes.com/store-locator/store/restaurant_86715,https://www.popeyes.com/store-locator/store/restaurant_86715
Regions Bank,amenity:bank,"2582 Lemay Ferry Road, St. Louis, MO, 63125",63125,Lemay,,,,
Saint Vincent de Paul Thrift Store,shop:charity,"2500 Lemay Ferry Road, Saint Louis, 63125",63125,Lemay,+1 314-881-6046,,,
Starbucks,amenity:cafe,"7333 Lindbergh, Saint Louis, MO, 63125",63125,Lemay,+1 314-845-0794,,https://www.starbucks.com/store-locator/store/1008944/lindbergh-and-lemay-ferry-7333-lindbergh-st-louis-mo-631254531-us,https://www.starbucks.com/store-locator/store/1008944/lindbergh-and-lemay-ferry-7333-lindbergh-st-louis-mo-631254531-us
Steak 'n Shake,amenity:fast_food,"1300 Lemay Ferry Road, Saint Louis, MO, 63125",63125,Lemay,+1 314-544-0411,,,
Steak 'n Shake,amenity:fast_food,"MO, 63125",63125,Lemay,+1 314-892-4865,,https://www.steaknshake.com/locations/mo-st-louis-telegraph-road/,https://www.steaknshake.com/about-us/
Taco Bell,amenity:fast_food,"3715 Lemay Ferry Road, Saint Louis, MO, 63125",63125,Lemay,+1 314-845-9669,,https://locations.tacobell.com/mo/saint-louis/3715-lemay-ferry-road.html,https://locations.tacobell.com/mo/saint-louis/3715-lemay-ferry-road/breakfast.html
Taco Bell,amenity:fast_food,"3204 Telegraph Road, Saint Louis, MO, 63125",63125,Lemay,+1 314-487-9831,,https://locations.tacobell.com/mo/saint-louis/3204-telegraph-rd.html,https://locations.tacobell.com/mo/saint-louis/3204-telegraph-rd/breakfast.html
The Home Depot,shop:doityourself,"7481 South Lindberg Boulevard, Saint Louis, MO, 63125",63125,Lemay,+1 314-894-6099,,https://www.homedepot.com/l/south-county/mo/saint-louis/63125/3010,
The Pavilion at Lemay,leisure:sports_centre,"305 Gregg Road, Lemay, MO, 63125",63125,Lemay,,,,
Walgreens,amenity:pharmacy,"651 Lemay Ferry Road, Lemay, MO, 63125",63125,Lemay,,,,
Walmart Supercenter,shop:supermarket,"3270 Telegraph Road, Saint Louis, MO, 63125",63125,Lemay,+1 314-845-8544,,https://www.walmart.com/store/2213-saint-louis-mo,https://www.walmart.com/store/2213-saint-louis-mo
Wendy's,amenity:fast_food,"6925 South Lindbergh Boulevard, Saint Louis, MO, 63125",63125,Lemay,+1 314-892-1239,,https://locations.wendys.com/united-states/mo/saint-louis/6925-s-lindbergh-blvd,https://www.wendys.com/contact-us
연동필치과의원,amenity:dentist,"72 신대로, 제주시, 63125",63125,Lemay,+82 64 747 2825,,,
American Eagle Credit Union,amenity:bank,"9895 Watson Road, Crestwood, 63126",63126,Crestwood,+1-314-835-2900,membercontactcenter@togethercu.org,https://www.ameaglecu.org/,https://www.ameaglecu.org/contact-us
Briggs Auto Body,shop:car_repair,"11405 Gravois Road, Saint Louis, 63126",63126,Crestwood,+1-314-843-4461,,https://www.briggsautobody.net/,
Club Pilates,leisure:fitness_centre,"9547 Watson Road, Crestwood, MO, 63126",63126,Crestwood,+13144038070,crestwood@clubpilates.com,https://www.clubpilates.com/Crestwood,https://www.clubpilates.com/contact-us
Conoco,amenity:fuel,"11603 Gravois Road, Sappington, 63126",63126,Crestwood,,,https://www.conoco.com/station/CON-SUNSET-HILLS-CONOCO-0000841672/,https://www.conoco.com/es/contact-us/
Crestwood Bowl,leisure:bowling_alley,"9822 Watson Road, Crestwood, 63126",63126,Crestwood,+1-314-966-4377,,https://www.crestwoodbowl.com/,https://www.crestwoodbowl.com/Contact-Us
Crumbl Cookies,shop:pastry,"9563 Watson Road, Crestwood, MO, 63126",63126,Crestwood,,,,
Eye See Vision Center,shop:optician,"9549 Watson Road, Crestwood, MO, 63126",63126,Crestwood,+13147886440,info@eyeseevc.com,https://www.eyeseevc.com,https://www.eyeseevc.com/contact-us.html
Kohl's,shop:department_store,"9701 Watson Road, Saint Louis, MO, 63126",63126,Crestwood,+1 314-822-2933,,https://www.kohls.com/stores/mo/saintlouis-671.shtml,https://www.kohls.com/faq/article/623
McDonald's,amenity:fast_food,"9915 Watson Road, Crestwood, MO, 63126",63126,Crestwood,+1 314-965-0815,,https://www.mcdonalds.com/us/en-us/location/71.html,https://www.mcdonalds.com/us/en-us/contact-us.html
Page Law,office:lawyer,"9930 Watson Road, Saint Louis, MO, 63126",63126,Crestwood,+1-314-322-8515,,https://www.pagelaw.com/,https://www.pagelaw.com/contact/
Red Lobster,amenity:restaurant,"9838 Watson Road, Crestwood, 63126",63126,Crestwood,+1-314-822-0433,,https://www.redlobster.com,https://www.redlobster.com/contact-us/
Roosters Men's Grooming Center,shop:hairdresser,"9561 Watson Road, Crestwood, MO, 63126",63126,Crestwood,+13142742382,,,
Sappington Garden Shop,shop:garden_centre,"11590 Gravois Road, Sappington, 63126",63126,Crestwood,,,,
Scott Credit Union,amenity:bank,"9792 Watson Road, Crestwood, 63126",63126,Crestwood,+1-314-800-0135,,https://apps.pnc.com/locator/#/result-details/00413071/crestwood,https://apps.pnc.com/locator/#/result-details/00413071/crestwood
Soho Nail Bar,shop:beauty,"9567 Watson Road, Crestwood, MO, 63126",63126,Crestwood,+13145282299,,,
Subway,amenity:fast_food,"38 Ronnie's Plaza, St Louis, MO, 63126",63126,Crestwood,+1 314-843-1778,,https://restaurants.subway.com/united-states/mo/st-louis/38-ronnie's-plaza,
Taco Bell,amenity:fast_food,"9805 Watson Road, Crestwood, MO, 63126",63126,Crestwood,+1 314-530-7300,,https://locations.tacobell.com/mo/crestwood/9805-watson-rd-.html,https://locations.tacobell.com/mo/crestwood/9805-watson-rd-/breakfast.html
The Artists Edit,shop:hairdresser,"9109 Watson Road, 63126",63126,Crestwood,,admin@theartisteditstl.com,https://theartisteditstl.com/,https://theartisteditstl.com/contact
The Barn,amenity:restaurant,"1015 Sappington Road, St. Louis, 63126",63126,Crestwood,,contact@sansoxygen.com,https://crestwoodbarn.com/,https://crestwoodbarn.com/contact
Trattoria Toscana,amenity:restaurant,"11686 Gravois Road, St Louis, MO, 63126",63126,Crestwood,+1 314-849-1499,,https://trattoriatoscanastl.com,https://trattoriatoscanastl.com/contact-us/
U.S. Bank,amenity:bank,"9819 Watson Road, Crestwood, MO, 63126",63126,Crestwood,+1-314-984-0137,,,
Walgreens,shop:chemist,"9807 Watson Road, Crestwood, 63126",63126,Crestwood,+1 314-966-0605,,https://www.walgreens.com/locator/walgreens-9807-watson-rd-crestwood-mo-63126/id=9436,https://www.walgreens.com/youraccount/clhistory/contactlenshist.jsp
Walgreens,amenity:pharmacy,"11590 Gravois Road, Sappington, 63126",63126,Crestwood,,,,
Bass Pro Shops,shop:outdoor,"3600 South Lindbergh Boulevard, Sunset Hills, 63127",63127,Sunset Hills,,,,
BMO Harris Bank,amenity:bank,"12414 Rott Road, Sunset Hills, 63127",63127,Sunset Hills,,,,
Burger King,amenity:fast_food,"10734 Sunset Hills Plaza, Sunset Hills, MO, 63127",63127,Sunset Hills,+1 314-965-2902,,https://www.bk.com/store-locator/store/restaurant_2589,https://www.bk.com/store-locator/store/restaurant_2589
Chick-fil-A,amenity:fast_food,"10706 Sunset Hills Plaza, Sunset Hills, MO, 63127",63127,Sunset Hills,+1 314-822-9500,,https://www.chick-fil-a.com/locations/mo/sunset-hills,https://www.chick-fil-a.com/locations/mo/sunset-hills#about-us
Circle K,shop:convenience,"1435 South Kirkwood Road, Sunset Hills, 63127",63127,Sunset Hills,,,,
Denny's,amenity:restaurant,"10575 Watson Road, Sunset Hills, 63127",63127,Sunset Hills,+1-314-821-1935,,https://locations.dennys.com/MO/ST-LOUIS/247702,https://www.dennys.com/contact-us
Family Pet Hospital,amenity:veterinary,"10400 Watson Road, Sunset Hills, 63127",63127,Sunset Hills,+1-314-720-1704,,https://www.familypetstl.com/,https://www.familypetstl.com/
Helen Fitzgerald's,amenity:pub,"3650 South Lindbergh Boulevard, Sunset Hills, 63127",63127,Sunset Hills,,,,
High Profile of St. Louis Dispensary,shop:cannabis,"10425 Watson Rd, St. Louis, MO, 63127",63127,Sunset Hills,+13143539922,,https://highprofilecannabis.com/shop/sunset-hills,https://highprofilecannabis.com/shop/sunset-hills
IHOP,amenity:restaurant,"10893 Sunset Hills Plaza, Sunset Hills, 63127",63127,Sunset Hills,,,https://www.ihop.com/,
Lion's Choice,amenity:fast_food,"10765 Sunset Hills Plaza, Sunset Hills, 63127",63127,Sunset Hills,,,http://www.lionschoice.com/,https://lionschoice.com/contact/
LongHorn Steakhouse,amenity:restaurant,"3642 South Lindbergh Boulevard, Sunset Hills, 63127",63127,Sunset Hills,,,,
Marshalls,shop:department_store,"10780 Sunset Hills Plaza, Sunset Hills, MO, 63127",63127,Sunset Hills,+1-314-821-7630,,https://www.marshalls.com/us/store/stores/Sunset+Hills-MO-63127/48/aboutstore,https://www.marshalls.com/us/store/jump/topic/Contact-Us/3200004
Mellow Mushroom,amenity:restaurant,"3811 South Lindbergh Boulevard, Sunset Hills, 63127",63127,Sunset Hills,,,,
Mercy Technology Services - Sunset Hills,office:it,"3637 South Geyer Road, Sunset Hills, MO, 63127",63127,Sunset Hills,,,https://www.mercytechnology.net/,https://www.mercytechnology.net/about/
Midas,shop:car_repair,"10542 Watson Road, Sunset Hills, 63127",63127,Sunset Hills,+1-314-821-1168,,https://www.midas.com/stlouis/store.aspx?shopnum=2317&dmanum=760,https://www.midas.com/about-midas/contact-us
Panera Bread,amenity:fast_food,"10740 Sunset Hills Plaza, Sunset Hills, MO, 63127",63127,Sunset Hills,+1 314-966-1070,,https://locations.panerabread.com/mo/sunset-hills/10740-sunset-hills-plaza.html,https://locations.panerabread.com/en-us/company/about-panera.html
PetroMart,shop:convenience,"1430 South Kirkwood Road, Sunset Hills, 63127",63127,Sunset Hills,,,,
PetSmart,shop:pet,"10900 Sunset Hills Plaza, Saint Louis, MO, 63127",63127,Sunset Hills,+1 314-909-0068,,https://www.petsmart.com/stores/us/mo/saint-louis-store0260.html,https://www.petsmart.com/account/contact
Phillips 66,amenity:fuel,"10743 Watson Road, Sunset Hills, 63127",63127,Sunset Hills,,,https://www.phillips66gas.com/station/P66-UGAS-SUNSET-HLS-0000885150/,
Regions Bank,amenity:bank,"10501 Watson Road, St. Louis, 63127",63127,Sunset Hills,+1-800-734-4667,,,
Sesame Chinese Restaurant,amenity:restaurant,"10500 Watson Road, Sunset Hills, 63127",63127,Sunset Hills,+1-314-821-5038,,,
South County Health Center,office:government,"4580 South Lindbergh Boulevard, Sunset Hills, 63127",63127,Sunset Hills,,,,
Sunset Ford,shop:car,"11700 Gravois Road, Sunset Hills, 63127",63127,Sunset Hills,,,https://www.sunsetautoco.com/,
Sunset Hills Subaru,shop:car,"10100 Watson Road, Sappington, MO, 63127",63127,Sunset Hills,,,,
The Home Depot,shop:doityourself,"10890 Sunset Hills Plaza, Sunset Hills, 63127",63127,Sunset Hills,+1-314-909-7771,,https://www.homedepot.com/l/Sunset-Hills/MO/Saint-Louis/63127/3007,
Treppler's,shop:car_repair,"10425 Watson Road, Sunset Hills, 63127",63127,Sunset Hills,+1-314-821-8870,,https://www.automotiveservicestrepplerautobody.com/,
Walnut Grill,amenity:restaurant,"10797 Sunset Hills Plaza, Sunset Hills, 63127",63127,Sunset Hills,,,,
낙산약국,amenity:pharmacy,"87 도령로, 제주시, 63127",63127,Sunset Hills,+82 64 743 0124,,,
마음약국,amenity:pharmacy,"73 도령로, 제주시, 63127",63127,Sunset Hills,+82 64 712 4003,,,
신제주대웅약국,amenity:pharmacy,"13-8 성신로, 제주시, 63127",63127,Sunset Hills,+82 64 713 8575,,,
제주약국,amenity:pharmacy,"13-8 성신로, 제주시, 63127",63127,Sunset Hills,+82 64 747 8811,,,
제주토마토약국,amenity:pharmacy,"73 도령로, 제주시, 63127",63127,Sunset Hills,+82 64 900 4057,,,
한라산약국,amenity:pharmacy,"13-4 성신로, 제주시, 63127",63127,Sunset Hills,+82 64 749 6660,,,
A.T.U,shop:car_repair,"2a Elisabeth-Selbert-Straße, Dietzenbach, 63128",63128,Sappington,+49 6074 2113649,,,
Ahorn Camp Frankfurt,amenity:car_rental,"26 Justus-von-Liebig-Straße, 63128",63128,Sappington,,,,
Aldi,shop:grocery,"13047 Butler Crest Drive, 63128",63128,Sappington,,,https://stores.aldi.us,https://www.aldi.us/store/aldi/pages/about-aldi
Aldi Süd,shop:supermarket,"4 Otto-Hahn-Straße, Dietzenbach, 63128",63128,Sappington,,,https://filialen.aldi-sued.de/hessen/dietzenbach/otto-hahn-strasse-4,https://filialen.aldi-sued.de/hessen/dietzenbach/otto-hahn-strasse-4
alldrink,shop:beverages,"12-14 Emil-von-Behring-Straße, Dietzenbach, 63128",63128,Sappington,+49 6074 46227,mail@getraenkeherbert.de,https://alldrink.de/filiale/355-dietzenbach/,
Alt-Dietzenbach,amenity:restaurant,"21 Marktstraße, Dietzenbach, 63128",63128,Sappington,+49 6074 822354,,,
Anytime Fitness,leisure:fitness_centre,"4329 Butler Hill Road, Saint Louis, MO, 63128",63128,Sappington,+1 314-696-6952,,https://www.anytimefitness.com/gyms/3922/st-louis-mo-63128/,
Apollo-Optik,shop:optician,"9 Offenbacher Straße, Dietzenbach, 63128",63128,Sappington,,,,
Aral,amenity:fuel,"4 Elisabeth-Selbert-Straße, Dietzenbach, 63128",63128,Sappington,+49 6074 8511300,demir.dural@tankstelle.de,https://tankstelle.aral.de/dietzenbach/elisabeth-selbert-strasse/12148700,
Arby's,amenity:fast_food,"12698 Lamplighter Square, Saint Louis, MO, 63128",63128,Sappington,+1 314-729-7593,,https://www.arbys.com/locations/us/mo/st-louis/12698-lamplighter-square/store-8380/,https://www.arbys.com/locations/us/mo/st-louis/12698-lamplighter-square/store-8380/
Asia Fitnesspark Sporting Club GmbH,leisure:fitness_centre,"13a Philipp-Reis-Straße, Dietzenbach, 63128",63128,Sappington,+49 6074 28954,,https://www.asia-fitnesspark.de,
AstroNova Aerospace,shop:electronics,"70 Waldstraße, Dietzenbach, 63128",63128,Sappington,,,,
Augenarztpraxis & OP-Zentrum Dr. Mannhardt & Kollegen,amenity:doctors,"64 Offenbacher Straße, 63128",63128,Sappington,+49 6074 25655,,,
AWP Consult,office:it,"5 Gottlieb-Daimler-Straße, Dietzenbach, 63128",63128,Sappington,+49 6104 947380,info@awp-consult.de,https://www.awp-consult.de/,https://www.awp-consult.de/
Aylux,craft:sun_protection,"15 Assar-Gabrielsson-Straße, Dietzenbach, 63128",63128,Sappington,+49 6074 8456550,info@aylux.de,https://aylux.de/,https://aylux.de/
Barmenia Versicherung,office:insurance,"36 Offenbacher Straße, Dietzenbach, 63128",63128,Sappington,+49 178 7474185,cebrail.ceyran@barmenia.de,https://agentur.barmenia.de/cebrail_ceyran,https://agentur.barmenia.de/cebrail_ceyran
Bauder,shop:bakery,"12 Elisabeth-Selbert-Straße, Dietzenbach, 63128",63128,Sappington,+49 6074 487350,,,
Bechtle und Schoo,amenity:doctors,"60 Offenbacher Straße, Dietzenbach, 63128",63128,Sappington,+49 6074 45979,,,
Blumen Hartmann,shop:florist,"68 Rathenaustraße, Dietzenbach, 63128",63128,Sappington,+49 6074 23425,info@blumen-hartmann-dietzenbach.de,https://blumen-hartmann-dietzenbach.de/,
Blumenbinder Brokmeier,shop:florist,"9 Bahnhofstraße, Dietzenbach, 63128",63128,Sappington,+49 6074 41120,,https://www.instagram.com/blumenbinderbrokmeier/,https://www.instagram.com/blumenbinderbrokmeier/
Bridgestone,shop:tyres,"68a Waldstraße, Dietzenbach, 63128",63128,Sappington,+49 69 999918435,,http://www.bridgestone.eu/,
Bücher bei Frau Schmitt,shop:books,"28 Bahnhofstraße, Dietzenbach, 63128",63128,Sappington,+49 6074 829969,info@buecher-bei-frau-schmitt.de,https://buecher-bei-frau-schmitt.de/,
BÜNDNIS 90/DIE GRÜNEN Kreisverband Offenbach-Land,office:political_party,"53 Frankfurter Straße, Dietzenbach, 63128",63128,Sappington,,,https://www.gruene-offenbach-land.de,
Burger King,amenity:fast_food,"2 Elisabeth-Selbert-Straße, Dietzenbach, 63128",63128,Sappington,,,https://www.burgerking.de/,
Burger King,amenity:fast_food,"4324 Butler Hill Road, Saint Louis, MO, 63128",63128,Sappington,+1 314-416-0637,,https://www.bk.com/store-locator/store/restaurant_5503,https://www.bk.com/store-locator/store/restaurant_5503
Butler Hill Dental,amenity:dentist,"4305 Butler Hill Road, Saint Louis, MO, 63128",63128,Sappington,+1-314-892-8060,,https://butlerhilldental.com/,https://butlerhilldental.com/contact/
C&A,shop:clothes,"9 Offenbacher Straße, Dietzenbach, 63128",63128,Sappington,,,,
Cafe Galao,amenity:pub,"25a Hügelstraße, Dietzenbach, 63128",63128,Sappington,+49 6074 9147502,info@cafe-galao.de,https://www.galao.de/,
Cafe Mokka,amenity:cafe,"Glashüttener Weg, Dietzenbach, 63128",63128,Sappington,,,,
Cavalo Negro,amenity:restaurant,"79 Offenthaler Straße, Dietzenbach, 63128",63128,Sappington,+49 6074 47120,,,
Center Apotheke,amenity:pharmacy,"9 Offenbacher Straße, Dietzenbach, 63128",63128,Sappington,+49 6074 914280,,,
Circle K,amenity:fuel,"5253 Mattis Road, Saint Louis, MO, 63128",63128,Sappington,,,https://www.circlek.com/store-locator/US/st-louis/5253-mattis-rd/4701625,https://www.circlek.com/contact
City Coiffeur,shop:hairdresser,"9a Babenhäuser Straße, Dietzenbach, 63128",63128,Sappington,+49 6074 4827612,,,
Clarkson Eyecare,shop:optician,"4305 Butler Hill Road, Saint Louis, MO, 63128",63128,Sappington,+1-314-487-4744,,https://www.clarksoneyecare.com/,https://www.clarksoneyecare.com/eye-care-services/contact-lens-exam
Costco,shop:wholesale,"4200 Rusty Road, Saint Louis, MO, 63128",63128,Sappington,+1 314-894-7950,,https://www.costco.com/warehouse-locations/s-st-louis-saint-louis-mo-368.html,
Costco Pharmacy,amenity:pharmacy,"4200 Rusty Road, 63128",63128,Sappington,,,,
Crumbl Cookies,shop:pastry,63128,63128,Sappington,,,,
Culver's,amenity:fast_food,"4140 Rusty Road, Saint Louis, MO, 63128",63128,Sappington,+1 314-845-0964,,https://www.culvers.com/restaurants/st-louis-rusty,https://www.contactculvers.com/
Dehner Gartencenter Dietzenbach,shop:garden_centre,"1 Albert-Einstein-Straße, Dietzenbach, 63128",63128,Sappington,+49 6074 886930,,,
Deichmann,shop:shoes,"9 Offenbacher Straße, Dietzenbach, 63128",63128,Sappington,,service-de@deichmann.com,https://stores.deichmann.com/hessen/dietzenbach/offenbacher-strasse-9.html,https://www.deichmann.com/de-de/contact
Deutsche Post,shop:stationery,"2-4 Am Rathausplatz, Dietzenbach, 63128",63128,Sappington,,,,
Dickison Jewelry,shop:jewelry,"9930 Kennerly Road, Saint Louis, MO, 63128",63128,Sappington,+13148437000,,,
Dietzenbacher Capitol,amenity:theatre,"3 Europaplatz, Dietzenbach, 63128",63128,Sappington,+496074373298,kulturplanung@dietzenbach.de,https://www.dietzenbach.de/Kultur-Freizeit/Kultur/Dietzenbacher-Capitol/,
Dollar Tree,shop:variety_store,"12450 Tesson Ferry Road, Concord, 63128",63128,Sappington,,,https://www.dollartree.com/locations/mo/st-louis/3302/,
Domino's,amenity:fast_food,"13214 Tesson Ferry Road, Saint Louis, MO, 63128",63128,Sappington,+1 314-843-0909,olocustomercare@dominos.com,https://pizza.dominos.com/missouri/st.-louis/13214-tesson-ferry-rd,https://www.dominos.com/en/about-pizza/
Double D's Pizzeria,amenity:fast_food,"13150 Tesson Ferry Rd, St Louis, 63128",63128,Sappington,+1-314-472-7600,,https://doubledspizzeria.com/,
Dreieich Center,shop:mall,"7-13 Dreieichstraße, Dietzenbach, 63128",63128,Sappington,,,,
Edeka Richter,shop:supermarket,"4 Gallische Straße, Dietzenbach, 63128",63128,Sappington,,info@edeka-frischkauf.de,https://www.edeka-richter.de/,https://www.edeka-richter.de/
Eiscafé Da Claudio 2,amenity:cafe,"9 Offenbacher Straße, Dietzenbach, 63128",63128,Sappington,,,,
Ernsting's family,shop:clothes,"9 Offenbacher Straße, Dietzenbach, 63128",63128,Sappington,+492546 9899998,,https://filialen.ernstings-family.de/1415/offenbacher-stra%C3%9Fe-9-63128-dietzenbach,https://filialen.ernstings-family.de/1415/offenbacher-stra%C3%9Fe-9-63128-dietzenbach
Erva,shop:bakery,"1 Justus-von-Liebig-Straße, Dietzenbach, 63128",63128,Sappington,+49 6074 25312,,,
Esso,amenity:fuel,"7 Hauptstraße, Dietzenbach, 63128",63128,Sappington,+49 6074 31124,,https://www.essofuelfinder.de/de-de/dietzenbach--esso-100150965,https://www.essofuelfinder.de/de-de/contact-details
Eulenapotheke,amenity:pharmacy,"1a Gustav-Heinemann-Ring, Dietzenbach, 63128",63128,Sappington,+49 6074 812273,eulen.apotheke@gmx.de,,
Fachmarktzentrum Masayaplatz,shop:mall,"3 Masayaplatz, Dietzenbach, 63128",63128,Sappington,,tbi@tenbrinke.com,http://wayback.archive.org/web/20150924161915/http://www.tenbrinke.com/referenzenreader-ten-brinke-industrie-und-gewerbebau/ekz-massayaplatz-dietzenbach.html,http://wayback.archive.org/web/20150924161915/http://www.tenbrinke.com/referenzenreader-ten-brinke-industrie-und-gewerbebau/ekz-massayaplatz-dietzenbach.html#expand
Firestone,shop:car_repair,"12791 Old Tesson Ferry Road, Saint Louis, 63128",63128,Sappington,,,,
First Bank,amenity:bank,"9916 Kennerly Road, Saint Louis, MO, 63128",63128,Sappington,,,,
Frank Leta Acura,shop:car,"11777 Tesson Ferry Road, Saint Louis, MO, 63128",63128,Sappington,,,https://www.frankletaacura.com/,
Fundgrube,shop:variety_store,"1 Robert-Koch-Straße, Dietzenbach, 63128",63128,Sappington,,zentrale@rl-fundgrube.de,https://www.rl-fundgrube.de/,https://www.rl-fundgrube.de/
Gefahrenabwehr- und Gesundheitszentrum Kreis Offenbach,office:government,"10 Gottlieb-Daimler-Straße, Dietzenbach, 63128",63128,Sappington,+49 6074 8180-63700,info@kreis-offenbach.de,https://www.kreis-offenbach.de/,https://www.kreis-offenbach.de/
Globus Baumarkt,shop:doityourself,"3 Albert-Einstein-Straße, Dietzenbach, 63128",63128,Sappington,+49 6074 40721-0,info-meg@midea.com,https://www.globus-baumarkt.de/,https://www.globus-baumarkt.de/
Goodwill,shop:charity,"10570 Baptist Church Road, 63128",63128,Sappington,,,,
Hair Lounge,shop:hairdresser,"10 Babenhäuser Straße, Dietzenbach, 63128",63128,Sappington,,,,
Hardee's,amenity:fast_food,"4321 Butler Hill Road, Saint Louis, MO, 63128",63128,Sappington,+1 314-894-7511,,https://locations.hardees.com/mo/saint-louis/4321-butler-hill-rd,https://www.hardees.com/contact-us
Hertz,amenity:car_rental,"26 Justus-von-Liebig-Straße, Dietzenbach, 63128",63128,Sappington,+49 6074 2115920,,,
"Herzberger, Silke",amenity:veterinary,"6a Max-Planck-Straße, Dietzenbach, 63128",63128,Sappington,+49 6074 483788,silke.herzberger@t-online.de,https://www.tierarzt-dietzenbach.de/,https://www.tierarzt-dietzenbach.de/
Istanbul Kebaphaus,amenity:fast_food,"11 Robert-Koch-Straße, Dietzenbach, 63128",63128,Sappington,+49 6074 483982,,,
iuvat-vivere.de,shop:wine,"47 Limburger Straße, Dietzenbach, 63128",63128,Sappington,,info@iuvat-vivere.de,https://www.iuvat-vivere.de/,https://www.iuvat-vivere.de/
Jack in the Box,amenity:fast_food,"9970 Kennerly Road, Saint Louis, MO, 63128",63128,Sappington,+1 314-842-2180,,https://locations.jackinthebox.com/us/mo/saint-louis/9970-kennerly-rd,https://jackinthebox.com/contact
Jet,amenity:fuel,"1 Elisabeth-Selbert-Straße, Dietzenbach, 63128",63128,Sappington,+49 6074 374740,mail.jet-tankstellen@p66.com,https://www.jet-tankstellen.de/tankstellen/dietzenbach/elisabeth-selbert-str-1,https://www.jet-tankstellen.de/tankstellen/dietzenbach/elisabeth-selbert-str-1
Kennerly Nails & Spa,shop:beauty,"9936 Kennerly Road, Saint Louis, MO, 63128",63128,Sappington,+13142709799,,,
Kopf bis Fuß,shop:beauty,"20 Schäfergasse, Dietzenbach, 63128",63128,Sappington,,,,
Kreis Offenbach - FD Gesundheit,office:government,"10 Gottlieb-Daimler-Straße, Dietzenbach, 63128",63128,Sappington,,,,
Kreishaus - Kantine,amenity:restaurant,"1 Werner-Hilpert-Straße, Dietzenbach, 63128",63128,Sappington,,,,
La Lanterna,amenity:restaurant,"26 Offenthaler Straße, Dietzenbach, 63128",63128,Sappington,+49 6074 31606,info@restaurant-la-lanterna.de,https://www.ristorante-la-lanterna.de/,
Ma Thai,amenity:restaurant,"9 Hauptstraße, Dietzenbach, 63128",63128,Sappington,+49 6074 7282806,info@ma-thai-food.de,https://ma-thai-food.de/,
Mainhattan-Wheels GmbH,shop:repair,"5 Lise-Meitner-Straße, Dietzenbach, 63128",63128,Sappington,+49 6074 4866566,info@mainhattan-wheels.de,https://mainhattan-wheels.de/,https://mainhattan-wheels.de/
McDonald's,amenity:fast_food,"13050 Tesson Ferry Road, Saint Louis, MO, 63128",63128,Sappington,+1 314-843-7112,,https://www.mcdonalds.com/us/en-us/location/36329.html,https://www.mcdonalds.com/us/en-us/contact-us.html
MediaMarkt,shop:electronics,"9 Offenbacher Straße, Dietzenbach, 63128",63128,Sappington,,dietzenbach.geschaeftskunden@mediamarkt.de,https://www.mediamarkt.de/de/store/dietzenbach-278,https://faq.mediamarkt.de/app/contact?storeId=278&amp;storeName=dietzenbach
MeinAuto.de Dietzenbach,shop:car,"8 Voltastraße, Dietzenbach, 63128",63128,Sappington,,aku@meinauto-gebrauchtwagen.de,https://www.meinauto-gebrauchtwagen.de/dietzenbach-bei-frankfurt/,https://www.meinauto-gebrauchtwagen.de/dietzenbach-bei-frankfurt/
Müller & Fandré,shop:printing,"3 Hans-Böckler-Straße, Dietzenbach, 63128",63128,Sappington,,,,
Musiklokal Zum Hügeleck,amenity:restaurant,"4 Rathenaustraße, Dietzenbach, 63128",63128,Sappington,+49 6074 26474,,,
Nextparx,office:logistics,"16 Assar-Gabrielsson-Straße, Dietzenbach, 63128",63128,Sappington,,,,
O'Charley's,amenity:restaurant,"4130 Rusty Road, 63128",63128,Sappington,,,,
Orangetheory Fitness,leisure:fitness_centre,"12434 Tesson Ferry Road, Saint Louis, MO, 63128",63128,Sappington,+1 314-649-5050,,,
Otto-Lehr-Sportanlage,leisure:sports_centre,"2 Limesstraße, Dietzenbach, 63128",63128,Sappington,+49 6074 43721,info@sc-steinberg.de,https://www.sc-steinberg.de/,https://www.sc-steinberg.de/
Palm Beach Tan,shop:beauty,"9932 Kennerly Road, Saint Louis, MO, 63128",63128,Sappington,,you@email.com,https://palmbeachtan.com/locations/MO/St-Louis-Kennerly-Road,https://palmbeachtan.com/contact-us
Panera Bread,amenity:fast_food,"9920 Kennerly Road, Saint Louis, MO, 63128",63128,Sappington,+1 314-843-9900,,https://locations.panerabread.com/mo/st-louis/9920-kennerly-road.html,https://locations.panerabread.com/en-us/company/about-panera.html
Pasam,amenity:fast_food,"21 Offenbacher Straße, Dietzenbach, 63128",63128,Sappington,,,,
Petro Mart,shop:convenience,"4317 Butler Hill Road, Saint Louis, MO, 63128",63128,Sappington,,,,
Philipp-Fenn-Halle,leisure:sports_centre,"1 Rodgaustraße, Dietzenbach, 63128",63128,Sappington,,,,
Phillips 66,amenity:fuel,"13500 Tesson Ferry Road, 63128",63128,Sappington,,,https://www.phillips66gas.com/station/P66-TESSON-0000899623/,
Pizza Hut,amenity:restaurant,"11802 Tesson Ferry Road, Saint Louis, MO, 63128",63128,Sappington,+1 314-842-1111,,https://locations.pizzahut.com/mo/saint-louis/11802-tesson-ferry-rd,https://www.pizzahut.com/contact-us
Pizzeria Al Capone,amenity:fast_food,"7 Justus-von-Liebig-Straße, Dietzenbach, 63128",63128,Sappington,+49 6074 9184913,alcapone.dietzenbach@gmail.com,https://pizza-alcapone.de,https://pizza-alcapone.de
Pizzeria La Luna,amenity:restaurant,"2 Limesstraße, Dietzenbach, 63128",63128,Sappington,,,http://www.pizzerialaluna.de/,http://www.pizzerialaluna.de/
Praxis für Zahngesundheit Dr. Rohardt & Dr. Smeja,amenity:dentist,"2 Gallische Straße, Dietzenbach, 63128",63128,Sappington,+49 6074 43546,info@zahngesundheit-rs.de,https://www.zahngesundheit-rs.de/index.html,https://www.zahngesundheit-rs.de/index.html
QuikTrip,amenity:fuel,"13099 Tesson Ferry Road, St. Louis, MO, 63128",63128,Sappington,,,,
Rathaus-Center,shop:mall,"9 Offenbacher Straße, Dietzenbach, 63128",63128,Sappington,+49 6074 3015534,info@rathaus-center-dietzenbach.com,https://rathaus-center-dietzenbach.de/,
Regions Bank,amenity:bank,"4339 Butler Hill Road, Saint Louis, MO, 63128",63128,Sappington,,,,
REWE,shop:supermarket,"9 Offenbacher Straße, Dietzenbach, 63128",63128,Sappington,+49607469493-0,,https://www.rewe.de/marktseite/dietzenbach/240716/rewe-center-offenbacher-str-9-velizystr/,
REWE,shop:supermarket,"36 Rathenaustraße, Dietzenbach, 63128",63128,Sappington,+49 6074 37580,,,
Richard J. Keyes,office:lawyer,"12300 Old Tesson Road, St. Louis, MO, 63128",63128,Sappington,+1-314-843-7633,,https://probatelawcenterpc.com,
Ristorante Panorama,amenity:restaurant,"5 Jungfernwingertstraße, Dietzenbach, 63128",63128,Sappington,+49 6074 9193120,,http://www.RistorantePanorama.de,http://www.RistorantePanorama.de
Schäfer Dein Bäcker,shop:bakery,"36 Rathenaustraße, Dietzenbach, 63128",63128,Sappington,+49 6074 7285263,,,
Schnucks,shop:supermarket,"4333 Butler Hill Road, Saint Louis, MO, 63128",63128,Sappington,,,,
Schuhmacherei Vella,craft:shoemaker,"20 Rathenaustraße, Dietzenbach, 63128",63128,Sappington,+49 6074 32154,,https://www.schuhmacherei-vella.de/,https://www.schuhmacherei-vella.de/
Scrubs & Beyond,shop:clothes,"9954 Kennerly Road, Saint Louis, MO, 63128",63128,Sappington,,,,
SG Dietzenbach,amenity:restaurant,"51 Offenthaler Straße, Dietzenbach, 63128",63128,Sappington,+49 6074 3888,info@sg-dietzenbach.de,https://www.sg-dietzenbach.de/index.php?id=33,https://www.sg-dietzenbach.de/index.php?id=33
Shogun,amenity:restaurant,"10550 Baptist Church Road, 63128",63128,Sappington,,,,
South County Antique Mall,shop:antiques,"13208 Tesson Ferry Road, St Louis, 63128",63128,Sappington,+1-314-842-5566,,https://missouriantiquemalls.com/south-county/,https://missouriantiquemalls.com/contact-us/
Stadtliebe,amenity:restaurant,"8 Am Stadtbrunnen, Dietzenbach, 63128",63128,Sappington,+49 6074 8459130,hallo@stadtliebe.bar,https://www.stadtliebe.bar,https://www.stadtliebe.bar
Starbucks,amenity:cafe,"12460 Tesson Ferry Road, Saint Louis, MO, 63128",63128,Sappington,+1 314-843-4965,,https://www.starbucks.com/store-locator/store/11117/tesson-ferry-12460-tesson-ferry-road-st-louis-mo-631282702-us,https://www.starbucks.com/store-locator/store/11117/tesson-ferry-12460-tesson-ferry-road-st-louis-mo-631282702-us
Starbucks,amenity:cafe,"4319 Butler Hill Road, Saint Louis, MO, 63128",63128,Sappington,+1 314-390-1241,,,
Steinberger Pizza und Döner,amenity:fast_food,"35 Offenbacher Straße, Dietzenbach, 63128",63128,Sappington,,,,
Subway,amenity:fast_food,"13146 Tesson Ferry Road, St Louis, MO, 63128",63128,Sappington,+1 314-722-3059,,https://restaurants.subway.com/united-states/mo/st-louis/13146-tesson-ferry-rd,
Subway,amenity:fast_food,"4305 Butler Hill Road, Saint Louis, MO, 63128",63128,Sappington,+1 314-892-9300,,https://restaurants.subway.com/united-states/mo/st-louis/4305-butler-hill-rd,https://www.subway.com/en-US/ContactUs/GuestCare
Sunny China,amenity:restaurant,"9934 Kennerly Road, Saint Louis, MO, 63128",63128,Sappington,+13148421112,,http://sunnychinamo.com/,
Taco Bell,amenity:fast_food,"4320 Butler Hill Road, Saint Louis, MO, 63128",63128,Sappington,+1 314-487-5464,,https://locations.tacobell.com/mo/saint-louis/4320-butler-hill-road.html,https://locations.tacobell.com/mo/saint-louis/4320-butler-hill-road/breakfast.html
Taco Bell,amenity:fast_food,"12850 Tesson Ferry Road, Saint Louis, MO, 63128",63128,Sappington,+1 314-849-0610,,https://locations.tacobell.com/mo/saint-louis/12850-tesson-ferry-road.html,https://locations.tacobell.com/mo/saint-louis/12850-tesson-ferry-road/breakfast.html
Target,shop:department_store,"4250 Rusty Road, Saint Louis, MO, 63128",63128,Sappington,+1 314-892-6336,,https://www.target.com/sl/south-county/1509,https://www.target.com/help/contact-us
Team ERD - Eigenbetrieb Rettungsdienst Kreis Offenbach,office:government,"10 Gottlieb-Daimler-Straße, Dietzenbach, 63128",63128,Sappington,+49 6074 818063839,info@erd-kreis-of.de,https://www.erd-kreis-of.de,
tegut,shop:supermarket,"29 Babenhäuser Straße, Dietzenbach, 63128",63128,Sappington,+49 6074 35352,,https://www.tegut.com/maerkte/markt/tegut-dietzenbach-babenhaeuser-str-29.html,https://www.tegut.com/kontakt.html?contactForm%5BcontactFormData%5D%5Bmy_store%5D=2168&amp;contactForm%5BcontactFormData%5D%5Bmy_store_text%5D=tegut...%20Dietzenbach%20-%20Babenh%C3%A4user%20Stra%C3%9Fe%2031&amp;cHash=d37e07decb624be7f9349edb448a8ba4
Trefferia,amenity:fast_food,"3 Albert-Einstein-Straße, Dietzenbach, 63128",63128,Sappington,,,,
Tropical Smoothie Cafe,amenity:fast_food,"9948 Kennerly Road, Saint Louis, MO, 63128",63128,Sappington,,technology@tropicalsmoothie.com,https://www.tropicalsmoothiecafe.com,https://form.jotform.com/253563503717054
Walgreens,amenity:pharmacy,"9978 Kennerly Road, 63128",63128,Sappington,,,,
Weimer GmbH Gartengeräte,shop:car,"1 Hans-Böckler-Straße, Dietzenbach, 63128",63128,Sappington,,,,
Y-Kiki Divers,shop:scuba_diving,"9922 Kennerly Road, Saint Louis, MO, 63128",63128,Sappington,,,,
Zahnarztpraxis G. Steinborn & Kollegen,amenity:dentist,"56 Theodor-Heuss-Ring, Dietzenbach, 63128",63128,Sappington,+49 6074 28481,,,
Zip's Car Wash,amenity:car_wash,"12864 Tesson Ferry Road, 63128",63128,Sappington,,,,
Zur Linde,amenity:restaurant,"71 Darmstädter Straße, Dietzenbach, 63128",63128,Sappington,,info@restaurant-zur-linde.de,https://restaurant-zur-linde.de,https://restaurant-zur-linde.de
이사랑치과의원,amenity:dentist,"28 남녕로, 제주시, 63128",63128,Sappington,+82 64 746 3924,,,
홍치과의원,amenity:dentist,"48 남녕로, 제주시, 63128",63128,Sappington,+82 64 746 9427,,,
110 Coffee,amenity:cafe,"110 Jalan Kyai Haji Agus Salim, 63129",63129,Oakville,+6288908889110,project110mn@gmail.com,https://linktr.ee/110madiun,
A1 Wine & Spirit,shop:alcohol,"4334 Telegraph Road, 63129",63129,Oakville,,,,
Ashley HomeStore,shop:furniture,"4432 Lemay Ferry Road, Saint Louis, MO, 63129",63129,Oakville,+1 314-815-3300,,https://stores.ashleyfurniture.com/store/us/missouri/st-louis/7710000229/,https://stores.ashleyfurniture.com/store/us/missouri/st-louis/7710000229/
AutoZone,shop:car_parts,"4561 Telegraph Road, 63129",63129,Oakville,,,https://www.autozone.com/locations/mo/saint-louis/4561-telegraph-rd.html,
Bank of America,amenity:bank,"4495 Lemay Ferry Road, 63129",63129,Oakville,,monika.rana@ml.com,https://locators.bankofamerica.com/mo/saintlouis/financial-centers-saint-louis-8816.html,https://www.bankofamerica.com/customer-service/contact-us/
Big Lots,shop:department_store,"4433 Lemay Ferry Road, Saint Louis, MO, 63129",63129,Oakville,+1 314-845-8630,,https://local.biglots.com/mo/saint-louis/4433-lemay-ferry-rd,
Buffalo Wild Wings,amenity:restaurant,"570 South County Center Way, 63129",63129,Oakville,,,,
Chick-fil-A,amenity:fast_food,"4125 Lemay Ferry Road, Saint Louis, MO, 63129",63129,Oakville,+1 314-845-3499,,https://www.chick-fil-a.com/locations/mo/south-county,https://www.chick-fil-a.com/locations/mo/south-county#about-us
China King,amenity:restaurant,"6051 Telegraph Road, 63129",63129,Oakville,,,,
Chuck E. Cheese,amenity:restaurant,"720 South County Center Way, 63129",63129,Oakville,,guestrelations@cecentertainment.com,https://locations.chuckecheese.com/us/mo/st-louis/720-south-county-centerway,https://www.chuckecheese.com/st-louis-mo/contact-us/
Dick's Sporting Goods,shop:sports,"590 South County Center Way, South County, MO, 63129",63129,Oakville,+1 314-416-1905,,https://stores.dickssportinggoods.com/mo/south-county/1086/,https://stores.dickssportinggoods.com/mo/south-county/1086/
Dobbs Tire & Auto Center,shop:car_repair,"5635 Telegraph Road, Saint Louis, MO, 63129",63129,Oakville,+1 314-846-4155,,,
Dollar General,shop:variety_store,"4488 Lemay Ferry Road, 63129",63129,Oakville,,,https://www.dollargeneral.com/store-directory/mo/saint-louis/10880,
Dollar Tree,shop:variety_store,"4411 Lemay Ferry Road, 63129",63129,Oakville,,,https://www.dollartree.com/locations/mo/saint-louis/2527/,
Domino's,amenity:fast_food,"4551 Telegraph Road, Saint Louis, MO, 63129",63129,Oakville,+1 314-846-6600,olocustomercare@dominos.com,https://pizza.dominos.com/missouri/st-louis/4551-telegraph-road,https://www.dominos.com/en/about-pizza/
Dunkin',amenity:fast_food,"4220 Telegraph Road, Saint Louis, MO, 63129",63129,Oakville,+1 314-416-1923,development_sites@dunkinbrands.com,https://locations.dunkindonuts.com/en/mo/saint-louis/4220-telegraph-rd/349731,https://www.dunkindonuts.com/en/about/contact-us/faqs
Edward Jones,office:financial_advisor,"6029 Telegraph Road, 63129",63129,Oakville,,,,
EZ Streett,shop:convenience,"4123 Telegraph Road, 63129",63129,Oakville,,,,
Firestone Complete Auto Care,shop:car_repair,"5521 Telegraph Road, 63129",63129,Oakville,,,,
First Community Credit Union,amenity:bank,"4527 Telegraph Road, 63129",63129,Oakville,,,,
First Watch,amenity:restaurant,"5646 Telegraph Road, 63129",63129,Oakville,,,,
IHOP,amenity:restaurant,"4103 Lemay Ferry Road, 63129",63129,Oakville,,,,
Jack in the Box,amenity:fast_food,"4500 Lemay Ferry Road, 63129",63129,Oakville,,,,
JD’s,shop:hairdresser,"6049 Telegraph Road, 63129",63129,Oakville,,,,
Jimmy John's,amenity:fast_food,"4530 Lemay Ferry Road, Saint Louis, MO, 63129",63129,Oakville,+1 314-845-1690,,https://locations.jimmyjohns.com/mo/st-louis/sandwiches-1703.html,https://www.jimmyjohns.com/contact-us/feedback
Keller Plaza 8,amenity:cinema,"4572 Lemay Ferry Road, St Louis, 63129",63129,Oakville,,,,
KFC,amenity:fast_food,"4071 Union Road, Saint Louis, MO, 63129",63129,Oakville,,,https://locations.kfc.com/mo/saint-louis/4071-union-road,https://www.kfc.com/contact
Kitchen Parts Plus,shop:appliance,"St. Louis, MO, 63129",63129,Oakville,+1 314-416-9400,mail@kitchenpartsplus.com,https://kitchenpartsplus.com,https://kitchenpartsplus.com/contact-us/
Las Fuentes,amenity:restaurant,"6025 Telegraph Road, 63129",63129,Oakville,,,,
McDonald's,amenity:fast_food,"5537 Telegraph Road, Saint Louis, MO, 63129",63129,Oakville,+1 314-892-1310,,https://www.mcdonalds.com/us/en-us/location/10476.html,https://www.mcdonalds.com/us/en-us/contact-us.html
McDonald's,amenity:fast_food,"4407 Lemay Ferry Road, Saint Louis, MO, 63129",63129,Oakville,+1 314-892-0550,,https://www.mcdonalds.com/us/en-us/location/27040.html,https://www.mcdonalds.com/us/en-us/contact-us.html
Midwest BankCentre,amenity:bank,"5575 Telegraph Road, 63129",63129,Oakville,,,,
Nancy's Urban Tower Farm LLC,shop:agrarian,"4530 Lemay Ferry Road, St Louis, MO, 63129",63129,Oakville,+1-314-742-1217,nancysurbantowerfarm@gmail.com,https://www.nancysurbantowerfarm.com/,
National Tire and Battery,shop:car_repair,"700 South County Center Way, 63129",63129,Oakville,,,,
Nubby’s BBQ,amenity:restaurant,"6039 Telegraph Road, 63129",63129,Oakville,,,,
Oberweis,shop:dairy,"4590 Telegraph Road, Oakville, MO, 63129",63129,Oakville,+1 314 416 9600,,https://www.oberweis.com/ice-cream-and-dairy-stores/Oakville,
Old Navy,shop:clothes,"4498 Lemay Ferry Road, 63129",63129,Oakville,,,,
Papa John's,amenity:fast_food,"6057 Telegraph Road, Saint Louis, MO, 63129",63129,Oakville,+1 314-845-8500,,https://locations.papajohns.com/united-states/mo/63129/saint-louis/6057-telegraph-road,https://locations.papajohns.com/united-states/mo/63129/saint-louis/6057-telegraph-road
Peaceful Massage,shop:massage,"6033 Telegraph Road, 63129",63129,Oakville,,,,
PetSmart,shop:pet,"4451 Lemay Ferry Road, Saint Louis, MO, 63129",63129,Oakville,+1 314-416-4251,,https://www.petsmart.com/stores/us/mo/saint-louis-store1134.html,https://www.petsmart.com/account/contact
Phillips 66,amenity:fuel,"4205 Butler Hill Road, Saint Louis, MO, 63129",63129,Oakville,,,https://www.phillips66gas.com/station/P66-PETROMART-26-0000908220/,
Popeyes,amenity:fast_food,"4103 First Missouri CU Drive, Saint Louis, MO, 63129",63129,Oakville,+1 314-416-9464,,https://www.popeyes.com/store-locator/store/restaurant_84984,https://www.popeyes.com/store-locator/store/restaurant_84984
Qdoba,amenity:fast_food,"83 South County Center Way, Saint Louis, MO, 63129",63129,Oakville,+1 314-416-9800,,https://locations.qdoba.com/us/mo/st--louis/90-s-county-center-wy.html,
Quality Sight and Sound,shop:electronics,"4456 Telegraph Road, St. Louis, MO, 63129",63129,Oakville,+1-314-892-2680,,https://qualitysightandsound.com,
Regions Bank,amenity:bank,"5505 Telegraph Road, St. Louis, MO, 63129",63129,Oakville,,,,
Rich’s Frozen Custard,amenity:ice_cream,"6065 Telegraph Road, 63129",63129,Oakville,,,,
Sam's Club,shop:wholesale,"4512 Lemay Ferry Road, Saint Louis, MO, 63129",63129,Oakville,+1 314-892-5579,,https://www.samsclub.com/club/st-louis-mo-sams-club/8205,https://www.samsclub.com/club/st-louis-mo-sams-club/8205
St. Louis Bread Company,amenity:fast_food,"5696 Telegraph Road, Saint Louis, MO, 63129",63129,Oakville,+1 314-846-6800,,https://locations.panerabread.com/mo/st-louis/5696-telegraph-road.html,https://locations.panerabread.com/en-us/company/about-panera.html
Star Nails,shop:beauty,"6031 Telegraph Road, 63129",63129,Oakville,,,,
Subway,amenity:fast_food,"5530 Telegraph Road, St Louis, MO, 63129",63129,Oakville,+1 314-487-5959,,https://restaurants.subway.com/united-states/mo/st-louis/5530-telegraph-rd,https://www.subway.com/en-US/ContactUs/GuestCare
Taco Bell,amenity:fast_food,"5453 Telegraph Road, Saint Louis, MO, 63129",63129,Oakville,+1 314-892-4412,,https://locations.tacobell.com/mo/saint-louis/5453-telegraph-road.html,https://locations.tacobell.com/mo/saint-louis/5453-telegraph-road/breakfast.html
Tribble Vapors,shop:e-cigarette,"6055 Telegraph Road, 63129",63129,Oakville,,,,
U.S. Bank,amenity:bank,"110 South County Center Way, 63129",63129,Oakville,,,,
Walgreens,amenity:pharmacy,"5414 Telegraph Road, St. Louis, 63129",63129,Oakville,,,,
Walgreens,shop:chemist,"4400 Lemay Ferry Road, 63129",63129,Oakville,,,https://www.walgreens.com/locator/walgreens-4400+lemay+ferry+rd-saint+louis-mo-63129/id=5228,https://www.walgreens.com/youraccount/clhistory/contactlenshist.jsp
White Castle,amenity:fast_food,"4395 Lemay Ferry Road, 63129",63129,Oakville,,,,
신한온누리약국,amenity:pharmacy,"74 도령로, 제주시, 63129",63129,Oakville,+82 64 744 1783,,,
오름아래약국,amenity:pharmacy,"18 삼무로, 제주시, 63129",63129,Oakville,+82 64 805 2093,,,
오복류치과의원,amenity:dentist,"76 도령로, 제주시, 63129",63129,Oakville,+82 64 749 2233,,,
오복치과의원,amenity:dentist,"76 도령로, 제주시, 63129",63129,Oakville,+82 64 743 2875,,,
올레약국,amenity:pharmacy,"64 도령로, 제주시, 63129",63129,Oakville,+82 64 713 4886,,,
일품약국,amenity:pharmacy,"23 제원1길, 제주시, 63129",63129,Oakville,+82 64 745 5589,,,
하이치과의원,amenity:dentist,"2 삼무로, 제주시, 63129",63129,Oakville,+82 64 749 7528,,,
Ait3 Wireless and Smoke,shop:e-cigarette,"7844 Olive Boulevard, University City, MO, 63130",63130,University City,,,,
Aldi,shop:supermarket,"7701 Olive Boulevard, University City, MO, 63130",63130,University City,+1 855-955-2534,,https://stores.aldi.us/mo/university-city/7701-olive-blvd,https://www.aldi.us/store/aldi/pages/about-aldi
Alexander Reed Cleaners,shop:dry_cleaning,"1220 North and South Road, 63130",63130,University City,+1 314-863-9660,,https://www.alexanderreedcleaners.com/,https://www.alexanderreedcleaners.com/about/
Avalon Exchange,shop:second_hand,"6392 Delmar Boulevard, University City, MO, 63130",63130,University City,+1 314-725-2760,avalonstl@yahoo.com,https://avalonexchange.com/st-louis-mo/,
BBVA Bancomer,amenity:bank,"Avenida de los Insurgentes Poniente, Tepic, 63130",63130,University City,,,,
Ben & Jerry's,amenity:ice_cream,"6380 Delmar Boulevard, University City, MO, 63130",63130,University City,+1-314-721-8887,ucity@iccbenjerry.com,https://www.benjerry.com/ucity,https://www.benjerry.com/contact-us
Big River Running Company,shop:shoes;sports,"608;606 North and South Road, University City, MO, 63130",63130,University City,+1 314-727-4786,,https://bigriverrunning.com/running-shoesuniversity-city-mo/,
Blueberry Hill,amenity:bar,"6504 Delmar Boulevard, University City, MO, 63130",63130,University City,,,https://www.blueberryhill.com/,https://blueberryhill.com/contact-us/
Blueprint Coffee,amenity:cafe,"6225 Delmar Boulevard, 63130",63130,University City,+1 314-266-6808,orders@blueprintcoffee.com,https://blueprintcoffee.com,https://blueprintcoffee.com/about-us/
Boost Mobile,shop:mobile_phone,"Olive Boulevard, University City, MO, 63130",63130,University City,,,,
BP,amenity:fuel,"6700 Olive Boulevard, Saint Louis, MO, 63130",63130,University City,,,https://map.bp.com/en-US/US/gas-station/university-city/bp/00517676667006313000100000000000,
Brew Bites,amenity:restaurant,"6662 B Delmar Boulevard, 63130",63130,University City,+1 314-499-7000,,https://brewbites.food/,
Bridge Bread,shop:bakery,"616 North Skinker Boulevard, 63130",63130,University City,,info@bridgebread.org,https://bridgebread.org/,
Cha i Enjoy,shop:tea,"6331 Delmar Boulevard, 63130",63130,University City,+1-314-932-5779,chaienjoydelmar@gmail.com,https://www.chaienjoystl.com/,
Chicago Fish Chicken Grill,amenity:restaurant,"6707 Vernon Avenue, 63130",63130,University City,,,https://www.chicagofishchickenucity.com/,https://www.chicagofishchickenucity.com/
ChiliSpot,amenity:restaurant,"7930 Olive Boulevard, University City, MO, 63130",63130,University City,,,,
China King,amenity:restaurant,"7848 Olive Boulevard, University City, MO, 63130",63130,University City,+1 314-725-6888,,,
Comfort Architecture,office:architect,"7346 Westmoreland Drive, University City, 63130",63130,University City,+1 314-721-1020,user@domain.com,https://www.comfortarchitecture.com/,https://www.comfortarchitecture.com/contact
Corner 17,amenity:restaurant,"6623 Delmar Boulevard, University City, MO, 63130",63130,University City,+1-314-727-2402,,https://corner17usa.com/,https://corner17usa.com/#about
Crescent Plumbing Supply,shop:doityourself,"6614 Olive Boulevard, 63130",63130,University City,,,,
CVS Pharmacy,amenity:pharmacy,"6920 Olive Boulevard, University City, MO, 63130",63130,University City,,,https://www.cvs.com/store-locator/university-city-mo-pharmacies/6920-olive-blvd-university-city-mo-63130/storeid=18019?WT.mc_id=LS_GOOGLE_RX_18019,
Dewey's Pizza,amenity:restaurant,"559 North and South Road, University City, MO, 63130",63130,University City,+1 314-726-3434,,https://deweyspizza.com/location/u-city/,
Domino's,amenity:fast_food,"7018 Pershing Avenue, Saint Louis, MO, 63130",63130,University City,+1 314-726-3030,olocustomercare@dominos.com,https://pizza.dominos.com/missouri/saint-louis/7018-pershing-ave,https://www.dominos.com/en/about-pizza/
Domino's,amenity:fast_food,"6963 Olive Boulevard, University City, MO, 63130",63130,University City,+1 314-862-3030,olocustomercare@dominos.com,https://pizza.dominos.com/missouri/university-city/6963-olive-blvd,https://www.dominos.com/en/about-pizza/
Double Sword Ramen&Udon,amenity:restaurant,"8111 Olive Boulevard, University City, MO, 63130",63130,University City,,,,
El Maguey Mexican Restaurant,amenity:restaurant,"6333 Delmar Boulevard, University City, MO, 63130",63130,University City,,,,
Eldercare Law Practice,office:lawyer,"7171 Delmar Boulevard, University City, MO, 63130",63130,University City,+1-314-932-5573,,https://yourelderlawyers.com/,https://yourelderlawyers.com/contact/
Elmo's Love Lounge,amenity:bar,"7828 Olive Boulevard, University City, MO, 63130",63130,University City,,,,
Emporium Smoke Shop,shop:yes,"6254 Delmar Boulevard, Saint Louis, 63130",63130,University City,,,,
Fitz's,amenity:restaurant,"6605 Delmar Boulevard, 63130",63130,University City,+1 314-726-9555,,https://fitzsrootbeer.com/delmar-loop/,https://fitzsrootbeer.com/contact-us
Found.,shop:second_hand,"6325 Delmar Boulevard, 63130",63130,University City,+1 314-833-3474,fbtp.rocks@gmail.com,https://foundbythepound.com/,https://foundbythepound.com/about-us/
Gas Mart,shop:convenience,"6700 Olive Boulevard, Saint Louis, MO, 63130",63130,University City,,,https://map.bp.com/en-US/US/gas-station/university-city/bp/00517676667006313000100000000000,https://map.bp.com/en-US/US/gas-station/university-city/bp/00517676667006313000100000000000
Goodwill,shop:second_hand,"6531 Olive Boulevard, 63130",63130,University City,,,,
Green Center,office:foundation,"8025 Blackberry Avenue, University City, MO, 63130",63130,University City,+1-314-725-8314,,,
Gyro Grill,amenity:restaurant,"6227 Delmar Boulevard, 63130",63130,University City,+1 314-899-9437,,https://www.gyrogrillmo.com/,
Hatchet Haus 2.0 Bar & Grill,amenity:restaurant,"6662 C, 63130",63130,University City,+1-636-206-4937,hi@hatchethausaxethrowing.com,https://www.hatchethausaxethrowing.com/,
Hi/Tec Copy Center,shop:copyshop,"375 North Big Bend Boulevard, Saint Louis, MO, 63130",63130,University City,+13148634111,,,
Hitea,amenity:cafe,"6677 Delmar Boulevard, 63130",63130,University City,+1 314-449-6444,,https://www.hiteauniversitycity.com,https://www.hiteauniversitycity.com/
HKM Employment Attorneys LLP,office:lawyer,"7382 Pershing Avenue, Saint Louis, MO, 63130",63130,University City,+1-314-391-9558,,https://hkm.com/stlouis,https://hkm.com/stlouis/contact/
Honda,shop:car,"492 Avenida Insurgentes, Tepic, 63130",63130,University City,+52 800-5274663,,,
International Tap House,amenity:bar,"6217 Delmar Boulevard, 63130",63130,University City,,beer@internationaltaphouse.com,https://www.internationaltaphouse.com/delmar,https://www.internationaltaphouse.com/about
Jack in the Box,amenity:fast_food,"6950 Olive Boulevard, University City, MO, 63130",63130,University City,+1 314-862-6070,,https://locations.jackinthebox.com/us/mo/university-city/6950-olive-blvd,https://jackinthebox.com/contact
Jiffy Lube,shop:car_repair,"7500 Delmar Boulevard, 63130",63130,University City,,,,
Kaldi's Coffee,amenity:cafe,"270 North Skinker Boulevard, Saint Louis, MO, 63130",63130,University City,+1 314-862-4447,info@kaldiscoffee.com,https://kaldiscoffee.com/pages/location-kayaks,
KC Beauty Supply,shop:beauty,"7880 Olive Boulevard, University City, MO, 63130",63130,University City,,,,
Kimchi Guys,amenity:restaurant,"282 North Skinker Boulevard, Saint Louis, MO, 63130",63130,University City,,feedback@sohospitalitygroup.com,https://www.kimchiguys.com/,https://www.kimchiguys.com/about-3
"Laciny Bros., Inc.",craft:metal_construction,63130,63130,University City,+1 314-862-8330,,https://www.lacinybros.com,https://www.lacinybros.com/contact.html
Lee's Famous Recipe Chicken,amenity:fast_food,"6221 Vernon Avenue, University City, MO, 63130",63130,University City,,,,
Lupton Chapel,shop:funeral_directors,"7233 Delmar Boulevard, University City, MO, 63130",63130,University City,,,,
McDonald's,amenity:fast_food,"8127 Olive Boulevard, University City, MO, 63130",63130,University City,+1 314-994-1435,,https://www.mcdonalds.com/us/en-us/location/670.html,https://www.mcdonalds.com/us/en-us/contact-us.html
Meshuggah Café,amenity:cafe,"6269 Delmar Boulevard, 63130",63130,University City,,,https://meshuggahonline.square.site/,https://meshuggahonline.square.site/
Mi Ranchito,amenity:restaurant,"887 Kingsland Avenue, 63130",63130,University City,+1 314-863-1880,miranchito2005@yahoo.com,https://www.mi-ranchito-stl.com/,https://www.spothopperapp.com/contact-us?contact_reason=demo
Millbrook Pharmacy,amenity:pharmacy,"7010 Pershing Avenue, University City, MO, 63130",63130,University City,,,,
Miller Brothers Auto Service,shop:car_repair,"7170 Vernon Avenue, University City, MO, 63130",63130,University City,,,https://www.millerbrothersautoservice.com/,https://www.millerbrothersautoservice.com/Home/ContactUs
mySci Resource Center,office:yes,63130,63130,University City,+1 314-935-9856,schoolpartnership@wustl.edu,https://myscipartners.com/,https://myscipartners.com/contact-us/
Nami Ramen,amenity:restaurant,"278 North Skinker Boulevard, Saint Louis, MO, 63130",63130,University City,,,,
Neste Kuortane Mäyry,amenity:fuel,"10 Seinäjoentie, Kuortane, 63130",63130,University City,020 755 8730,vesa.jaskari@nestekuortane.fi,https://www.neste.fi/asema/neste-kuortane-mayry,
Olive Supermarket,shop:supermarket,"8041 Olive Boulevard, St. Louis, MO, 63130",63130,University City,+1-314-997-5168,info@yummy99.com,https://olive-supermarket-inc.mailchimpsites.com/,https://olive-supermarket-inc.mailchimpsites.com/
Papa John's,amenity:fast_food,"8107 Olive Boulevard, University City, MO, 63130",63130,University City,+1 314-569-5800,,https://locations.papajohns.com/united-states/mo/63130/university-city/8107-olive-boulevard,
Poke Doke,amenity:restaurant,"6316 Delmar Boulevard, 63130",63130,University City,,,https://www.pokedokestl.com/,
Ravintola Kuharanta,amenity:restaurant,"89 Vierteentie, Mäyry, 63130",63130,University City,,,,
Regions Bank,amenity:bank,"Delmar Boulevard, 63130",63130,University City,,,,
Sakatanoya,amenity:restaurant,"6683 Delmar Boulevard, 63130",63130,University City,+1-331-314-4157,sakatanoya@gmail.com,https://www.sakatanoya.com/,
Salt + Smoke,amenity:restaurant,"6525 Delmar Boulevard, 63130",63130,University City,+1 314-727-0200,info@saltandsmokestl.com,https://www.saltandsmokebbq.com/location/delmar/,
Schnucks,shop:supermarket,"6920 Olive Boulevard, University City, MO, 63130",63130,University City,,,https://locations.schnucks.com/mo-st-louis-125/,https://locations.schnucks.com/contact-us
Seoul Taco,amenity:restaurant,"6665 Delmar Boulevard, 63130",63130,University City,+1 314-863-1148,info@seoultaco.com,https://www.seoultaco.com/delmar-loop,
Session Taco,amenity:restaurant,"6235 Delmar Boulevard, 63130",63130,University City,+1 314-932-5430,info@missiontacojoint.com,https://www.sessiontaco.com/locations/delmar-loop,
Snarf's Sandwiches,amenity:fast_food,"360 North Skinker Boulevard, 63130",63130,University City,,skinker@snarfsstl.com,https://www.eatsnarfs.com/,
Soup Dumpling STL,amenity:restaurant,"8110 Olive Boulevard, 63130",63130,University City,+1 314-445-4605,,,
St. Louis Antiques,shop:antiques,"801 North Skinker Boulevard, 63130",63130,University City,,,,
Starbucks,amenity:cafe,"6621 Delmar Boulevard, University City, MO, 63130",63130,University City,+1 314-862-2664,,https://www.starbucks.com/store-locator/store/15853/delmar-loop-6621-delmar-blvd-university-city-mo-631304544-us,https://www.starbucks.com/store-locator/store/15853/delmar-loop-6621-delmar-blvd-university-city-mo-631304544-us
Subterranean Books,shop:books,"6271 Delmar Boulevard, 63130",63130,University City,+1 314-862-6100,info@subbooks.com,https://store.subbooks.com/,
Subway,amenity:fast_food,"7888 Olive Boulevard, University City, MO, 63130",63130,University City,+1 314-863-0029,,https://restaurants.subway.com/united-states/mo/university-city/7888-olive-blvd,https://www.subway.com/en-US/ContactUs/GuestCare
Sumo,amenity:restaurant,"6314 Delmar Boulevard, University City, MO, 63130",63130,University City,,,https://www.sumostl.com/,https://www.sumostl.com/
Taco Bell,amenity:fast_food,"851 North Skinker Boulevard, Saint Louis, MO, 63130",63130,University City,+1 314-863-3315,,https://locations.tacobell.com/mo/saint-louis/851-n-skinker-blvd.html,https://locations.tacobell.com/mo/saint-louis/851-n-skinker-blvd/breakfast.html
Taste of India,amenity:restaurant,"608 Eastgate Avenue, 63130",63130,University City,+1 314-833-4055,,https://www.tasteofindiastl.com/,https://www.tasteofindiastl.com/
Thai Country Cafe,amenity:restaurant,"6223 Delmar Boulevard, 63130",63130,University City,+1 314-862-0787,,,
Thai Gaiyang Cafe,amenity:restaurant,"6248 Delmar Boulevard, Saint Louis, 63130",63130,University City,+1 314-862-4400,,https://www.patsthairstaurants.com,
The Black Rep,amenity:theatre,"813 North Skinker Boulevard, 63130",63130,University City,+1 314-534-3810,info@theblackrep.org,https://www.theblackrep.org,
The Loop Laundry,shop:laundry,"877 Kingsland Avenue, 63130",63130,University City,+1 314-725-1567,,,
The Passport,amenity:bar,"6275 Delmar Boulevard, 63130",63130,University City,,info@pourdecisionsstl.com,https://pourdecisionsstl.com/,https://pourdecisionsstl.com/about-the-passport
The School District of University City,office:government,"7700 Olive Boulevard, 63130",63130,University City,+1 314-290-4000,communications@ucityschools.org,https://www.ucityschools.org,
Three Kings Public House,amenity:bar,"6307 Delmar Boulevard, University City, MO, 63130",63130,University City,,,,
Tire Zone,shop:tyres,"8107 Page Avenue, St Louis, MO, 63130",63130,University City,+1-314-736-4770,,http://tirezonestlouis.com,
Tous les Jous,shop:bakery,"6681 Delmar Boulevard, 63130",63130,University City,+1 314-926-0799,,https://tljus.com/,https://tljus.com/contact
Trusted Shearz,shop:hairdresser,"7852 Olive Boulevard, University City, MO, 63130",63130,University City,,,,
Turmeric,amenity:restaurant,"6679 Delmar Boulevard, 63130",63130,University City,+1 314-899-9995,,https://www.turmericstl.com/,
U City Farmers,shop:farm,"6655 Delmar Boulevard, 63130",63130,University City,,,https://midwestfarmersmarkets.org/u-city-farmers-market/,https://midwestfarmersmarkets.org/contact/
Umami Seasons Hotpot,amenity:restaurant,"6602 Delmar Boulevard, University City, MO, 63130",63130,University City,+1-314-319-1146,,,
United Provisions,shop:supermarket,"6241 Delmar Boulevard, St. Louis, 63130",63130,University City,+1 314-833-5699,info@unitedprovisions.com,https://unitedprovisions.com/,https://unitedprovisions.com/contact/
v12 autolavado y detallado,amenity:car_wash,"381 Roble, Tepic, 63130",63130,University City,,,,
Walgreens,amenity:pharmacy,"7501 Olive Boulevard, 63130",63130,University City,,,,
White Castle,amenity:fast_food,"7380 Olive Boulevard, University City, MO, 63130",63130,University City,+13147276854,snapchat@whitecastle.com,http://www.whitecastle.com/,http://www.whitecastle.com/
Winslow's Table,amenity:restaurant,"7213 Delmar Boulevard, University City, 63130",63130,University City,+1-314-725-7559,info@winslowstable.com,https://www.takeroothospitality.com/winslows-table,
ALDI,shop:supermarket,"12145 Manchester Road, Des Peres, 63131",63131,Des Peres,,,https://stores.aldi.us/mo/des-peres/12145-manchester-rd,https://www.aldi.us/store/aldi/pages/about-aldi
American Eagle Credit Union,amenity:bank,"2175 Barrett Station Road, 63131",63131,Des Peres,,,,
BP Shop,shop:convenience,"814 South Lindbergh Boulevard, Ladue, 63131",63131,Des Peres,,,,
Brio,amenity:restaurant,"1601 South Lindbergh Boulevard, Frontenac, 63131",63131,Des Peres,,,,
Canyon Cafe,amenity:restaurant,"2 Plaza Frontenac Street, Frontenac, 63131",63131,Des Peres,,,https://canyoncafe.com/,https://canyoncafe.com/
Carrollton Bank,amenity:bank,"11710 Manchester Road, Des Peres, 63131",63131,Des Peres,,,,
Chick-fil-A,amenity:fast_food,"184 West County Center Spc North, Des Peres, MO, 63131",63131,Des Peres,+1 314-314-6618,,https://www.chick-fil-a.com/locations/mo/west-county-center,https://www.chick-fil-a.com/locations/mo/west-county-center#about-us
Chipotle,amenity:fast_food,"13307 Manchester Road, Des Peres, MO, 63131",63131,Des Peres,+1 314-403-8001,mo.3943.mancheste@chipotle.com,https://locations.chipotle.com/mo/des-peres/13307-manchester-rd,https://chipotle.com/rewards
Chipotle,amenity:fast_food,"80 West County Center, Des Peres, MO, 63131",63131,Des Peres,+1 314-677-2010,mo.2213.wcomallfc@chipotle.com,https://locations.chipotle.com/mo/des-peres/80-w-county-ctr,https://chipotle.com/rewards
Circle K,shop:convenience,"12804 Manchester Road, Des Peres, MO, 63131",63131,Des Peres,,,https://www.circlek.com/store-locator/US/des-peres/12804-manchester-rd/4701649,https://www.circlek.com/contact
Claychester Cleaners,shop:dry_cleaning,"12026 Manchester Road, 63131",63131,Des Peres,+1-314-822-9090,,,
Des Peres 14 Cine,amenity:cinema,"12701 Manchester Road, Des Peres, 63131",63131,Des Peres,,,https://marcustheatres.com,https://marcustheatres.com
Dick's Sporting Goods,shop:sports,"200 West County Center Drive, Des Peres, MO, 63131",63131,Des Peres,+1 314-649-1400,,https://stores.dickssportinggoods.com/mo/des-peres/452/,https://stores.dickssportinggoods.com/mo/des-peres/452/
Dierbergs,shop:supermarket,"1080 Lindemann Road, Des Peres, MO, 63131",63131,Des Peres,,,https://www.dierbergs.com/store-locations/des-peres-market,https://www.dierbergs.com/store-locations/des-peres-market
Dierbergs Pharmacy,amenity:pharmacy,"1080 Lindemann Road, Des Peres, 63131",63131,Des Peres,,,,
Donald Danforth Plant Science Center,office:research,"975 North Warson Road, Olivette, MO, 63131",63131,Des Peres,,,,
Edward Jones Investments,office:financial,"12555 Manchester Road, Des Peres, 63131",63131,Des Peres,,,,
First Community Credit Union,amenity:bank,"12340 Manchester Road, Des Peres, 63131",63131,Des Peres,,,,
Fleming's,amenity:restaurant,"1855 South Lindbergh Boulevard, Frontenac, MO, 63131",63131,Des Peres,,,,
Frontenac Police Department,office:government,"10555 Clayton Road, Frontenac, MO, 63131",63131,Des Peres,,,,
Frontenac Racquet Club,leisure:sports_centre,"10455 German Blvd., 63131",63131,Des Peres,,,,
Golf Galaxy,shop:sports,"11955 Manchester Road, Des Peres, 63131",63131,Des Peres,,,,
Honda of Frontenac,shop:car,"885 South Lindbergh Boulevard, Frontenac, 63131",63131,Des Peres,+1-888-486-7933,,https://www.hondafrontenac.com/,https://www.hondafrontenac.com/contactus
Jamba,amenity:fast_food,"80 West County Center Drive, Des Peres, MO, 63131",63131,Des Peres,+1 866-473-7848,,https://locations.jamba.com/mo/des-peres/80-w-county-center-drive,https://www.jamba.com/contact-us
James Avery Jewelry,shop:jewelry,"80 West County Center #2085, Des Peres, 63131",63131,Des Peres,+1 314-909-1068,,https://www.jamesavery.com/custserv/store_details.jsp?storeId=732,
KPP Pratama Madiun,office:government,"4 Jalan Mayjend DI. Panjaitan, 63131",63131,Des Peres,,,,
Life Time,leisure:fitness_centre,"2051 South Lindbergh Boulevard, Frontenac, MO, 63131",63131,Des Peres,,frontenac@ltfinc.onmicrosoft.com,https://www.lifetime.life/life-time-locations/mo-frontenac.html,https://www.lifetime.life/life-time-locations/mo-frontenac.html#ltAboutLifeTime94f8
McAlister's Deli,amenity:restaurant,"12101 Manchester Road, Des Peres, 63131",63131,Des Peres,+1 314 238 3354,,http://www.mcalistersdeli.com/locations?q=63131#id=e325107555,
Michaels,shop:craft,"11945 Manchester Road, Des Peres, 63131",63131,Des Peres,,,,
Midwest Sport Hockey,leisure:sports_centre,"570 Weidman Road, Manchester, MO, 63131",63131,Des Peres,+1-636-230-6466,,https://midwestsporthockey.com/,
Neiman Marcus,shop:department_store,"100 Plaza Frontenac Street, Frontenac, 63131",63131,Des Peres,,,,
Panda Express,amenity:fast_food,"188 West County Center, Des Peres, MO, 63131",63131,Des Peres,+1 314-821-1860,,https://www.pandaexpress.com/locations/mo/des-peres/2170,
Plaza Frontenac,shop:mall,"1701 South Lindbergh Boulevard, Frontenac, 63131",63131,Des Peres,,frontenac@bricktops.com,https://www.plazafrontenac.com/,https://www.plazafrontenac.com/en/contact-us
Red Robin,amenity:restaurant,"13001 Manchester Road, Des Peres, 63131",63131,Des Peres,,media@redrobin.com,https://redrobin.com,https://redrobin.com/contact
Regions Bank,amenity:bank,"11801 Manchester Road, Des Peres, 63131",63131,Des Peres,,,,
Russel Stover,shop:chocolate,"11697 Manchester Road, Des Peres, 63131",63131,Des Peres,,,,
Saks Fifth Avenue,shop:department_store,"1 Plaza Frontenac Street, Frontenac, 63131",63131,Des Peres,,,,
Sam's Club,shop:wholesale,"13455 Manchester Road, Saint Louis, MO, 63131",63131,Des Peres,+1 314-822-7200,,https://www.samsclub.com/club/st-louis-mo-sams-club/8182,https://www.samsclub.com/club/st-louis-mo-sams-club/8182
Schnucks,shop:supermarket,"12332 Manchester Road, Des Peres, 63131",63131,Des Peres,+1 314 965 3094,,https://www.schnucks.com/web/about/locations/store.asp?store=209,
Shell,amenity:fuel,"12200 Clayton Road, Saint Louis, 63131",63131,Des Peres,,,,
St Luke's Convenient Care,amenity:pharmacy,"1080 Lindeman Road, Des Peres, 63131",63131,Des Peres,,,,
Starbucks,amenity:cafe,"13448 Clayton Road, Mason Woods Village, MO, 63131",63131,Des Peres,+1 314-275-8784,,https://www.starbucks.com/store-locator/store/11867/clayton-rd-mason-13448-clayton-road-town-and-country-mo-631311006-u,https://www.starbucks.com/store-locator/store/11867/clayton-rd-mason-13448-clayton-road-town-and-country-mo-631311006-u
Starbucks,amenity:cafe,"1500 South Lindbergh Boulevard, Ladue, MO, 63131",63131,Des Peres,+1 314-993-5942,,https://www.starbucks.com/store-locator/store/16937/lindbergh-clayton-1500-s-lindbergh-blvd-ladue-mo-631313513-us,https://www.starbucks.com/store-locator/store/16937/lindbergh-clayton-1500-s-lindbergh-blvd-ladue-mo-631313513-us
Tate Esq.,office:financial,"745 Old Frontenac Square, Frontenac, 63131",63131,Des Peres,+1-314-884-1886,,https://tateesq.com/,https://tateesq.com/contact
The Daily Bread Bakery & Cafe,amenity:cafe,"11719 Manchester Road, Saint Louis, 63131",63131,Des Peres,+1-314-909-0010,,https://www.thedbcafe.com,https://www.thedbcafe.com
The Shack,amenity:restaurant,"731 South Lindbergh Boulevard, Frontenac, 63131",63131,Des Peres,,,,
Trader Joe's,shop:supermarket,"13343 Manchester Road, 63131",63131,Des Peres,,,,
Trident Steel Corporation,office:yes,"12825 Flushing Meadows Dr, St Louis, 63131",63131,Des Peres,,,https://tridentsteel.com/,https://tridentsteel.com/contact-us/
United Garage Door Repair,shop:repair,"12831 Daylight Drive, St Louis, MO, 63131",63131,Des Peres,+13143000081,unitedgaragedoorrepairstl@gmail.com,https://www.unitedgaragedoorrepair.com/,https://www.unitedgaragedoorrepair.com/about-us
Walgreens,amenity:pharmacy,"12006 Manchester Road, Des Peres, 63131",63131,Des Peres,,,,
West County Center,shop:mall,"80 West County Center, Des Peres, 63131",63131,Des Peres,+1 314-288-2020,,https://www.shopwestcountycenter.com/,https://www.shopwestcountycenter.com/contact
White Castle,amenity:fast_food,"13600 Manchester Road, 63131",63131,Des Peres,,,,
더 헤이븐,amenity:cafe,"10-1 제원4길, 제주시, 63131",63131,Des Peres,,,,
보건약국,amenity:pharmacy,"37 연동3길, 제주시, 63131",63131,Des Peres,,,,
홍익한약국,amenity:pharmacy,"87 노연로, 제주시, 63131",63131,Des Peres,+82 64 749 8818,,,
39North,office:charity,"1001, Suite 201 North Warson Road, 63132",63132,Olivette,,rishi@39northstl.org,https://39northstl.org/,https://39northstl.org/contact/
Accolade Healthcare,office:company,"9433 Olive Boulevard, Olivette, MO, 63132",63132,Olivette,,,https://accoladehc.com/,https://accoladehc.com/contact-us/
Alpha Dental Care,amenity:dentist,"9433 Olive Boulevard, Olivette, MO, 63132",63132,Olivette,,,,
Anytime Fitness,leisure:fitness_centre,"9654 Olive Boulevard, Olivette, MO, 63132",63132,Olivette,+1 314-986-9585,mediainquiries@sebrands.com,https://www.anytimefitness.com/gyms/4112/olivette-mo-63132/,mailto:mediainquiries@sebrands.com?subject=Contact%20from%20website
Arby's,amenity:fast_food,"10511 Page Avenue, Saint Louis, MO, 63132",63132,Olivette,+1 314-890-0300,,https://www.arbys.com/locations/us/mo/st--louis/10511-page-ave/store-6258/,https://www.arbys.com/locations/us/mo/st--louis/10511-page-ave/store-6258/
Arch Design,office:consulting,"1188 Walters Way Lane, Saint Louis, MO, 63132",63132,Olivette,,,https://arch-design.com/,https://arch-design.com/contact-us/
Artery Custom Framing,shop:picture_frame,"1244 Dielman Industrial Court, Olivette, MO, 63132",63132,Olivette,,thearteryframing@yahoo.com,https://www.arteryframing.com/,https://www.arteryframing.com/
Assurance Home Health Services LLC,office:company,"1515 North Warson Road, St. Louis, MO, 63132",63132,Olivette,+1-314-395-2858,,https://www.assurance-hhs.com/,
Auto Beauty Specialists,shop:car_repair,"1223 North Price Road, Saint Louis, MO, 63132",63132,Olivette,,,https://autobeauty.com/,https://autobeauty.com/contact/
Bank of America,amenity:bank,"9629 Olive Boulevard, Olivette, MO, 63132",63132,Olivette,,patrick.l.savage@ml.com,https://locators.bankofamerica.com/mo/olivette/financial-centers-olivette-9309.html,https://www.bankofamerica.com/customer-service/contact-us/
Bazan Painting Company,craft:painter,"1273 North Price Road, Saint Louis, MO, 63132",63132,Olivette,,info@bazanpainting.com,https://bazanpainting.com/,https://bazanpainting.com/contact-us/
Big Heads Gift Shop,shop:gift,"8326 Olive Boulevard, St Louis, MO, 63132",63132,Olivette,+1-314-918-5913,bigheadsgifts@gmail.com,https://bigheadsgifts.com/,
BP,amenity:fuel,"9680 Olive Boulevard, Olivette, MO, 63132",63132,Olivette,,,,
BRDG Park,office:research,"1005 North Warson Road, Olivette, MO, 63132",63132,Olivette,,,,
Bucky's Convenience Store,amenity:fuel,"9791 Page Avenue, Saint Louis, MO, 63132",63132,Olivette,,,,
CBD Kratom,shop:cannabis,"9201 Olive Boulevard, Olivette, MO, 63132",63132,Olivette,,customerservice@cbdkratom.com,https://shopcbdkratom.com/pages/st-louis,https://shopcbdkratom.com/pages/contact-us
Central Midwest Water Science Center - Olivette Office,office:government,"9351 Dielman Industrial Drive, Olivette, MO, 63132",63132,Olivette,,,,
Chevys,amenity:restaurant,"9119 Olive Boulevard, Olivette, MO, 63132",63132,Olivette,,,,
Chick-fil-A,amenity:fast_food,"8637 Olive Boulevard, Saint Louis, MO, 63132",63132,Olivette,+1 314-370-6946,,https://www.chick-fil-a.com/locations/mo/university-city-mo,https://www.chick-fil-a.com/locations/mo/university-city-mo#about-us
Classic Aire Care,craft:hvac,"1276 North Warson Road, St. Louis, MO, 63132",63132,Olivette,+1-314-352-1111,duncan.mckee@heartland.com,https://www.classicairecare.com/,https://www.classicairecare.com/contact-us/
Clay Piping Systems,office:construction_company,"1360 North Price Road, Saint Louis, MO, 63132",63132,Olivette,,admin@clayps.com,https://clayps.com/,https://clayps.com/contact-us/
Color Art,office:company,"1325 North Warson Road, Saint Louis, MO, 63132",63132,Olivette,,,https://www.color-art.com/,
Costco,shop:wholesale,"8685 Olive Boulevard, Saint Louis, MO, 63132",63132,Olivette,+1 314-219-5300,,https://www.costco.com/warehouse-locations/saint-louis-MO-1488.html,
Costco Food Court,amenity:fast_food,"8685 Olive Boulevard, Saint Louis, MO, 63132",63132,Olivette,+1-314-598-4853,,https://www.costco.com/warehouse-locations/saint-louis-MO-1488.html,
Costco Gasoline,amenity:fuel,"Olive Boulevard, Saint Louis, MO, 63132",63132,Olivette,+1-314-219-5300,,https://www.costco.com/warehouse-locations/saint-louis-MO-1488.html,
Costco Hearing Aid Center,shop:hearing_aids,"8685 Olive Boulevard, Saint Louis, MO, 63132",63132,Olivette,+1-314-219-5480,,https://www.costco.com/warehouse-locations/saint-louis-MO-1488.html,
Costco Optical,shop:optician,"8685 Olive Boulevard, Saint Louis, MO, 63132",63132,Olivette,+1-314-219-5332,,https://www.costco.com/warehouse-locations/saint-louis-MO-1488.html,
Costco Pharmacy,amenity:pharmacy,"8685 Olive Boulevard, Saint Louis, MO, 63132",63132,Olivette,+1-314-219-5209,,https://www.costco.com/warehouse-locations/saint-louis-MO-1488.html,
Costco Tire Center,shop:tyres,"8685 Olive Boulevard, Saint Louis, MO, 63132",63132,Olivette,+1-314-219-5300,,https://www.costco.com/warehouse-locations/saint-louis-MO-1488.html,
CoverCress,office:company,"1249 North Warson Road, Saint Louis, MO, 63132",63132,Olivette,,info@covercress.com,https://www.covercress.com/,https://www.covercress.com/contact-us
Cres Continental,office:estate_agent,"9362 Dielman Industrial Drive, Olivette, MO, 63132",63132,Olivette,,,,
Crown Lift Trucks,shop:rental,"9388 Dielman Industrial Drive, Olivette, MO, 63132",63132,Olivette,,,,
Custom Foam Replacement Cushions,craft:cushion,"9225 Olive Boulevard, Saint Louis, MO, 63132",63132,Olivette,,,,
CVS Pharmacy,shop:chemist,"9141 Olive Boulevard, Olivette, MO, 63132",63132,Olivette,,,https://www.cvs.com/store-locator/olivette-mo-pharmacies/9141-olive-blvd-olivette-mo-63132/storeid=5670,https://www.cvs.com/minuteclinic/info/contact
Decker Tailoring,shop:tailor,"616 North McKnight Road, Saint Louis, MO, 63132",63132,Olivette,,,https://ssgrinberg59.wixsite.com/deckertailoring,https://ssgrinberg59.wixsite.com/deckertailoring
Desco Coatings,craft:floorer,"9597 Dielman Rock Island Industrial Drive, Olivette, MO, 63132",63132,Olivette,,name@domain.com,https://www.descocoatings.com/,http://www.descocoatings.com/contact-us/
Dobbs Tire and Auto Center,shop:car_repair,"9598 Olive Boulevard, Olivette, MO, 63132",63132,Olivette,,,,
Dollar Tree,shop:variety_store,"9435 Olive Boulevard, Olivette, MO, 63132",63132,Olivette,,,https://www.dollartree.com/locations/mo/olivette/8054/,
Domino's,amenity:fast_food,"9620 Olive Boulevard, Olivette, MO, 63132",63132,Olivette,+1 314-432-2530,olocustomercare@dominos.com,https://pizza.dominos.com/missouri/olivette/9620-olive-blvd,https://www.dominos.com/en/about-pizza/
Durango Grocery Store,shop:grocery,"10232 Page Avenue, Overland, MO, 63132",63132,Olivette,,,,
Edward Jones,office:financial_advisor,"9447 Olive Boulevard, Olivette, MO, 63132",63132,Olivette,,,,
Emerest Health of Missouri,office:company,"9270 Olive Boulevard, Saint Louis, MO, 63132",63132,Olivette,,,https://www.emerest.com/,https://www.emerest.com/about/
Enterprise,office:company,"9315 Olive Boulevard, Saint Louis, MO, 63132",63132,Olivette,,,,
Enterprise Bank and Trust,amenity:bank,"1281 North Warson Road, Saint Louis, MO, 63132",63132,Olivette,,,,
Euro Car,shop:car_repair,"10765 Page Avenue, St. Louis, MO, 63132",63132,Olivette,+1-314-427-5120,,https://eurocarstl.net,
Extra Space Storage,shop:storage_rental,"11100 Linpage Place, Saint Louis, MO, 63132",63132,Olivette,+1 314-499-5981,johnsmith@email.com,https://www.extraspace.com/storage/facilities/us/missouri/st_louis/4042/,https://www.extraspace.com/help/contact/
Festive,shop:florist,"9355 Dielman Industrial Drive, Olivette, MO, 63132",63132,Olivette,,,,
Fire Chicken,amenity:restaurant,"10200 Page Avenue, Overland, MO, 63132",63132,Olivette,,,,
Gateway Biotechnology,office:company,"1154 North Warson Road, Saint Louis, MO, 63132",63132,Olivette,,,https://www.gatewaybiotechnology.com/,
HDIS,shop:medical_supply,"9385 Dielman Industrial Drive, Olivette, MO, 63132",63132,Olivette,,,,
Hydro Dynamics Corp,craft:gardener,"9223 Olive Boulevard, Saint Louis, MO, 63132",63132,Olivette,,,https://hydrodynamicscorp.com/,https://hydrodynamicscorp.com/contact-us/
I Love Mr. Sushi,amenity:restaurant,"9443 Olive Boulevard, Olivette, MO, 63132",63132,Olivette,,,https://ilovemrsushi.com/,https://ilovemrsushi.com/
Infinity Fitness,leisure:fitness_centre,"608 North McKnight Road, Saint Louis, MO, 63132",63132,Olivette,,,https://infinityfitnessstl.com/,http://infinityfitnessstl.com/#contact
Jiffy Lube,shop:car_repair,"9405 Olive Boulevard, Saint Louis, MO, 63132",63132,Olivette,,,,
Jimmy John's,amenity:fast_food,"9200 Olive Boulevard, Olivette, MO, 63132",63132,Olivette,+1 314-989-0033,,https://locations.jimmyjohns.com/mo/olivette/sandwiches-821.html,https://www.jimmyjohns.com/contact-us/feedback
KFC,amenity:fast_food,"10557 Page, Saint Louis, MO, 63132",63132,Olivette,,,https://locations.kfc.com/mo/saint-louis/10557-page,https://www.kfc.com/contact
Kone,office:company,"9324 Dielman Industrial Drive, Olivette, MO, 63132",63132,Olivette,,,,
Kopytek Incorporated,shop:printing,"9595 Dielman Rock Island Industrial Drive, Saint Louis, MO, 63132",63132,Olivette,,sales@kopytek.com,https://www.kopytek.com/,https://www.kopytek.com/contact/
Kriegshauser Mortuary,shop:funeral_directors,"9450 Olive Boulevard, Olivette, MO, 63132",63132,Olivette,,,https://kriegshausermortuary.com,
License Bureau,office:government,"9652 Olive Boulevard, Olivette, MO, 63132",63132,Olivette,+1 314-692-8222,,,
Lou Fusz Kia,shop:car,"1025 North Lindbergh Boulevard, Creve Coeur, MO, 63132",63132,Olivette,,,,
Lu Lu's Seafood and Dimsum,amenity:restaurant,"8224 Olive Boulevard, University City, MO, 63132",63132,Olivette,,,https://www.luluseafoodrestaurant.com/menu.aspx,https://www.luluseafoodrestaurant.com/menu.aspx
McDonald's,amenity:fast_food,"9406 Olive Boulevard, Olivette, MO, 63132",63132,Olivette,+1 314-991-0037,,https://www.mcdonalds.com/us/en-us/location/6109.html,https://www.mcdonalds.com/us/en-us/contact-us.html
McDonald's,amenity:fast_food,"10431 Page Avenue, Saint Louis, MO, 63132",63132,Olivette,+1 314-428-4425,,https://www.mcdonalds.com/us/en-us/location/2750.html,https://www.mcdonalds.com/us/en-us/contact-us.html
N and J Nails,shop:beauty,"9445 Olive Boulevard, Olivette, MO, 63132",63132,Olivette,,,,
NJC Printing,shop:copyshop,"1257 North Warson Road, Saint Louis, MO, 63132",63132,Olivette,+1 314-432-7774,support@njcprint.com,https://www.njcprint.com/,https://www.njcprint.com/contact/contact-us.html
Olive Corporate Center,office:yes,"9666 Olive Boulevard, Olivette, MO, 63132",63132,Olivette,,,,
Olivette Lanes,leisure:bowling_alley,"9520 Olive Boulevard, Olivette, MO, 63132",63132,Olivette,,,,
On the Run,shop:convenience,"9371 Olive Boulevard, Olivette, MO, 63132",63132,Olivette,,,,
Party City,shop:party,"9612 Olive Boulevard, Olivette, MO, 63132",63132,Olivette,+1 314-530-9953,info@stagheaddesigns.com,https://stores.partycity.com/us/mo/olivette/party-store-pc561.html,https://www.partycity.com/pages/contact
Pizza Hut,amenity:restaurant,"10082 Page Avenue, Saint Louis, MO, 63132",63132,Olivette,+1 314-428-1445,,https://locations.pizzahut.com/mo/saint-louis/10082-page-ave,
Planthaven Farms Garden Center,shop:garden_centre,"9504 Olive Boulevard, Olivette, MO, 63132",63132,Olivette,,,,
Popeyes,amenity:fast_food,"10545 Page Avenue, Saint Louis, MO, 63132",63132,Olivette,+1 314-428-2429,,https://www.popeyes.com/store-locator/store/restaurant_86670,https://www.popeyes.com/store-locator/store/restaurant_86670
PreventEd,office:association,"9355 Olive Boulevard, Olivette, MO, 63132",63132,Olivette,,acampbell@prevented.org,https://prevented.org/,https://prevented.org/resources/contact-a-counselor/
Primm Place Apartments Leasing Center,office:property_management,"9800 Chicago Heights Boulevard, Saint Louis, MO, 63132",63132,Olivette,,,,
Rally's,amenity:fast_food,"10334 Page Avenue, Overland, MO, 63132",63132,Olivette,,,https://checkersandrallys.com/location/rally-s-8136-page-ave-347460,
Rezults,shop:hairdresser,"9449 Olive Boulevard, Olivette, MO, 63132",63132,Olivette,,,https://www.rezultsalon.com/,
Scooter's Coffee,amenity:cafe,"10190 Page Avenue, Overland, MO, 63132",63132,Olivette,,,,
Shabu Day,amenity:restaurant,"8237 Olive Boulevard, University City, MO, 63132",63132,Olivette,,,,
Shane Company,shop:jewelry,"9643 Olive Boulevard, Olivette, MO, 63132",63132,Olivette,,customerservice@shaneco.com,https://shaneco.com/,https://shaneco.com/customer-service?promo_name=nav&promo_id=utility&promo_creative=help_contactus
Side of Seoul,amenity:restaurant,"10084 Page Avenue, Saint Louis, MO, 63132",63132,Olivette,,,https://sos-sides-of-seoul-korean-take-out.business.site/,
Simmons Bank,amenity:bank,"9769 Olive Boulevard, Olivette, MO, 63132",63132,Olivette,,,,
Simply Clean Laundry Service,shop:laundry,"10420 Liberty Avenue, St. Louis, MO, 63132",63132,Olivette,+1-314-455-8580,info@simplycleanlaundry.com,https://www.simplycleanlaundry.com,
St Louis Kolache,shop:pastry,"1300 North Lindbergh Boulevard, Creve Coeur, MO, 63132",63132,Olivette,,info@americankolache.com,https://stlkolache.com/,https://stlkolache.com/
St. Louis Arc,office:ngo,"1177 North Warson Road, Saint Louis, MO, 63132",63132,Olivette,,,,
Studio 21,shop:hairdresser,"9637 Olive Boulevard, Olivette, MO, 63132",63132,Olivette,,,https://www.facebook.com/studio21stl/,https://www.facebook.com/studio21stl/
Subway,amenity:fast_food,"9641 Olive Boulevard, Olivette, MO, 63132",63132,Olivette,+1 314-997-7827,,https://restaurants.subway.com/united-states/mo/st-louis/9641-olive-blvd,https://www.subway.com/en-US/ContactUs/GuestCare
Sum Tea House,amenity:cafe,"8501 Olive Boulevard, Saint Louis, MO, 63132",63132,Olivette,+1-314-222-1540,,https://sumteahouse.com/,
Sunrise Massage and Spa,shop:massage,"9441 Olive Boulevard, Olivette, MO, 63132",63132,Olivette,,,https://sunrisemassagespa-massagespa.business.site/,
Taco Bell,amenity:fast_food,"9339 Olive Boulevard, Olivette, MO, 63132",63132,Olivette,+1 314-997-2611,,https://locations.tacobell.com/mo/olivette/9339-olive-blvd.html,https://locations.tacobell.com/mo/olivette/9339-olive-blvd/breakfast.html
Tai Ke Shabu Shabu,amenity:restaurant,"9626 Olive Boulevard, Olivette, MO, 63132",63132,Olivette,,,,
Taqueria Durango,amenity:restaurant,"10238 Page Avenue, Overland, MO, 63132",63132,Olivette,,,https://www.facebook.com/TaqueriaDurangoSaintLouis/,https://www.facebook.com/TaqueriaDurangoSaintLouis/
The Caramel House,shop:confectionery,"9639 Olive Boulevard, Olivette, MO, 63132",63132,Olivette,,,,
The Enchanted Bride,shop:clothes,"9611 Olive Boulevard, Olivette, MO, 63132",63132,Olivette,,,,
The Gund Company,office:yes,"933 Dielman Industrial Drive, Olivette, MO, 63132",63132,Olivette,,,https://thegundcompany.com,https://thegundcompany.com/contact-the-gund-company/material-quote-request/
Thermal Concepts Inc.,shop:bathroom_furnishing,"1665 Lotsie Boulevard, St. Louis, 63132",63132,Olivette,+1 314-428-1111,smasterson61@gmail.com,https://www.stlouisclosetandshower.com/,
Turec Advertising Associates,office:advertising_agency,"9272 Olive Boulevard, Saint Louis, MO, 63132",63132,Olivette,,,,
U Store It,shop:storage_rental,"10000 Page Avenue, Overland, MO, 63132",63132,Olivette,,,https://www.a1ustoreit.com/,https://www.a1ustoreit.com/
University of Missouri Extension Office,office:educational_institution,"9667 Page Avenue, Saint Louis, MO, 63132",63132,Olivette,+1-314-400-2115,stlouisco@missouri.edu,https://extension.missouri.edu/locations/mu-extension-in-st-louis-county,https://missouri.qualtrics.com/jfe/form/SV_9RBLpxqiJJhIrBP
Vintech,craft:electronics_repair,"9715 Olive Boulevard, Olivette, MO, 63132",63132,Olivette,,info@vintech.com,http://www.vintech.com/index.html,http://www.vintech.com/contact.html
Virginia Tile,shop:tiles,"9215 Dielman Industrial Drive, Saint Louis, MO, 63132",63132,Olivette,,,,
Walgreens,shop:chemist,"9395 Olive Boulevard, Saint Louis, MO, 63132",63132,Olivette,,,https://www.walgreens.com/locator/walgreens-9395+OLIVE+BLVD-Olivette-MO-63132/id=6350,https://www.walgreens.com/youraccount/clhistory/contactlenshist.jsp
Wendy's,amenity:fast_food,"10710 Page Avenue, Saint Louis, MO, 63132",63132,Olivette,+1 314-423-9605,,https://locations.wendys.com/united-states/mo/saint-louis/10710-page-ave,https://www.wendys.com/contact-us
아주약국,amenity:pharmacy,"80 노연로, 제주시, 63132",63132,Olivette,+82 64 744 2688,,,
에이플러스약국,amenity:pharmacy,"70 노연로, 제주시, 63132",63132,Olivette,+82 70 8900 3345,,,
자연약국,amenity:pharmacy,"90 노연로, 제주시, 63132",63132,Olivette,+82 64 712 1596,,,
24:1 Cinema,amenity:cinema,"6755 Page Avenue, Pagedale, 63133",63133,Pagedale,+1-314-721-6241,,https://www.24-1cinema.com/,https://www.24-1cinema.com/contactus
New제주약국,amenity:pharmacy,"8 연동8길, 제주시, 63133",63133,Pagedale,+82 64 752 5244,,,
Popeyes,amenity:fast_food,"7115 Page Avenue, Saint Louis, MO, 63133",63133,Pagedale,+1 314-862-4111,,https://www.popeyes.com/store-locator/store/restaurant_81944,https://www.popeyes.com/store-locator/store/restaurant_81944
X:-tra,shop:supermarket,"27 Wennerbergsvägen, Lidköping, 63133",63133,Pagedale,,,,
신세계약국,amenity:pharmacy,"7 연동8길, 제주시, 63133",63133,Pagedale,+82 64 746 3983,,,
Airport Car Wash,amenity:car_wash,"8635 Airport Road, 63134",63134,Berkeley,,,,
Catswords Research,office:company,"145 신대로, 제주시, 63134",63134,Berkeley,,,https://catswords.com,https://catswords.com
Church's Chicken,amenity:fast_food,"4401 Marshall Road, Saint Louis, MO, 63134",63134,Berkeley,+1 314-423-0880,,https://locations.churchs.com/mo/st-louis/4401-marshall-road,
Dollar General,shop:variety_store,"6225 North Hanley Road, 63134",63134,Berkeley,+1 636-733-6340,digitalcare@dollargeneral.com,https://www.dollargeneral.com/,https://www.dollargeneral.com/#
Domino's,amenity:fast_food,"9432 Natural Bridge Road, Berkeley, MO, 63134",63134,Berkeley,+1 314-426-3113,olocustomercare@dominos.com,https://pizza.dominos.com/missouri/berkeley/9432-natural-bridge-road,https://www.dominos.com/en/about-pizza/
Ferguson Roofing,craft:roofer,"5814 Garfield Ave., St. Louis, MO, 63134",63134,Berkeley,+1-314-521-6917;+1-618-212-1912,connect@fergusonroofing.com,https://fergusonroofing.com/st-louis/,
Golden Pancake,amenity:restaurant,"10216 Natural Bridge Road, Saint Louis, MO, 63134",63134,Berkeley,,impallari@gmail.com,https://goldenpancake.com/,https://goldenpancake.com/contact-us
Greenlight Marijuana Dispensary Berkeley Airport,shop:cannabis,"4451 Brown Road, Berkeley, MO, 63134",63134,Berkeley,+1-844-785-9333,administrator@greenlightdispensary.com,https://greenlightdispensary.com/berkeley,https://greenlightdispensary.com/contact-greenlight-dispensary/
National,amenity:car_rental,"10124 Natural Bridge Road, St. Louis, MO, 63134",63134,Berkeley,,,,
Phillips 66,amenity:fuel,"8601 Airport Road, 63134",63134,Berkeley,+1-314-524-6666,,http://phillips66gas.com,http://phillips66gas.com/contact-us/
Rocket,shop:gas,"8601 Airport Road, 63134",63134,Berkeley,+1-314-897-5382,customerservice@rocketstores.com,https://rocketstores.com/,https://rocketstores.com/contact-us/
Steak 'n Shake,amenity:fast_food,"MO, 63134",63134,Berkeley,+1 314-427-3277,,https://www.steaknshake.com/locations/mo-st-louis-natural-bridge/,https://www.steaknshake.com/about-us/
Aldi,shop:supermarket,"21 Adams Avenue, Ferguson, MO, 63135",63135,Ferguson,+1 855-955-2534,,https://stores.aldi.us/mo/ferguson/21-adams-avenue,https://www.aldi.us/store/aldi/pages/about-aldi
American Cleaners,shop:dry_cleaning,"60 New Florissant Road, Ferguson, 63135",63135,Ferguson,+1 314-521-1731,,,
Andy Wurm Tire and Wheel,shop:car_repair,"201 South Florissant Road, Ferguson, MO, 63135",63135,Ferguson,+1 314-522-3040,,https://www.andywurm.com/,https://www.andywurm.com/Contact
Corner Coffee House,amenity:cafe,"100 New Florissant Road, Ferguson, MO, 63135",63135,Ferguson,+1 314-521-4600,,http://www.cornercoffeestl.com/,
Ferguson Bicycle Shop,shop:bicycle,"429 South Florissant Road, Ferguson, MO, 63135",63135,Ferguson,+1 314 315 4940,,,
Ferguson Brewing Company,amenity:restaurant,"418 South Florissant Road, Ferguson, MO, 63135",63135,Ferguson,+1 314-521-2220,,https://fergusonbrewing.com/,
Ferguson Motor Service,shop:car_repair,"32 New Florissant Road, Ferguson, MO, 63135",63135,Ferguson,+1 314-522-0013,,http://fergusonmotorservice.com/,
Greenlight Marijuana Dispensary Ferguson,shop:cannabis,"517 South Florissant Road, Ferguson, MO, 63135",63135,Ferguson,+1-844-785-9333,administrator@greenlightdispensary.com,https://greenlightdispensary.com/ferguson,https://greenlightdispensary.com/contact-greenlight-dispensary/
Heady Cleaners,shop:dry_cleaning,"104 Darst Road, Ferguson, 63135",63135,Ferguson,+1 314-522-0199,,,
Little Caesars,amenity:fast_food,"220 New Florissant Road, Ferguson, 63135",63135,Ferguson,+1 314-524-5442,,https://littlecaesars.com/en-us/store/6210/,https://littlecaesars.com/en-us/store/6210/
Marley's Bar and Grill,amenity:bar,"500 South Florissant Road, Ferguson, 63135",63135,Ferguson,,,,
Papa John's,amenity:fast_food,"417 South Florissant Road, Ferguson, MO, 63135",63135,Ferguson,+1 314-524-3033,,https://locations.papajohns.com/united-states/mo/63135/ferguson/417-s-florissant-rd,https://locations.papajohns.com/united-states/mo/63135/ferguson/417-s-florissant-rd
Paul's Market,shop:deli,"1020 North Elizabeth Avenue, Ferguson, MO, 63135",63135,Ferguson,,info@paulsmarketstl.com,https://paulsmarketstl.com/,https://paulsmarketstl.com/#
Pauls Market,shop:convenience,"1020 North Elizabeth Avenue, Ferguson, MO, 63135",63135,Ferguson,,info@paulsmarketstl.com,https://paulsmarketstl.com/,https://paulsmarketstl.com/#
Schnucks,shop:supermarket,"49 New Florissant Road, Ferguson, MO, 63135",63135,Ferguson,+1 314-521-1854,,https://locations.schnucks.com/mo-ferguson-233,https://locations.schnucks.com/contact-us
Starbucks,amenity:cafe,"10776 West Florissant Avenue, West, Ferguson, MO, 63135",63135,Ferguson,+1 314-449-2747,,https://www.starbucks.com/store-locator/store/1014556/w-florissant-somerset-ferg-10776-w-florissant-ave-ferguson-mo-631352410-us,https://www.starbucks.com/store-locator/store/1014556/w-florissant-somerset-ferg-10776-w-florissant-ave-ferguson-mo-631352410-us
U.S. Bank,amenity:bank,"201 New Florissant Road, Ferguson, 63135",63135,Ferguson,,,https://www.usbank.com/,https://www.usbank.com/about-us-bank.html
UMB Bank,amenity:bank,"1 Church Street, Ferguson, MO, 63135",63135,Ferguson,+1 314-595-6000,talentacquisition@umb.com,https://www.umb.com/,https://www.umb.com/contact-us
Walgreens,shop:chemist,"190 North Florissant Road, Ferguson, MO, 63135",63135,Ferguson,,,https://www.walgreens.com/locator/walgreens-190+n+florissant+rd-ferguson-mo-63135/id=6023,https://www.walgreens.com/youraccount/clhistory/contactlenshist.jsp
Whistle Stop Depot,amenity:restaurant,"1 Carson Road, Ferguson, MO, 63135",63135,Ferguson,+1 314 521 1600,,,
YMCA,leisure:sports_centre,"Ferguson, 63135",63135,Ferguson,,,,
A-1 Package Liquor,shop:alcohol,"10625 New Halls Ferry Road, Ferguson, 63136",63136,Jennings,,,,
ALDI,shop:supermarket,"8445 Lucas And Hunt Road, Jennings, MO, 63136",63136,Jennings,+1 855-955-2534,,https://stores.aldi.us/mo/jennings/8445-lucas-amp-hunt-road,https://www.aldi.us/store/aldi/pages/about-aldi
Arby's,amenity:fast_food,"10404 West Florissant Avenue, Dellwood, MO, 63136",63136,Jennings,+1 314-867-2200,,https://locations.arbys.com/mo/dellwood/10404-w-florissant.html,
Ashley Stewart,shop:clothes,"10805 Old Halls Ferry Road, Ferguson, MO, 63136",63136,Jennings,,,,
AutoZone,shop:car_parts,"10871 New Halls Ferry Road, Ferguson, MO, 63136",63136,Jennings,+1 314-867-4644,,,
Burger King,amenity:fast_food,"10890 West Florissant Avenue, Ferguson, MO, 63136",63136,Jennings,+1 314-522-6039,,https://www.bk.com/store-locator/store/restaurant_6359,
Chambers Laundrymat,shop:laundry,"2471 Chambers Road, Moline Acres, 63136",63136,Jennings,+1 314-388-9524,,,
Church's Chicken,amenity:fast_food,"10646 New Halls Ferry Road, Ferguson, MO, 63136",63136,Jennings,+1 314-867-5612,,https://locations.churchs.com/mo/ferguson/10646-new-halls-ferry-road,
Cracker Barrel,amenity:restaurant,"10915 New Halls Ferry Road, Ferguson, 63136",63136,Jennings,+1 314-868-7080,,,
Domino's,amenity:fast_food,"10486 West Florissant Avenue, Dellwood, MO, 63136",63136,Jennings,+1 314-521-7335,olocustomercare@dominos.com,https://pizza.dominos.com/missouri/dellwood/10486-w-florissant-ave/,https://www.dominos.com/en/about-pizza/
Enterprise,amenity:car_rental,"10638 New Halls Ferry Road, Ferguson, 63136",63136,Jennings,+1 314-868-4077,,,
Family Dollar,shop:variety_store,"9070 West Florissant Avenue, Ferguson, MO, 63136",63136,Jennings,,,,
Fifth Third Bank,amenity:bank,"8013 West Florissant Avenue, Jennings, 63136",63136,Jennings,,,,
Firestone,shop:car_repair,"8949 Jennings Station Road, Jennings, 63136",63136,Jennings,,,,
Grand Beauty Supply,shop:beauty,"10835 New Halls Ferry Road, Ferguson, MO, 63136",63136,Jennings,+1 314-869-3141,,,
Harbor Freight Tools,shop:hardware,"10815 West Florissant Avenue, North Saint Louis, MO, 63136",63136,Jennings,+1 314-524-6536,,https://www.harborfreight.com/storelocator/10815-w-florissant-ave-saint-louis-63136?number=78,https://www.harborfreight.com/customer-support/contact-us?topic=onlineExperience
IHOP,amenity:restaurant,"10910 New Halls Ferry Road, Ferguson, 63136",63136,Jennings,+1 314-388-2761,,,
Krispy Kreme,amenity:fast_food,"10880 West Florissant Avenue, Ferguson, 63136",63136,Jennings,,,,
McDonald's,amenity:fast_food,"8983 Jennings Station Road, Jennings, MO, 63136",63136,Jennings,+1 314-867-2886,,https://www.mcdonalds.com/us/en-us/location/31736.html,https://www.mcdonalds.com/us/en-us/contact-us.html
McDonald's,amenity:fast_food,"10873 West Florissant Avenue, Ferguson, MO, 63136",63136,Jennings,+1 314-521-2272,,https://www.mcdonalds.com/us/en-us/location/12343.html,https://www.mcdonalds.com/us/en-us/contact-us.html
Meineke,shop:car_repair,"10617 New Halls Ferry Road, Ferguson, 63136",63136,Jennings,,,,
Metro by T-Mobile,shop:mobile_phone,"10765 New Halls Ferry Road, Ferguson, 63136",63136,Jennings,,,,
Neighbors Credit Union,amenity:bank,"8935 Jennings Station Road, Jennings, 63136",63136,Jennings,,,,
New York Market,shop:convenience,"8701 Jennings Station Road, St. Louis, 63136",63136,Jennings,+1 314-867-8085,,https://www.newyorkmarket.net/,
NTB,shop:car_repair,"10801 West Florissant Avenue, Ferguson, 63136",63136,Jennings,,,https://www.ntb.com/store/mo/saint-louis/10801-w-florissant-ave-63136/4281,
O'Reilly Auto Parts,shop:car_parts,"10835 New Halls Ferry Road, Ferguson, MO, 63136",63136,Jennings,+1 314-867-4006,,https://locations.oreillyauto.com/mo/ferguson/autoparts-1239.html,https://www.oreillyauto.com/contact-us
Party City,shop:party,"10883 Old Halls Ferry Road, Ferguson, MO, 63136",63136,Jennings,+1 314-669-8834,info@stagheaddesigns.com,https://stores.partycity.com/us/mo/ferguson/party-store-pc412.html,https://www.partycity.com/pages/contact
Phillips 66,shop:convenience,"10620 New Halls Ferry Road, Ferguson, 63136",63136,Jennings,+1 314-868-2800,,https://www.phillips66gas.com/station/P66-HALLS-FERRY-FUEL-FOODMART-0000870099/,
PNC Bank,amenity:bank,"8001 West Florissant Avenue, Jennings, 63136",63136,Jennings,,,,
Popeyes,amenity:fast_food,"9854 Halls Ferry Road, Saint Louis, MO, 63136",63136,Jennings,+1 314-869-9424,,https://www.popeyes.com/store-locator/store/restaurant_82071,https://www.popeyes.com/store-locator/store/restaurant_82071
Popeyes,amenity:fast_food,"2877 Target Drive, Saint Louis, MO, 63136",63136,Jennings,+1 314-741-2600,,https://www.popeyes.com/store-locator/store/restaurant_82619,https://www.popeyes.com/store-locator/store/restaurant_82619
QuikTrip,amenity:fuel,"2791 Dunn Road, Ferguson, 63136",63136,Jennings,+1 314-355-5644,,,
Rally's,amenity:fast_food,"10004 Halls Ferry Road, 63136",63136,Jennings,,,https://checkersandrallys.com/location/rally-s-8138-halls-ferry-rd-441221,
Randall's Wine & Spirits,shop:alcohol,"11000 Old Halls Ferry Road, Ferguson, 63136",63136,Jennings,+1 314-741-5100,,,
Royal Complete Auto Care,shop:car_repair,"2475 Chambers Road, Moline Acres, 63136",63136,Jennings,+1 314-869-9000,,,
Sam's Club,shop:wholesale,"10735 West Florissant Avenue, Ferguson, MO, 63136",63136,Jennings,+1 314-521-3800,,https://www.samsclub.com/club/saint-louis-mo-sams-club/8125,https://www.samsclub.com/club/saint-louis-mo-sams-club/8125
Schnucks,shop:supermarket,"8037 West Florissant Avenue, Jennings, 63136",63136,Jennings,,,,
Sonic,amenity:fast_food,"8431 Lucas And Hunt Road, Jennings, 63136",63136,Jennings,,,,
Sonic,amenity:fast_food,"8431 Lucas, Jennings, MO, 63136",63136,Jennings,+1 314-382-3031,,https://locations.sonicdrivein.com/mo/jennings/8431-lucas-hunt-road.html,
Steak 'n Shake,amenity:fast_food,"10911 New Halls Ferry Road, Ferguson, MO, 63136",63136,Jennings,+1 314-266-1234,,https://www.steaknshake.com/locations/mo-st-louis-new-halls-ferry-road/,https://www.steaknshake.com/about-us/
Subway,amenity:fast_food,"10990 New Halls Ferry Road, Ferguson, MO, 63136",63136,Jennings,+1 314-388-3700,,https://restaurants.subway.com/united-states/mo/ferguson/10990-new-halls-ferry-rd,https://www.subway.com/en-US/ContactUs/GuestCare
Taco Bell,amenity:fast_food,"9951 West Florissant Avenue, Saint Louis, MO, 63136",63136,Jennings,+1 314-521-0469,,https://locations.tacobell.com/mo/saint-louis/9951-w-florissant-ave.html,https://locations.tacobell.com/mo/saint-louis/9951-w-florissant-ave/breakfast.html
The Home Depot,shop:doityourself,"10930 New Halls Ferry Road, Ferguson, MO, 63136",63136,Jennings,+1 314-869-1515,,https://www.homedepot.com/l/ferguson/mo/saint-louis/63136/3013,
U.S. Bank,amenity:bank,"8031 West Florissant Avenue, Jennings, 63136",63136,Jennings,,,,
Walgreens,shop:chemist,"2202 Chambers Road, Moline Acres, MO, 63136",63136,Jennings,,,https://www.walgreens.com/locator/walgreens-2202+chambers+rd-saint+louis-mo-63136/id=5047,https://www.walgreens.com/youraccount/clhistory/contactlenshist.jsp
Walgreens,amenity:pharmacy,"9285 Halls Ferry Road, Jennings, 63136",63136,Jennings,,,,
Walmart Supercenter,shop:supermarket,"10741 West Florissant Avenue, Ferguson, MO, 63136",63136,Jennings,+1 314-521-3422,,https://www.walmart.com/store/1265-saint-louis-mo,https://www.walmart.com/store/1265-saint-louis-mo
Wendy's,amenity:fast_food,"8009 West Florissant Avenue, Jennings, MO, 63136",63136,Jennings,+1 314-383-0574,,https://locations.wendys.com/united-states/mo/saint-louis/8009-west-florissant-ave,https://www.wendys.com/contact-us
White Barn,amenity:fast_food,"2457 Chambers Road, Moline Acres, 63136",63136,Jennings,,,,
White Castle,amenity:fast_food,"5231 Jennings Station Road, Jennings, 63136",63136,Jennings,,,,
Wingstop,amenity:fast_food,"10841 West Florissant Avenue, Ferguson, MO, 63136",63136,Jennings,+1 314-522-9696,,,
동인한약국,amenity:pharmacy,"105 신광로, 제주시, 63136",63136,Jennings,+82 64 711 8811,,,
서울앤치과의원,amenity:dentist,"99 연북로, 제주시, 63136",63136,Jennings,+82 64 745 2833,,,
하나약국,amenity:pharmacy,"99 연북로, 제주시, 63136",63136,Jennings,+82 64 748 2800,,,
한국건강관리협회건강증진치과의원,amenity:dentist,"111 연북로, 제주시, 63136",63136,Jennings,+82 64 740 0291,,,
ALDI,shop:supermarket,"1401 Aldi Drive, Bellefontaine Neighbors, MO, 63137",63137,Bellefontaine Nbrs,+1 855-955-2534,,https://stores.aldi.us/mo/bellefontaine-neighbors/10800-bellefontaine-road,https://www.aldi.us/store/aldi/pages/about-aldi
BP,amenity:fuel,"10844 Bellefontaine Road, Bellefontaine Neighbors, 63137",63137,Bellefontaine Nbrs,+1 314-869-8969,,,
Domino's,amenity:fast_food,"10109 Lewis And Clark Boulevard, Bellefontaine Neighbors, MO, 63137",63137,Bellefontaine Nbrs,+1 314-868-2244,olocustomercare@dominos.com,https://pizza.dominos.com/missouri/bellefontaine-neighbors/10109-lewis-&-clark-blvd,https://www.dominos.com/en/about-pizza/
Down Home Elegance,amenity:restaurant,"10832 Bellefontaine Road, Bellefontaine Neighbors, 63137",63137,Bellefontaine Nbrs,,,,
Family Dollar,shop:variety_store,"10035 Bellefontaine Rd, Bellefontaine Neighbors, 63137",63137,Bellefontaine Nbrs,,,,
Gamma Tree Experts,shop:garden_centre,"10210 Bellefontaine Road, Bellefontaine Neighbors, 63137",63137,Bellefontaine Nbrs,+1 314-867-2363,,http://gammatreeexperts.com,
Gina's Pet Grooming,shop:pet,"703 Chambers Road, Riverview, 63137",63137,Bellefontaine Nbrs,+1 314-869-9366,,,
Grace's Wig and Beauty Supply,shop:beauty,"10053 Bellefontaine Road, Bellefontaine Neighbors, 63137",63137,Bellefontaine Nbrs,,,,
Hair It Is Salon,shop:hairdresser,"10013 Bellefontaine Road, Bellefontaine Neighbors, 63137",63137,Bellefontaine Nbrs,+1 314-388-3044,,,
Hardee's,amenity:fast_food,"10858 Lilac Avenue, Saint Louis, MO, 63137",63137,Bellefontaine Nbrs,+1 314-869-6950,,https://locations.hardees.com/mo/saint-louis/10858-lilac-ave,https://www.hardees.com/contact-us
J's Food Mart,shop:alcohol,"8901 Riverview Drive, Saint Louis, MO, 63137",63137,Bellefontaine Nbrs,,,,
Jack in the Box,amenity:fast_food,"10866 Lilac Avenue, Saint Louis, MO, 63137",63137,Bellefontaine Nbrs,+1 314-867-5416,,https://locations.jackinthebox.com/us/mo/saint-louis/10866-lilac-ave,https://jackinthebox.com/contact
JC Supper Club,amenity:restaurant,"9053 Riverview Drive, Saint Louis, MO, 63137",63137,Bellefontaine Nbrs,,,,
Kathy's Bissell Lounge,amenity:bar,"10049 Bellefontaine Road, Bellefontaine Neighbors, 63137",63137,Bellefontaine Nbrs,,,,
Leprechaun's Gold,amenity:bar,"705 Chambers Road, Riverview, 63137",63137,Bellefontaine Nbrs,+1 314-869-6599,,,
Marilyn's Care Beauty Salon,shop:hairdresser,"10008A Bellefontaine Road, Bellefontaine Neighbors, 63137",63137,Bellefontaine Nbrs,+1 314-869-2221,,,
Napa Auto Parts,shop:car_parts,"8945 Riverview Drive, Saint Louis, MO, 63137",63137,Bellefontaine Nbrs,+13148682424,,,
U.S. Bank,amenity:bank,"10067 Bellefontaine Road, Bellefontaine Neighbors, 63137",63137,Bellefontaine Nbrs,+1 314 868 1415,,,
White Castle,amenity:fast_food,"10720 Bellefontaine Road, Bellefontaine Neighbors, 63137",63137,Bellefontaine Nbrs,,,,
Advance Auto Parts,shop:car_parts,"11050 Bellefontaine Road, Spanish Lake, 63138",63138,Spanish Lake,+1 314-867-4264,,https://stores.advanceautoparts.com/mo/saint-louis/11050-bellefontaine-rd,https://shop.advanceautoparts.com/o/contact-us
Burger King,amenity:fast_food,"1471 Dunn Road, Saint Louis, MO, 63138",63138,Spanish Lake,+1 314-274-8680,,https://www.bk.com/store-locator/store/restaurant_71838,https://www.bk.com/store-locator/store/restaurant_71838
Circle K,shop:convenience,"11011 Bellefontaine Road, Spanish Lake, 63138",63138,Spanish Lake,+1 314-867-7908,,,
Dirt Cheap,shop:alcohol,"1401 Dunn Road, Spanish Lake, 63138",63138,Spanish Lake,+1 314-869-7409,,https://www.dirtcheapfunfun.com/,
Family Dollar,shop:variety_store,"11125 Bellefontaine Road, Spanish Lake, 63138",63138,Spanish Lake,+1 314-653-8815,,,
Firestone,shop:car_repair,"11021 Larimore Road, Spanish Lake, 63138",63138,Spanish Lake,+1 314-222-7189,,,
Gas Mart,shop:convenience,"11050 Riverview Drive, St. Louis, MO, 63138",63138,Spanish Lake,,,,
KFC,amenity:fast_food,"11010 Sierra Vista Parkway, Spanish Lake, 63138",63138,Spanish Lake,,,,
McDonald's,amenity:fast_food,"11111 Bellefontaine Road, Spanish Lake, MO, 63138",63138,Spanish Lake,+1 314-741-7552,,https://www.mcdonalds.com/us/en-us/location/31595.html,https://www.mcdonalds.com/us/en-us/contact-us.html
Midwest Petroleum Company,amenity:fuel,"11546 Larimore Road, St. Louis, MO, 63138",63138,Spanish Lake,,,,
Moto Mart,shop:convenience,"11005 Riverview Drive, St. Louis, MO, 63138",63138,Spanish Lake,,,,
National Personnel Records Center,office:government,"1 Archives Drive, Spanish Lake, 63138",63138,Spanish Lake,,,,
Pizza Hut,amenity:restaurant,"11051 Bellefontaine Road, Spanish Lake, 63138",63138,Spanish Lake,,,,
Schnucks,shop:supermarket,"1589 Sierra Vista Plaza, Spanish Lake, 63138",63138,Spanish Lake,+1 314-355-8314,,,
Steak 'n Shake,amenity:fast_food,"11035 Bellefontaine Road, Spanish Lake, MO, 63138",63138,Spanish Lake,+1 314-869-9151,,https://www.steaknshake.com/locations/mo-st-louis-bellefontaine/,https://www.steaknshake.com/about-us/
Subway,amenity:fast_food,"11005 Riverview Drive, St. Louis, MO, 63138",63138,Spanish Lake,+1 314-279-6822,,https://restaurants.subway.com/united-states/mo/st-louis/11005-riverview-drive,https://www.subway.com/en-US/ContactUs/GuestCare
Subway,amenity:fast_food,"11016 Sierra Vista Parkway, Spanish Lake, 63138",63138,Spanish Lake,,,,
미소치과의원,amenity:dentist,"8 국기로, 제주시, 63138",63138,Spanish Lake,+82 64 748 2122,,,
서울업치과의원,amenity:dentist,"76 연북로, 제주시, 63138",63138,Spanish Lake,+82 64 805 7002,,,
아이틴즈치과의원,amenity:dentist,"78 연북로, 제주시, 63138",63138,Spanish Lake,+82 64 749 1275,,,
희망약국,amenity:pharmacy,"76 연북로, 제주시, 63138",63138,Spanish Lake,+82 64 744 0655,,,
7-Eleven,shop:convenience,"2807 Sulphur Avenue, Saint Louis, MO, 63139",63139,St. Louis,+1 314-645-3560,,https://www.7-eleven.com/locations/mo/saint-louis/2807-sulphur-ave-19279,https://corp.7-eleven.com/corp/about?utm_source=7-eleven.com&amp;utm_medium=referral&amp;utm_campaign=corpcom_2021
"A & L, Licker Law Firm",office:lawyer,"3470 Hampton Avenue, Saint Louis, MO, 63139",63139,St. Louis,+13143530834,,https://www.lickerlawfirm.com/,
ACE Cash Express,shop:money_lender,"6528 Manchester Avenue, Saint Louis, MO, 63139",63139,St. Louis,+13146442654,,,
Ackerman Toyota,shop:car,"2020 Hampton Avenue, Saint Louis, MO, 63139",63139,St. Louis,+13143513000,,https://www.ackermantoyota.com/,
Adam's Smokehouse,amenity:restaurant,"2819 Watson Road, Saint Louis, MO, 63139",63139,St. Louis,+13148759890,contactus@adamssmokehouse.com,http://www.adamssmokehouse.com/,http://www.adamssmokehouse.com/
Afghan Kabob House,amenity:restaurant,"3500 Watson Road, Saint Louis, MO, 63139",63139,St. Louis,+1-314-449-1110,order@afghankabobhouse.co,https://afghankabobhouse.co,https://afghankabobhouse.co/contact/
Always in Bloom,shop:florist,"3300 Watson Road, Saint Louis, MO, 63139",63139,St. Louis,+13147811717,alwaysinbloomstlouis@gmail.com,https://stlouisflorist.com/,https://stlouisflorist.com/about-us/
Amigo Joe's,amenity:restaurant,"5901 Southwest Avenue, Saint Louis, MO, 63139",63139,St. Louis,+13146451995,,http://amigojoesstl.com/,http://amigojoesstl.com/about-our-food.html
Apes Inc,office:it,"6669 Fyler Avenue, Saint Louis, MO, 63139",63139,St. Louis,+13146446040,,http://www.apesolutions.com/,http://www.apesolutions.com/
APOTEK SUMBER ANOM MADIUN,amenity:pharmacy,"85 JL KAPUAS RT/RW:018/04 KELURAHAN PANDEAN KECAMATAN TAMAN, KOTA MADIUN, 63139",63139,St. Louis,+62351456737,kacab.madiun@sumberanom.com,https://www.sumberanom.id,
Arch Communications Inc,office:yes,"1327 Hampton Avenue, Saint Louis, MO, 63139",63139,St. Louis,+13146458000,,http://archcom.net/,http://archcom.net/
Arena Liquor Wine and Spirits,shop:alcohol,"1217 Hampton Avenue, Saint Louis, MO, 63139",63139,St. Louis,+13146456644,,,
Ari's Restaurant and Bar,amenity:restaurant,"3101 Hampton Avenue, Saint Louis, MO, 63139",63139,St. Louis,+13146444264,,https://www.arisrestaurantstl.com/,https://www.spothopperapp.com/contact-us?contact_reason=demo
Babe's,amenity:pub,"3215 Ivanhoe Avenue, Saint Louis, MO, 63139",63139,St. Louis,+13146473436,,,
Bakso Kondang,amenity:restaurant,"72 Jalan Dokter Setiabudi, Madiun City, 63139",63139,St. Louis,,,,
Bayer's Garden Shop,shop:garden_centre,"3401 Hampton Avenue, Saint Louis, MO, 63139",63139,St. Louis,+13147812314,,http://www.bayergardenshops.com/,http://www.bayergardenshops.com/
Berkel Sheet Metal Co,craft:metal_construction,"6631 Manchester Ave, Saint Louis, MO, 63139",63139,St. Louis,+1-314-781-2702,berkelsheetmetal@yahoo.com,https://berkelsheetmetalco.com,https://berkelsheetmetalco.com/contact
Biggie's Restaurant,amenity:restaurant,"3332 Watson Road, Saint Louis, MO, 63139",63139,St. Louis,+13147810060,,https://www.biggiesrestaurant.com/menu.html,
Billy Goat Chip Co,amenity:restaurant,"3136 Watson Road, Saint Louis, MO, 63139",63139,St. Louis,+13143534628,,https://www.billygoatstl.com/,https://buythegoat.com/contact/
Black Salt X,amenity:restaurant,"2360 Hampton Avenue, St. Louis, MO, 63139",63139,St. Louis,+1 314-696-3634,xblacksalt@gmail.com,https://blacksaltx.com,
Blue Sky Yoga St. Louis,leisure:fitness_centre,"3525 Watson Road, Saint Louis, MO, 63139",63139,St. Louis,+13142239052,user@domain.com,https://www.blueskyyogastl.com/,https://www.blueskyyogastl.com/contactus
Brazie's Ristorante,amenity:restaurant,"3073 Watson Road, 63139",63139,St. Louis,,,,
Bubba's Deli,shop:deli,"3249 Ivanhoe Avenue, Saint Louis, MO, 63139",63139,St. Louis,+13148533862,hi@mystore.com,http://bubbasdeli.com/,http://bubbasdeli.com/
Burger King,amenity:fast_food,"3259 Hampton Avenue, Saint Louis, MO, 63139",63139,St. Louis,+1 314-644-2415,,https://www.bk.com/menu,https://www.bk.com/menu
Caricature Artist Share Faerber,office:company,"2717 South Kingshighway Boulevard, Saint Louis, MO, 63139",63139,St. Louis,+1-314-771-7762,,http://www.sharestudio.com/index.htm,
Carquest,shop:car_parts,"6088 Arsenal Street, St. Louis, MO, 63139",63139,St. Louis,+13143522000,,https://www.carquest.com/stores/mo/st.-louis/6947,
Cecil Whittaker's Pizzeria,amenity:fast_food,"3429 Watson Road, Saint Louis, MO, 63139",63139,St. Louis,+13146440515,,https://www.cwpizza.com/,https://cwpizza.com/contact/
Cheapy Smokes,shop:tobacco,"5243 Southwest Avenue, Saint Louis, MO, 63139",63139,St. Louis,+13147727222,,,
China Wok Express,amenity:fast_food,"6544 Manchester Avenue, Saint Louis, MO, 63139",63139,St. Louis,+13147818188,,https://chinawokexpressstl.com/,https://chinawokexpressstl.com/
Chipotle,amenity:fast_food,"3547 Hampton Avenue, Saint Louis, MO, 63139",63139,St. Louis,+1 314-669-0079,mo.3767.hamptonvill@chipotle.com,https://locations.chipotle.com/mo/saint-louis/3547-hampton-ave,https://chipotle.com/rewards
Chris' Pancak & Dining,amenity:restaurant,"5980 Southwest Avenue, Saint Louis, MO, 63139",63139,St. Louis,+13146452088,,https://chrispancakeanddining.com/,https://www.chrispancakeanddining.com/about/
Chuck's Hot Chicken,amenity:fast_food,"3155 South Kingshighway Boulevard, Saint Louis, MO, 63139",63139,St. Louis,,,https://www.chuckshotchicken.com/,https://www.chuckshotchicken.com/contact-us
Circle K,shop:convenience,"1514 Hampton Avenue, St. Louis, MO, 63139",63139,St. Louis,+1 314-646-7617,,https://www.circlek.com/store-locator/us/st-louis/1514-hampton-ave/m1654,
Circle K,shop:convenience,"3282 Jamieson Avenue, Saint Louis, MO, 63139",63139,St. Louis,+13146468145,,,
Claudia's Pub,amenity:pub,"3322 Watson Road, Saint Louis, MO, 63139",63139,St. Louis,+13146458899,,,
Columbia Auto Repair,shop:car_repair,"5335 Southwest Avenue, Saint Louis, MO, 63139",63139,St. Louis,+13148651372,info@mysite.com,https://www.columbiaautorepairstl.com/,https://www.columbiaautorepairstl.com/contact-us
Construction Forum St. Louis,office:company,"3245 Hampton Avenue, Saint Louis, MO, 63139",63139,St. Louis,+13148802063,tom@constructforstl.org,https://www.constructforstl.org/,https://constructforstl.org/contact/
Continental Title Company,office:company,"3260 Hampton Avenue, Saint Louis, MO, 63139",63139,St. Louis,+13147523401,,http://www.ctitle.com/,https://ctitle.com/contact-us/
CosmoProf,shop:hairdresser_supply,"3457 Hampton Avenue, Saint Louis, MO, 63139",63139,St. Louis,+13143510539,,https://stores.cosmoprofbeauty.com/mo/hampton/salon-supply-hampton-mo-6159.html,https://www.cosmoprofbeauty.com/contact-us
Courtesy Diner,amenity:restaurant,"1121 Hampton Avenue, Saint Louis, MO, 63139",63139,St. Louis,+13146442600,,https://www.courtesydiner.com/,
Crazy Bowls & Wraps,amenity:restaurant,"2724 Watson Road, Saint Louis, MO, 63139",63139,St. Louis,+13144210555,,https://crazybowlsandwraps.com/,https://crazybowlsandwraps.com/contact-us/
Creative Art Services,shop:frame,"5403 Fyler Avenue, Saint Louis, MO, 63139",63139,St. Louis,+13146454898,,,
Crossfit South City,leisure:fitness_centre,"3283 Ivanhoe Avenue, Saint Louis, MO, 63139",63139,St. Louis,+13143222330,,http://www.crossfitsouthcity.com/,
Cunetto House of Pasta,amenity:restaurant,"5453 Sublette Avenue, Saint Louis, MO, 63139",63139,St. Louis,+13147811135,info@cunetto.com,https://www.cunetto.com/,https://www.cunetto.com/location-contact
DashMart,shop:convenience,"6574 Manchester Avenue, Saint Louis, MO, 63139",63139,St. Louis,,,,
E&B Granite,shop:doityourself,"6135 Manchester Avenue, St. Louis, MO, 63139",63139,St. Louis,+13146459300,,https://ebgranite.com/,https://ebgranite.com/contact-us/
El Indio Mexican Restaurant,amenity:restaurant,"3279 Hampton Avenue, Saint Louis, MO, 63139",63139,St. Louis,+13146457676,,https://www.eltapatiostl.com/,
El Paisano Meican Restaurant,amenity:restaurant,"3315 Watson Road, Saint Louis, MO, 63139",63139,St. Louis,+13146457455,,https://orderelpaisanomexicanrestaurant.com/,https://www.istudiosg.com/site/contactus
Electric Mayhem Tattoo,shop:tattoo,"1610 Hampton Avenue, St. Louis, MO, 63139",63139,St. Louis,+13148028950,,,
Epiphany Bowling Lanes,leisure:bowling_alley,"3164 Ivanhoe Avenue, Saint Louis, MO, 63139",63139,St. Louis,+13147818684,,https://epiphanystl.org/epiphanylanes,
Extra Space Storage,shop:storage_rental,"4935 Fyler Avenue, Saint Louis, MO, 63139",63139,St. Louis,+13144996354,,,
Fares Interior Furnishings,craft:upholsterer,"3276 Ivanhoe Avenue, Saint Louis, MO, 63139",63139,St. Louis,+13146453854,,http://www.faresinteriors.com/,
Farm Haus,amenity:restaurant,"3257 Ivanhoe Avenue, Saint Louis, MO, 63139",63139,St. Louis,+13146473800,info@farmhausrestaurant.com,http://farmhausstl.com/,http://farmhausstl.com/
Farmer's Insurance - Elona Murati Office,office:insurance,"3117 Hampton Avenue, Saint Louis, MO, 63139",63139,St. Louis,,,,
Favazza's on the Hill,amenity:restaurant,"5201 Southwest Avenue, Saint Louis, MO, 63139",63139,St. Louis,+13147724454,,https://favazzas.com/,
Felix's Pizza Pub,amenity:restaurant,"6401 Clayton Avenue, Saint Louis, MO, 63139",63139,St. Louis,,,https://www.felixspizzapub.com/,
Floor Layers Union 1310,office:yes,"1401 Hampton Avenue, Saint Louis, MO, 63139",63139,St. Louis,+18003327188,,https://www.carpdc.org/,https://www.carpdc.org/
Food Mart,shop:convenience,"1051 Hampton Avenue, Saint Louis, MO, 63139",63139,St. Louis,+13146440092,,,
Franklin Specialist-Nissan,shop:car_repair,"6703 Arsenal Street, Saint Louis, MO, 63139",63139,St. Louis,+13146457001,,,
Hampton Animal Hospital,amenity:veterinary,"2826 Hampton Avenue, Saint Louis, MO, 63139",63139,St. Louis,+13146478818,,http://hamptonanimal.com/,
Hampton Hill Pizza,amenity:restaurant,"2801 Hampton Avenue, St. Louis, MO, 63139",63139,St. Louis,+13146456000,,https://www.eliciaspizzamenu.com/,
Hardee's,amenity:fast_food,"2110 Hampton Avenue, Saint Louis, MO, 63139",63139,St. Louis,+1 314-645-2336,,https://locations.hardees.com/mo/saint-louis/2110-hampton-ave,https://www.hardees.com/contact-us
Heavy Riff,amenity:pub,"6413 Clayton Avenue, Saint Louis, MO, 63139",63139,St. Louis,,,https://www.heavyriffbrewing.com/,
Himalayan Yeti,amenity:restaurant,"3515 South Kingshighway Boulevard, Saint Louis, MO, 63139",63139,St. Louis,,,https://www.himalayanyetimo.com/,https://www.himalayanyetimo.com/
Hoppy's Self Service,office:yes,"2723 Ivanhoe Avenue, Saint Louis, MO, 63139",63139,St. Louis,+13146451100,,,
Huck's Food & Fuel,amenity:fuel,"3463 Watson Road, Saint Louis, MO, 63139",63139,St. Louis,+13146456723,customerservice@hucks.com,https://hucks.com/locations/hucks-252-st-louis-mo,https://hucks.com/contact/
Imo's Pizza,amenity:fast_food,"1000 Hampton Avenue, Saint Louis, MO, 63139",63139,St. Louis,+1 314-644-5480,,https://www.imospizza.com/,https://www.imospizza.com/contact-corporate/
Jet's Pizza,amenity:restaurant,"3533 Hampton Avenue, Saint Louis, MO, 63139",63139,St. Louis,+13143510955,kellijowarden49735911@gmail.com,https://www.jetspizza.com/stores/missouri/st-louis/3533-hampton-ave,https://www.jetspizza.com/contact-us/
Joey B's on the Hill,amenity:restaurant,"2524 Hampton Avenue, Saint Louis, MO, 63139",63139,St. Louis,+13146457300,,https://www.joeybshill.com/,https://www.joeybshill.com/contact-8
K Nails,shop:beauty,"6500 Manchester Avenue, Saint Louis, MO, 63139",63139,St. Louis,,,,
Killer Vinatage,shop:musical_instrument,"3201 Ivanhoe Avenue, Saint Louis, MO, 63139",63139,St. Louis,+13146477795,info@killervintage.com,https://www.killervintage.com/,https://www.killervintage.com/contact
Knead Bakehouse,shop:bakery,"3467 Hampton Avenue, Saint Louis, MO, 63139",63139,St. Louis,+13143764361,nhello@kneadbakehouse.com,https://www.kneadbakehouse.com/,https://www.kneadbakehouse.com/
Long John Silver's,amenity:fast_food,"3267 Hampton Avenue, Saint Louis, MO, 63139",63139,St. Louis,+13147818808,,https://www.ljsilvers.com/,https://www.ljsilvers.com/contact
LoRusso's Cucina,amenity:restaurant,"3121 Watson Road, 63139",63139,St. Louis,,,,
Lou Boccardi's Resaurant,amenity:restaurant,"5424 Magnolia Avenue, Saint Louis, MO, 63139",63139,St. Louis,+13146471151,,https://lou-boccardis-restaurant.business.site/,
Master Auto Repair,shop:car_repair,"6501 Fyler Avenue, Saint Louis, MO, 63139",63139,St. Louis,+13146445995,ed.starns@masterar.com,https://masterautoandtire.com/,https://masterautoandtire.com/Contact/Find-Us
McDonald's,amenity:fast_food,"4200 Hampton Avenue, Saint Louis, MO, 63139",63139,St. Louis,+1 314-352-1869,,https://www.mcdonalds.com/us/en-us/location/11869.html,https://www.mcdonalds.com/us/en-us/contact-us.html
Metro Electric Supply,shop:electrical,"6801 Hoffman Avenue, Saint Louis, MO, 63139",63139,St. Louis,+13146459000,brettvollrath@metroelectricsupply.com,https://www.metroelectricsupply.com/,https://www.metroelectricsupply.com/?display=contact
Michael Riggio Auto Sales,shop:car,"2657 Hampton Avenue, Saint Louis, MO, 63139",63139,St. Louis,+13146446270,,https://www.mrautosales.net/,https://www.mrautosales.net/
Michel Funeral Home,shop:funeral_directors,"5930 Southwest Avenue, Saint Louis, MO, 63139",63139,St. Louis,+13146454241,michelfuneralhome@gmail.com,https://michelfh.com/,https://michelfh.com/contact/
Midwest Autoplex,shop:car,"6759 Arsenal Street, Saint Louis, MO, 63139",63139,St. Louis,+13146474351,,https://www.midwestautoplex.com/,https://plus.google.com/&#x2B;MidwestAutoplexStLouis/about
Miracle-Ear,shop:hearing_aids,"3461 Hampton Avenue, Saint Louis, MO, 63139",63139,St. Louis,+13143912144,customercare1@miracleearhearing.com,https://www.miracle-ear.com/stores-near-me/hearing-aids-st-louis-mo/miracle-ear-hearing-aid-center-hampton-ave-s11576,https://www.miracle-ear.com/contact-us
Missouri Jobs With Justice,office:employment_agency,"2725 Clifton Avenue, Saint Louis, MO, 63139",63139,St. Louis,,,,
Mountain House Cafe,amenity:cafe,"2901 Macklind Avenue, 63139",63139,St. Louis,,,,
Nail Luxe,shop:beauty,"3515 Hampton Avenue, Saint Louis, MO, 63139",63139,St. Louis,+13144812414,,https://nailluxestlouis.com/,
Need A Uniform,shop:clothes,"3126 Watson Road, Saint Louis, MO, 63139",63139,St. Louis,+13146455400,,https://www.needauniformstl.com/,https://www.needauniformstl.com/contact/index.htm
On the Run,shop:convenience,"3225 Hampton Avenue, Saint Louis, MO, 63139",63139,St. Louis,+13146444491,,,
Park Avenue Coffee,amenity:restaurant,"5105 Columbia Avenue, St. Louis, 63139",63139,St. Louis,+13147171900,info@parkavenuecoffee.com,https://parkavenuecoffee.com/,https://parkavenuecoffee.com/pages/contact-us
Peoples National Bank,amenity:bank,"3280 Hampton Avenue, Saint Louis, MO, 63139",63139,St. Louis,+13142562000,pnbbookings@peoplesnationalbank.com,https://www.peoplesnationalbank.com/,https://www.peoplesnationalbank.com/connect/about-us.html
Pete Rizos Auto Repair,shop:car_repair,"6332 Arsenal Street, Saint Louis, MO, 63139",63139,St. Louis,+13146453444,,,
Phillips 66,amenity:fuel,"1301 Hampton Avenue, Saint Louis, MO, 63139",63139,St. Louis,+13146442058,,https://www.phillips66gas.com/station/P66-ENERGY-EXPRESS-1224-0000809520/,
Pint Size Bakery & Coffee,shop:bakery,"3133 Watson Road, Saint Louis, MO, 63139",63139,St. Louis,+13146457142,hi@mystore.com,https://pintsizebakery.com/,https://pintsizebakery.com/
Pizza-A-Go-Go,amenity:fast_food,"6703 Scanlan Avenue, Saint Louis, MO, 63139",63139,St. Louis,+13147811234,,https://pizzaagogostl.wixsite.com/pizzaagogostl,https://pizzaagogostl.wixsite.com/pizzaagogostl/history
Preferred Mattress,shop:bed,"3326 Watson Road, Saint Louis, MO, 63139",63139,St. Louis,+13146468110,,,
Quality Transmission Service,shop:car_repair,"5944 Arsenal Street, Saint Louis, MO, 63139",63139,St. Louis,+1 314-644-2302,info@qualitytransmissionstl.com,https://qualitytransmissionstl.com/,https://qualitytransmissionstl.com/contact/
QuikTrip,amenity:fuel,"2166 Hampton Avenue, Saint Louis, MO, 63139",63139,St. Louis,+13146457184,,https://locations.quiktrip.com/mo/st-louis-downtown/2166-hampton-ave,https://www.quiktrip.com/About/Contact-Us
RABBIT,amenity:bar,"63 Jacarandas, Tepic, 63139",63139,St. Louis,,,,
"Ravetta Photography, Inc.",craft:photographer,"3131 Hampton Avenue, St. Louis, MO, 63139",63139,St. Louis,+13147814758,ravettainc@gmail.com,https://www.ravettaphotography.com/,https://ravettaphotography.com/contact-us/
Reno's Barber Shop,shop:hairdresser,"3225 Ivanhoe Avenue, Saint Louis, MO, 63139",63139,St. Louis,,,,
Root 66 Dispensary,shop:cannabis,"6660 Manchester Avenue, Saint Louis, MO, 63139",63139,St. Louis,,,https://root66cannabis.com/dogtown-location/,https://root66cannabis.com/contact/
Royal Banks of Missouri,amenity:bank,"3534 Watson Road, Saint Louis, MO, 63139",63139,St. Louis,+13142121500,websitesupport@royalbanksnet.com,https://www.royalbanksofmo.com/,https://www.royalbanksofmo.com/contact-us/
Sandrina's Kitchen and Cocktails,amenity:restaurant,"5098 Arsenal Street, 63139",63139,St. Louis,,,,
Schicker Ford of St. Louis,shop:car,"3300 South Kingshighway Boulevard, Saint Louis, MO, 63139",63139,St. Louis,,,,
Schnucks,shop:supermarket,"5055 Arsenal Street, Saint Louis, MO, 63139",63139,St. Louis,,,,
Seamus McDaniel's,amenity:bar,"1208 Tamm Avenue, Saint Louis, MO, 63139",63139,St. Louis,,,https://seamusmcdaniels.com/,
Sherwin-Williams,shop:paint,"3109 Watson Road, Saint Louis, MO, 63139",63139,St. Louis,+13143522000,yourname@address.com,https://www.sherwin-williams.com/store-locator/paint-store/saint-louis/mo/3078,https://www.sherwin-williams.com/homeowners/contact-us/feedback
Slay Industries,office:yes,"1441 Hampton Avenue, Saint Louis, MO, 63139",63139,St. Louis,+18008527529,info@slay.com,https://slay.com/,https://slay.com/contact-us/
Slim Chickens,amenity:fast_food,"1515 Hampton Avenue, St. Louis, MO, 63139",63139,St. Louis,+1 314-645-1754,,,
SOHA Bar and Grill,amenity:fast_food,"2605 Hampton Avenue, Saint Louis, MO, 63139",63139,St. Louis,+13148027877,user@domain.com,https://www.sohabarandgrill.com/,https://www.sohabarandgrill.com/contact
Sonic,amenity:fast_food,"3156 South Kingshighway Boulevard, Saint Louis, MO, 63139",63139,St. Louis,+1 314-772-8331,,https://locations.sonicdrivein.com/mo/saintlouis/3156-s-kingshighway-blvd..html,https://locations.sonicdrivein.com/mo/saintlouis/3156-s-kingshighway-blvd..html
South City Computer Repair,craft:electronics_repair,"3235 Ivanhoe Avenue, Saint Louis, MO, 63139",63139,St. Louis,+1-314-400-7918,,http://saintlouiscomputerrepair.com/,
South City Family YMCA,leisure:sports_centre,"3150 Sublette Avenue, Saint Louis, MO, 63139",63139,St. Louis,,southcity@gwrymca.org,https://gwrymca.org/locations/south-city-family-ymca?utm_source=gmb&utm_medium=organic,https://gwrymca.org/contact-us
Southwest Market Cuisine,amenity:fast_food,"5224 Columbia Avenue, Saint Louis, MO, 63139",63139,St. Louis,+13147765220,,,
St. Louis Fitness Club,leisure:fitness_centre,"3525 Hampton Avenue, Saint Louis, MO, 63139",63139,St. Louis,+13143512780,,https://www.stlfitnessclub.com/,
St. Louis Kansas City Carpenters Regional Council,office:yes,"1401 Hampton Avenue, Saint Louis, MO, 63139",63139,St. Louis,+18003327188,,https://www.carpdc.org/,https://www.carpdc.org/
St. Louis Strings,shop:musical_instrument,"6331 Clayton Avenue, Saint Louis, MO, 63139",63139,St. Louis,,,https://www.stlstrings.com/pages/downtown-location,
Starbucks,amenity:cafe,"1216 Hampton Avenue, Saint Louis, MO, 63139",63139,St. Louis,+1 314-912-0026,,https://www.starbucks.com/store-locator/store/1030724/hampton-and-wise-1216-hampton-avenue-st-louis-mo-631393149-us,https://www.starbucks.com/store-locator/store/1030724/hampton-and-wise-1216-hampton-avenue-st-louis-mo-631393149-us
State Beauty Supply,shop:beauty,"3500 Hampton Avenue, Saint Louis, MO, 63139",63139,St. Louis,+13144818113,,https://www.statebeautystl.com/,https://www.statebeautystl.com/contact
Steak 'n Shake,amenity:fast_food,"1253 Hampton Avenue, Saint Louis, MO, 63139",63139,St. Louis,+13146442547,,https://www.steaknshake.com/locations/mo-st-louis-hampton-avenue/,https://www.steaknshake.com/about-us/
Subway,amenity:fast_food,"1205 Hampton Avenue, Saint Louis, MO, 63139",63139,St. Louis,+13146455440,,https://restaurants.subway.com/united-states/mo/st-louis/1205-hampton-ave,https://www.subway.com/en-US/ContactUs/GuestCare
Sunday Best,amenity:restaurant,"2360 Hampton Avenue, St Louis, MO, 63139",63139,St. Louis,,,https://www.sundaybestchicken.com,
Sweet Em's Coffee & Ice Cream,amenity:cafe,"6330 Clayton Avenue, Saint Louis, MO, 63139",63139,St. Louis,,,,
Taco Bell,amenity:fast_food,"1324 Hampton Avenue, Saint Louis, MO, 63139",63139,St. Louis,+1 314-647-2139,,https://locations.tacobell.com/mo/saint-louis/1324-hampton-avenue.html,https://locations.tacobell.com/mo/saint-louis/1324-hampton-avenue/breakfast.html
Taco Bell,amenity:fast_food,"3440 So Kings Highway, Saint Louis, MO, 63139",63139,St. Louis,+1 314-352-1765,,https://locations.tacobell.com/mo/saint-louis/3440-so-kings-highway.html,https://locations.tacobell.com/mo/saint-louis/3440-so-kings-highway/breakfast.html
The Full Package,shop:convenience,"1104 Hampton Avenue, Saint Louis, MO, 63139",63139,St. Louis,+13146461600,,,
The Hideaway,amenity:bar,"5900 Arsenal Street, Saint Louis, MO, 63139",63139,St. Louis,+13146458822,,https://www.thehideawaystl.com/,https://www.spothopperapp.com/contact-us?contact_reason=demo
The Hill Cigar Co,shop:tobacco,"5360 Southwest Avenue, Saint Louis, MO, 63139",63139,St. Louis,+13147764455,tran@hillcigarco.com,https://hillcigarco.com/,https://hillcigarco.com/contact-us/
The Home Depot,shop:doityourself,"3202 South Kingshighway Boulevard, Saint Louis, MO, 63139",63139,St. Louis,+1 314-865-0700,,https://www.homedepot.com/l/southtown/mo/saint-louis/63139/3011,
The Ink Spot,shop:stationery,"3433 Hampton Avenue, Saint Louis, MO, 63139",63139,St. Louis,+13143530938,orders@inkspotstl.com,https://www.inkspotstl.com/,https://www.inkspotstl.com/contact
The Neighborhood Car Wash,amenity:car_wash,63139,63139,St. Louis,+1-314-771-1075,,,
The Salvation Army,shop:charity,"1120 Hampton Avenue, Saint Louis, MO, 63139",63139,St. Louis,+13146463000,,http://stlsalvationarmy.org/,http://stlsalvationarmy.org/#
Tina’s Nails,shop:hairdresser,"2927 Hampton Avenue, Saint Louis, MO, 63139",63139,St. Louis,,,,
Tire Choice,shop:tyres,"3205 Hampton Avenue, Saint Louis, MO, 63139",63139,St. Louis,+13143562151,,https://locations.autotire.com/mo/st--louis/3205-hampton-avenue.html,
Trophy Room,amenity:bar,"5099 Arsenal Street, 63139",63139,St. Louis,,,,
U.S. Bank,amenity:bank,"5375 Southwest Avenue, Saint Louis, MO, 63139",63139,St. Louis,+13147526291,,https://locations.usbank.com/index/missouri/st-louis/southwest-avenue-branch.html,
Urzi's Italian Market,amenity:marketplace,"5430 Southwest Avenue, Saint Louis, MO, 63139",63139,St. Louis,+13147811135,surpport@dweva.com,https://dweva.com/,https://dweva.com/policies/contact-information
US Ring Binder LP,office:consulting,"6800 Arsenal Street, Saint Louis, MO, 63139",63139,St. Louis,+13146457880,,https://www.usring.com/,
V.L.'s Urban Farm,shop:supermarket,"3232 Ivanhoe Avenue, Saint Louis, MO, 63139",63139,St. Louis,,,https://vivaciousliving.shop/,
Vinnie's Italian Beef & Gyros,amenity:restaurant,"3208 Ivanhoe Avenue, Saint Louis, MO, 63139",63139,St. Louis,+13146447007,matt@vinniesstl.com,https://www.vinniesstl.com/,https://www.vinniesstl.com/contact
Wash U,shop:laundry,"2615 Hampton Avenue, Saint Louis, MO, 63139",63139,St. Louis,+13147739100,,,
Watson Auto Repair,shop:car_repair,"3552 Watson Road, Saint Louis, MO, 63139",63139,St. Louis,+13144810672,,,
Wendy's,amenity:fast_food,"2130 Hampton Avenue, Saint Louis, MO, 63139",63139,St. Louis,+1 314-781-4569,,https://locations.wendys.com/united-states/mo/saint-louis/2130-hampton-avenue,https://www.wendys.com/contact-us
"Wittich Upholstery, Inc.",craft:upholsterer,"3211 Ivanhoe Avenue, Saint Louis, MO, 63139",63139,St. Louis,+13146476934,,,
광주약국,amenity:pharmacy,"7 국기로, 제주시, 63139",63139,St. Louis,+82 64 712 7116,,,
수약국,amenity:pharmacy,"90 연북로, 제주시, 63139",63139,St. Louis,+82 64 759 0587,,,
18/8 Fine Men's Salons,shop:hairdresser,"10901 Olive Boulevard, Creve Coeur, MO, 63141",63141,Creve Coeur,+1-314-755-1988,,https://eighteeneight.com/,https://eighteeneight.com/
5☆ Burgers,amenity:restaurant,"11621 Olive Boulevard, Creve Coeur, MO, 63141",63141,Creve Coeur,,,,
795 Office Parkway,office:yes,"795 Office Parkway, Creve Coeur, MO, 63141",63141,Creve Coeur,,,,
9Round,leisure:fitness_centre,"12536 Olive Boulevard, Creve Coeur, MO, 63141",63141,Creve Coeur,+1 314-392-9305,,https://www.9round.com/,https://www.9round.com/contact
AAA Insurance,office:insurance,"11441 Olive Boulevard, Creve Coeur, MO, 63141",63141,Creve Coeur,,,,
Adelman Travel,shop:travel_agency,"11457 Olive Boulevard, Creve Coeur, MO, 63141",63141,Creve Coeur,,,,
ALDI,shop:supermarket,"11745 Olive Boulevard, Creve Coeur, MO, 63141",63141,Creve Coeur,+1 855-955-2534,,https://stores.aldi.us/mo/creve-coeur/11745-olive-blvd,https://www.aldi.us/store/aldi/pages/about-aldi
AMC Creve Coeur 12,amenity:cinema,"10465 Olive Boulevard, Creve Coeur, MO, 63141",63141,Creve Coeur,,,https://www.amctheatres.com/movie-theatres/st-louis/amc-creve-coeur-12,
American Automobile Association,shop:travel_agency,"12901 North Forty Drive, Town and Country, 63141",63141,Creve Coeur,+1 314-523-7350,,,
American Cleaners,shop:dry_cleaning,"11041 Olive Boulevard, Creve Coeur, MO, 63141",63141,Creve Coeur,+1 314-872-9393,,https://americancleanersstl.com/,https://americancleanersstl.com/contact-us/
American Heritage,shop:flag,"11062 Olive Boulevard, Creve Coeur, MO, 63141",63141,Creve Coeur,+1 314-432-2101,,https://americanheritagebannersandflags.com,https://americanheritagebannersandflags.com/contact-us.html
Amor Nails & Spa,shop:beauty,"12528 Olive Boulevard, Creve Coeur, MO, 63141",63141,Creve Coeur,+1 314-205-1909,,https://amornailsandspa.com,
Anis Hyderabad House,amenity:restaurant,"12637 Olive Boulevard, Creve Coeur, MO, 63141",63141,Creve Coeur,+1 314-434-4444,,https://us.orderspoon.com/anishyderabadhouse,https://us.orderspoon.com/anishyderabadhouse
Applebee's,amenity:restaurant,"11950 Olive Boulevard, Creve Coeur, MO, 63141",63141,Creve Coeur,+1 314-567-3252,,https://restaurants.applebees.com/en-us/mo/creve-coeur/11950-olive-blvd-81012,https://www.applebees.com/en/contact-us
AQ Nail Spa,shop:beauty,"11509 Olive Boulevard, Creve Coeur, MO, 63141",63141,Creve Coeur,,,,
AT&T,shop:mobile_phone,"11600 Olive Boulevard, Creve Coeur, MO, 63141",63141,Creve Coeur,,,,
AutoZone,shop:car_parts,"13029 Olive Boulevard, 63141",63141,Creve Coeur,+1 314-624-6630,,https://www.autozone.com/locations/mo/saint-louis/13029-olive-blvd.html,
B&B Theaters Creve Coeur West Olive 10 and Bowling,amenity:cinema,"12657 Olive Boulevard, 63141",63141,Creve Coeur,+1 314-789-3130,,https://www.bbtheatres.com/our-theatres/g01i1-b-and-b-creve-coeur-west-olive-10-wb-roll-bowling/,https://www.bbtheatres.com/contact-us/
Batteries Plus Bulbs,shop:electronics,"12520 Olive Boulevard, Creve Coeur, MO, 63141",63141,Creve Coeur,+1 314-628-0118,,https://www.batteriesplus.com/,
BeerSauce Shop,shop:alcohol,"10453 Olive Boulevard, Creve Coeur, MO, 63141",63141,Creve Coeur,,,,
Big Frog,shop:clothes,"10552 Old Olive Street Road, Creve Coeur, MO, 63141",63141,Creve Coeur,,,,
BMO Harris,amenity:bank,"10911 Olive Boulevard, Creve Coeur, MO, 63141",63141,Creve Coeur,+1 314-205-3400,,https://bmoharris.com,https://bmoharris.com/en-us/main/contact-us/contact-center-support-tool/
BP,amenity:fuel,"10559 Old Olive Street Road, Creve Coeur, MO, 63141",63141,Creve Coeur,,,,
Bristol Bar & Grill,amenity:restaurant,"11801 Olive Boulevard, Creve Coeur, MO, 63141",63141,Creve Coeur,,,,
Buffalo Wild Wings,amenity:restaurant,"12653 Olive Boulevard, Creve Coeur, MO, 63141",63141,Creve Coeur,,,,
Burger King,amenity:fast_food,"12701 Olive Boulevard, Saint Louis, MO, 63141",63141,Creve Coeur,+1 314-579-6080,,https://www.bk.com/store-locator/store/restaurant_4789,https://www.bk.com/store-locator/store/restaurant_4789
C K Cleaners,shop:dry_cleaning,"11016 Olive Boulevard, Creve Coeur, MO, 63141",63141,Creve Coeur,+1 314-569-1168,,,
California Pizza Kitchen,amenity:restaurant,"10590 Old Olive Street Road, Creve Coeur, MO, 63141",63141,Creve Coeur,,,,
Calvert's Express,shop:car_repair,"12906 Olive Boulevard, Creve Coeur, MO, 63141",63141,Creve Coeur,,,,
Chick-fil-A,amenity:fast_food,"12398 Olive Boulevard, Creve Coeur, MO, 63141",63141,Creve Coeur,,,,
China King,amenity:restaurant,"12784 Olive Boulevard, Saint Louis, MO, 63141",63141,Creve Coeur,+13142758880,,https://www.chinakingsaintlouismo.com/,https://www.chinakingsaintlouismo.com/
Chipotle,amenity:fast_food,"11485 Olive Boulevard, Creve Coeur, MO, 63141",63141,Creve Coeur,+1 314-983-9358,mo.0919.crevecoeur@chipotle.com,https://locations.chipotle.com/mo/creve-coeur/11485-olive-blvd,https://chipotle.com/rewards
Circle K,amenity:fuel,"11077 Olive Boulevard, Creve Coeur, MO, 63141",63141,Creve Coeur,,,https://www.circlek.com/store-locator/US/creve-couer/11109-olive-blvd/2656993,
Clarkson Eyecare,shop:optician,"11433 Olive Boulevard, Creve Coeur, MO, 63141",63141,Creve Coeur,,,,
Club Fitness,leisure:fitness_centre,"957 Woodcrest Executive Drive, Creve Coeur, MO, 63141",63141,Creve Coeur,,,,
Cobblestone Shoe Repair,craft:shoemaker,"11600 Olive Boulevard, Creve Coeur, MO, 63141",63141,Creve Coeur,,,,
Cold Stone Creamery,amenity:ice_cream,"12418 Olive Boulevard, Creve Coeur, MO, 63141",63141,Creve Coeur,,,,
Commerce Bank,amenity:bank,"12275 Olive Boulevard, Creve Coeur, MO, 63141",63141,Creve Coeur,,,,
Complete,shop:wedding_planner,"11100 Olive Boulevard, Creve Coeur, MO, 63141",63141,Creve Coeur,+1 314-991-5656,,https://completeweddingstlouis.com/,
Connectria Hosting,office:web_design,"10845 Olive Boulevard, Creve Coeur, MO, 63141",63141,Creve Coeur,+1 314-587-7000,sales@lightedge.com,https://connectria.com,https://connectria.com/contact
Cookies by Design,shop:pastry,"11453 Olive Boulevard, Creve Coeur, MO, 63141",63141,Creve Coeur,,,,
Crazy Bowls & Wraps,amenity:restaurant,"11427 Olive Boulevard, Creve Coeur, MO, 63141",63141,Creve Coeur,,,https://crazybowlsandwraps.com/,https://crazybowlsandwraps.com/contact-us/
Creve Coeur Animal Hospital,amenity:veterinary,"12550 Olive Boulevard, Creve Coeur, MO, 63141",63141,Creve Coeur,,,,
Creve Coeur Dentistry,amenity:dentist,"11437 Olive Boulevard, Creve Coeur, MO, 63141",63141,Creve Coeur,,,,
Creve Coeur Fire Protection District Administration Office,office:government,"11221 Olive Boulevard, Creve Coeur, MO, 63141",63141,Creve Coeur,,,,
Creve Coeur Racquet Club,leisure:sports_centre,"12691 Conway Road, Creve Coeur, MO, 63141",63141,Creve Coeur,,,https://www.ccrctennis.com/,
Crown Vision,shop:optician,"11615B Olive Boulevard, Creve Coeur, MO, 63141",63141,Creve Coeur,,,,
Crushed Red,amenity:restaurant,"11635 Olive Boulevard, Creve Coeur, MO, 63141",63141,Creve Coeur,,,,
Cutco Cutlery,shop:houseware,"11641 Olive Boulevard, Creve Coeur, MO, 63141",63141,Creve Coeur,,,,
Cutco Kitchen,shop:kitchen,"12528 Olive Boulevard, Creve Coeur, MO, 63141",63141,Creve Coeur,+1 314-262-4964,service@cutco.com,https://www.cutco.com/,https://www.cutco.com/customer/contact-us
CVS Pharmacy,shop:chemist,"11560 Olive Boulevard, Creve Coeur, MO, 63141",63141,Creve Coeur,+1 314-995-7218,,https://www.cvs.com/store-locator/creve-coeur-mo-pharmacies/11560-olive-blvd-creve-coeur-mo-63141/storeid=3087,https://www.cvs.com/minuteclinic/info/contact
Diamonds Direct,shop:jewelry,"11619 Olive Boulevard, Creve Coeur, MO, 63141",63141,Creve Coeur,,,,
Dierbergs,shop:supermarket,"11481 Olive Boulevard, Creve Coeur, MO, 63141",63141,Creve Coeur,,,https://www.dierbergs.com/store-locations/west-oak,https://www.dierbergs.com/store-locations/west-oak
Dobbs Tire & Auto Center,shop:car_repair,"12981 Olive Boulevard, Creve Coeur, MO, 63141",63141,Creve Coeur,,,,
Earthwise Pet Supply & Grooming,shop:pet,"12730 Olive Boulevard, 63141",63141,Creve Coeur,+1 314-576-7387,crevecoeur@earthwisepet.com,https://crevecoeur.earthwisepet.com/crevecoeur/,
Edward Jones,office:financial_advisor,"711 North New Ballas Road, Creve Coeur, MO, 63141",63141,Creve Coeur,,,,
Enterprise Bank & Trust,amenity:bank,"11401 Olive Boulevard, Creve Coeur, MO, 63141",63141,Creve Coeur,+1 314-292-6000,cso@enterprisebank.com,https://enterprisebank.com/,https://enterprisebank.com/contact-us
European Wax Center,shop:beauty,"12536 Olive Boulevard, Creve Coeur, MO, 63141",63141,Creve Coeur,+1 314-628-9300,,https://locations.waxcenter.com/mo/crevecoeur/creve-coeur-0458.html,https://www.contactwaxcenter.com/
Everbowl,amenity:fast_food,"11473 Olive Blvd., Creve Coeur, MO, 63141",63141,Creve Coeur,+1 314-942-1113,everbowl1089@ebfranchise.com,https://www.everbowl.com/acai-bowl-locations/creve-coeur-mo,https://www.everbowl.com/contact
Fantastic Sams,shop:hairdresser,"11473 Olive Boulevard, Creve Coeur, MO, 63141",63141,Creve Coeur,,,,
Fantasy Shop,shop:yes,"736 North New Ballas Road, Creve Coeur, MO, 63141",63141,Creve Coeur,,,,
FedEx Office,shop:copyshop,"800 North New Ballas Road, Creve Coeur, MO, 63141",63141,Creve Coeur,,,,
FedEx Office,shop:stationery,"12520 Olive Boulevard, Creve Coeur, MO, 63141",63141,Creve Coeur,+1 314-275-8255,,,
Firestone Complete Auto Care,shop:car_repair,"12740 Olive Boulevard, 63141",63141,Creve Coeur,+1 314-815-8102,020303@bfrc.com,https://local.firestonecompleteautocare.com/missouri/saint-louis/12740-olive-blvd/,https://local.firestonecompleteautocare.com/contact/
First Bank,amenity:bank,"11901 Olive Boulevard, Creve Coeur, MO, 63141",63141,Creve Coeur,+1 314-995-8700,,,
First Community Credit Union,amenity:bank,"10950 Olive Boulevard, Creve Coeur, MO, 63141",63141,Creve Coeur,,,https://firstcommunity.com/,https://www.firstcommunity.com/about-us/contact-us.html
First Watch,amenity:restaurant,"742 North New Ballas Road, Creve Coeur, MO, 63141",63141,Creve Coeur,,,,
Fitness Edge,leisure:fitness_centre,"10571 Old Olive Street Road, Creve Coeur, MO, 63141",63141,Creve Coeur,,,,
Five Guys,amenity:fast_food,"790 North New Ballas Road, Creve Coeur, MO, 63141",63141,Creve Coeur,+1 314-997-6700,marketing@fiveguys.com,https://restaurants.fiveguys.com/790-north-new-ballas-road,https://www.fiveguys.com/contact-us
Freddy's,amenity:fast_food,"10457 Olive Boulevard, Creve Coeur, MO, 63141",63141,Creve Coeur,+1 314-801-7628,,,
FroYo Frozen Yogurt,amenity:ice_cream,"10909 Olive Boulevard, Creve Coeur, MO, 63141",63141,Creve Coeur,+1 314-991-1965,info@sensationaltheme.com,https://froyoyogurt.com/,https://froyoyogurt.com/
GNC,shop:nutrition_supplements,"11455 Olive Boulevard, Creve Coeur, MO, 63141",63141,Creve Coeur,,,,
Granite City Food and Brewery,amenity:pub,"11411 Olive Boulevard, Creve Coeur, MO, 63141",63141,Creve Coeur,+1 314-432-3535,sean@visionfriendly.com,https://gcfb.com/,https://gcfb.com/contact/
Great Clips,shop:hairdresser,"10554 Old Olive Street Road, Creve Coeur, MO, 63141",63141,Creve Coeur,,,,
Great Clips,shop:hairdresser,"12536 Olive Boulevard, Creve Coeur, MO, 63141",63141,Creve Coeur,+1 314-434-6279,customerservice@greatclips.com,https://www.greatclips.com/,https://www.greatclips.com/about-us/overview
Great Southern Bank,amenity:bank,"12500 Olive Boulevard, Creve Coeur, MO, 63141",63141,Creve Coeur,,,,
Gulf Shores Restaurant and Grill,amenity:restaurant,"12528 Olive Boulevard, Creve Coeur, MO, 63141",63141,Creve Coeur,+1 314-878-3306,,,
Hair Saloon,shop:hairdresser,"11465 Olive Boulevard, Creve Coeur, MO, 63141",63141,Creve Coeur,,,,
Happy China,amenity:restaurant,"12921 Olive Boulevard, St. Louis, MO, 63141",63141,Creve Coeur,+13148786660,,https://happychinastlouis.com/index.html,
HBE Building,office:yes,"11330 Olive Boulevard, Creve Coeur, MO, 63141",63141,Creve Coeur,,,,
Heritage Veterinary Hospital,amenity:veterinary,"12952 Olive Boulevard, Creve Coeur, MO, 63141",63141,Creve Coeur,+1-314-878-8454,heritageveterinaryhospital@gmail.com,https://www.heritageveterinary.com/,https://www.heritageveterinary.com/contact
ibellaBeads,shop:yes,"770 North New Ballas Road, Creve Coeur, MO, 63141",63141,Creve Coeur,,,,
Ideal Image,shop:yes,"10413 Olive Boulevard, Creve Coeur, MO, 63141",63141,Creve Coeur,,,,
Il Bel Lago,amenity:restaurant,"11631 Olive Boulevard, Creve Coeur, MO, 63141",63141,Creve Coeur,+1 314-994-1080,,https://bellagostl.com,https://www.bellagostl.com/about/
Imo's Pizza,amenity:fast_food,"11369 Olive Boulevard, Creve Coeur, MO, 63141",63141,Creve Coeur,+1 314-432-4667,,,
Jamba,amenity:fast_food,"11477 Olive Boulevard, Creve Coeur, MO, 63141",63141,Creve Coeur,,,,
Jet's Pizza,amenity:restaurant,"12536 Olive Boulevard, Creve Coeur, MO, 63141",63141,Creve Coeur,+1 314-548-2585,kellijowarden49735911@gmail.com,https://jetspizza.com/,https://www.jetspizza.com/contact-us/
Jimmy John's,amenity:fast_food,"11429 Olive Boulevard, Creve Coeur, MO, 63141",63141,Creve Coeur,,,,
"Jordan Industrial Controls, Inc.",office:Systems_Integrator,"999 Executive Parkway Drive, Creve Coeur, MO, 63141",63141,Creve Coeur,+1-314-499-8912,jordanici@jordanici.com,https://www.jordan-industrial.com/,
JS Hair Designs,shop:hairdresser,"750 North New Ballas Road, Creve Coeur, MO, 63141",63141,Creve Coeur,,,,
Kennedy Capital Management,office:financial,"10829 Olive Boulevard, Creve Coeur, MO, 63141",63141,Creve Coeur,+1 314-432-0400,info@kennedycapital.com,https://www.kennedycapital.com/,https://www.kennedycapital.com/contact-us/
KidStrong,office:educational_institution,"10429 Olive Boulevard, Creve Coeur, MO, 63141",63141,Creve Coeur,,crevecoeur@kidstrong.com,https://www.kidstrong.com/locations/creve-coeur,https://www.kidstrong.com/locations/creve-coeur
Kohl's,shop:department_store,"955 Woodcrest Executive Drive, Creve Coeur, MO, 63141",63141,Creve Coeur,+1 314-878-4700,,https://www.kohls.com/stores/mo/crevecoeur-353.shtml,https://www.kohls.com/faq/article/623
KSTL Jubilee 690 AM,office:radio_station,"10845 Olive Boulevard, Creve Coeur, MO, 63141",63141,Creve Coeur,,,https://www.jubilee690.com/,https://s3.envato.com/files/344043819/MARKETICA_PREVIEW/09_marketica2_contact_page_template.png
La Salsa Fresh Mexican Grill,amenity:restaurant,"12536 Olive Boulevard, Creve Coeur, MO, 63141",63141,Creve Coeur,+1 314-275-7257,kahala.customerservice@mtygroup.com,https://www.lasalsa.com/,https://www.lasalsa.com/contact-us/
Lion's Choice,amenity:fast_food,"12010 Olive Boulevard, Creve Coeur, MO, 63141",63141,Creve Coeur,+1 314-872-8587,,https://lionschoice.com/,https://lionschoice.com/contact/
Mary Cates Salon,shop:beauty,"11772 Olive Boulevard, Creve Coeur, MO, 63141",63141,Creve Coeur,,,,
Massage Envy,shop:massage,"12528 Olive Boulevard, Creve Coeur, MO, 63141",63141,Creve Coeur,+1-314-744-7779,,https://www.massageenvy.com/,https://www.massageenvy.com/
Mattress Firm,shop:bed,"11501 Olive Boulevard, Creve Coeur, MO, 63141",63141,Creve Coeur,+1 314-692-9006,,https://www.mattressfirm.com/en-us/stores/mo/creve-coeur/018014/,
McAlister's Deli,amenity:restaurant,"12515 Olive Boulevard, Creve Coeur, MO, 63141",63141,Creve Coeur,,,,
McDonald's,amenity:fast_food,"11521 Olive Boulevard, Creve Coeur, MO, 63141",63141,Creve Coeur,+1 314-432-2644,,https://www.mcdonalds.com/us/en-us/location/31264.html,https://www.mcdonalds.com/us/en-us/contact-us.html
Metro Design Studio Studio Salons,shop:hairdresser,"12536 Olive Boulevard, Creve Coeur, MO, 63141",63141,Creve Coeur,+1 314-983-0444,manager@metrodesignstl.com,https://metrodesignstl.com/,https://metrodesignstl.com/contacts/
Millbradt Lawn Equipment,shop:lawn_equipment,"11700 Olive Boulevard, Creve Coeur, MO, 63141",63141,Creve Coeur,,,,
My Salon Suites,shop:beauty,"10401 Olive Boulevard, Creve Coeur, MO, 63141",63141,Creve Coeur,,,,
Nail Art,shop:beauty,"11463 Olive Boulevard, Creve Coeur, MO, 63141",63141,Creve Coeur,,,,
New Balance,shop:shoes,"11633 Olive Boulevard, Creve Coeur, MO, 63141",63141,Creve Coeur,,,,
Noodles & Company,amenity:restaurant,"10925 Olive Boulevard, Creve Coeur, MO, 63141",63141,Creve Coeur,+1 314-997-8804,,,
Nudo,amenity:restaurant,"11423 Olive Boulevard, Creve Coeur, MO, 63141",63141,Creve Coeur,,,,
Office Depot,shop:stationery,"12581 Olive Boulevard, Creve Coeur, MO, 63141",63141,Creve Coeur,+1 314-576-9656,,https://www.officedepot.com/storelocator/mo/creve-coeur/office-depot-44,https://www.officedepot.com/a/customerservice/?cm_sp=FooterLinks-_-CustomerService-_-CustomerService
Olive Fee Fee Auto Care,shop:car_repair,"12909 Olive Blvd, St. Louis, MO, 63141",63141,Creve Coeur,+13144346406,olivefeefeeauto@att.net,https://www.olivefeefeeautocare.com/,https://www.olivefeefeeautocare.com/contact
Once Upon a Child,shop:clothes,"11445 Olive Boulevard, Creve Coeur, MO, 63141",63141,Creve Coeur,,,,
Otto Orthodontics,amenity:dentist,"204 Manchester Road, 63141",63141,Creve Coeur,+1 314-900-6886,dr@ottoortho.com,https://ottoortho.com/locations/orthodontist-in-st-louis-mo/,https://ottoortho.com/contact-us/
Panda Express,amenity:fast_food,"10445 Olive Boulevard, Creve Coeur, MO, 63141",63141,Creve Coeur,+1 314-569-9063,,https://www.pandaexpress.com/locations/mo/creve-coeur/2887,
Panera Bread,amenity:fast_food,"10550 Old Olive Street Road, Creve Coeur, MO, 63141",63141,Creve Coeur,+1 314-872-8946,,https://locations.panerabread.com/mo/creve-coeur/10550-old-olive-street-road.html,https://locations.panerabread.com/en-us/company/about-panera.html
Pastries of Denmark,amenity:cafe,"12613 Olive Boulevard, Creve Coeur, MO, 63141",63141,Creve Coeur,+1 314 469 7879,,https://www.pastriesofdenmark.com/,
Pei Wei,amenity:restaurant,"11430 Olive Boulevard, Creve Coeur, MO, 63141",63141,Creve Coeur,,,,
Performance Eyecare,shop:optician,"12536 Olive Boulevard, Creve Coeur, MO, 63141",63141,Creve Coeur,+1 314-878-1377,,https://performanceeyecare.com/,https://performanceeyecare.com/contact-lenses/
Pickleman's Gourmet Cafe,amenity:restaurant,"11921 Olive Boulevard, Creve Coeur, MO, 63141",63141,Creve Coeur,,,,
Pierce Creek,shop:butcher,"10405 Old Olive Street Road, Creve Coeur, MO, 63141",63141,Creve Coeur,+1 314-900-1424,business@piercecreekstl.com,https://www.piercecreekstl.com/,
Pita Plus,amenity:restaurant,"13005 Olive Boulevard, Creve Coeur, MO, 63141",63141,Creve Coeur,+1 314-453-9558,,,
Pizza Hut,amenity:restaurant,"11451 Olive Boulevard, Creve Coeur, MO, 63141",63141,Creve Coeur,+1 314-997-2252,,https://locations.pizzahut.com/mo/saint-louis/11451-olive-blvd,https://www.pizzahut.com/contact-us
Plaza Infinity,shop:car,"755 North New Ballas Road, Creve Coeur, MO, 63141",63141,Creve Coeur,,,,
Potbelly,amenity:fast_food,"11615A Olive Boulevard, Creve Coeur, MO, 63141",63141,Creve Coeur,,,,
Premier Dental Partners,amenity:dentist,"12528 Olive Boulevard, Creve Coeur, MO, 63141",63141,Creve Coeur,+1 314-878-0122,,https://www.premierdentalpartners.com/,https://www.premierdentalpartners.com/
Qdoba,amenity:fast_food,"766 North New Ballas Road, Creve Coeur, MO, 63141",63141,Creve Coeur,+1 314-983-0189,,https://locations.qdoba.com/us/mo/creve-coeur/766-n-new-ballas-rd.html,https://contactus.qdoba.com/
Refinitiv,office:yes,"717 Office Parkway, Creve Coeur, MO, 63141",63141,Creve Coeur,,,,
Regions Bank,amenity:bank,"12470 Olive Boulevard, Creve Coeur, MO, 63141",63141,Creve Coeur,,,,
Rent-A-Relative,office:moving_company,"9646 Olive Street Road, St Louis, MO, 63141",63141,Creve Coeur,+1-314-995-9994,,https://rentarelativestl.com,
Sally Beauty,shop:hairdresser_supply,"11461 Olive Boulevard, Creve Coeur, MO, 63141",63141,Creve Coeur,,,,
Sanaaz Designer Couture,shop:clothes,"12520 Olive Boulevard, Creve Coeur, MO, 63141",63141,Creve Coeur,+1 314-971-1300,,https://www.sanaazcouture.com/,https://www.sanaazcouture.com/contact-us
Sauce on the Side,amenity:restaurant,"701 North New Ballas Road, Creve Coeur, MO, 63141",63141,Creve Coeur,,,,
Schnucks,shop:supermarket,"10650 Olive Boulevard, Creve Coeur, MO, 63141",63141,Creve Coeur,+1 314-567-3838,,,
Schnucks Pharmacy,amenity:pharmacy,"10650 Olive Boulevard, Creve Coeur, MO, 63141",63141,Creve Coeur,,,,
School Music USA,shop:musical_instrument,"11048 Olive Boulevard, Creve Coeur, MO, 63141",63141,Creve Coeur,+1 314-218-6565,,https://www.schoolmusicusa.com/,
Schucks,shop:grocery,"12756 Olive Boulevard, 63141",63141,Creve Coeur,+1 314-434-7323,,https://locations.schnucks.com/mo-st-louis-116,https://locations.schnucks.com/contact-us
Scotsman Coin and Jewelery,shop:jewelry,"11005 Olive Boulevard, Creve Coeur, MO, 63141",63141,Creve Coeur,+1 314-692-2646,info@scoins.com,https://www.scoins.com,https://www.scoins.com/about-us-contact-us.aspx
Seoul Garden,amenity:restaurant,"10421 Olive Boulevard, Creve Coeur, MO, 63141",63141,Creve Coeur,,,,
Slim 180 Weight Loss,shop:yes,"10905 Olive Boulevard, Creve Coeur, MO, 63141",63141,Creve Coeur,,,,
Sola Salons,shop:beauty,"11756 Olive Boulevard, Creve Coeur, MO, 63141",63141,Creve Coeur,,,,
Spectrum,shop:telecommunication,"12597 Olive Boulevard, Creve Coeur, MO, 63141",63141,Creve Coeur,+1-888-406-7063,,https://www.spectrum.com/locations/mo/st-louis/12597-a-olive-blvd,https://www.spectrum.com/locations/mo/st-louis/12597-a-olive-blvd#contact
Spoede Animal Hospital,amenity:veterinary,"10842 Olive Boulevard, Creve Coeur, MO, 63141",63141,Creve Coeur,,,,
Sprint,shop:mobile_phone,"11637 Olive Boulevard, Creve Coeur, MO, 63141",63141,Creve Coeur,,,,
St. Louis Bubble Tea,amenity:cafe,"12865 Olive Boulevard, St. Louis, MO, 63141",63141,Creve Coeur,+13148781668,,https://www.facebook.com/stlbubbletea2/,https://www.facebook.com/stlbubbletea2/
St. Louis Gyros,amenity:restaurant,"12528 Olive Boulevard, Creve Coeur, MO, 63141",63141,Creve Coeur,+1 314-786-5660,info@stlgyros.com,https://stlgyros.com/,https://stlgyros.com/
St. Vincent de Paul Thrift Store,shop:charity,"11015 Olive Boulevard, Creve Coeur, 63141",63141,Creve Coeur,+1 314-881-6091,,,
Starbucks,amenity:cafe,"610 Maryville University Drive, Saint Louis, MO, 63141",63141,Creve Coeur,+1 314-529-9511,,https://www.starbucks.com/store-locator/store/1022596/maryville-university-library-610-maryville-university-drive-st-louis-mo-63141-u,https://www.starbucks.com/store-locator/store/1022596/maryville-university-library-610-maryville-university-drive-st-louis-mo-63141-u
Starbucks,amenity:cafe,"11464 Olive Boulevard, Creve Coeur, MO, 63141",63141,Creve Coeur,+1 314-989-1450,,https://www.starbucks.com/store-locator/store/13594/olive-craig-11464-olive-street-creve-coeur-mo-631417109-us,https://www.starbucks.com/store-locator/store/13594/olive-craig-11464-olive-street-creve-coeur-mo-631417109-us
Stir Crazy,amenity:restaurant,"10598 Olive Boulevard, Creve Coeur, MO, 63141",63141,Creve Coeur,,,,
StlRotisserie,amenity:cafe,"12414 Olive Boulevard, Creve Coeur, MO, 63141",63141,Creve Coeur,,,,
Subway,amenity:fast_food,"782 North New Ballas Road, Creve Coeur, MO, 63141",63141,Creve Coeur,+1 314-993-2270,,https://restaurants.subway.com/united-states/mo/creve-coeur/782-north-new-ballas-rd,
Subway,amenity:fast_food,"12321 Olive Boulevard, Creve Coeur, MO, 63141",63141,Creve Coeur,+1 314-514-7827,,https://restaurants.subway.com/united-states/mo/creve-coeur/12321-olive-boulevard,https://www.subway.com/en-US/ContactUs/GuestCare
Subway,amenity:fast_food,"Creve Coeur, MO, 63141",63141,Creve Coeur,+1 314-997-0012,,https://restaurants.subway.com/united-states/mo/creve-coeur/11268-&-11272-olive-blvd,https://www.subway.com/en-US/ContactUs/GuestCare
Supercuts,shop:hairdresser,"11600 Olive Boulevard, Creve Coeur, MO, 63141",63141,Creve Coeur,,,,
Swanson Reed,office:tax_advisor,"12747 Olive Boulevard, Saint Louis, MO, 63141",63141,Creve Coeur,+1-314-492-3920,missouri@swansonreed.org,https://www.swansonreed.com/research-tax-credit/missouri/,https://www.swansonreed.com/contact-us/south/
T-Mobile,shop:mobile_phone,"730 North New Ballas Road, Creve Coeur, MO, 63141",63141,Creve Coeur,+1 314-898-5400,,,
Taco Bell,amenity:fast_food,"13123 Olive Boulevard, Saint Louis, MO, 63141",63141,Creve Coeur,+1 314-205-8295,,https://locations.tacobell.com/mo/saint-louis/13123-olive-blvd.html,https://locations.tacobell.com/mo/saint-louis/13123-olive-blvd/breakfast.html
Thai Nivas Cafe,amenity:restaurant,"11054 Olive Boulevard, Creve Coeur, MO, 63141",63141,Creve Coeur,+1 314-567-8989,,https://thainivassushibar.com,
The America Group,office:financial,"10845 Olive Boulevard, Creve Coeur, MO, 63141",63141,Creve Coeur,+1 314-918-8080,,https://www.theamericagroup.com/,https://www.theamericagroup.com/contact/
The Climate Corporation,office:company,"4 CityPlace Drive, St. Louis, MO, 63141",63141,Creve Coeur,,,https://climate.com/,https://climate.com/en-us/resources/contact-us.html
The Great Frame Up,shop:yes,"11467 Olive Boulevard, Creve Coeur, MO, 63141",63141,Creve Coeur,,,,
The Pasta House Company,amenity:restaurant,"700 North New Ballas Road, Creve Coeur, MO, 63141",63141,Creve Coeur,,,,
The Post Sports Bar and Grill,amenity:pub,"763 Old Ballas Road, MO, 63141",63141,Creve Coeur,,,https://thepostsportsbar.com/locations/creve-coeur-2/,https://thepostsportsbar.com/contact/
The Smoothie Bar,amenity:restaurant,"11615 Olive Boulevard, Creve Coeur, MO, 63141",63141,Creve Coeur,,,,
The UPS Store,shop:copyshop,"11469 Olive Boulevard, Creve Coeur, MO, 63141",63141,Creve Coeur,,,,
Trader Joe's,shop:supermarket,"11505 Olive Boulevard, Creve Coeur, MO, 63141",63141,Creve Coeur,+1 314-569-0427,,https://locations.traderjoes.com/mo/creve-coeur/694/,https://www.traderjoes.com/home/contact-us
Travelplex,shop:travel_agency,"726 Will Avenue, Creve Coeur, MO, 63141",63141,Creve Coeur,,,,
Treats Unleashed,shop:pet,"11617 Olive Boulevard, Creve Coeur, MO, 63141",63141,Creve Coeur,,,,
Triad Financial Group,office:financial_advisor,"425 North New Ballas Road, Creve Coeur, MO, 63141",63141,Creve Coeur,+1-314-392-6800,dylan@triadfinancialgroup.net,https://www.triadfinancialgroup.net/,https://www.triadfinancialgroup.net/contact-us
Trileaf Corporation,office:consulting,"10845 Olive Boulevard, Creve Coeur, MO, 63141",63141,Creve Coeur,+1 314-997-6111,,https://trileaf.com/,https://trileaf.com/contact-us/
U.S. Bank,amenity:bank,"11655 Olive Boulevard, Creve Coeur, MO, 63141",63141,Creve Coeur,,,,
Valvoline,shop:car_repair,"11333 Olive Boulevard, Creve Coeur, MO, 63141",63141,Creve Coeur,+1 314-993-5808,formsubmission@vioc.com,https://store.vioc.com/mo/crevecoeur/oil-change-050055.html,https://www.vioc.com/contact-us/
Veninga Jewelery,shop:jewelry,"11600 Olive Boulevard, Creve Coeur, MO, 63141",63141,Creve Coeur,,,,
Verizon,shop:mobile_phone,"11493 Olive Boulevard, Creve Coeur, MO, 63141",63141,Creve Coeur,,,,
Vic's Nails & Spa,shop:beauty,"10425 Olive Boulevard, Creve Coeur, MO, 63141",63141,Creve Coeur,,,,
Vincent's Jewelers,shop:jewelry,"11733 Olive Boulevard, Creve Coeur, MO, 63141",63141,Creve Coeur,,,,
Walgreens,amenity:pharmacy,"10941 Olive Boulevard, Creve Coeur, MO, 63141",63141,Creve Coeur,+1 314-997-0555,epc.consumerrelations@walgreens.com,https://www.walgreens.com/,https://www.walgreens.com/youraccount/clhistory/contactlenshist.jsp
Weber Chevrolet Creve Coeur,shop:car,"12015 Olive Boulevard, Creve Coeur, MO, 63141",63141,Creve Coeur,,,,
Weber Chevrolet Service,shop:car_repair,"12015 Olive Boulevard, MO, 63141",63141,Creve Coeur,,,,
West Oak Cleaners,shop:dry_cleaning,"11471 Olive Boulevard, Creve Coeur, MO, 63141",63141,Creve Coeur,,,,
West Olive Dental,amenity:dentist,"12611 Olive Boulevard, Creve Coeur, MO, 63141",63141,Creve Coeur,+1 314 514 0660,,https://www.westolivedental.com/,
Wolf Properties,office:yes,"11456 Olive Boulevard, Creve Coeur, MO, 63141",63141,Creve Coeur,,,,
Y-Kiki Divers,shop:scuba_diving,"13001 Olive Boulevard, Creve Coeur, MO, 63141",63141,Creve Coeur,+1-314-469-8554,info@y-kiki.com,https://www.y-kiki.com/,https://y-kiki.com/contact-us
연세휴먼치과의원,amenity:dentist,"28 과원로, 제주시, 63141",63141,Creve Coeur,+82 64 749 0075,,,
예치과의원,amenity:dentist,"28 과원로, 제주시, 63141",63141,Creve Coeur,+82 64 745 2900,,,
7-Eleven,shop:convenience,"6909 Southwest Avenue, Saint Louis, MO, 63143",63143,Maplewood,,media@7-11.com,https://www.7-eleven.com/locations/mo/saint-louis/6909-southwest-ave-27408,https://corp.7-eleven.com/corp/about?utm_source=7-eleven.com&amp;utm_medium=referral&amp;utm_campaign=corpcom_2021
ALDI,shop:supermarket,"7725 Manchester Road, Maplewood, MO, 63143",63143,Maplewood,+1 855-955-2534,,https://stores.aldi.us/mo/maplewood/7725-manchester-road,https://www.aldi.us/store/aldi/pages/about-aldi
Amoco,amenity:fuel,"McCausland Avenue, Saint Louis, MO, 63143",63143,Maplewood,,,,
Boardwalk Waffles & Ice Cream,amenity:ice_cream,"7376 Manchester Road, Maplewood, MO, 63143",63143,Maplewood,,,https://www.boardwalkwaffles.com/,
Domino's,amenity:fast_food,"7259 Manchester Road, Maplewood, MO, 63143",63143,Maplewood,+1 314-644-6700,olocustomercare@dominos.com,https://pizza.dominos.com/missouri/maplewood/7259-manchester-rd,https://www.dominos.com/en/about-pizza/
Foundation Grounds,amenity:restaurant,"7298 Manchester Road, Maplewood, 63143",63143,Maplewood,+1 314 833 6460,,https://www.foundationgrounds.com/,
La Cosecha,amenity:cafe,"7630 Manchester Road, Maplewood, MO, 63143",63143,Maplewood,,,,
Landscape St. Louis,craft:gardener,"2601 McCausland Avenue, Saint Louis, MO, 63143",63143,Maplewood,+1-314-876-8064,info@landscapestlouis.com,https://landscapestlouis.com/,
Lowe's,shop:doityourself,"2300 South Hanley Road, Maplewood, MO, 63143",63143,Maplewood,+1 314-450-1000,,https://www.lowes.com/store/mo-maplewood/1966,https://www.lowes.com/store/mo-maplewood/1966
Maplewood Bicycle,shop:bicycle,"7534 Manchester Road, St. Louis, MO, 63143",63143,Maplewood,,info@maplewoodbicycle.com,https://www.maplewoodbicycle.com/,https://www.maplewoodbicycle.com/about/service-packages-pg169.htm
Maplewood Bicycle,shop:bicycle,"7534 Manchester Rd, St. Louis, 63143",63143,Maplewood,+1 314-781-9566,info@maplewoodbicycle.com,https://www.maplewoodbicycle.com/,https://www.maplewoodbicycle.com/about/service-packages-pg169.htm
Mauhaus Cat Cafe,amenity:cafe,"3101 Sutton Boulevard, Maplewood, MO, 63143",63143,Maplewood,,,https://mauhauscafe.com/,https://mauhauscafe.com/#contact
Pizza Hut,amenity:restaurant,"7423 Manchester Road, Maplewood, MO, 63143",63143,Maplewood,+1 314-647-4434,,https://locations.pizzahut.com/mo/maplewood/7423-manchester-rd,
Public Storage,shop:storage_rental,"2321 McCausland Avenue, Saint Louis, MO, 63143",63143,Maplewood,,,,
Qdoba,amenity:fast_food,"2001 South Hanley Road, Maplewood, MO, 63143",63143,Maplewood,+1 314-645-8883,,https://locations.qdoba.com/us/mo/maplewood/2001-maplewood-commons-dr.html,
Red Lobster,amenity:restaurant,"2381 Maplewood Commons Dr, Maplewood, MO, 63143",63143,Maplewood,,,,
Robin Restaurant,amenity:restaurant,"7268 Manchester Road, St. Louis, MO, 63143",63143,Maplewood,,info@robinrestaurant.com,https://www.robinrestaurant.com,https://www.robinrestaurant.com/#contact
Ross,shop:department_store,"3200 Laclede Station Road, Maplewood, MO, 63143",63143,Maplewood,+1 314-645-7526,,,
Sam's Club,shop:wholesale,"2100 Maplewood Common Drive, Maplewood, MO, 63143",63143,Maplewood,+1 314-644-7791,,https://www.samsclub.com/club/maplewood-mo-sams-club/6474,https://www.samsclub.com/club/maplewood-mo-sams-club/6474
Scheidt Hardware,shop:hardware,"7320 Manchester Road, Maplewood, MO, 63143",63143,Maplewood,+1 314-647-1411,,http://ww3.truevalue.com/scheidttruevalue,
Schlafly Bottleworks,craft:brewery,"7260 Southwest Avenue, Maplewood, MO, 63143",63143,Maplewood,+13142412337,bottleworksmanagers@schlafly.com,https://schlafly.com/bottleworks/,https://schlafly.com/about
Schnucks,shop:supermarket,"7355 Manchester Road, 63143",63143,Maplewood,,,,
Shared Brewing,craft:brewery,"2657 Lyle Avenue, Maplewood, MO, 63143",63143,Maplewood,,,https://www.sharedbrewing.com,
Side Project Brewing,craft:brewery,"7458 Manchester Road, Maplewood, MO, 63143",63143,Maplewood,,,https://www.sideprojectbrewing.com,https://www.sideprojectbrewing.com/pages/contact-1
Side Project Cellar,amenity:restaurant,"7373 Marietta Avenue, 63143",63143,Maplewood,,,,
Southwest Diner,amenity:restaurant,"6803 Southwest Avenue, Maplewood, MO, 63143",63143,Maplewood,,,,
Spectrum,shop:telecommunication,"1803 Maplewood Commons Drive, Maplewood, MO, 63143",63143,Maplewood,+1-888-406-7063,,https://www.spectrum.com/locations/mo/maplewood/1803-maplewood-commons-dr,https://www.spectrum.com/locations/mo/maplewood/1803-maplewood-commons-dr#contact
Splish Splash Car Wash,amenity:car_wash,"McCausland Avenue, Saint Louis, MO, 63143",63143,Maplewood,,,,
Subway,amenity:fast_food,"Manchester Road, Maplewood, MO, 63143",63143,Maplewood,+1 314-781-6262,,https://restaurants.subway.com/united-states/mo/maplewood/7249-&-7245-manchester-rd,https://www.subway.com/en-US/ContactUs/GuestCare
Taco Bell,amenity:fast_food,"2750 South Big Bend Boulevard, Maplewood, MO, 63143",63143,Maplewood,+1 314-356-2121,,https://locations.tacobell.com/mo/maplewood/2750-s--big-bend-blvd-.html,https://locations.tacobell.com/mo/maplewood/2750-s--big-bend-blvd-/breakfast.html
Twin Peaks,amenity:restaurant,"2351 Maplewood Commons Dr, Maplewood, MO, 63143",63143,Maplewood,,,,
Urban Breath Yoga,shop:Yoga,"2812 Sutton Boulevard, Maplewood, MO, 63143",63143,Maplewood,,,https://urbanbreathyoga.com,https://urbanbreathyoga.com/start/about-ub
Walmart Supercenter,shop:supermarket,"1900 Maplewood Commons Drive, Maplewood, MO, 63143",63143,Maplewood,+1 314-781-2165,,https://www.walmart.com/store/5150-maplewood-mo,https://www.walmart.com/store/5150-maplewood-mo
Yummi Tummi,amenity:restaurant,"3001 South Big Bend Boulevard, Maplewood, MO, 63143",63143,Maplewood,,,https://www.yummitummimo.com/,https://www.yummitummimo.com/contact
Andy's Frozen Custard,amenity:ice_cream,"1600 South Hanley Road, Richmond Heights, MO, 63144",63144,Brentwood,,,,
Arby's,amenity:fast_food,"8720 Manchester Road, Brentwood, MO, 63144",63144,Brentwood,+1 314-962-2697,,https://locations.arbys.com/mo/brentwood/8720-manchester-rd..html,
art of timeless embroidery,shop:clothes,"823 Hanley Industrial Court, Brentwood, MO, 63144",63144,Brentwood,+13149747561,,https://timelessembroidery.net/location/,
Baumann's Fine Meats,shop:butcher,"8829 Manchester Road, Brentwood, MO, 63144",63144,Brentwood,,,,
Best Buy,shop:electronics,"8350 Eager Road, Saint Louis, MO, 63144",63144,Brentwood,+1 314-646-1331,,https://stores.bestbuy.com/mo/saint-louis/8350-eager-rd-833.html,https://www.bestbuy.com/contact-us
Brentwood Car Wash,amenity:car_wash,"2710 Breckenridge Industrial Court, 63144",63144,Brentwood,,,https://brentwood-wash-brentwood.edan.io/,
Burlington,shop:department_store,"53 Brentwood Promenade Court, Brentwood, MO, 63144",63144,Brentwood,+1 314-274-6289,info@burlingtoninvestors.com,https://stores.burlington.com/mo/brentwood/1190,https://stores.burlington.com/helpcenter/contact-us
Carter's,shop:clothes,"6 Brentwood Promenade Court, Brentwood, MO, 63144",63144,Brentwood,+13149683563,contactus@carters.com,https://www.carters.com,https://www.carters.com/content/customerservice/contact-us/
Chase,amenity:bank,"1 Brentwood Promenade Court, Brentwood, MO, 63144",63144,Brentwood,+13142523210,,https://locator.chase.com/mo/brentwood/1-brentwood-promenade-ct,https://locator.chase.com/digital/resources/privacy-security/security/how-to-spot-scams
Chick-fil-A,amenity:fast_food,"8590 Eager Road, Brentwood, MO, 63144",63144,Brentwood,+1 314-968-5400,,https://www.chick-fil-a.com/locations/mo/brentwood-mo,https://www.chick-fil-a.com/locations/mo/brentwood-mo#about-us
Chipotle,amenity:fast_food,"1500 South Hanley Road, Saint Louis, MO, 63144",63144,Brentwood,+1 314-244-3188,mo.2356.hanleyrd@chipotle.com,https://locations.chipotle.com/mo/saint-louis/1500-s-hanley-rd,https://chipotle.com/rewards
CIBC Place,office:yes,"1401 South Brentwood Boulevard, Brentwood, MO, 63144",63144,Brentwood,,,,
Cleaning Concepts,craft:cleaning,"8837 Manchester Road, Saint Louis, MO, 63144",63144,Brentwood,+1 314 7810018,support@cleaningconcepts.com,https://stlouismaidservice.com/,
Convergence Body & Dance,leisure:dance,"8044 Manchester Road, 63144",63144,Brentwood,+1 314-324-0887,dance@convergencedbc.com,https://www.convergencedbc.com/,
Dierbergs,shop:supermarket,"8450 Eager Road, Brentwood, MO, 63144",63144,Brentwood,,,https://www.dierbergs.com/store-locations/brentwood-pointe,https://www.dierbergs.com/store-locations/brentwood-pointe
Dobbs Tire & Auto Center,shop:tyres,"99 Brentwood Promenade Court, Brentwood, 63144",63144,Brentwood,,,,
DSW,shop:shoes,"8502 Eager Road, Brentwood, MO, 63144",63144,Brentwood,+1 314-450-8109,info@dswinc.com,https://stores.dsw.com/usa/mo/brentwood/dsw-designer-shoe-warehouse-dierbergs-brentwood-pointe.html,https://www.mapbox.com/about/maps
DXL Men's Apparel,shop:clothes,"59 Brentwood Promenade Court, Brentwood, MO, 63144",63144,Brentwood,+13149616859,socialservice@dxlg.com,https://stores.dxl.com/us/mo/saint-louis/59-brentwood-promenade-court,https://stores.dxl.com/us/mo/saint-louis/59-brentwood-promenade-court
Five Below,shop:variety_store,"83 Brentwood Promenade Court, Brentwood, MO, 63144",63144,Brentwood,+13149181596,,https://locations.fivebelow.com/mo/st-louis/83-brentwood-promenade-ct,
Five Guys,amenity:fast_food,"1778 South Hanley Road, Saint Louis, MO, 63144",63144,Brentwood,+1 314-282-0202,marketing@fiveguys.com,https://restaurants.fiveguys.com/1778-s-hanley-rd,https://www.fiveguys.com/contact-us
HomeGoods,shop:houseware,"8404 Eager Road, Brentwood, MO, 63144",63144,Brentwood,+1 314-963-3247,,,
Jimmy John's,amenity:fast_food,"1230 Strassner Drive, Brentwood, MO, 63144",63144,Brentwood,+1 314-962-6444,,https://locations.jimmyjohns.com/mo/brentwood/sandwiches-950.html,https://www.jimmyjohns.com/contact-us/feedback
Joy Luck Chinese Buffet,amenity:restaurant,"8030 Manchester Road, 63144",63144,Brentwood,+1 314-645-9982,,https://joyluckchinesebuffetsl.com/,https://joyluckchinesebuffetsl.com/
Lane Bryant,shop:clothes,"8 Brentwood Promenade Court, Brentwood, MO, 63144",63144,Brentwood,+13143720211,,https://stores.lanebryant.com/mo/brentwood/8-brentwood-promenade,https://stores.lanebryant.com/mo/brentwood/8-brentwood-promenade#about
Mattress Firm,shop:bed,"1900 South Brentwood Boulevard, Saint Louis, MO, 63144",63144,Brentwood,+1 314-961-6746,,https://www.mattressfirm.com/en-us/stores/mo/st-louis/018016/,
McDonald's,amenity:fast_food,"1595 South Hanley, Brentwood, MO, 63144",63144,Brentwood,+1 314-781-1913,,https://www.mcdonalds.com/us/en-us/location/23523.html,https://www.mcdonalds.com/us/en-us/contact-us.html
Menards,shop:doityourself,"1700 South Hanley Road, Saint Louis, MO, 63144",63144,Brentwood,,rmhtmcam@menards.com,https://www.menards.com/store-details/store.html?store=3326,https://www.menards.com/store-details/store.html?store=3326
Metro Lighting,shop:lighting,"929 Hanley Industrial Court, Brentwood, MO, 63144",63144,Brentwood,+13149638330,nichole.cunanan@metroelectricsupply.com,https://www.metrolightingcenters.com/,https://metrolightingcenters.com/contact
Micro Center,shop:computer,"87 Brentwood Promenade Court, Brentwood, MO, 63144",63144,Brentwood,,,https://www.microcenter.com/site/stores/brentwood.aspx?storeid=95,
Minuteman Press,shop:copyshop,"8831 Manchester Road, 63144",63144,Brentwood,+1 314-968-6433,user@company.com,https://minuteman.com/us/locations/mo/st-louis22/,https://minuteman.com/contact-us
Noodles & Company,amenity:restaurant,"1624 South Hanley Road, Richmond Heights, MO, 63144",63144,Brentwood,+13143170612,,https://noodles.com,https://noodles.com/contact-us
Nothing Bundt Cakes,shop:pastry,"9040 Manchester Road, St. Louis, MO, 63144",63144,Brentwood,+1-314-942-3535,,,
Panera Bread,amenity:fast_food,"1909 South Brentwood Boulevard, Brentwood, MO, 63144",63144,Brentwood,+1 314-963-8998,,https://locations.panerabread.com/mo/brentwood/1909-brentwood-boulevard.html,https://locations.panerabread.com/en-us/company/about-panera.html
Petco,shop:pet,"8404 Eager Road, Brentwood, MO, 63144",63144,Brentwood,+1 314-962-0034,,https://stores.petco.com/mo/brentwood/pet-supplies-brentwood-mo-1688.html,https://www.petco.com/contact-us
PetSmart,shop:pet,"62 Brentwood Promenade Court, Brentwood, MO, 63144",63144,Brentwood,+1 314-918-9123,,https://www.petsmart.com/stores/us/mo/saint-louis-store0255.html,https://www.petsmart.com/account/contact
Popeyes,amenity:fast_food,"8100 Manchester Road, Brentwood, MO, 63144",63144,Brentwood,+1 314-646-1737,,https://www.popeyes.com/store-locator/store/restaurant_83218,https://www.popeyes.com/store-locator/store/restaurant_83218
QuikTrip,shop:convenience,"1530 South Hanley Road, Richmond Heights, MO, 63144",63144,Brentwood,+1 314-647-2332,,https://locations.quiktrip.com/mo/richmond-heights/1530-s-hanley-rd,https://www.quiktrip.com/About/Contact-Us
REI,shop:outdoor,"1703 South Brentwood Boulevard, St. Louis, MO, 63144",63144,Brentwood,+1-314-918-1004,sales@support.rei.com,https://www.rei.com/stores/st-louis,https://www.rei.com/help/curbside-pickup
Revel Kitchen,amenity:restaurant,"8388 Musick Memorial Drive, 63144",63144,Brentwood,,,https://eatrevelkitchen.com/,
Schiller's Audio Visual,shop:photo,"9240 Manchester Road, 63144",63144,Brentwood,+1 314 968 3650,rmuller@schillers.com,https://www.schillers.com/,https://www.schillers.com/contact-us
Schnucks,shop:supermarket,"8800 Manchester Road, 63144",63144,Brentwood,+1 314-961-5454,,,
Starbucks,amenity:cafe,"25 Brentwood Promenade Court, Brentwood, MO, 63144",63144,Brentwood,+1 314-918-9500,,https://www.starbucks.com/store-locator/store/10929/target-brentwood-1102-25-brentwood-promenade-court-brentwood-mo-63144142,https://www.starbucks.com/store-locator/store/10929/target-brentwood-1102-25-brentwood-promenade-court-brentwood-mo-63144142
Target,shop:department_store,"25 Brentwood Promenade Court, Brentwood, MO, 63144",63144,Brentwood,+1 314-918-9500,,https://www.target.com/sl/brentwood/1102,https://www.target.com/help/contact-us
The Home Depot,shop:doityourself,"1603 South Hanley Road, Richmond Heights, MO, 63144",63144,Brentwood,+1 314-647-6050,,https://www.homedepot.com/l/hanley-rd-40/mo/brentwood/63144/3002,
Total Wine,shop:alcohol,"90 Brentwood Promenade Court, Brentwood, MO, 63144",63144,Brentwood,+1 314-963-3265,,https://www.totalwine.com/store-info/missouri-brentwood/1802,
Trader Joe's,shop:supermarket,"48 Brentwood Promenade Court, Brentwood, MO, 63144",63144,Brentwood,+1 314-963-0253,,https://locations.traderjoes.com/mo/brentwood/692/,https://www.traderjoes.com/home/contact-us
Treats Unleashed,shop:pet,"1620 South Hanley Road, Richmond Heights, MO, 63144",63144,Brentwood,,,,
Ulta Beauty,shop:cosmetics,"10 Brentwood Promenade Court, Brentwood, MO, 63144",63144,Brentwood,+1 314-918-1859,,https://www.ulta.com/stores/brentwood-mo-654,https://www.ulta.com/stores/brentwood-mo-654
UMB Bank,amenity:bank,"9 Brentwood Promenade Court, Brentwood, MO, 63144",63144,Brentwood,+13149191150,umbpromenade@umbf.onmicrosoft.com,https://locations.umb.com/mo/st-louis/promenade-branch-and-atm-545.html,https://www.umb.com/contact-us
Westlake Ace Hardware,shop:hardware,"8740 Manchester Road, Brentwood, 63144",63144,Brentwood,,,https://westlakehardware.com/,https://westlakehardware.com/contact/
Whole Foods Market,shop:supermarket,"1601 South Brentwood Boulevard, Brentwood, MO, 63144",63144,Brentwood,+1 314-968-7744,,https://www.wholefoodsmarket.com/stores/st-louis,https://www.wholefoodsmarket.com/company-info
Wingstop,amenity:fast_food,"1608 South Hanley Road, Richmond Heights, MO, 63144",63144,Brentwood,+1 314-695-9464,,,
World Market,shop:interior_decoration,"24 Brentwood Promenade Court, Brentwood, MO, 63144",63144,Brentwood,+13149187800,,https://stores.worldmarket.com/mo/brentwood/24-brentwood-promenade-ct.html,https://www.worldmarket.com/customer-service/contact-us.html
Starbucks,amenity:cafe,"10701 Lambert International Boulevard, Saint Louis, MO, 63145",63145,North County,+1 314-449-7641,,https://www.starbucks.com/store-locator/store/11247/stl-terminal-1-gate-a-5-10701-lambert-international-blvd-st-louis-mo-63145,https://www.starbucks.com/store-locator/store/11247/stl-terminal-1-gate-a-5-10701-lambert-international-blvd-st-louis-mo-63145
담담히,amenity:cafe,"200 연삼로, 제주시, 63145",63145,North County,+82 1050765596,,,
맘꽃약국,amenity:pharmacy,"59 연오로, 제주시, 63145",63145,North County,+82 64 747 2966,,,
아름약국,amenity:pharmacy,"59 연오로, 제주시, 63145",63145,North County,+82 64 805 3345,,,
Champion Floor Company,shop:wholesale,"2312 Centerline Industrial Drive, St. Louis, MO, 63146",63146,Westport,+1-314-739-2555,info@championfloor.com,https://www.championfloor.com/,
Circle K,shop:convenience,"2090 Craig Road, Maryland Heights, 63146",63146,Westport,,,,
Creve Coeur Lakehouse,amenity:pub,"2160 Creve Coeur Mill Road, Maryland Heights, 63146",63146,Westport,+1 314-576-7200,,https://cclakehouse.com,
Creve Coeur Park Soccer Complex,leisure:sports_centre,"2350 Creve Coeur Mill Rd, Maryland Heights, MO, 63146",63146,Westport,,,https://www.ccparksoccer.com/,https://www.ccparksoccer.com/contact/
Electro Savings Credit Union,amenity:bank,"1805 Craigshire Road, Maryland Heights, MO, 63146",63146,Westport,+1 314-434-6470,,https://www.electrosavings.com/maryland-heights.html,
Esri,office:company,"77 Westport Plaza, St. Louis, MO, 63146",63146,Westport,+1-636-949-6620,,https://www.esri.com/,https://www.esri.com/en-us/arcgis/geospatial-platform/overview
Golden Oak Lending,shop:money_lender,"11737 Administration Drive, 63146",63146,Westport,+1 314-567-4653,,https://goldenoaklending.com/,https://goldenoaklending.com/contact.html
Hardee's,amenity:fast_food,"12004 Lackland Road, Maryland Heights, 63146",63146,Westport,+1 314-205-2088,,,
Hooters,amenity:restaurant,"11835 Lackland Road, Maryland Heights, 63146",63146,Westport,+1 314-991-9565,,,
"I Buy Houses USA - St. Louis, MO",office:estate_agent,"111 W Port Plaza Dr #600, , St. Louis, MO, MO, 63146",63146,Westport,+1 314-325-0757,,https://ibuyhousesusa.com/st-louis-mo/,
Jewish Community Center,leisure:sports_centre,"2 Millstone Campus Drive, Creve Coeur, MO, 63146",63146,Westport,+1-314-432-5700,,https://jccstl.com/,https://jccstl.com/contact/
McDonald's,amenity:fast_food,"25 West Port Plaza Drive, Maryland Heights, MO, 63146",63146,Westport,+1 314-275-9999,,https://www.mcdonalds.com/us/en-us/location/7136.html,https://www.mcdonalds.com/us/en-us/contact-us.html
Medical Employment Directory,office:consulting,"2343 Weldon Pkwy, St Louis, MO, 63146",63146,Westport,+1 314-434-7800,,https://medstl.com,
QuikTrip,shop:convenience,"11829 Lackland Road, Maryland Heights, 63146",63146,Westport,+1 314-991-4408,,,
Shell,amenity:fuel,"2090 Craig Road, Maryland Heights, 63146",63146,Westport,,,,
Starbucks,amenity:cafe,"111 Westport Plaza Drive, Saint Louis, MO, 63146",63146,Westport,+1 314-548-2844,,https://www.starbucks.com/store-locator/store/1030058/westport-plaza-111-westport-plaza-drive-123-st-louis-mo-63146-us,https://www.starbucks.com/store-locator/store/1030058/westport-plaza-111-westport-plaza-drive-123-st-louis-mo-63146-us
STL Wireless,shop:mobile_phone,"12539 Bennington Place, St. Louis, MO, 63146",63146,Westport,+1 314-485-1339,,,
Subway,amenity:fast_food,"1901 Schuetz Road, St Louis, MO, 63146",63146,Westport,+1 314-872-3993,,https://restaurants.subway.com/united-states/mo/st-louis/1901-schuetz-rd,https://www.subway.com/en-US/ContactUs/GuestCare
The Ecchic Group,office:insurance,"11704 Lackland Industrial Drive, St. Louis, MO, 63146",63146,Westport,+1-314-997-8865,theecchicgroup@ecchic.com,https://www.ecchic.com/,
Upper Limits Rock Climbing Gym,leisure:sports_centre,"1874 Lackland Hill Parkway, Maryland Heights, MO, 63146",63146,Westport,,,,
Westport Social,amenity:bar,"910 Westport Plaza Drive, St. Louis, MO, 63146",63146,Westport,,,https://westportsocial-stl.com/,https://westportsocial-stl.com/contact
McDonald's,amenity:fast_food,"6100 North Broadway, MO, 63147",63147,Baden,+1 314-389-2803,,https://www.mcdonalds.com/us/en-us/location/mo/st-louis/6100-n-broadway-st/35374.html,https://www.mcdonalds.com/us/en-us/contact-us.html
Save-A-Lot,shop:supermarket,"8960 Riverview Boulevard, Saint Louis, MO, 63147",63147,Baden,,example@email.com,https://savealot.com/grocery-stores/st-louis-63147-61366/,https://savealot.com/wcp/contact-us
Subway,amenity:fast_food,"4500 North Broadway, St Louis, MO, 63147",63147,Baden,+1 314-241-0529,,https://restaurants.subway.com/united-states/mo/st-louis/4500-n-broadway,https://www.subway.com/en-US/ContactUs/GuestCare
남현김치,shop:kimchi,"182 아연로, 제주시, 63147",63147,Baden,,,,
유지커피웍스,amenity:cafe,"297 오남로, 제주시, 63147",63147,Baden,,,,
제주교도소부속치과의원,amenity:dentist,"51 정실동길, 제주시, 63147",63147,Baden,+82 64 741 2851,,,
A&W,amenity:fast_food,"3788 Elm Street, Saint Charles, MO, 63301",63301,St. Charles,+1 636-493-9268,,https://www.awrestaurants.com/locations/missouri/saint-charles/3788-elm-street,https://www.awrestaurants.com/locations/missouri/saint-charles/3788-elm-street
Aldi,shop:supermarket,"1335 Bass Pro Drive, Saint Charles, MO, 63301",63301,St. Charles,+1 855-955-2534,,https://stores.aldi.us/mo/st.-charles/1335-bass-pro-drive,https://www.aldi.us/store/aldi/pages/about-aldi
Alien Armory Tactical,shop:weapons,"3126 West Clay Street, 63301",63301,St. Charles,+1 636 896 4867,info@alienarmorytactical.com,https://alienarmorytactical.com/,
Arby's,amenity:fast_food,"1830 First Capitol Drive, Saint Charles, MO, 63301",63301,St. Charles,+1 636-925-3133,,https://www.arbys.com/locations/us/mo/st-charles/1830---1st-capitol-drive/store-8593/,https://www.arbys.com/locations/us/mo/st-charles/1830---1st-capitol-drive/store-8593/
AutoZone,shop:car_parts,"1813 First Capitol Drive, Saint Charles, MO, 63301",63301,St. Charles,,,https://www.autozone.com/locations/mo/saint-charles/1813-1st-capitol-dr.html,
Baha Rock Club,amenity:bar,"305 North Main Street, Saint Charles, 63301",63301,St. Charles,+1 636-949-0466,,,
Bass Pro,shop:outdoor,"1365 South 5th Street, Saint Charles, MO, 63301",63301,St. Charles,+1-636-688-2500,,,
Baue Funeral Home,shop:funeral_directors,"3950 West Clay Street, St. Charles, MO, 63301",63301,St. Charles,+1 636-946-7811,wecare@baue.com,https://www.baue.com/cave-springs/,https://www.baue.com/about-us/contact-us
Big A's On the Riverfront,amenity:bar,"308 North Main Street, Saint Charles, 63301",63301,St. Charles,+1 636-949-9900,,https://www.bigasontheriverfront.com/,https://www.spothopperapp.com/contact-us?contact_reason=demo
Bike Stop Cafe,amenity:cafe,"701 South Riverside Drive, Saint Charles, MO, 63301",63301,St. Charles,,,,
Bombshell Bar and Grill,amenity:bar,"221 North Main Street, Saint Charles, 63301",63301,St. Charles,+1 636-757-3026,,,
Burger King,amenity:fast_food,"2320 First Capitol Drive, Saint Charles, MO, 63301",63301,St. Charles,+1-636-757-5250,,https://www.bk.com/store-locator/store/restaurant_65285,https://www.bk.com/store-locator/store/restaurant_65285
Burger Underground,amenity:restaurant,"201 North Main Street, Saint Charles, MO, 63301",63301,St. Charles,,,http://burgerunderground.com,
Climb So iLL at the Steel Shop,leisure:sports_centre,"650 North Main Center, Saint Charles, MO, 63301",63301,St. Charles,,,https://stcharles.climbsoill.com/,https://stcharles.climbsoill.com/contact-info/
Comic Book Relief,shop:books,"2300 North Third Street, Saint Charles, MO, 63301",63301,St. Charles,+1-636-940-1244,,,
Commerce Bank,amenity:bank,"1101 First Capitol Drive, Saint Charles, MO, 63301",63301,St. Charles,+1 800-453-2265,mymoney@commercebank.com,https://www.commercebank.com/,https://www.commercebank.com/contact-us
Culpeppers,amenity:restaurant,"3010 West Clay Street, Saint Charles, 63301",63301,St. Charles,+1 636 916 3102,,https://www.culpeppers.com/,
CVS Pharmacy,amenity:pharmacy,"2100 First Capitol Drive, Saint Charles, MO, 63301",63301,St. Charles,,,https://www.cvs.com/store-locator/saint-charles-mo-pharmacies/2100-1st-capitol-dr-saint-charles-mo-63301/storeid=10096,
Dirt Cheap,shop:alcohol,"3840 West Clay Street, St. Charles, MO, 63301",63301,St. Charles,,,,
Dollar General,shop:variety_store,"2871 Highway 94 North, 63301",63301,St. Charles,,,https://www.dollargeneral.com/store-directory/mo/saint-charles/20278,
El Agave,amenity:restaurant,"3823 Elm, Saint Charles, MO, 63301",63301,St. Charles,,,https://www.elagave.online/,
EL-MEL,shop:groundskeeping,"2139 First Capitol Drive, Saint Charles, MO, 63301",63301,St. Charles,+1-636-946-0786,,https://elmel.stihldealer.net/,
Fast Lane Classic Cars Inc.,shop:car,"427 Little Hills Industrial Boulevard, 63301",63301,St. Charles,+16369409969,sales@fastlanecars.com,http://www.fastlanecars.com,http://www.fastlanecars.com/contact
Fig & Lyle's Bakery,shop:bakery,"420 South Main Street, Saint Charles, MO, 63301",63301,St. Charles,+1-636-922-0260,figandlylesbakery@gmail.com,https://www.figandlylesbakery.com/,https://www.figandlylesbakery.com/about-us
Filthy Games Room,shop:video_games,"3479, 63301",63301,St. Charles,+1-636-493-0173,,https://filthygamesroom.com,https://filthygamesroom.com/pages/contact
Grandma's Cookies,shop:bakery,"401 South Main Street, Saint Charles, 63301",63301,St. Charles,,,,
Hardee's,amenity:fast_food,"2701 Highway 94 North, Saint Charles, MO, 63301",63301,St. Charles,+1 636-946-9610,,https://locations.hardees.com/mo/saint-charles/2701-mo-94-n.,https://www.hardees.com/contact-us
Hyland Arena,leisure:sports_centre,"Saint Charles, MO, 63301",63301,St. Charles,,,,
iTechshark,shop:it,"494 South 5th Street, Saint Charles, MO, 63301",63301,St. Charles,+1-636-493-5053,,https://itechshark.com,
Jack in the Box,amenity:fast_food,"3710 Elm Street, Saint Charles, MO, 63301",63301,St. Charles,+1 636-947-4010,,https://locations.jackinthebox.com/us/mo/saint-charles/3710-elm-st,https://jackinthebox.com/contact
Jalisco Pizza,amenity:restaurant,"3831 Elm, Saint Charles, MO, 63301",63301,St. Charles,,,,
Kabab N Kurry,amenity:restaurant,"2220 First Capitol Drive, Saint Charles, 63301",63301,St. Charles,+1-636-757-3835,,https://www.orderknkstlinn.com/,https://www.orderknkstlinn.com/
La Belle Vie,amenity:cafe,"1200 North Second Street, Saint Charles, MO, 63301",63301,St. Charles,+1-636-395-7265,lbvcafestch@gmail.com,https://labelleviefrenchtown.com,https://labelleviefrenchtown.com/contact/
La Vie Vegan,amenity:restaurant,"524 South Main Street, Saint Charles, MO, 63301",63301,St. Charles,+1-636-410-8787,,https://lavievegan.com,
Lindenwood Auto Service,shop:car_repair,"1011 Chargene Drive, Saint Charles, MO, 63301",63301,St. Charles,+1-636-946-3339,,https://www.lindenwoodautoservice.com,https://www.lindenwoodautoservice.com/contact/4446064
Lou Brock Sports Complex,leisure:sports_centre,"1780 Mary Sibley Drive, Saint Charles, MO, 63301",63301,St. Charles,,,,
Lowe's,shop:doityourself,"2900 West Clay Street, Saint Charles, MO, 63301",63301,St. Charles,+1 636-723-2447,,https://www.lowes.com/store/MO-Saint-Charles/1057,https://www.lowes.com/store/MO-Saint-Charles/1057
Main Street Books,shop:books,"307 South Main Street, 63301",63301,St. Charles,+1-636-949-0105,mainstreetbooksstcharles@gmail.com,https://mainstreetbooks.indielite.org/,
Main Street Gym,leisure:sports_centre,"334 North Main Street, Saint Charles, 63301",63301,St. Charles,+1 636-493-1303,info@movgyms.com,http://mainstreetgym.com/,http://mainstreetgym.com/
McDonald's,amenity:fast_food,"3701 Elm Street, Saint Charles, MO, 63301",63301,St. Charles,+1 636-443-0554,,https://www.mcdonalds.com/us/en-us/location/23812.html,https://www.mcdonalds.com/us/en-us/contact-us.html
McDonald's,amenity:fast_food,"1160 South Fifth Street, Saint Charles, MO, 63301",63301,St. Charles,+1 636-946-6157,,https://www.mcdonalds.com/us/en-us/location/mo/st-charles/1160-s-5th-st/1073.html,https://www.mcdonalds.com/us/en-us/contact-us.html
MOD Pizza,amenity:fast_food,"1988 First Capitol Drive, Saint Charles, 63301",63301,St. Charles,+1 636-669-0540,press@modpizza.com,https://locations.modpizza.com/usa/mo/st.-charles/1988-1st-capitol-dr,https://modpizza.com/contact-us/
MOss Boutique,shop:clothes,"329 South Main Street, Saint Charles, 63301",63301,St. Charles,+1-636-410-0625,moss@mossboutique.com,,
Moto Mart,amenity:fuel,"3750 New Town Boulevard, Saint Charles, MO, 63301",63301,St. Charles,,,,
Mr Thirsty's,amenity:bar,"324 North Main Street, Saint Charles, 63301",63301,St. Charles,+1 636 875 5500,info@mrthirstys.com,http://mrthirstys.com/,http://mrthirstys.com/contact.html
Novellus,amenity:restaurant,"201 North Main Street, Saint Charles, MO, 63301",63301,St. Charles,+1 636-896-4800,info@thenovellus.com,https://thenovellus.com/,https://thenovellus.com/contact-us
Orchard Farm School District Administration,office:yes,"3489 Boschertown Road, Saint Charles, MO, 63301",63301,St. Charles,+1-636-925-5400,,https://www.ofsd.k12.mo.us/,https://www.ofsd.k12.mo.us/district/contact_us
Picasso's Coffee,amenity:restaurant,"101 North Main Street, Saint Charles, 63301",63301,St. Charles,,,,
Pizza Hut,amenity:restaurant,"3793 New Town Boulevard, Saint Charles, MO, 63301",63301,St. Charles,+1 636-925-2100,,https://locations.pizzahut.com/mo/saint-charles/3793-new-town-blvd,https://www.pizzahut.com/contact-us
Provenance Soapworks,shop:chemist,"311 South Main Street, 63301",63301,St. Charles,+1636-577-1972,hello@provenancesoaps.com,https://www.provenancesoaps.com/,
Raising Cane's,amenity:fast_food,"1840 First Capitol Drive, Saint Charles, MO, 63301",63301,St. Charles,+1-636-925-0132,,,
Rookie's Bar and Grill,amenity:pub,"3721 New Town Boulevard, Saint Charles, MO, 63301",63301,St. Charles,,,,
Saint Charles Coffee & Creperie,amenity:cafe,"336 South Main Street, 63301",63301,St. Charles,+1636-405-6002,support@stcharlescoffee.com,https://www.stcharlescoffee.com/,
Saint Charles County Government Center,office:government,"201 North Second Street, Saint Charles, MO, 63301",63301,St. Charles,+1-636-949-7900,,https://map.sccmo.org,https://map.sccmo.org
Saint Charles Soccer Complex,leisure:sports_centre,"Mueller Road, Saint Charles, MO, 63301",63301,St. Charles,,,,
Schnucks,shop:supermarket,"1900 First Capitol Drive, Saint Charles, MO, 63301",63301,St. Charles,+1-636-946-0123,cookingschool@schnucks.com,https://schnucks.com/,https://schnucks.com/contact-us
Siostra Polish Pottery,shop:houseware,"330 South Main Street, 63301",63301,St. Charles,+1-636-925-1480,siostra330@gmail.com,https://www.siostrapolishpottery.com/,
Sonic,amenity:fast_food,"3851 Elm Street, Saint Charles, MO, 63301",63301,St. Charles,+1 636-925-0044,,https://locations.sonicdrivein.com/mo/st-charles/3851-elm-street.html,https://locations.sonicdrivein.com/mo/st-charles/3851-elm-street.html
Spirit Shoppe,shop:clothes,"Saint Charles, MO, 63301",63301,St. Charles,,,,
St Charles Plumbing Company,craft:plumber,"3441 Ipswich Lane, St. Charles, MO, 63301",63301,St. Charles,+1 636 3366944,sales@stcharlesplumbingco.com,http://stcharlesplumbingco.com,
St. Andrews Coin Laundry,shop:laundry,"3111 West Clay Street, 63301",63301,St. Charles,,,,
St. Andrews Mini Mart,shop:convenience,"Campus Drive, 63301",63301,St. Charles,,,,
Starbucks,amenity:cafe,"1030 South Fifth Street, Saint Charles, MO, 63301",63301,St. Charles,+1 636-724-3876,,https://www.starbucks.com/store-locator/store/10321/5th-boonslick-1030-so-5th-street-st-charles-mo-633012419-us,https://www.starbucks.com/store-locator/store/10321/5th-boonslick-1030-so-5th-street-st-charles-mo-633012419-us
Steel Shop Tennis Club,leisure:sports_centre,"900 N. Main Ctr., 63301",63301,St. Charles,,,,
Stitches Etc,shop:clothes,"341 North Main Street, Saint Charles, 63301",63301,St. Charles,+1-636-946-8016,,http://www.stitches-etc.com/,
Studio Blend,shop:hairdresser,"3311 Domain Street, Saint Charles, MO, 63301",63301,St. Charles,,,,
Subway,amenity:fast_food,"3735 Elm Street, St Charles, MO, 63301",63301,St. Charles,+1 636-946-7823,,https://restaurants.subway.com/united-states/mo/st-charles/3735-elm-st,https://www.subway.com/en-US/ContactUs/GuestCare
Taco Bell,amenity:fast_food,"3784 Elm Street, Saint Charles, MO, 63301",63301,St. Charles,,,,
Taiaynas Pizza,amenity:restaurant,"340 North Main Street, Saint Charles, 63301",63301,St. Charles,+1 636-493-1303,,,
Talayna's Wagon Wheel Pizza,amenity:restaurant,"2040 Campus Drive, Saint Charles, MO, 63301",63301,St. Charles,+1-636-288-3363,talaynas2040campus@outlook.com,https://www.talaynasworldclasspizzamo.com/,
Tennis Complex,leisure:sports_centre,"1761 Mary Sibley Drive, Saint Charles, MO, 63301",63301,St. Charles,,,,
Texas Roadhouse,amenity:restaurant,"1300 Bass Pro Drive, Saint Charles, MO, 63301",63301,St. Charles,+1-636-443-2301,,,
The Elm Taphouse,amenity:restaurant,"3833 Elm, Saint Charles, MO, 63301",63301,St. Charles,,,https://theelmtaphouse.com/,
The TAP Restaurant + Brewery,amenity:restaurant,"3803 Elm Street, St. Charles, MO, 63301",63301,St. Charles,,,,
Thro Clothing Co,shop:clothes,"229 North Main Street, Saint Charles, 63301",63301,St. Charles,+1 636-724-0132,amkryukov@gmail.com,https://throsandmichelles.com/,https://throsandmichelles.com/
TitleMax,shop:money_lender,"3850 West Clay Street, St. Charles, MO, 63301",63301,St. Charles,+1 636-757-9000,customerservice@alerts.titlemax.com,https://www.titlemax.com/store/st-charles-mo-title-loans/,https://www.titlemax.com/contact-us/
Verlo Mattress Factory,shop:bed,"3025 Boschertown Road, Saint Charles, MO, 63301",63301,St. Charles,,support@verlo.com,https://www.verlo.com,https://verlo.com/contact-us/
Waffle House,amenity:restaurant,"1200 South Fifth Street, Saint Charles, 63301",63301,St. Charles,+1 636-916-1662,,https://locations.wafflehouse.com/saintcharles-mo-1138/,https://www.wafflehouse.com/contact/
Walgreens,shop:chemist,"1301 South Fifth Street, Saint Charles, MO, 63301",63301,St. Charles,,,,
Walgreens,shop:chemist,"2329 West Clay Street, Saint Charles, MO, 63301",63301,St. Charles,,,,
Walgreens,shop:chemist,"3800 Elm Street, St. Charles, MO, 63301",63301,St. Charles,,,https://www.walgreens.com/locator/walgreens-3800+elm+st-saint+charles-mo-63301/id=11627,https://www.walgreens.com/youraccount/clhistory/contactlenshist.jsp
Walters Jewelry Inc,shop:jewelry,"230 North Main Street, Saint Charles, 63301",63301,St. Charles,,,,
Z’s Smoke Co.,shop:e-cigarette,"2152 1st Capitol Drive, Saint Charles, MO, 63301",63301,St. Charles,+1 636-493-1099,zsmokeco@gmail.com,https://zssmokecostcharles.com/,
1. Sprendlinger Judoverein,leisure:sports_centre,"36 Oisterwijker Straße, Dreieich, 63303",63303,St. Charles,,info@sprendlinger-judoverein.de,https://www.sprendlinger-judoverein.de/,https://www.sprendlinger-judoverein.de/
3-Color Photoshop,craft:photographer,"66 Hauptstraße, Dreieich, 63303",63303,St. Charles,+49 6103 66655,3-color@arcor.de,,
ADFC Dreieich,office:association,"12 Wilhelm-Busch-Weg, Dreieich, 63303",63303,St. Charles,+4915785328308,info@adfc-dreieich.de,https://www.adfc-dreieich.de/,
Adler-Apotheke,amenity:pharmacy,"18 Langener Straße, Dreieich, 63303",63303,St. Charles,,,,
AFG Coffee Lounge by Natalie,amenity:cafe,"3 Dreieich Plaza, Dreieich, 63303",63303,St. Charles,,,,
Ago Döner,amenity:fast_food,"3 Offenbacher Straße, Dreieich, 63303",63303,St. Charles,,,,
AHSU Kebab,amenity:fast_food,"15 Robert-Bosch-Straße, Dreieich, 63303",63303,St. Charles,+49 6103 9883364,,https://ahsu-kebab.de/,https://ahsu-kebab.de/
al dente da Pino,amenity:restaurant,"3 Dieselstraße, Dreieich, 63303",63303,St. Charles,+49 6103 310 908,,https://www.aldente-dreieich.de/,https://cookiedatabase.org/tcf/purposes/
Aldi,shop:variety_store,"1095 Regency Parkway, Saint Charles, MO, 63303",63303,St. Charles,,,,
Aldi Süd,shop:supermarket,"15 Robert-Bosch-Straße, Dreieich, 63303",63303,St. Charles,,,https://filialen.aldi-sued.de/hessen/dreieich/robert-bosch-strasse-15,https://filialen.aldi-sued.de/hessen/dreieich/robert-bosch-strasse-15
Aldi Süd,shop:supermarket,"7 Industriestraße, Dreieich, 63303",63303,St. Charles,,,https://filialen.aldi-sued.de/hessen/dreieich/industriestrasse-7,https://filialen.aldi-sued.de/hessen/dreieich/industriestrasse-7
alldrink,shop:beverages,"1 Gleisstraße, Dreieich, 63303",63303,St. Charles,+49 6103 7318477,mail@alldrink.de,https://alldrink.de/filiale/519-dreieichenhain/,https://alldrink.de/filiale/519-dreieichenhain/
Alte Bergmühle,amenity:restaurant,"25 Geißberg, Dreieich, 63303",63303,St. Charles,,service@alte-bergmuehle.de,https://alte-bergmuehle.de/restaurant,https://alte-bergmuehle.de/restaurant
Anita's Vogtei,amenity:restaurant,"22 Darmstädter Straße, Dreieich, 63303",63303,St. Charles,+4961037019934,mail@anitas-vogtei.de,https://anitas-vogtei.de/,https://anitas-vogtei.de/de/#contact
Anka,amenity:cafe,"43 Hauptstraße, Dreieich, 63303",63303,St. Charles,+49 6103 8701060,,https://www.instagram.com/anka_dreieich/,https://about.meta.com/
Ansari Siebdruck und Stick,shop:t-shirt_printing,"9 Max-Planck-Straße, Dreieich, 63303",63303,St. Charles,+49 6103 2081331,info@ansari-siebdruck.de,,
Apfelweinhelden - Kelterei Schäfers,shop:beverages,"52 Darmstädter Straße, Dreieich, 63303",63303,St. Charles,+49 6103 67397,info@drink-schaefers.com,https://www.apfelweinhelden.de/,https://www.apfelweinhelden.de/
Apollo-Optik,shop:optician,"15 Robert-Bosch-Straße, Dreieich, 63303",63303,St. Charles,,onlinekundenservice@apollo.de,https://www.apollo.de/,https://www.apollo.de/
Apotheke im Nordpark,amenity:pharmacy,"15 Robert-Bosch-Straße, Dreieich, 63303",63303,St. Charles,+49 6103 93030,info@apotheke-dreieich.de,https://www.apotheke-dreieich.de/,
Applebee's,amenity:restaurant,"2921 South Service Road, Saint Charles, MO, 63303",63303,St. Charles,+1 636-946-7705,,https://restaurants.applebees.com/en-us/mo/saint-charles/2921-s.-service-road-81000,https://www.applebees.com/en/contact-us
Aral,shop:convenience,"74 In der Quelle, Dreieich, 63303",63303,St. Charles,+49 6074 8035221,,https://tankstelle.aral.de/dreieich-offenthal/in-der-quelle-74/12167400,https://tankstelle.aral.de/dreieich-offenthal/in-der-quelle-74/12167400#section-about
Aral,amenity:fuel,"43 Darmstädter Straße, Dreieich, 63303",63303,St. Charles,+49 6103 65671,,,
Assistance Home Care,office:company,"2234 Bluestone Drive, Saint Charles, MO, 63303",63303,St. Charles,+1-636-724-4357,info@assistancehc.com,https://www.AssistanceHomeCare.com,https://www.assistancehomecare.com/about-us/assistance-home-care-blog/
Augenoptik Drei D,shop:optician,"1 Bleiswijker Straße, Dreieich, 63303",63303,St. Charles,+49 6103 8071666,,https://www.optik-bauer.de/,
Auto Service Dreieich,shop:car_repair,"2 Elisabethenstraße, Dreieich, 63303",63303,St. Charles,+49 6103 62565,,,
Auto Sturm Kfz Meisterbetrieb,shop:car_repair,"55 Benzstraße, 63303",63303,St. Charles,+4961038073757,,,
Autohaus Milzetti GmbH,shop:car,"46 Mainzer Straße, 63303",63303,St. Charles,,info.dreieich@klosautomobile.de,https://www.klosautomobile.de/standort/dreieich/,https://www.klosautomobile.de/standort/dreieich/
"Autosattlerei Helmut Spirig, Oldtimersattlerei",craft:saddler,"14 Rostädter Straße, Dreieich, 63303",63303,St. Charles,+49 6103 604 177,,,
Avenger Flight Group - AFG,office:educational_institution,"3 Dreieich Plaza, Dreieich, 63303",63303,St. Charles,+49 6103 9694987,info@afgsim.com,https://www.afgsim.com/,https://www.afgsim.com/#contact
Aysel Lieb Frisör,shop:hairdresser,"1a Am Lachengraben, Dreieich, 63303",63303,St. Charles,,,,
BabyOne,shop:baby_goods,"151 Frankfurter Straße, Dreieich, 63303",63303,St. Charles,+49 6103 9837-0,service@babyone.de,https://www.babyone.de/,https://www.babyone.de/
Bäckerei Klein,shop:bakery,"18 Taunusstraße, Dreieich, 63303",63303,St. Charles,,,,
Backstube Weller,shop:bakery,"12a Hainer Weg, Dreieich, 63303",63303,St. Charles,+49 6103 86760,,https://www.backstube-weller.de/,https://www.backstube-weller.de/
Backstube Weller,shop:bakery,"11 Dieselstraße, Dreieich, 63303",63303,St. Charles,,,,
Bahnhofskiosk,shop:kiosk,"19 Theodor-Heuss-Straße, Dreieich, 63303",63303,St. Charles,,,,
Barmenia Versicherung - Christiane Mathes,office:insurance,"16 Alberusstraße, Dreieich, 63303",63303,St. Charles,+49 172 9122822,christiane.mathes@barmenia.de,https://agentur.barmenia.de/christiane_mathes,https://agentur.barmenia.de/christiane_mathes
Bauhof,shop:doityourself,"12a Jaama, Põlva, 63303",63303,St. Charles,,,,
Bavaria Getränke,shop:beverages,"13 Frankfurter Straße, Dreieich, 63303",63303,St. Charles,+49 6103 311299,,https://www.bavaria-dreieich.de,https://www.bavaria-dreieich.de
Bella Italia,amenity:fast_food,"39 Offenbacher Straße, Dreieich, 63303",63303,St. Charles,+49 6103 995530,,https://www.lieferservice-pizzeria-bella-italia.de/,
Bismellah Imbiss,amenity:restaurant,"38, 63303",63303,St. Charles,,,,
Black Bear Diner,amenity:restaurant,"2865 Veterans Memorial Parkway, Saint Charles, MO, 63303",63303,St. Charles,,,,
Bluorbit Logistics GmbH,office:company,"10 Max-Planck-Straße, Dreieich, 63303",63303,St. Charles,+4961038704430,,https://www.bluorbitlogistics.com/,
Bob Evans,amenity:restaurant,"1998 Zumbehl Road, Saint Charles, MO, 63303",63303,St. Charles,,,,
Born-Apotheke,amenity:pharmacy,"6 Borngartenstraße, Dreieich-Offenthal, 63303",63303,St. Charles,+49 6074 2399400,born-apotheke-dreieich@web.de,https://www.apotheken-in-dreieich.de,https://www.apotheken-in-dreieich.de
Boutique Erika Rebhan,shop:clothes,"8 Darmstädter Straße, Dreieich, 63303",63303,St. Charles,,,http://www.boutique-rebhan.de,
Boxenstop,shop:kiosk,"5 Buchschlager Allee, Dreieich, 63303",63303,St. Charles,,,,
Brunnen-Apotheke,amenity:pharmacy,"5 Fahrgasse, Dreieich, 63303",63303,St. Charles,,,,
Bruno Berthold,shop:wood_elements,"1 Rostädter Straße, Dreieich, 63303",63303,St. Charles,,info@bruno-berthold.de,https://www.bruno-berthold.de,https://www.bruno-berthold.de
buch kontor,shop:books,"24 Fahrgasse, Dreieich, 63303",63303,St. Charles,,info@buchkontor-dreieich.de,https://www.genialokal.de/buchhandlung/dreieich/buchkontor-dreieich,https://www.genialokal.de/buchhandlung/dreieich/buchkontor-dreieich
Büchergarten,shop:books,"13 Elisabethenstraße, Dreieich, 63303",63303,St. Charles,,,,
Burger District,amenity:fast_food,"9 Hauptstraße, Dreieich, 63303",63303,St. Charles,+49 160 1886568,,,
Burgfestspiele Dreieichenhain,amenity:theatre,"52 Fahrgasse, Dreieich, 63303",63303,St. Charles,,,https://www.burgfestspiele-dreieichenhain.de,https://www.burgfestspiele-dreieichenhain.de
Cafe Ernst,shop:bakery,"9 Buchschlager Allee, Dreieich, 63303",63303,St. Charles,,,,
Café Ernst,shop:bakery,"15;17 Solmische-Weiher-Straße, Dreieich, 63303",63303,St. Charles,,,,
Café Ernst,shop:bakery,"2 Offenbacher Straße, Dreieich, 63303",63303,St. Charles,+49 6103 5730610,,https://cafe-ernst.de/,https://cafe-ernst.de/
Cafe Vielfalt,amenity:cafe,"1 Freiherr-vom-Stein-Straße, Dreieich, 63303",63303,St. Charles,+49 6103 35531,info@cafe-vielfalt-dreieich.de,https://www.cafe-vielfalt-dreieich.de,https://www.cafe-vielfalt-dreieich.de
Calpam,shop:yes,"48 Langener Straße, Dreieich, 63303",63303,St. Charles,+49 6103 84097,info@tankstelle-schaum.de,http://www.tankstelle-schaum.de,
Captain D's,amenity:fast_food,"2951 Veterans Memorial Parkway, Saint Charles, MO, 63303",63303,St. Charles,,,,
Cary O'Brien's Design & Color Spa,shop:beauty,"2105 Zumbehl Road, Saint Charles, 63303",63303,St. Charles,,,,
Casa Grande,amenity:restaurant,"50 Fichtestraße, Dreieich, 63303",63303,St. Charles,+49 6103 5719700,info@casa-grande.de,https://www.casa-grande.de/,https://www.casa-grande.de/about/
Chef Döner,amenity:fast_food,"53 Frankfurter Straße, Dreieich, 63303",63303,St. Charles,+49 6103 9880177,,,
Chick-fil-A,amenity:fast_food,"2020 Zumbehl Road, Saint Charles, MO, 63303",63303,St. Charles,,,,
China Imbiss Pavillon,amenity:restaurant,"2-12 Hanaustraße, Dreieich, 63303",63303,St. Charles,,,,
China Restaurant Hong Kong,amenity:restaurant,"8 Hauptstraße, Dreieich, 63303",63303,St. Charles,+49 6103 2023113,,https://hong-kong-dreieich.business.site,
China-Thai-Imbiss,amenity:fast_food,"12A Frankfurter Straße, Dreieich, 63303",63303,St. Charles,,,,
Chipotle,amenity:fast_food,"2014 Zumbehl Road, Saint Charles, MO, 63303",63303,St. Charles,+1-636-723-9288,mo.3884.stcharlesmo@chipotle.com,https://locations.chipotle.com/mo/saint-charles/2014-zumbehl-rd,https://chipotle.com/rewards
Chocolate Company,shop:chocolate,"2055 Zumbehl Road, 63303",63303,St. Charles,,,,
City Döner,amenity:fast_food,"9 Frankfurter Straße, Dreieich, 63303",63303,St. Charles,+49 6103 9603637,,,
Coiffeur Alexandra,shop:hairdresser,"206 Eisenbahnstraße, Dreieich, 63303",63303,St. Charles,+49 6103 66464,,https://coiffeur-alexandra.de/,
collect-it.de,shop:games,"2-12 Hanaustraße, Dreieich, 63303",63303,St. Charles,+4961039885170,info@collect-it.de,https://www.collect-it.de/,
Comet Textilpflege,shop:dry_cleaning,"2-12 Hanaustraße, Dreieich, 63303",63303,St. Charles,,,,
Commerce Bank,amenity:bank,"2700 South Saint Peters Parkway, 63303",63303,St. Charles,,,,
Computer PRO Unltd.,office:it,"1475 Fairgrounds Road, Saint Charles, MO, 63303",63303,St. Charles,+1 636-442-2776,support@cprou.com,https://www.cprou.com,
Condor Trainingszentrum,office:educational_institution,"Dreieich Plaza, Dreieich, 63303",63303,St. Charles,,,,
copy-dreieich,shop:copyshop,"2 Hauptstraße, Dreieich, 63303",63303,St. Charles,+49 6103 66976,info@copy-dreieich.de,http://www.copy-dreieich.de,
Crumbl Cookies,shop:pastry,"1997 Zumbehl Road, Saint Charles, 63303",63303,St. Charles,,,,
Cube Store Dreieich by ZRS.de,shop:bicycle,"13 Dieselstraße, Dreieich, 63303",63303,St. Charles,+496103485890,info@zrs.de,https://zrs.de/,https://zrs.de/
Culver's,amenity:fast_food,"2750 Muegge Road, Saint Charles, MO, 63303",63303,St. Charles,+1 636-922-7537,,https://www.culvers.com/restaurants/st-charles,https://www.contactculvers.com/
Da Sarino,amenity:restaurant,"3 Am Sportplatz, 63303",63303,St. Charles,,,https://susgo.de/gaststaette/,https://susgo.de/gaststaette/
Darmstädter Hof,amenity:restaurant,"19 Wallstraße, Dreieich, 63303",63303,St. Charles,,,,
Decathlon,shop:sports,"15 Robert-Bosch-Straße, Dreieich, 63303",63303,St. Charles,+49 6103 20085 10,,https://www.decathlon.de/,
Delikato,amenity:fast_food,"6 Dreieichplatz, Dreieich, 63303",63303,St. Charles,,,,
Denns BioMarkt,shop:supermarket,"36-38 Hauptstraße, Dreieich, 63303",63303,St. Charles,+49 6103 9952551,,,
Der Bäcker Eifler,shop:bakery,"80 Hauptstraße, Dreieich, 63303",63303,St. Charles,+49 6103 2028849,,,
DesiLicious,amenity:restaurant,"28 Hainer Chaussee, Dreieich, 63303",63303,St. Charles,+49 6103 8022440,dreieich@desi-licious.de,https://www.desi-licious.de,
Dewey's Pizza,amenity:restaurant,"1520 South Fifth Street, Saint Charles, MO, 63303",63303,St. Charles,+1-636-724-1111,,https://deweyspizza.com,https://deweyspizza.com/contact/
Die Haargalerie,shop:hairdresser,"47 Fahrgasse, Dreieich, 63303",63303,St. Charles,,,,
Digital-Kamera-Reparaturservice GmbH,shop:repair,"16 Max-Planck-Straße, Dreieich, 63303",63303,St. Charles,+496103300170,,http://www.nikonservice-frankfurt.de/,http://www.nikonservice-frankfurt.de/
dm,shop:chemist,"7 Industriestraße, Dreieich, 63303",63303,St. Charles,,,https://www.dm.de/store/de-1854/dreieich/industriestrasse-7,https://www.dm.de/store/de-1854/dreieich/industriestrasse-7
Dollar Tree,shop:variety_store,"1067 Regency Parkway, Saint Charles, MO, 63303",63303,St. Charles,,,https://www.dollartree.com/locations/mo/st-charles/485/,
Dr. B. Richter,amenity:dentist,"206 Eisenbahnstraße, Dreieich, 63303",63303,St. Charles,+49 6103 7339454,,https://zahnarzt-dr-richter.de/,https://zahnarzt-dr-richter.de/
"Dr. Köppert, Zahnarzt",amenity:dentist,"34 Lindenstraße, Dreieich, 63303",63303,St. Charles,,,,
Dr. Wehrenberg,amenity:dentist,"107 Kurt-Schumacher-Ring, Dreieich, 63303",63303,St. Charles,,,,
Dreamlike Braut- & Eventmode,shop:clothes,"74 Hauptstraße, Dreieich, 63303",63303,St. Charles,+49 6103 807 91 43,,https://dreamlike-brautmode.de/,https://dreamlike-brautmode.de/
Dreieich Barber Shop,shop:hairdresser,"25b Frankfurter Straße, Dreieich, 63303",63303,St. Charles,+49 1578 4383930,edelweiss.markt@gmail.com,,
Dreieich Nordpark,shop:mall,"15 Robert-Bosch-Straße, Dreieich, 63303",63303,St. Charles,,,https://www.dreieich-nordpark.de/,https://www.dreieich-nordpark.de/
Dreieich-Apotheke,amenity:pharmacy,"13 Buchschlager Allee, Dreieich, 63303",63303,St. Charles,,,,
EDEKA City Richter,shop:supermarket,"204 Eisenbahnstraße, Dreieich, 63303",63303,St. Charles,+49 6103 604801,,,
Edwards Carpet and Floor Center,shop:carpet,"2801 Veterans Memorial Parkway, Saint Charles, MO, 63303",63303,St. Charles,,,,
Eichhorn,shop:hairdresser,"34 Frankfurter Straße, Dreieich, 63303",63303,St. Charles,,,http://www.beautyfreaks.eu/,http://www.beautyfreaks.eu/
Eiscafé St. Bernhard,amenity:ice_cream,"37 Alte Bogengasse, Dreieich, 63303",63303,St. Charles,,,,
El Castillo,amenity:restaurant,"52 Fahrgasse, Dreieich, 63303",63303,St. Charles,+49 61039886643,susannkurzhals@gmx.de,https://www.elcastillo-dreieich.de/,
Elit Frischemarkt,shop:greengrocer,"10 Frankfurter Straße, Dreieich, 63303",63303,St. Charles,,,,
Endstation,amenity:restaurant,"2 Buchschlager Allee, Dreieich, 63303",63303,St. Charles,+49 6103 61919,endstation.mayer@googlemail.com,http://www.endstation.eu/,
Engel Elektromobile GmbH,shop:bicycle,"1a Gleisstraße, Dreieich, 63303",63303,St. Charles,,info@lautlos-durch-rhein-main.de,http://lautlos-durch-rhein-main.de/,
eni,amenity:fuel,"12 Bleiswijker Straße, Dreieich, 63303",63303,St. Charles,,,,
Eni,amenity:fuel,"138 Kurt-Schumacher-Ring, Dreieich, 63303",63303,St. Charles,,,,
Ernsting's family,shop:clothes,"15 Robert-Bosch-Straße, Dreieich, 63303",63303,St. Charles,+49 2546 9899998,service@ernstings-family.com,https://www.ernstings-family.de/,https://www.ernstings-family.de/
"Eva - Restaurant, Pizzeria, Café",amenity:restaurant,"4 Dreieich Plaza, Dreieich, 63303",63303,St. Charles,+4961032700087,info@eva-restaurant.com,https://eva-ristorante.de/,https://eva-ristorante.de/contact/
Extrawurst,amenity:fast_food,"127 Frankfurter Straße, Dreieich, 63303",63303,St. Charles,+49 2351 962993,verwaltung@extrawurst.info,https://www.extrawurst.info/,https://www.extrawurst.info/
Famous Footwear,shop:shoes,"3883 Mexico Road, St. Charles, MO, 63303",63303,St. Charles,+1 636-928-0334,,https://www.famousfootwear.com/,
Fantasy Shop,shop:vacant,"2125 Zumbehl Road, Saint Charles, 63303",63303,St. Charles,,,,
Fast Lane,shop:convenience,"2301 South Old Highway 94, Saint Charles, 63303",63303,St. Charles,,,,
Feinkost & Metzgerei Dey,shop:butcher,"12 Hainer Weg, Dreieich, 63303",63303,St. Charles,,,,
Feinkost Kirbas,shop:deli,"15 Robert-Bosch-Straße, Dreieich, 63303",63303,St. Charles,,,https://kirbas.de/,https://kirbas.de/
Felber's Restaurant im Vereinsheim der SKG Sprendlingen,amenity:restaurant,"9-13 Seilerstraße, Dreieich, 63303",63303,St. Charles,+49 6103 9883446,,https://www.felbers-restaurant.de/,https://www.felbers-restaurant.de/
First Watch,amenity:restaurant,"1405 Beale Street, Saint Charles, MO, 63303",63303,St. Charles,,lfohlen@firstwatch.com,https://www.firstwatch.com/,https://www.firstwatch.com/contact
Fischer-Klause,amenity:restaurant,"5 An der Winkelsmühle, Dreieich, 63303",63303,St. Charles,,,,
FITSEVENELEVEN,leisure:fitness_centre,"151a Frankfurter Straße, Dreieich, 63303",63303,St. Charles,,max@beispiel.de,https://fitseveneleven.de/clubs/fitnessstudio-dreieich-black/,https://fitseveneleven.de/clubs/fitnessstudio-dreieich-black/
Flower & Art,shop:florist,"26 Fichtestraße, Dreieich, 63303",63303,St. Charles,,,,
Frankfurter Sparkasse 1822,amenity:bank,"44-46 Hauptstraße, Dreieich, 63303",63303,St. Charles,,,,
Frateli,amenity:restaurant,"2061 Zumbehl Road, Saint Charles, 63303",63303,St. Charles,,,https://www.fratellisristorante.com/,https://www.fratellisristorante.com/about
Frauenzone,shop:clothes,"13 Hauptstraße, Dreieich, 63303",63303,St. Charles,+49 6103 703952,,https://www.frauenzone.shop,
Fressnapf,shop:pet,"135 Frankfurter Straße, Dreieich, 63303",63303,St. Charles,,,,
Fu Loi Asian Food,amenity:fast_food,"15 Robert-Bosch-Straße, Dreieich, 63303",63303,St. Charles,+49 6103 3103989,info@asiafuloi.de,http://www.asiafuloi.de/,
Futterkiste Dreieich,shop:pet,"14 Mittelstraße, Dreieich, 63303",63303,St. Charles,+49 6103 64975,futterkiste-dreieich@t-online.de,http://www.futterkiste-dreieich.de,
Gabi's Gourmet-u. Teelädchen,shop:deli,"35 Hauptstraße, Dreieich, 63303",63303,St. Charles,+49 6103 63987,,,
Gasthaus Alte Burg,amenity:restaurant,"50 Fahrgasse, Dreieich, 63303",63303,St. Charles,+49 6103 84913,,https://www.alte-burg.com/,
Gemeinschaftspraxis Dres. med. dent. von Tresckow & Sonnemann,amenity:dentist,"8-10 Mainzer Straße, Dreieich, 63303",63303,St. Charles,+49 6074 7441,,,
Gernegrün,shop:supermarket,"4 Waldstraße, Dreieich, 63303",63303,St. Charles,+49 6103 3867347,gernegruen@gernegruen.com,https://www.gernegruen.com,
Geschenkhaus Dröll,shop:houseware,"36-38 Fahrgasse, Dreieich, 63303",63303,St. Charles,,,https://www.droell.com/,https://www.droell.com/
Getränke-Service und Zeltverleih Jürgen Pfeifer,shop:beverages,"13 Schubertstraße, Dreieich, 63303",63303,St. Charles,+49 6103 67999,getraenke-pfeifer@t-online.de,,
Glaserei Lippold,craft:glaziery,"123 Frankfurter Straße, Dreieich, 63303",63303,St. Charles,,,,
Goldstück,amenity:cafe,"29-33 Hauptstraße, Dreieich, 63303",63303,St. Charles,+49 6103 3923052,support@stripe.com,https://www.cafegoldstueck.de/,https://www.cafegoldstueck.de/
Graf Heim + Garten,shop:garden_centre,"10 Industriestraße, Dreieich, 63303",63303,St. Charles,+49 6103 803939,info@graf-dreieich.de,https://graf-dreieich.de/,
Gut gegen Nordwind,shop:books,"84 Hauptstraße, Dreieich, 63303",63303,St. Charles,+49 6103 8072849,schreibuns@gutgegennordwind.com,http://www.gutgegennordwind.com,http://www.gutgegennordwind.com
Haarstudio H&B,shop:hairdresser,"6 Freiherr-vom-Stein-Straße, Dreieich, 63303",63303,St. Charles,,,,
Hackman Lumber & Home Center,shop:doityourself,"3030 South Paint Peters Parkway, Saint Peters, MO, 63303",63303,St. Charles,+1-636-441-0100,contractorsales@hackmanns.com,https://www.hackmannstl.com/locations.html,https://www.hackmannstl.com/contact.html
Hahn Air,office:company,"5 Am Weiher, Dreieich, 63303",63303,St. Charles,,,,
Half Price Books,shop:books,"2017 Zumbehl Road, Saint Charles, 63303",63303,St. Charles,,,,
Hans-Meudt-Halle,leisure:sports_centre,"20 Breslauer Straße, Dreieich, 63303",63303,St. Charles,,,,
Harbor Freight Tools,shop:hardware,"3803 Mexico Road, Saint Charles, MO, 63303",63303,St. Charles,+1 636-447-7634,,https://www.harborfreight.com/storelocator/3803-mexico-rd-saint-charles-63303?number=304,https://www.harborfreight.com/customer-support/contact-us?topic=onlineExperience
Hardee's,amenity:fast_food,"2023 Zumbehl Road, Saint Charles, MO, 63303",63303,St. Charles,+1 636-947-4606,,https://locations.hardees.com/mo/saint-charles/2023-zumbehl-rd,https://www.hardees.com/contact-us
Harvester Small Engine,shop:groundskeeping,"1430 Jungs Station Road, Saint Peters, MO, 63303",63303,St. Charles,+1-636-441-6116,,https://www.harvestersmallengine.com/,
Hayn Parc 2,office:company,"65 An der Trift, Dreieich, 63303",63303,St. Charles,,,,
Herrnbrod & Ständecke,amenity:restaurant,"29 Hauptstraße, Dreieich, 63303",63303,St. Charles,+49 6103 6080,info@herrnbrod-staendecke.de,http://www.herrnbrod-staendecke-dreieich.de/#gaststatte,
Hey Amore,amenity:restaurant,"32 Frankfurter Straße, Dreieich, 63303",63303,St. Charles,+49 6103 5093650,,https://hey-amore.de,https://hey-amore.de/oeffnungszeiten/#ab
Hirsch-Apotheke,amenity:pharmacy,"8 Frankfurter Straße, Dreieich, 63303",63303,St. Charles,+49 6103 67346,,,
Hofladen Köppen,shop:farm,"24 Bahnhofstraße, Dreieich-Offenthal, 63303",63303,St. Charles,,info@hofladenkoeppen.de,http://www.hofladenkoeppen.de,http://www.hofladenkoeppen.de
Hörerlebnis,shop:hearing_aids,"2-12 Hanaustraße, Dreieich, 63303",63303,St. Charles,+4961038044 575,,https://hoererlebnis.net/,https://hoererlebnis.net/
HSV Götzenhain 1954 e.V.,leisure:sports_centre,"69 Langener Straße, Dreieich, 63303",63303,St. Charles,,,,
HSV-Restaurant,amenity:restaurant,"69 Langener Straße, Dreieich, 63303",63303,St. Charles,+49 6103 7334399,,https://www.hsv-goetzenhain.de/restaurant/,https://www.hsv-goetzenhain.de/restaurant/
Hut-Atelier,shop:clothes,"24F Fahrgasse, Dreieich, 63303",63303,St. Charles,+49 6103 87558,,https://www.hut-atelier.com,
Ihr Haarschnitt,shop:hairdresser,"44 Frankfurter Straße, Dreieich, 63303",63303,St. Charles,+49 6103 960 38 99,,,
Il Cavatappi,amenity:restaurant,"65 An der Trift, Dreieich, 63303",63303,St. Charles,+49 6103 830439,,http://www.il-cavatappi.de/,
IN-SIDE Ladeneinrichtung,shop:wholesale,"10 Otto-Hahn-Straße, Dreieich, 63303",63303,St. Charles,,,https://inside-einrichtung.de/,
Instinct,shop:clothes,"10 Hauptstraße, Dreieich, 63303",63303,St. Charles,+49 6103 8048494,helen@instinct-for-fashion.de,,
Jack in the Box,amenity:fast_food,"1992 Zumbehl Road, Saint Charles, MO, 63303",63303,St. Charles,,,,
Jersey Mike's Subs,amenity:fast_food,"2012 Zumbehl Road, Saint Charles, MO, 63303",63303,St. Charles,+1-636-352-4997,,https://www.jerseymikes.com/25014/st-charles-mo,https://www.jerseymikes.com/contact-us
Jiffy Lube,shop:car_repair,"2139 Zumbehl Road, Saint Charles, MO, 63303",63303,St. Charles,,,,
Joe's Burger,amenity:fast_food,"15 Robert-Bosch-Straße, Dreieich, 63303",63303,St. Charles,+49 6103 9883757,,,
k kiosk,shop:newsagent,"15 Robert-Bosch-Straße, Dreieich, 63303",63303,St. Charles,+49 6103 2021578,,,
Kamps,shop:bakery,"15 Robert-Bosch-Straße, Dreieich, 63303",63303,St. Charles,+49 6103 2029299,,https://www.kamps.de/,https://www.kamps.de/
Kaplan,shop:tailor,"3-7 Darmstädter Straße, Dreieich, 63303",63303,St. Charles,,,,
Karosseriebau Peter Schenner,shop:car_repair,"2 Voltastraße, Dreieich, 63303",63303,St. Charles,,,,
Kaufland,shop:supermarket,"15 Robert-Bosch-Straße, Dreieich, 63303",63303,St. Charles,+49 6103 386280,,https://www.kaufland.de/,
Kaufland Getränke,shop:beverages,"15 Robert-Bosch-Straße, Dreieich, 63303",63303,St. Charles,+49 6103 386280,,https://www.kaufland.de/,
Kebapland 46,amenity:fast_food,"57 Frankfurter Straße, Dreieich, 63303",63303,St. Charles,,,,
Key West Dental,amenity:dentist,"2071 Zumbehl Road, Saint Charles, 63303",63303,St. Charles,,,,
Keysa,shop:locksmith,"15 Robert-Bosch-Straße, Dreieich, 63303",63303,St. Charles,+49 6103 311266,info@keysa.de,https://www.keysa.de/,https://www.keysa.de/
KFC,amenity:fast_food,"15 Robert-Bosch-Straße, Dreieich, 63303",63303,St. Charles,,,,
Kiosk am Rathaus,shop:kiosk,"47 Hauptstraße, Dreieich, 63303",63303,St. Charles,,,,
Klein,shop:bakery,"35 Offenbacher Straße, Dreieich, 63303",63303,St. Charles,,,,
Klier,shop:hairdresser,"15 Robert-Bosch-Straße, Dreieich, 63303",63303,St. Charles,,,https://www.klier.de/,https://www.klier.de/
KU(h)LINARIA / Backstube Weller,amenity:cafe,"11 Dieselstraße, Dreieich, 63303",63303,St. Charles,+49 6103 9885020,,https://www.backstube-weller.de/,https://www.backstube-weller.de/
Küchen Lippold & Senke GmbH,shop:kitchen,"123 Frankfurter Straße, Dreieich, 63303",63303,St. Charles,,,,
Kundendienstbüro Simon Blustein,office:insurance,"2 Fahrgasse, Dreieich, 63303",63303,St. Charles,,,,
Kylin HotPot,amenity:restaurant,"28 Robert-Bosch-Straße, Dreieich, 63303",63303,St. Charles,+49 6103 3865520,,https://kylin-hotpot.aaden.online/,
La Perla,amenity:restaurant,"2 Frankfurter Straße, Dreieich, 63303",63303,St. Charles,+49 6103 2025961,info@ristorante-pizzeria-laperla.de,https://www.ristorante-pizzeria-laperla.de/,https://www.ristorante-pizzeria-laperla.de/
La Rughetta,amenity:restaurant,"38 Eisenbahnstraße, Dreieich, 63303",63303,St. Charles,+49 6103 8023420,info@la-rughetta.de,https://www.la-rughetta.de/,https://www.la-rughetta.de/
La Table,amenity:cafe,"37 Fahrgasse, Dreieich, 63303",63303,St. Charles,,,http://www.latable-eventcatering.de/,http://www.latable-eventcatering.de/
Lidl,shop:supermarket,"15 Dieselstraße, Dreieich, 63303",63303,St. Charles,,,https://www.lidl.de/,https://www.lidl.de/
Lidl,shop:supermarket,"8 Industriestraße, Dreieich, 63303",63303,St. Charles,,,,
Localino Mio,amenity:restaurant,"4 Buchschlager Allee, Dreieich, 63303",63303,St. Charles,,,,
Lohnsteuerhilfe Dreieich,office:tax_advisor,"42 Freiherr-vom-Stein-Straße, Dreieich, 63303",63303,St. Charles,,,,
Lohnsteuerhilfe LHF-bs2826 Dreieich,office:tax_advisor,"39 Frankfurter Straße, Dreieich, 63303",63303,St. Charles,+49 6103 602908,,https://koalendar.com/e/deine-lohnsteuerberatung-in-dreieich,
Lück Gas Wasser Heizung,craft:hvac,"13 Hauptstraße, Dreieich, 63303",63303,St. Charles,+49 6103 699657,,,
Malerbetrieb Graf GmbH,craft:painter,"14 Vor der Pforte, Dreieich, 63303",63303,St. Charles,,,,
Marcus St. Charles Cinema,amenity:cinema,"1830 South 1st Capitol Drive, Saint Charles, MO, 63303",63303,St. Charles,,,https://www.marcustheatres.com/theatre-locations/marcus-st.-charles-stadium-18-cine,https://www.marcustheatres.com/theatre-locations/marcus-st.-charles-stadium-18-cine
Mario’s Donuts And Gyros,amenity:restaurant,"2786 Muegge Road, Saint Charles, 63303",63303,St. Charles,,,,
Mattress Firm,shop:bed,"2931 Veterans Memorial Parkway, Saint Charles, MO, 63303",63303,St. Charles,,,,
McDonald's,amenity:fast_food,"1890 Zumbehl Road, Saint Charles, MO, 63303",63303,St. Charles,+1 636-947-0951,,https://www.mcdonalds.com/us/en-us/location/19134.html,https://www.mcdonalds.com/us/en-us/contact-us.html
McDonald's,amenity:fast_food,"24 Harvester Square, Saint Peters, MO, 63303",63303,St. Charles,+1 636-441-6820,,https://www.mcdonalds.com/us/en-us/location/5690.html,https://www.mcdonalds.com/us/en-us/contact-us.html
Memo Imbiss,amenity:fast_food,"71 Hainer Chaussee, Dreieich, 63303",63303,St. Charles,,hakan.mexicali@gmx.de,https://memo-imbiss.eatbu.com/,https://memo-imbiss.eatbu.com/#contact
Metzgerei Erich Zeiss,shop:butcher,"15 Robert-Bosch-Straße, Dreieich, 63303",63303,St. Charles,+49 6181 9150-0,s.zirkel@erich-zeiss.de,https://www.metzgerei-zeiss.de/,
Metzgerei Gottschämmer,shop:butcher,"44 Rheinstraße, Dreieich, 63303",63303,St. Charles,,,,
Metzgerei Nolle,shop:butcher,"46-48 Frankfurter Straße, Dreieich, 63303",63303,St. Charles,,,,
Meydan Döner,amenity:fast_food,"3 Darmstädter Straße, Dreieich, 63303",63303,St. Charles,+49 6103 2084566,,,
MFO Matratzen,shop:bed,"135 Frankfurter Straße, Dreieich, 63303",63303,St. Charles,,,,
Michael-Therapeutikum,office:therapist,"11 Forstweg, Dreieich, 63303",63303,St. Charles,,,,
Michaels,shop:craft,"2155 Zumbehl Road, Saint Charles, MO, 63303",63303,St. Charles,+1 636-947-6379,michaels@michaels.com,https://locations.michaels.com/mo/st.-charles/4205,https://locations.michaels.com/mo/st.-charles/4205
Mike's Guns,shop:weapons,"1964 South Old Highway 94, 63303",63303,St. Charles,+1-636-949-8764,,,
Mitchell D. Johnson Attorney at Law,office:lawyer,"1523 South Old Highway 94, St Charles, MO, 63303",63303,St. Charles,+1-636-757-3400,,https://mitchelldjohnsonattorneyatlaw.com,
Möck Zweiräder GmbH,shop:bicycle,"21 Daimlerstraße, Dreieich, 63303",63303,St. Charles,,info@zweirad-moeck.de,https://www.zweirad-moeck.de,https://www.zweirad-moeck.de
Ms Sevsfasion,shop:clothes,"12 Otto-Hahn-Straße, Dreieich, 63303",63303,St. Charles,+4961033124478,,,
Müller,shop:chemist,"15 Robert-Bosch-Straße, Dreieich, 63303",63303,St. Charles,+49 151 57143045,service@shop.mueller.de,https://www.mueller.de/meine-filiale/,https://www.mueller.de/meine-filiale/
Music Go Round,shop:musical_instrument,"1059 Regency Parkway, Saint Charles, MO, 63303",63303,St. Charles,,,,
Nassau Sporting Goods,shop:weapons,"200 Spring Drive, Saint Charles, MO, 63303",63303,St. Charles,,,,
Naturfreundehaus An der Lettkaut,amenity:cafe,"34 An der Lettkaut, Dreieich, 63303",63303,St. Charles,,post@naturfreunde-sprendlingen.de,https://naturfreunde-sprendlingen.de/,
Naturfreundehaus Dreieichenhain,amenity:restaurant,"14 Eschenweg, Dreieich, 63303",63303,St. Charles,,info@haynerwirtin.de,https://www.haynerwirtin.de/,https://www.haynerwirtin.de/
Naturfriseur,shop:hairdresser,"15 Elisabethenstraße, Dreieich, 63303",63303,St. Charles,+49 6103 2703597,,,
Nedo,amenity:fast_food,"18 Frankfurter Straße, Dreieich, 63303",63303,St. Charles,+49 6103 5715557,,,
Netto Marken-Discount,shop:supermarket,"5 Industriestraße, Dreieich, 63303",63303,St. Charles,,,https://www.netto-online.de/filialen/Dreieich/Industriestr-5/8097/,https://www.netto-online.de/filialen/Dreieich/Industriestr-5/8097/
Nimet,shop:bakery,"48 Schlagfeldstraße, Dreieich, 63303",63303,St. Charles,+49 6103 3768712,,,
NKD,shop:clothes,"14-16 Frankfurter Straße, Dreieich, 63303",63303,St. Charles,,,,
Nova,amenity:restaurant,"34b Hauptstraße, Dreieich, 63303",63303,St. Charles,+49 6103 8314460,hallo@nova-dreieich.de,https://www.nova-dreieich.de,https://www.nova-dreieich.de
NTB - National Tire and Battery,shop:tyres,"2899 Veterans Memorial Parkway, Saint Charles, 63303",63303,St. Charles,,,,
O2,shop:mobile_phone,"15 Robert-Bosch-Straße, Dreieich, 63303",63303,St. Charles,,,,
OBI,shop:doityourself,"127 Frankfurter Straße, Dreieich, 63303",63303,St. Charles,+49 6103 93310,,,
OfficeMax,shop:stationery,"2845 Veterans Memorial Parkway, Saint Charles, MO, 63303",63303,St. Charles,,,,
Panda Express,amenity:fast_food,"2911 Veterans Memorial Parkway, Saint Charles, 63303",63303,St. Charles,,,,
Panera Bread,amenity:fast_food,"2079 Zumbehl Road, Saint Charles, MO, 63303",63303,St. Charles,+1 636-946-1701,,https://locations.panerabread.com/mo/st-charles/2079-zumbehl-road.html,https://locations.panerabread.com/en-us/company/about-panera.html
Parkschwimmbad Sprendlingen,leisure:sports_centre,"11-15 Am Schwimmbad, Dreieich, 63303",63303,St. Charles,,,,
Paşam,amenity:restaurant,"10 Otto-Hahn-Straße, Dreieich, 63303",63303,St. Charles,+496103322151,,,
Peking Garden,amenity:restaurant,"4 Herrenwiesenweg, Dreieich, 63303",63303,St. Charles,+49 6074 66290,,,
Penn Station,amenity:fast_food,"1932 Zumbehl Road, Saint Charles, 63303",63303,St. Charles,,,,
Penny,shop:supermarket,"4-6 Frankfurter Straße, Dreieich, 63303",63303,St. Charles,,kontakt@penny.de,https://www.penny.de/,https://www.penny.de/
Petco,shop:pet,"2109 Zumbehl Road, Saint Charles, MO, 63303",63303,St. Charles,+1 636-724-6338,,https://stores.petco.com/mo/stcharles/pet-supplies-stcharles-mo-1651.html,https://www.petco.com/contact-us
Petro Mart,shop:convenience,"1990 South First Capitol Drive, Saint Charles, 63303",63303,St. Charles,,,,
PetSmart,shop:pet,"2861 Veterans Memorial Parkway, Saint Charles, MO, 63303",63303,St. Charles,+1 636-925-1717,,https://www.petsmart.com/stores/us/mo/saint-charles-store0257.html,https://www.petsmart.com/account/contact
PICKLEMAN'S,amenity:restaurant,"2041 Zumbehl Road, 63303",63303,St. Charles,,,https://www.picklemans.com/,https://www.picklemans.com/contact/
Pizza da Maria,amenity:restaurant,"31 - 33 Otto-Hahn-Straße, Dreieich, 63303",63303,St. Charles,+4961038314662,,,
Pizza Hut,amenity:restaurant,"15 Robert-Bosch-Straße, Dreieich, 63303",63303,St. Charles,+49 69 67869820,beispiel@email.com,https://pizzahut.de/,https://pizzahut.de/
Pizzeria Da Luigi,amenity:restaurant,"4-6 Damaschkestraße, Dreieich, 63303",63303,St. Charles,+49 6103 3103890,info@daluigi-pizzeria.de,https://daluigi-dreieich.de/,
Pizzeria La Palma,amenity:restaurant,"27 Solmische-Weiher-Straße, Dreieich, 63303",63303,St. Charles,+49 6103 830969,kontakt@pizza-palma.de,https://www.pizza-palma.de/,https://www.pizza-palma.de/
Pizzeria Triangolo,amenity:restaurant,"9 Offenbacher Straße, Dreieich, 63303",63303,St. Charles,+49 6103 64 985,,https://www.pizzeria-triangolo.de,https://www.pizzeria-triangolo.de
Plasto,shop:windows,"2 Kuuse, Põlva, 63303",63303,St. Charles,+372 799 1717,polva@plasto.ee,,
Prasino,amenity:restaurant,"1520 South Fifth Street, Saint Charles, 63303",63303,St. Charles,,,,
QuikTrip,shop:convenience,"1500 Zumbehl Road, Saint Charles, 63303",63303,St. Charles,,,,
QuikTrip,shop:convenience,"3889 Mexico Road, Saint Charles, 63303",63303,St. Charles,,,,
Rahi Beauty,shop:beauty,"35 Frankfurter Straße, Dreieich, 63303",63303,St. Charles,,,,
ratiocheck GmbH,office:company,"54 Am Trauben, Dreieich, 63303",63303,St. Charles,,,https://ratiocheck.consulting/,
Reisebüro Bühler,shop:travel_agency,"3 Frankfurter Straße, Dreieich, 63303",63303,St. Charles,+49 6103 34003,,https://www.buehler.de/leisure/de/reisebuero-dreieich-sprendlingen,
Rent-A-Center,shop:furniture,"1051 Regency Parkway, Saint Charles, MO, 63303",63303,St. Charles,,,,
Restaurant Birkenwald,amenity:restaurant,"2 Im Haag, Dreieich, 63303",63303,St. Charles,+49 6103 85718,,https://gaststaette-birkenwald.de,
Rewe,shop:supermarket,"3 Gleisstraße, Dreieich, 63303",63303,St. Charles,,,,
Rewe,shop:supermarket,"6 Raiffeisenstraße, Dreieich, 63303",63303,St. Charles,+49 6103 89940,,https://www.rewe.de/,
Rex Palast,amenity:cinema,"52 Frankfurter Straße, Dreieich, 63303",63303,St. Charles,,,,
Rimi,shop:supermarket,"12b Jaama, Põlva, 63303",63303,St. Charles,,,,
Ring Markt,shop:supermarket,"3 Berliner Ring, Dreieich, 63303",63303,St. Charles,,,https://ring-markt.jimdosite.com/,
Ristorante Pizzeria da Paolo,amenity:restaurant,"Außerhalb, Dreieich, 63303",63303,St. Charles,+49 6103 8021111,,https://www.tvbuchschlag.de/vereinslokal/,https://www.tvbuchschlag.de/vereinslokal/
Rivvers,office:coworking,"5 Robert-Bosch-Straße, Dreieich, 63303",63303,St. Charles,+49 69 9072 0198-1,hello@rivvers.de,https://rivvers.de/dreieich/coworking-space-dreieich/,https://rivvers.de/dreieich/coworking-space-dreieich/
Robert's Automotive Service Center,shop:car_repair,"1420 Jungs Station Road, Saint Peters, MO, 63303",63303,St. Charles,+1-636-939-0707,,https://locations.autovalue.com/mo/st.-charles/1119364/,https://www.autovalue.com/about-us.php#about
Rosen-Apotheke,amenity:pharmacy,"2-12 Hanaustraße, Dreieich, 63303",63303,St. Charles,+49610386864,rosen-apo-dreieich@t-online.de,https://www.rosen-apotheke-dreieich.de/,
Rosenstengel Immobilien,office:estate_agent,"8 Hainer Weg, Dreieich, 63303",63303,St. Charles,+49 6103 83309-80,,https://www.rosenstengel-immobilien.de,https://www.rosenstengel-immobilien.de
Roses Nails,shop:beauty,"15 Robert-Bosch-Straße, Dreieich, 63303",63303,St. Charles,+49 6103 8022587,,,
Rossmann,shop:chemist,"34 Hauptstraße, Dreieich, 63303",63303,St. Charles,+49 6103 8398999,,https://www.rossmann.de/de/filialen/hessen/dreieich/hauptstr--34.html,https://www.rossmann.de/de/filialen/hessen/dreieich/hauptstr--34.html
Saint Vincent de Paul Thrift Store,shop:charity,"1069 Regency Parkway, Saint Charles, 63303",63303,St. Charles,+1 314-881-6047,,,
Sally Beauty,shop:hairdresser_supply,"2075 Zumbehl Road, Saint Charles, 63303",63303,St. Charles,,,,
Sam's Club,shop:wholesale,"2855 Veterans Memorial Parkway, Saint Charles, MO, 63303",63303,St. Charles,+1 636-946-7002,,https://www.samsclub.com/club/st-charles-mo-sams-club/8251,https://www.samsclub.com/club/st-charles-mo-sams-club/8251
Sauce on the Side,amenity:restaurant,"1405 Beale Street, Saint Charles, MO, 63303",63303,St. Charles,,,https://sauceontheside.com/,https://sauceontheside.com/
Saullo’s Restaurant,amenity:restaurant,"2778 Muegge Road, Saint Charles, 63303",63303,St. Charles,,,,
Scanlon Family Dental,amenity:dentist,"3004 South Saint Peters Parkway, Saint Peters, MO, 63303",63303,St. Charles,+1-636-441-1020,,http://www.scanlondental.com/,
Schäfer,shop:bakery,"65 Fichtestraße, Dreieich, 63303",63303,St. Charles,,info@schaefer-dein-baecker.de,https://www.schaefer-dein-baecker.de,https://www.schaefer-dein-baecker.de
Schäfer,shop:bakery,"141 Eisenbahnstraße, Dreieich, 63303",63303,St. Charles,+49 6103 7038646,info@schaefer-dein-baecker.de,https://www.schaefer-dein-baecker.de,https://www.schaefer-dein-baecker.de
Schmid,shop:shoes,"7b Robert-Bosch-Straße, Dreieich, 63303",63303,St. Charles,+49 6103 4594511,shg.f753@schmid.fashion,https://www2.schuh-schmid.com/,
SECUTEK Sicherheitstechnik,office:security,"25 Darmstädter Straße, Dreieich, 63303",63303,St. Charles,+49 6103603624,info@secutek.de,https://www.secutek.de,
Sediq Grosshandel,shop:wholesale,"14 Otto-Hahn-Straße, Dreieich, 63303",63303,St. Charles,,,,
Sehring's Landlädchen,shop:farm,"6 Rheinstraße, Dreieich, 63303",63303,St. Charles,,,,
Sehring`s Landlädchen,shop:farm,"31 Höllgartenstraße, Dreieich, 63303",63303,St. Charles,,,https://sehrings-landlaedchen.de/,https://sehrings-landlaedchen.de/
Selver,shop:supermarket,"12 Jaama, Põlva, 63303",63303,St. Charles,+372 7999400,,https://www.selver.ee/kauplused/polva-selver,
SFI Stotz Fredenhagen Industries GmbH,office:company,"Dreieich, 63303",63303,St. Charles,+49 6103 80 53 0,,http://www.stotz-fs.com/,
Shell,amenity:fuel,"69 Offenbacher Straße, Dreieich, 63303",63303,St. Charles,,,,
Show-Me's Sports Bar & Grill,amenity:restaurant,"2795 Veterans Memorial Parkway, Saint Charles, MO, 63303",63303,St. Charles,,,,
Sikora Werkzeuge,shop:hardware,"3 Solmische-Weiher-Straße, Dreieich, 63303",63303,St. Charles,+49 6103 87398,,https://www.sikora-werkzeuge.de/,https://www.sikora-werkzeuge.de/
Silberblick Brillen & Kontaktlinsen,shop:optician,"45 Frankfurter Straße, Dreieich, 63303",63303,St. Charles,+49 6103 371877,,http://www.silberblick-dreieich.de/,http://www.silberblick-dreieich.de/
Smoothie King,amenity:fast_food,"2101 Zumbehl Road, Saint Charles, 63303",63303,St. Charles,,,,
Sonic,amenity:fast_food,"2001 South Old Highway 94, Saint Charles, 63303",63303,St. Charles,,,,
Soups & Snacks,amenity:restaurant,"32 Robert-Bosch-Straße, Dreieich, 63303",63303,St. Charles,,,http://www.soups-snacks.de,http://www.soups-snacks.de
South 94 Bistro,amenity:pub,"19 Jungs Station, 63303",63303,St. Charles,,,http://south94bistro.com/,
Sozialkaufhaus Dreieich,shop:department_store,"4 Voltastraße, Dreieich, 63303",63303,St. Charles,,,,
Sparkasse Langen-Seligenstadt,amenity:bank,"32a Hauptstraße, Dreieich, 63303",63303,St. Charles,,,,
Spectrum,shop:telecommunication,"2047 Zumbehl Road, Saint Charles, MO, 63303",63303,St. Charles,+1-888-406-7063,,https://www.spectrum.com/locations/mo/st-charles/2047-zumbehl-rd,https://www.spectrum.com/locations/mo/st-charles/2047-zumbehl-rd#contact
"Spielzeugladen ""Kinderkram""",shop:toys,"42 Goethering, Dreieich, 63303",63303,St. Charles,,,,
Sport Clips,shop:hairdresser,"2073 Zumbehl Road, Saint Charles, 63303",63303,St. Charles,,,,
Sport- und Kulturgemeinschaft Sprendlingen von 1886 e.V.,leisure:sports_centre,"9-13 Seilerstraße, Dreieich, 63303",63303,St. Charles,,info@skg-sprendlingen.de,https://www.skg-sprendlingen.de/,https://www.skg-sprendlingen.de/
Sportanlage Götzenhain,leisure:sports_centre,"71-73 Rheinstraße, Dreieich, 63303",63303,St. Charles,,,,
Sporthübner,shop:sports,"7a Robert-Bosch-Straße, Dreieich, 63303",63303,St. Charles,+49 6103 370583,,https://www.sporthuebner.de/,
Sprendlinger Bahnhof,amenity:restaurant,"19 Theodor-Heuss-Straße, Dreieich, 63303",63303,St. Charles,+4961032804033,,,
Sprendlinger Turngemeinde 1848 e.V.,leisure:sports_centre,"1 Rhönstraße, Dreieich, 63303",63303,St. Charles,,,https://www.stg1848.de/,https://www.stg1848.de/
St. Charles Antique Mall,shop:antiques,"3004 South Saint Peters Parkway, Saint Peters, MO, 63303",63303,St. Charles,+1-636-939-4178,,https://www.missouriantiquemalls.com/st-charles/,https://missouriantiquemalls.com/contact-us/
StadtCafe,amenity:cafe,"50 Fichtestraße, Dreieich, 63303",63303,St. Charles,+49 6103 65304,info@stadtcafe-dreieich.de,https://www.stadtcafe-dreieich.de/,https://www.stadtcafe-dreieich.de/
Stef's Pizza,amenity:restaurant,"1938 Zumbehl Road, Saint Charles, MO, 63303",63303,St. Charles,,,,
Steuerberater Matthias Würz,office:tax_advisor,"18 Eifelstraße, Dreieich, 63303",63303,St. Charles,,,,
Subway,amenity:fast_food,"1064 Regency Parkway, Saint Charles, MO, 63303",63303,St. Charles,+1 636-949-2681,,https://restaurants.subway.com/united-states/mo/st-charles/1064-regency-pkwy,
T-Mobile,shop:mobile_phone,"2941 Veterans Memorial Parkway, Saint Charles, MO, 63303",63303,St. Charles,,,,
T. C. Götzenhain,leisure:sports_centre,"71-73 Rheinstraße, Dreieich, 63303",63303,St. Charles,,,,
Taco Bell,amenity:fast_food,"2003 Zumbehl Road, Saint Charles, MO, 63303",63303,St. Charles,+1 636-947-6263,,https://locations.tacobell.com/mo/saint-charles/2003-zumbehl-rd.html,https://locations.tacobell.com/mo/saint-charles/2003-zumbehl-rd/breakfast.html
Tan Co,shop:beauty,"1083 Regency Parkway, Saint Charles, MO, 63303",63303,St. Charles,,,,
Tandoori Dreieich,amenity:fast_food,"3a Daimlerstraße, Dreieich, 63303",63303,St. Charles,+49 6103 9248833,,https://www.tandoori-dreieich.de,https://tandoori-dreieich.de/contact/
Taxi Tayyar,office:company,"5 Lindenstraße, Dreieich, 63303",63303,St. Charles,+49 6103 34122,info@dreieichtaxi.de,https://dreieichtaxi.de/,
TC Rot-Weiß Sprendlingen,leisure:sports_centre,"28 Hainer Chaussee, Dreieich, 63303",63303,St. Charles,,,,
tegut,shop:supermarket,"70-72 Frankfurter Straße, Dreieich, 63303",63303,St. Charles,,,https://www.tegut.com,https://www.tegut.com
Textilreinigung Türkön,shop:laundry,"15 Robert-Bosch-Straße, Dreieich, 63303",63303,St. Charles,,,,
TGI Fridays,amenity:restaurant,"2000 South First Capitol Drive, Saint Charles, 63303",63303,St. Charles,,datastudio2@meetsoci.com,https://locations.tgifridays.com/mo/saint-charles/2000-s-1st-capitol-dr.html,https://tgifridays.com/contactUS/
The Home Depot,shop:doityourself,"3891 Mexico Road, Saint Charles, MO, 63303",63303,St. Charles,+1 636-936-9494,,https://www.homedepot.com/l/st-charles-county/mo/saint-charles/63303/3009,
The Padellers Frankfurt Dreieich,leisure:sports_centre,"39 Otto-Hahn-Straße, 63303",63303,St. Charles,,dreieich@thepadellers.de,https://thepadellers.de,
The UPS store,shop:copyshop,"2025 Zumbehl Road, Saint Charles, MO, 63303",63303,St. Charles,,store0241@theupsstore.com,https://locations.theupsstore.com/mo/saint-charles/2025-zumbehl-rd?utm_source=Yext&utm_medium=organic&utm_campaign=Listings,https://locations.theupsstore.com/mo/saint-charles/2025-zumbehl-rd?utm_source=Yext&utm_medium=organic&utm_campaign=Listings
threeoak,shop:bicycle,"44 Joinviller Straße, Dreieich, 63303",63303,St. Charles,+49 6103 4873490,mail@threeoak.de,http://three-oak.de,
Tierarztpraxis Annette Schneider,amenity:veterinary,"206 Eisenbahnstraße, Dreieich, 63303",63303,St. Charles,,,,
Tierarztpraxis Nennstiel,amenity:veterinary,"51 August-Bebel-Straße, Dreieich, 63303",63303,St. Charles,+49 6103 62277,,http://www.nennstiel.de,http://www.nennstiel.de
TSV Dreieichenhain,leisure:sports_centre,"Breite Haagwegschneise, Dreieich, 63303",63303,St. Charles,,,https://www.tvdreieichenhain.de/,https://www.tvdreieichenhain.de/
Türkische Lebensmittel,shop:supermarket,"106 Frankfurter Straße, Dreieich, 63303",63303,St. Charles,,,,
Turnverein 1880 Dreieichenhain,amenity:restaurant,"8 Koberstädter Straße, Dreieich, 63303",63303,St. Charles,+49 6103 84771,,http://turnverein-dreieichenhain.de/index.php/tv-drfeieichenhain-restaurant,http://turnverein-dreieichenhain.de/index.php/tv-drfeieichenhain-restaurant
TV Buchschlag Tennishalle,leisure:sports_centre,"8 Außerhalb, Dreieich, 63303",63303,St. Charles,,,https://www.tvbuchschlag.de/tennis-im-gruenen/,
UMB Bank,amenity:bank,"1201 Regency Parkway, Saint Charles, MO, 63303",63303,St. Charles,,,,
used:office,shop:yes,"145 Frankfurter Straße, Dreieich, 63303",63303,St. Charles,,info@used-office.de,https://www.used-office.de/,https://www.used-office.de/
Verizon Media Germany,office:company,"Dreieich, 63303",63303,St. Charles,+49 6103 57150,,https://www.verizonmedia.com/,https://www.verizonmedia.com/contact
Victoria-Theater,amenity:cinema,"9a Offenbacher Straße, Dreieich, 63303",63303,St. Charles,+49 6103 6 75 71,kino@viktoriakino.de,https://www.viktoriakino.de/,
Viktoria-Theater,amenity:theatre,"9a Offenbacher Straße, Dreieich, 63303",63303,St. Charles,,,,
vitafit,leisure:sports_centre,"7 Maybachstraße, Dreieich, 63303",63303,St. Charles,+49 61 03 6 61 22,,,
Volksbank Dreieich,amenity:bank,"9 Buchschlager Allee, Dreieich, 63303",63303,St. Charles,,,,
Volksbank Dreieich Filiale Sprendlingen,amenity:bank,"2 Offenbacher Straße, Dreieich, 63303",63303,St. Charles,,,,
Wagner,shop:jewelry,"72 Hauptstraße, Dreieich, 63303",63303,St. Charles,+49 6103 9883208,goldschmiede-wagner@gmx.com,https://wagner-juwelier-goldschmied.de,https://wagner-juwelier-goldschmied.de
Walgreens,shop:chemist,"2310 South Old Highway 94, Saint Charles, MO, 63303",63303,St. Charles,,,,
Walmart Supercenter,shop:supermarket,"2897 Veterans Memorial Parkway, Saint Charles, MO, 63303",63303,St. Charles,+1 636-947-8732,,https://www.walmart.com/store/1161-saint-charles-mo,https://www.walmart.com/store/1161-saint-charles-mo
Weller,shop:bakery,"125 Frankfurter Straße, Dreieich, 63303",63303,St. Charles,,,,
Weller,shop:bakery,"16 Darmstädter Straße, Dreieich, 63303",63303,St. Charles,,,,
Westphal Catering,craft:caterer,"18 Mainzer Straße, Dreieich, 63303",63303,St. Charles,+49 6103 699101,info@westphal-catering.de,https://westphal-catering.de/,
White Castles,amenity:fast_food,"2000 South Old Highway 94, Saint Charles, 63303",63303,St. Charles,,,,
Wibens Küchen,shop:kitchen,"37 Frankfurter Straße, Dreieich, 63303",63303,St. Charles,,,,
Willi Fladung GmbH Honda,shop:car,"109 Frankfurter Straße, Dreieich, 63303",63303,St. Charles,,,,
Wirtshaus Leopolt,amenity:restaurant,"20 Hauptstraße, Dreieich, 63303",63303,St. Charles,+49 6103 733 44 43,,,
wohnraum – Markenmöbel & Einzelstücke,shop:furniture,"Robert-Bosch-Straße, Dreieich, 63303",63303,St. Charles,+49 6103 2008092,,https://www.w-raum.de/portfolio-view/dreieich/,
Woody's BBQ,amenity:restaurant,"1821 Zumbehl Road, 63303",63303,St. Charles,,,,
Woolworth,shop:department_store,"15 Robert-Bosch-Straße, Dreieich, 63303",63303,St. Charles,,,,
Würth Niederlassung Dreieich,office:company,"Dreieich, 63303",63303,St. Charles,+49 6103 706458 0,info@wuerth.com,https://www.wuerth.de,https://www.wuerth.de
X-Coiffeur,shop:hairdresser,"53 Frankfurter Straße, Dreieich, 63303",63303,St. Charles,,,,
XXXL Mann Mobilia,shop:furniture,"5 Voltastraße, Dreieich, 63303",63303,St. Charles,,,https://www.xxxlutz.de/,
Yang Asia Markt,shop:supermarket,"37 Frankfurter Straße, Dreieich, 63303",63303,St. Charles,+49 6103 9954088,,,
Zahnärzte Jahn und Kollegen,amenity:dentist,"54-56 Hauptstraße, Dreieich, 63303",63303,St. Charles,+49 6103 64663,dreieich@zahnarzt-jahn.de,https://zahnarzt-jahn.de/,
Zahnarztpraxis Dreieichenhain,amenity:dentist,"3b Heckenweg, Dreieich, 63303",63303,St. Charles,+49 6103 86878,info@zahnarztpraxis-dreieichenhain.de,http://zahnarztpraxis-dreieichenhain.de,
Zahnarztpraxis Florian Groß,amenity:dentist,"9 Buchschlager Allee, Dreieich, 63303",63303,St. Charles,+49 6103 960245,,,
Zug-Apotheke,amenity:pharmacy,"62 Hegelstraße, Dreieich, 63303",63303,St. Charles,+49 6103 501610,info@zug-apotheke.de,https://zug-apotheke.de/,
Zum Haag,amenity:restaurant,"1 Im Haag, Dreieich, 63303",63303,St. Charles,,,,
김원플란트치과의원,amenity:dentist,"11 화삼로, 제주시, 63303",63303,St. Charles,+82 64 726 7676,,,
드림치과의원,amenity:dentist,"19 화삼로, 제주시, 63303",63303,St. Charles,+82 64 805 8088,,,
무지개약국,amenity:pharmacy,"14 화삼로1길, 제주시, 63303",63303,St. Charles,+82 64 723 0888,,,
무지개플러스마트,shop:supermarket,"17 화삼로, 제주시, 63303",63303,St. Charles,,,,
연세수목화치과의원,amenity:dentist,"36 화삼북로, 제주시, 63303",63303,St. Charles,+82 64 723 7528,,,
355 Nails,shop:beauty,"355 Winding Woods Drive, O'Fallon, 63366",63366,O'Fallon,+1-636-385-6155,john.doe@mail.de,http://www.355nailsalon.com/introduction.html,https://www.mydomaincontact.com/?domain_name=355nailsalon.com
Advance Auto Parts,shop:car_parts,"1371 Highway K, O'Fallon, 63366",63366,O'Fallon,+1-636-379-1505,,https://stores.advanceautoparts.com/mo/o-fallon/1371-highway-k,https://shop.advanceautoparts.com/o/contact-us
ALDI,shop:supermarket,"8615 Veterans Memorial Parkway, O'Fallon, MO, 63366",63366,O'Fallon,+1 855-955-2534,,https://stores.aldi.us/mo/o-39-fallon/8615-veteran-39-s-memorial-dr,https://www.aldi.us/store/aldi/pages/about-aldi
Alliance Credit Union,amenity:bank,"1051 Highway K, O'Fallon, 63366",63366,O'Fallon,+1-636-343-7005,,https://www.creditunionsonline.com/credit-union-48-25535.html,
Animal Emergency Clinic,amenity:veterinary,"334 Fort Zumwalt Square, 63366",63366,O'Fallon,+1-636-339-4345,,https://www.stlouisanimalemergencyclinic.org/site/home,https://www.stlouisanimalemergencyclinic.org/site/contact-animal-hospital-vet
Applebee's,amenity:restaurant,"1377 Highway K, O'Fallon, 63366",63366,O'Fallon,+1-636-272-2700,,https://restaurants.applebees.com/en-us/mo/ofallon/1377-highway-k-81014,https://www.applebees.com/en/contact-us
Arby's,amenity:fast_food,"705 Highway K, O'Fallon, MO, 63366",63366,O'Fallon,+1 636-240-1004,,https://www.arbys.com/locations/us/mo/o'fallon/705-hwy-k/store-6860/,https://www.arbys.com/locations/us/mo/o'fallon/705-hwy-k/store-6860/
At Home,shop:houseware,"20 O'Fallon Square, O'Fallon, 63366",63366,O'Fallon,+1-636-385-5775,,https://www.athome.com/store-detail/?StoreID=Missouri-O%27Fallon,
Autotech Auto Center,shop:car_repair,"10 Elaine Drive, O'Fallon, 63366",63366,O'Fallon,+1-636-798-8038,mark@autotech.pro,https://autotech.pro,https://autotech.pro/Contact/Find-Us
AutoZone,shop:car_parts,"1104 Highway K, O'Fallon, 63366",63366,O'Fallon,+1-636-980-1756,,https://www.autozone.com/locations/mo/o-fallon/1104-hwy-k.html,
Baskin-Robbins,amenity:ice_cream,"512 South Main Street, O'Fallon, MO, 63366",63366,O'Fallon,+1 636-379-2039,,https://locations.baskinrobbins.com/mo/o-fallon/512-s-main,
Best Teacher Supply,shop:teacher_supplies,"123 O'Fallon Plaza, O'Fallon, 63366",63366,O'Fallon,+1-636-978-0222,bestteachersupply@gmail.com,https://www.bestteachersupply.com/,https://bestteachersupply.com/contact-us
Bill's Service Center,shop:garden_machinery,"509 Sonderen Street, O'Fallon, 63366",63366,O'Fallon,+1-636-240-1255,,https://www.billsparts.com/service.php,
BMO Harris Bank,amenity:bank,"101 Laura K Drive, O'Fallon, 63366",63366,O'Fallon,+1-636-696-7200,,https://branches.bmoharris.com/mo/o'fallon/harris2333/,
BTU Consultants,office:consulting,"1293 Pinehurst Club Court, O'Fallon, MO, 63366",63366,O'Fallon,+1-636-294-7117,lori@btu-consultants.com,https://www.btu-consultants.com/,https://www.btu-consultants.com/contactus.html
Burger King,amenity:fast_food,"609 South Main Street, O'Fallon, MO, 63366",63366,O'Fallon,+1 636-980-1216,,https://locations.bk.com/mo/o-fallon/609-s-main-st.html,https://locations.bk.com/mo/o-fallon/609-s-main-st.html
Carpet Creations,shop:carpet,"305 South Main Street, O'Fallon, 63366",63366,O'Fallon,+1-636-272-5400,sales@carpetcreationsstl.com,https://carpetcreationsstl.com/,https://carpetcreationsstl.com/contact
Castellan Pro Wash,craft:cleaning,"3408 East Terra Lane, O'Fallon, MO, 63366",63366,O'Fallon,+1-636-220-5150,info@castellanprowash.com,https://castellanprowash.com/,
Catherines,shop:clothes,"2221 Highway K, O'Fallon, 63366",63366,O'Fallon,+1 636-614-3505,,https://stores.catherines.com/mo/ofallon/plus-size-clothing-ofallon-mo-5427.html,
Central Bank,amenity:bank,"321 South Main Street, O'Fallon, 63366",63366,O'Fallon,+1-636-474-2170,,https://www.centralbank.net/locations/ofallon/321-south-main-street/,
China Buffet & Grill,amenity:restaurant,"373 Winding Woods Drive, O'Fallon, 63366",63366,O'Fallon,+1-636-272-7888,,https://www.chinabuffetofallon.com/,https://www.chinabuffetofallon.com/
Chipotle,amenity:fast_food,"112 Laura K Drive, O'Fallon, MO, 63366",63366,O'Fallon,+1 636-240-7276,mo.0920.ofallon@chipotle.com,https://locations.chipotle.com/mo/o-fallon/112-laura-k-dr,https://chipotle.com/rewards
Circle K,shop:convenience,"602 North Main Street, O'Fallon, 63366",63366,O'Fallon,+1 636-272-2633,,,
Circle K,shop:convenience,"2035 Highway K, O'Fallon, 63366",63366,O'Fallon,,,,
City of O'Fallon Justice Center,office:government,"1019 Bryan Road, O’Fallon, MO, 63366",63366,O'Fallon,,,,
Club Fitness,leisure:fitness_centre,"225 O'Fallon Plaza, O'Fallon, 63366",63366,O'Fallon,+1-636-281-2582,,https://www.clubfitness.us/location/ofallon-north/,
Commerce Bank,amenity:bank,"101 East Elm Street, O'Fallon, 63366",63366,O'Fallon,,,,
Crown Vision Center,shop:optician,"361 Winding Woods Drive, O'Fallon, 63366",63366,O'Fallon,+1-636-281-5367,,https://crownvisioncenter.com/ofallon-mo,
Culver's,amenity:fast_food,"8500 Mexico Road, O'Fallon, MO, 63366",63366,O'Fallon,+1 636-281-1425,,https://www.culvers.com/restaurants/ofallon-mo-mexico-rd,
CVS Pharmacy,amenity:pharmacy,"801;815 Highway K, O'Fallon, 63366",63366,O'Fallon,+1-636-281-1456,,https://www.cvs.com/store-locator/o-fallon-mo-pharmacies/801-highway-k-o-fallon-mo-63366/storeid=10134,https://www.cvs.com/minuteclinic/info/contact
CVS Pharmacy,shop:chemist,"1580 Bryan Road, O'Fallon, 63366",63366,O'Fallon,,,https://www.cvs.com/store-locator/o-fallon-mo-pharmacies/1580-bryan-rd-o-fallon-mo-63366/storeid=10546,https://www.cvs.com/minuteclinic/info/contact
Dance Supply Etc,shop:dance,"133 O'Fallon Plaza, O'Fallon, 63366",63366,O'Fallon,+1-636-978-9432,,,
Dirt Cheap,shop:alcohol,"102 McDonald Lane, O'Fallon, 63366",63366,O'Fallon,,,,
Dollar General,shop:variety_store,"219 O'Fallon Plaza, O'Fallon, 63366",63366,O'Fallon,+1-636-272-5900,,https://www.dollargeneral.com/store-directory/mo/ofallon/1233,
Dollar Tree,shop:variety_store,"1630 Highway K, O'Fallon, 63366",63366,O'Fallon,+1-636-281-8118,,https://www.dollartree.com/locations/mo/o-fallon/906/,
Domino's,amenity:fast_food,"8760 Veterans Memorial Parkway, O'Fallon, MO, 63366",63366,O'Fallon,+1 636-281-3030,olocustomercare@dominos.com,https://www.dominos.com/en/pages/order/#!/locations/search/?c=63366&s=&locationName=&type=Carryout,https://www.dominos.com/en/about-pizza/
Don Emiliano's Restaurante Mexicano,amenity:restaurant,"8600 Veterans Memorial Parkway, O'Fallon, 63366",63366,O'Fallon,+1-636-294-9255,,https://donemilianos.com/,https://donemilianos.com/
Dos Primos,amenity:restaurant,"624 North Main Street, O'Fallon, MO, 63366",63366,O'Fallon,+1 636-978-0130,mayitoparra74@icloud.com,https://www.dosprimosmexicanrestaurant.net,
DQ Grill & Chill,amenity:fast_food,"817 North Main Street, O'Fallon, MO, 63366",63366,O'Fallon,+1 636-240-2194,,https://www.dairyqueen.com/us-en/locator/Detail/?localechange=1&store-id=11253&,
DQ Grill & Chill,amenity:fast_food,"9695 Veterans Memorial Parkway, O'Fallon, MO, 63366",63366,O'Fallon,+1 636-978-8972,,https://www.dairyqueen.com/locations/mo/o-fallon/9695-veterans-memorial-pkwy/11251,
Dunkin',amenity:fast_food,"1220 Highway K, O'Fallon, MO, 63366",63366,O'Fallon,+1 636-385-6688,development_sites@dunkinbrands.com,https://locations.dunkindonuts.com/en/mo/o-fallon/1220-highway-k/351820,https://www.dunkindonuts.com/en/about/contact-us/faqs
Edible Arrangements,shop:gift,"1308 Highway K, O'Fallon, 63366",63366,O'Fallon,,,https://www.ediblearrangements.com/stores/1308-highway-k-o-fallon-mo-63366,https://www.ediblearrangements.com/stores/1308-highway-k-o-fallon-mo-63366
Edward Jones,office:financial_advisor,"616 North Main Street, O'Fallon, MO, 63366",63366,O'Fallon,+1 636-240-3583,david.marsek@edwardjones.com,https://www.edwardjones.com/us-en/financial-advisor/david-marsek,https://www.edwardjones.com/us-en/financial-advisor/david-marsek#fa-contact-form
Elderberry Place,shop:vintage,"207 O'Fallon Plaza, O'Fallon, 63366",63366,O'Fallon,+1-636-385-6700,,https://elderberryplace.com/,https://elderberryplace.com/pages/contact
Enterprise,amenity:car_rental,"1491 Mexico Loop Road East, O'Fallon, 63366",63366,O'Fallon,+1-636-240-8886,,,
Ethyl's Smokehouse,amenity:restaurant,"8505 Veterans Memorial Parkway, O'Fallon, MO, 63366",63366,O'Fallon,+1 636-978-7755,,https://ethylssmokehouse.com,https://ethylssmokehouse.com
Excel Performing Arts,leisure:dance,"144 O'Fallon Plaza, O'Fallon, 63366",63366,O'Fallon,+1-636-978-4444,info@excelperformingarts.com,https://www.excelperformingarts.com/,https://www.excelperformingarts.com/
Fantastic Sams,shop:hairdresser,"36 O'Fallon Square, O'Fallon, 63366",63366,O'Fallon,+1-636-240-8047,,https://www.fantasticsams.com/about/regions/st-louis-mo/fantastic-sams-ofallon-mo-0,
Faszold Heating & Cooling,craft:hvac,"1613 East Terra Lane, O'Fallon, 63366",63366,O'Fallon,+1-636-397-1237,,https://www.faszold.com/,https://www.faszold.com/contact/
Fazoli's,amenity:fast_food,"1108 Highway K, O'Fallon, 63366",63366,O'Fallon,+1-636-240-7442,email@email.com,https://locations.fazolis.com/mo/o-fallon/1108-state-highway-k.html,https://legbrands.wpengine.com/contact-us/
FedEx Office,shop:copyshop,"1312 Highway K, O'Fallon, 63366",63366,O'Fallon,+1-636-379-3700,,https://local.fedex.com/mo/ofallon/office-1032/,
Firehouse Subs,amenity:fast_food,"104 Laura K Drive, O'Fallon, 63366",63366,O'Fallon,+1-636-272-5877,,https://www.firehousesubs.com/,https://www.firehousesubs.com/
Firestone,shop:car_repair,"504 South Main Street, O'Fallon, 63366",63366,O'Fallon,+1-636-614-2035,019402@bfrc.com,https://local.firestonecompleteautocare.com/missouri/o-fallon/504-s-main-st/,https://local.firestonecompleteautocare.com/contact/
Five Below,shop:variety_store,"2209 Highway K, O'Fallon, 63366",63366,O'Fallon,+1 636-281-0614,,https://locations.fivebelow.com/mo/o-fallon/2209-highway-k,https://www.fivebelow.com/info/company
Fresh Thyme,shop:supermarket,"2235 Highway K, O'Fallon, 63366",63366,O'Fallon,+1 636-385-7033,,https://freshthyme.com/weekly-ads/?ID=112,
Frontier Car Wash,amenity:car_wash,"160 Frontier Park Drive, O'Fallon, 63366",63366,O'Fallon,,,,
Global Green Insurance Agency,office:insurance,"995 Cool Springs Industrial Drive, O'Fallon, 63366",63366,O'Fallon,+1-636-379-8740,,http://goglobalgreen.com,
Golden Corral,amenity:restaurant,"1301 Bramblett Road, O'Fallon, 63366",63366,O'Fallon,+1-636-980-1666,,https://www.goldencorral.com/locations/2624/golden-corral-bramblett-road/,https://www.goldencorral.com/contact/
Golf Headquarters,leisure:sports_centre,"3465 Highway K, O'Fallon, 63366",63366,O'Fallon,+1 636 240 0458,stlgolfplex@hotmail.com,https://www.golf-headquarters.com/golf-headquarters/,https://www.golf-headquarters.com/contact-us/event-request/
Good News Brewing Company & Wood Fired Pizza,amenity:pub,"330 Sonderen Street, O'Fallon, 63366",63366,O'Fallon,+1-636-294-6593,,https://www.goodnewsbrewing.com/,https://www.goodnewsbrewing.com/
Goodwill,shop:charity,"1210 Highway K, O'Fallon, 63366",63366,O'Fallon,+1-636-294-9526,,,
Gordmans,shop:department_store,"2259 Highway K, O'Fallon, 63366",63366,O'Fallon,+1 636-240-3800,,https://stores.gordmans.com/mo-ofallon-6063,
Grace's Merry-Go-Round,shop:consignment,"130 O'Fallon Plaza, O'Fallon, 63366",63366,O'Fallon,+1-636-281-4555,,https://www.gracesmerrygoround.com/,https://www.gracesmerrygoround.com/contact-us.html
Great Clips,shop:hairdresser,"8642 Veterans Memorial Parkway, O'Fallon, 63366",63366,O'Fallon,+1-636-240-9935,,,
Gulliver's Travel,shop:travel_agency,"305 Sonderen Street, O'Fallon, 63366",63366,O'Fallon,+1-636-379-2700,info@atripforyou.com,http://atripforyou.com/,http://atripforyou.com/
Highlander Center Coin Laundry,shop:laundry,"328 Sonderen Street, O'Fallon, 63366",63366,O'Fallon,+1-636-272-2010,laundry@kylaundry.com,https://www.ktlaundry.com/location,https://ktlaundry.com/contact-us/
Hobby Lobby,shop:craft,"1640 Highway K, O'Fallon, 63366",63366,O'Fallon,+1-636-474-1540,,https://www.hobbylobby.com/store/690?lat=38.8106075&long=-90.69984769999996,
Holly's North Side Salon,shop:hairdresser,"148 O'Fallon Plaza, O'Fallon, 63366",63366,O'Fallon,+1-636-272-3007,,,
Hut no. 8,shop:clothes,"331 Winding Woods Drive, O'Fallon, 63366",63366,O'Fallon,,,,
Ichiro Ramen Bowl,amenity:restaurant,"1365 Highway K, O'Fallon, 63366",63366,O'Fallon,,,,
IHOP,amenity:restaurant,"1912 Highway K, O'Fallon, 63366",63366,O'Fallon,+1-636-281-4467,,https://www.ihop.com/en/restaurants-o-fallon-mo/1912-highway-k-5317,
Imo's Pizza,amenity:fast_food,"625 North Main Street, O'Fallon, MO, 63366",63366,O'Fallon,+1-636-272-4667,,https://www.imospizza.com/location/restaurant/o'fallon-2-mo,https://www.imospizza.com/contact-corporate/
Jack in the Box,amenity:fast_food,"415 South Main Street, O'Fallon, MO, 63366",63366,O'Fallon,+1 636-240-7510,,https://locations.jackinthebox.com/us/mo/o-fallon/415-s-main-st,https://jackinthebox.com/contact
Jack in the Box,amenity:fast_food,"910 Bryan Road, O'Fallon, MO, 63366",63366,O'Fallon,+1 636-272-7242,,https://locations.jackinthebox.com/us/mo/o-fallon/910-bryan-rd,https://jackinthebox.com/contact
Jiffy Lube,shop:car_repair,"518 South Main Street, O'Fallon, 63366",63366,O'Fallon,+1-636-240-5252,,,
Jim Schilkoski - State Farm Insurance,office:insurance,"100 East Pitman Street, O'Fallon, 63366",63366,O'Fallon,+1-636-978-4800,,https://www.statefarm.com/agent/US/MO/O-fallon/Jim-Schilkoski-8H5Z31YS000,https://www.statefarm.com/lead/contact#agentAssociateID=8H5Z31YS000&event=sfmicrosites
Jimmy John's,amenity:fast_food,"1264 Highway K, O'Fallon, MO, 63366",63366,O'Fallon,+1 636-240-4493,,https://locations.jimmyjohns.com/mo/ofallon/sandwiches-2332.html,https://www.jimmyjohns.com/contact-us/feedback
Jimmy Johns,amenity:fast_food,"2189 West Terra Lane, O'Fallon, MO, 63366",63366,O'Fallon,+1 636-856-8577,,https://locations.jimmyjohns.com/mo/ofallon/sandwiches-4110.html,https://www.jimmyjohns.com/contact-us/feedback
Justice,shop:clothes,"2225 Highway K, O'Fallon, 63366",63366,O'Fallon,+1 636-272-0840,,https://stores.shopjustice.com/mo/ofallon/girls-clothing-store-ofallon-mo-673.html,
KFC,amenity:fast_food,"8716 Veterans Memorial Parkway, O'Fallon, MO, 63366",63366,O'Fallon,,,https://locations.kfc.com/mo/o'fallon/8716-veterans-memorial-parkway,https://www.kfc.com/contact
Kirkland's,shop:furniture,"2215 Highway K, O'Fallon, 63366",63366,O'Fallon,+1 636-240-7281,,http://www.kirklands.com,
KT Laundry,shop:laundry,"127 O'Fallon Plaza, O'Fallon, 63366",63366,O'Fallon,+1-636-272-0185,laundry@kylaundry.com,https://www.ktlaundry.com/location,https://ktlaundry.com/contact-us/
La Carreta Mexican Grocery,shop:grocery,"316 O'Fallon Plaza, O'Fallon, 63366",63366,O'Fallon,+1-636-980-9943,,,
La-Z-Boy,shop:furniture,"1690 Highway K, O'Fallon, 63366",63366,O'Fallon,+1-636-379-3945,,https://www.la-z-boy.com/Saint-Louis/Meagan-Avenue/,
Lady Jane's Haircuts for Men,shop:hairdresser,"2023 Highway K, O'Fallon, 63366",63366,O'Fallon,+1 636-669-4166,,https://www.ladyjanes.com,https://www.ladyjanes.com/contact
Liberty Tax,office:tax_advisor,"2017 Highway K, O'Fallon, 63366",63366,O'Fallon,+1 636-489-3925,office14745@libertytax.com,https://www.libertytax.com/income-tax-preparation-locations/14745.html,https://www.libertytax.com/contact-us
Lion's Choice,amenity:fast_food,"8710 Veterans Memorial Parkway, O'Fallon, 63366",63366,O'Fallon,+1-636-978-6118,,,
Little Arrow Furnishment,shop:furniture,"145 O'Fallon Plaza, O'Fallon, 63366",63366,O'Fallon,+1-636-409-1220,,https://www.littlearrowfurnishment.com/,
Little Cesars,amenity:fast_food,"850 Bryan Road, O'Fallon, 63366",63366,O'Fallon,,,,
Made Today Cafe and Bakery,amenity:cafe,"107 O'Fallon Plaza, O'Fallon, 63366",63366,O'Fallon,+1-636-294-3949,,https://madetodaycafeandbakery.dnt.gxr.mybluehost.me/,
Mattress Firm,shop:bed,"313 Winding Woods Drive, O'Fallon, 63366",63366,O'Fallon,+1 636-272-3547,,,
Mattress Firm,shop:bed,"2111 Highway K, O'Fallon, MO, 63366",63366,O'Fallon,+1 636-978-0352,,https://www.mattressfirm.com/stores/mo/ofallon/,
McAlister's Deli,amenity:restaurant,"8670 Veterans Memorial Parkway, O'Fallon, 63366",63366,O'Fallon,+1-636-542-8200,,https://www.mcalistersdeli.com/,https://www.mcalistersdeli.com/
McDonald's,amenity:fast_food,"2144 West Terra Lane, O'Fallon, MO, 63366",63366,O'Fallon,+1 636-332-2276,,https://www.mcdonalds.com/us/en-us/location/31386.html,https://www.mcdonalds.com/us/en-us/contact-us.html
McDonald's,amenity:fast_food,"1001 North Main Street, O'Fallon, MO, 63366",63366,O'Fallon,+1 636-978-3649,,https://www.mcdonalds.com/us/en-us/location/19987.html,https://www.mcdonalds.com/us/en-us/contact-us.html
McDonald's,amenity:fast_food,"101 McDonald Lane, O'Fallon, MO, 63366",63366,O'Fallon,+1 636-240-8600,,https://www.mcdonalds.com/us/en-us/location/4840.html,https://www.mcdonalds.com/us/en-us/contact-us.html
McGurk's Public House,amenity:pub,"108 South Main Street, O'Fallon, 63366",63366,O'Fallon,+1-636-978-9640,,,
Meineke,shop:car_repair,"715 Highway K, O'Fallon, 63366",63366,O'Fallon,+1-636-614-4545,darylstillman@yahoo.com,https://www.meineke.com/locations/mo/o-fallon-469/,https://www.meineke.com/about/meineke-credit-card/
Mezon Street Tacos,amenity:fast_food,"204 Veterans Memorial Parkway, 63366",63366,O'Fallon,+1-636-233-3753,,,
Midas,shop:car_repair,"703 Highway K, O'Fallon, 63366",63366,O'Fallon,+1-636-439-5034,,https://www.midas.com/stlouis/store.aspx?shopnum=2336&dmanum=760,https://www.midas.com/about-midas/contact-us
Mobil,amenity:fuel,"1325 North Main Street, O'Fallon, MO, 63366",63366,O'Fallon,,,,
Monical's Pizza,amenity:restaurant,"1224 Highway K, O'Fallon, 63366",63366,O'Fallon,+1-636-980-1212,,,
Mushrooms Naturally,shop:farm,"1417 Hoff Industrial Drive, O'Fallon, MO, 63366",63366,O'Fallon,+1 636-294-5248,mushroomsnaturally@gmail.com,https://www.mushroomsnaturallystl.com/,
Nails on Main,shop:beauty,"612 North Main Street, O'Fallon, MO, 63366",63366,O'Fallon,+1 636-272-5959,,,
Nancy's Pizzeria,amenity:restaurant,"2007 Highway K, O'Fallon, 63366",63366,O'Fallon,+1 636-272-2223,comments@nancyspizza.com,https://www.nancyspizza.com/,https://nancyspizza.com/contact-us/
Nesco Resource,office:employment_agency,"2013 Highway K, O'Fallon, 63366",63366,O'Fallon,+1 636-385-6556,,,
New China,amenity:restaurant,"620 North Main Street, O'Fallon, MO, 63366",63366,O'Fallon,+1 636-281-0388,jisongzheng@yahoo.com,https://www.newchinaofallon.com/,https://www.newchinaofallon.com/
O'Fallon Bowl,leisure:bowling_alley,"420 Sonderen Street, O'Fallon, 63366",63366,O'Fallon,+1-636-272-4393,,https://www.ofallonbowl.com/home.html,
O'Fallon Fire Protection District Administration,office:government,"111 Laura K Drive, O'Fallon, 63366",63366,O'Fallon,,,,
O'Fallon Garage,shop:car_repair,"203 South Main Street, O'Fallon, 63366",63366,O'Fallon,+1-636-272-3232,,https://www.autorepairofallonmo.com/,
O'Fallon Printing,shop:copyshop,"214 South Main Street, O'Fallon, 63366",63366,O'Fallon,+1-636-379-8300,ted@ofallonprinting.com,http://ofallonprinting.com/,http://ofallonprinting.com/
O'Fallon U Store It,shop:storage_rental,"224 South Main Street, O'Fallon, 63366",63366,O'Fallon,+1-636-240-5400,,http://ofallonustoreit.com/,
O'Reilly Auto Parts,shop:car_parts,"513 South Main Street, O'Fallon, 63366",63366,O'Fallon,+1-636-978-1330,,https://locations.oreillyauto.com/mo/ofallon/autoparts-2003.html,https://www.oreillyauto.com/contact-us
Oberweis,shop:dairy,"1816 Highway K, O'Fallon, MO, 63366",63366,O'Fallon,+1 636 362 4770,,https://www.oberweis.com/ice-cream-and-dairy-stores/OFallon,
Ocean Nails & Spa,shop:beauty,"1316 Highway K, O'Fallon, 63366",63366,O'Fallon,+1-636-294-5600,,,
OfficeMax,shop:stationery,"1349 Highway K, O'Fallon, 63366",63366,O'Fallon,+1-636-272-5753,,https://www.officedepot.com/storelocator/mo/o-fallon/officemax-6627/,https://www.officedepot.com/l/print-and-copy/same-day-printing?promo_name=store_page&promo_id=text&promo_creative=sameday_printing
On the Run,shop:convenience,"1325 North Main Street, O'Fallon, MO, 63366",63366,O'Fallon,,,,
Panera Bread,amenity:fast_food,"1300 Highway K, O'Fallon, MO, 63366",63366,O'Fallon,+1 636-379-0905,,https://locations.panerabread.com/mo/o-fallon/1300-highway-k.html,https://locations.panerabread.com/en-us/company/about-panera.html
Pantera's Pizza,amenity:restaurant,"22 O'Fallon Square, O'Fallon, MO, 63366",63366,O'Fallon,+1-636-272-7600,,https://panterasofallon.com/,https://panterasofallon.com/about-us/
Papa John's,amenity:fast_food,"929 Highway K, O'Fallon, 63366",63366,O'Fallon,+1-636-281-2020,,https://locations.papajohns.com/united-states/mo/63366/o-fallon/929-highway-k,https://locations.papajohns.com/united-states/mo/63366/o-fallon/929-highway-k
Paradise Massage,shop:massage,"2021 Highway K, O'Fallon, 63366",63366,O'Fallon,+1 636-385-6633,,,
Penalty Box,amenity:bar,"603 North Main Street, O'Fallon, 63366",63366,O'Fallon,+1 636-294-5874,,,
Penn Station East Coast Subs,amenity:fast_food,"337 Winding Woods Drive, O'Fallon, 63366",63366,O'Fallon,+1-636-474-0800,,,
Petro-Mart,shop:convenience,"2140 West Terra Lane, Lake Saint Louis, 63366",63366,O'Fallon,,,,
PetroMart,shop:convenience,"914 Bryan Road, O'Fallon, 63366",63366,O'Fallon,,,https://www.phillips66gas.com/station/P66-PETROMART-17-0000827359,
Phillips 66,amenity:fuel,"914 Bryan Road, O'Fallon, 63366",63366,O'Fallon,,,https://www.phillips66gas.com/station/P66-PETROMART-17-0000827359,
Pizza Hut,amenity:restaurant,"38 O'Fallon Square, O'Fallon, MO, 63366",63366,O'Fallon,+1 636-272-7234,,https://locations.pizzahut.com/mo/o'fallon/38-o'fallon-square,
Pizza Hut,amenity:restaurant,"2187 West Terra Lane, O'Fallon, MO, 63366",63366,O'Fallon,+1 636-542-5321,,https://locations.pizzahut.com/mo/o'fallon/2187-w-terra-ln,
Plaza Barber Shop,shop:hairdresser,"139 O'Fallon Plaza, O'Fallon, 63366",63366,O'Fallon,+1-636-272-1577,,http://ofallonbarber.com/,
Plaza Tire Service,shop:car_repair,"1000 North Main Street, O'Fallon, 63366",63366,O'Fallon,+1 636-281-0560,pts63@plazatireservice.com,,
PNC Bank,amenity:bank,"1400 Mexico Loop Road East, O'Fallon, 63366",63366,O'Fallon,+1-636-272-2449,,https://www.usbanklocations.com/pnc-bank-hwy-k-and-mexico-branch.html,https://www.usbanklocations.com/contact-us.php
Pool King,shop:swimming_pool,"389 McDonald Lane, O'Fallon, 63366",63366,O'Fallon,+1-636-240-5649,sample@gmail.com,https://www.poolkingrec.com/,https://www.poolkingrec.com/contact.html
Posh Vapor,shop:e-cigarette,"622 North Main Street, O'Fallon, MO, 63366",63366,O'Fallon,+1 636-294-9161,,,
Potbelly,amenity:fast_food,"2027 Highway K, O'Fallon, 63366",63366,O'Fallon,+1 636-294-9617,,https://www.potbelly.com/stores/23298/st-louis-o-fallon,
Qdoba,amenity:fast_food,"1290 Highway K, O'Fallon, MO, 63366",63366,O'Fallon,+1 636-272-0428,,https://locations.qdoba.com/us/mo/o--fallon/1290-state-hwy-k.html,
QuikTrip,shop:convenience,"801 Belleau Creek Road, O'Fallon, 63366",63366,O'Fallon,+1 636-978-7973,,https://www.quiktrip.com/,https://www.quiktrip.com/contact-us
QuikTrip,shop:convenience,"8601 Mexico Road, O'Fallon, 63366",63366,O'Fallon,+1 636-240-8341,,https://www.quiktrip.com/,https://www.quiktrip.com/contact-us
Rally's,amenity:fast_food,"506 South Main Street, O'Fallon, 63366",63366,O'Fallon,+1-636-978-8968,,https://checkersandrallys.com/location/rally-s-8143-south-main-172231,
Randy's Jewelry,shop:jewelry,"309 South Main Street, O'Fallon, 63366",63366,O'Fallon,+1-636-978-1953,,https://www.randys-jewelry.com/about/,https://www.randys-jewelry.com/contact/
Range USA,leisure:sports_centre,"9100 Veterans Memorial Parkway, O'Fallon, MO, 63366",63366,O'Fallon,+1-636-439-2010,,http://rangeusa.com/location-ofallon,http://rangeusa.com/contact-support
Red Robin,amenity:restaurant,"1440 Mexico Loop Road East, O'Fallon, 63366",63366,O'Fallon,+1-636-281-0383,,https://www.hours-locations.com/red-robin/mo/ofallon/1440-mexico-loop-road-east/,
Regions Bank,amenity:bank,"1201 Highway K, O'Fallon, 63366",63366,O'Fallon,+1-800-734-4667,,https://www.usbanklocations.com/regions-bank-ofallon-mo-branch.html,https://www.usbanklocations.com/contact-us.php
Rendezvous Cafe & Wine Bar,amenity:cafe,"217 South Main Street, O'Fallon, 63366",63366,O'Fallon,+1-636-281-2233,,https://www.rendezvouscafeandwinebar.com/,
Revolution Mattress,shop:bed,"218 South Main Street, O'Fallon, 63366",63366,O'Fallon,+1-636-577-4488,,https://www.revolutionmattress.net/#!,https://www.revolutionmattress.net/pages/contact
Ross,shop:department_store,"2241 Highway K, O'Fallon, MO, 63366",63366,O'Fallon,+1 636-272-6013,,https://www.rossstores.com/,https://www.rossstores.com/contact-us/
Sally Beauty,shop:hairdresser_supply,"1303 Highway K, O'Fallon, 63366",63366,O'Fallon,+1-636-272-3646,,,
Sandy Kessler - State Farm Insurance,office:insurance,"1293 Bryan Road, O'Fallon, MO, 63366",63366,O'Fallon,,,,
Shoe Carnival,shop:shoes,"1325 Highway K, O'Fallon, 63366",63366,O'Fallon,+1-636-240-5810,customerservice@shoecarnival.com,https://stores.shoecarnival.com/mo/ofallon/shoe-store-ofallon-mo-333.html,https://www.shoecarnival.com/contactus
Smoothie King,amenity:fast_food,"1314 Highway K, O'Fallon, 63366",63366,O'Fallon,+1-636-294-7849,,https://locations.smoothieking.com/ll/US/MO/O'Fallon/1314-Highway-K,https://www.contactus.smoothiekingfeedback.com/
Sonic,amenity:fast_food,"312 South Main Street, O'fallon, MO, 63366",63366,O'Fallon,+1 636-272-1838,,https://locations.sonicdrivein.com/mo/ofallon/312-s.-main-street.html,
Southwestern Hearing Center,shop:hearing_aids,"1316 Highway K, O'Fallon, 63366",63366,O'Fallon,+1-636-272-2424,info@southwesternhearing.com,https://www.southwesternhearing.com/locations/ofallon-missouri/,https://www.southwesternhearing.com/about/contact-us/
Spectrum,shop:telecommunication,"8628 Mexico Road, O'Fallon, 63366",63366,O'Fallon,+1-866-874-2389,,https://www.spectrum.com/locations/mo/o'fallon/8628-mexico-road,https://www.spectrum.com/locations/mo/o'fallon/8628-mexico-road#contact
Sportsprint,shop:clothes,"211 South Main Street, O'Fallon, 63366",63366,O'Fallon,+1-636-240-5000,salesteam@sportsprint.com,http://sportsprint.com/index.html,http://sportsprint.com/contact.html
Stefanina's Pizzeria & Restaurant,amenity:restaurant,"8645 Veterans Memorial Parkway, O'Fallon, 63366",63366,O'Fallon,+1-636-272-3499,,https://stefspizza.com/locations---menus.html,
STL Sun Tan & Spa,shop:beauty,"618 North Main Street, O'Fallon, MO, 63366",63366,O'Fallon,+1 636-474-8267,,https://stlsuntan.com,https://stlsuntan.com/contact-info/
Studio 1 Salon & Spa,shop:beauty,"2319 Highway K, O'Fallon, 63366",63366,O'Fallon,+1 636-240-6918,info@studio1hd.com,https://www.studio1salonofallon.com/,https://www.studio1salonofallon.com/about/
Subway,amenity:fast_food,"619 North Main Street, O'Fallon, MO, 63366",63366,O'Fallon,+1 636-281-2810,,https://restaurants.subway.com/united-states/mo/o'fallon/619-n-main,https://www.subway.com/en-US/ContactUs/GuestCare
Subway,amenity:fast_food,"37 O'Fallon Square, O'Fallon, MO, 63366",63366,O'Fallon,+1 636-281-8763,,https://restaurants.subway.com/united-states/mo/o'fallon/37-o'fallon-square-shopping-center,https://www.subway.com/en-US/ContactUs/GuestCare
Sunshine Daydream,shop:e-cigarette,"1215 Highway K, O'Fallon, 63366",63366,O'Fallon,+1-636-946-6637,,,
Supercuts,shop:hairdresser,"1306 Highway K, O'Fallon, 63366",63366,O'Fallon,+1-636-379-0670,,https://www.supercuts.com/locations/mo/ofallon/ofallon-center-haircuts-82220.html,https://www.supercuts.com/locations/mo/ofallon/ofallon-center-haircuts-82220.html
Taco Bell,amenity:fast_food,"603 South Main Street, O'Fallon, MO, 63366",63366,O'Fallon,+1 636-240-1288,,https://locations.tacobell.com/mo/ofallon/603-s-main-st.html,https://locations.tacobell.com/mo/ofallon/603-s-main-st/breakfast.html
The Bedroom Store,shop:bed,"1301 Highway K, O'Fallon, 63366",63366,O'Fallon,+1-636-542-9997,info@thebedroomstore.com,https://thebedroomstore.com/,https://thebedroomstore.com/pages/contact
The Home Depot,shop:doityourself,"1525 Highway K, O'Fallon, MO, 63366",63366,O'Fallon,+1 636-281-9535,,https://www.homedepot.com/l/o-fallon/mo/o-fallon/63366/3015,
The Loan Machine,shop:money_lender,"719 Highway K, O'Fallon, 63366",63366,O'Fallon,+1-636-379-2282,,,
The Mad Hatter,craft:chimney_sweeper;hvac,"1109 East Terra Lane, O'Fallon, 63366",63366,O'Fallon,+1 636-946-1622,,https://madhattersl.com/,
TitleMax,shop:money_lender,"1330 Highway K, O'Fallon, 63366",63366,O'Fallon,+1-636-240-9733,customerservice@alerts.titlemax.com,https://www.titlemax.com/store/ofallon-mo-title-loans/,https://www.titlemax.com/contact-us/
TitleMax,shop:money_lender,"503 South Main Street, O'Fallon, 63366",63366,O'Fallon,+1-636-542-9400,customerservice@alerts.titlemax.com,https://www.titlemax.com/store/ofallon-mo-2-title-loans/,https://www.titlemax.com/contact-us/
Tuesday Morning,shop:houseware,"1600 Highway K, O'Fallon, 63366",63366,O'Fallon,+1-636-590-6522,,https://www.tuesdaymorning.com/stores/mo/o-fallon/1600-state-highway-k.html,
Twin Oaks Family Dental,amenity:dentist,"1133 Bryan Road, O'Fallon, MO, 63366",63366,O'Fallon,+1-636-978-6400,doctor@twinoaksfamilydental.com,https://www.twinoaksfamilydental.com/,
Two Shamrocks,amenity:restaurant,"Pheasant Meadow Drive, O'Fallon, MO, 63366",63366,O'Fallon,,,,
U-Haul,shop:rental,"509 Sonderen Street, O'Fallon, 63366",63366,O'Fallon,+1-636-614-2098,,https://www.billsparts.com/,
U-Haul Moving & Storage,shop:storage_rental,"2000 Highway K, O'Fallon, 63366",63366,O'Fallon,+1-636-980-9111,info@amercorealestate.com,https://www.uhaul.com/Locations/Truck-Rentals-near-O_fallon-MO-63366/875054/,https://www.uhaul.com/Contact/
U.S. Bank,amenity:bank,"1 O'Fallon Square, O'Fallon, 63366",63366,O'Fallon,+1-636-978-5391,,,
Valvoline,shop:car_repair,"2101 Highway K, O'Fallon, 63366",63366,O'Fallon,+1 636-978-9972,formsubmission@vioc.com,https://store.vioc.com/mo/ofallon/oil-change-050094.html,https://www.vioc.com/contact-us/
Verizon,shop:mobile_phone,"1318 Highway K, O'Fallon, 63366",63366,O'Fallon,+1-636-272-4830,,,
Walgreens,amenity:pharmacy,"1490 Mexico Loop Road East, O'Fallon, 63366",63366,O'Fallon,+1-636-798-1602,,,
Wall 2 Wall Home Cleaning,craft:cleaning,"3412 East Terra Lane, O'Fallon, MO, 63366",63366,O'Fallon,+1-636-220-5181,inside@wall2wallcleaningservices.com,https://wall2wallhomecleaning.com/,
Walmart Supercenter,shop:supermarket,"1307 Highway K, O Fallon, MO, 63366",63366,O'Fallon,+1 636-980-3700,,https://www.walmart.com/store/2616-o-fallon-mo,https://www.walmart.com/store/2616-o-fallon-mo
Wendy's,amenity:fast_food,"9701 Veterans Memorial Parkway, O'Fallon, MO, 63366",63366,O'Fallon,+1 636-272-5230,,https://locations.wendys.com/united-states/mo/o'fallon/9701-veterans-memorial-parkway,https://www.wendys.com/contact-us
Wendy's,amenity:fast_food,"1420 Mexico Loop Road East, O'Fallon, MO, 63366",63366,O'Fallon,+1 636-281-0423,,https://locations.wendys.com/united-states/mo/o'fallon/1390-mexico-loop-rd-e,https://www.wendys.com/contact-us
Western Lawn Equipment,shop:outdoor_power_equipment,"226 South Main Street, O'Fallon, 63366",63366,O'Fallon,+1-636-272-3275,,http://www.westernlawnequipment.com/home.html,
ALDI,shop:supermarket,"464 Hawk Ridge Trail, Lake Saint Louis;Lake St. Louis, MO, 63367",63367,Lake St. Louis,+1 855-955-2534,,https://stores.aldi.us/mo/lake-st.-louis/464-hawk-ridge-trail,https://www.aldi.us/store/aldi/pages/about-aldi
Burnt Barrel,craft:brewery,"730 Lakeside Plaza, Lake Saint Louis, MO, 63367",63367,Lake St. Louis,+1-636-294-2886,nathan@burntbarreldesigns.com,https://www.burntbarrelmead.com,https://burntbarrelmeadery.square.site/contact-us
Chase,amenity:bank,"8298 Old Route N, Lake Saint Louis, MO, 63367",63367,Lake St. Louis,,,,
Chick-fil-A,amenity:fast_food,"6200 Ronald Reagan Drive, Lake Saint Louis, 63367",63367,Lake St. Louis,,,,
Chick-fil-A,amenity:fast_food,"8280 Old Route N, O'Fallon, MO, 63367",63367,Lake St. Louis,+1-636-489-1201,,,
Circle K,amenity:car_wash,"1001 Lake Saint Louis Boulevard, Lake Saint Louis, MO, 63367",63367,Lake St. Louis,,,,
Dierbergs,shop:supermarket,"6450 Ronald Reagan Dr, Lake Saint Louis, MO, 63367",63367,Lake St. Louis,,,https://www.dierbergs.com/store-locations/lake-saint-louis,https://www.dierbergs.com/store-locations/lake-saint-louis
Discount Tire,shop:tyres,"1015 Southern Ridge Lane, Lake Saint Louis, MO, 63367",63367,Lake St. Louis,,,,
Freddy's,amenity:fast_food,"1021 Southern Ridge Lane, Lake Saint Louis, MO, 63367",63367,Lake St. Louis,,,,
Great Wall,amenity:restaurant,"131 Civic Center Drive, Lake Saint Louis, MO, 63367",63367,Lake St. Louis,+16366252280,,http://go2greatwall.weebly.com/,http://go2greatwall.weebly.com/
Hardee's,amenity:fast_food,"Lake Saint Louis, MO, 63367",63367,Lake St. Louis,+1 636-625-6272,,https://locations.hardees.com/mo/lake-saint-louis/10-centre-on-the-lake,https://www.hardees.com/contact-us
LookAfter Hair Company,shop:hairdresser,"111 Civic Center Drive, Lake Saint Louis, MO, 63367",63367,Lake St. Louis,,,,
Lowe's,shop:doityourself,"6302 Ronald Reagan Drive, Lake Saint Louis, MO, 63367",63367,Lake St. Louis,+1 636-561-5914,,https://www.lowes.com/store/mo-lake-saint-louis/2311,https://www.lowes.com/store/mo-lake-saint-louis/2311
McDonald's,amenity:fast_food,"885 Robert Raymond Drive, Lake Saint Louis, MO, 63367",63367,Lake St. Louis,+1 636-561-2808,,https://www.mcdonalds.com/us/en-us/location/mo/lake-st-louis/885-robert-raymond-dr/31370.html,https://www.mcdonalds.com/us/en-us/contact-us.html
Mueller Furniture & Mattress,shop:furniture,"9 Fountain Grass Drive, Lake Saint Louis, MO, 63367",63367,Lake St. Louis,+1-636-234-3361,corporate@muellerfurniture.com,https://www.muellerfurniture.com/,
Pizza Hut,amenity:restaurant,"8649 Highway N, Lake Saint Louis, MO, 63367",63367,Lake St. Louis,+1-636-625-3500,,https://locations.pizzahut.com/mo/lake-saint-louis/8649-highway-n,https://www.pizzahut.com/contact-us
Provident Property Management,office:property_management,"950 Bent Oak Court, Lake Saint Louis, MO, 63367",63367,Lake St. Louis,,,,
QuikTrip,shop:convenience,"8334 Route N, Lake Saint Louis, 63367",63367,Lake St. Louis,,,,
Sonic,amenity:fast_food,"6325 Ronald Reagan Drive, Lake Saint Louis, MO, 63367",63367,Lake St. Louis,+1 636-561-4312,,https://locations.sonicdrivein.com/mo/lakesaintlouis/6325-ronald-reagan-drive.html,https://locations.sonicdrivein.com/mo/lakesaintlouis/6325-ronald-reagan-drive.html
Steak 'n Shake,amenity:fast_food,"835 Robert Raymond Drive, Lake Saint Louis, MO, 63367",63367,Lake St. Louis,+1 636-625-1820,,https://www.steaknshake.com/locations/mo-lake-st-louis-robert-raymond-drive/,https://www.steaknshake.com/about-us/
Walmart Supercenter,shop:supermarket,"6100 Ronald Reagan Drive, Lake Saint Louis, MO, 63367",63367,Lake St. Louis,+1 636-625-2101,,https://www.walmart.com/store/5313/lake-saint%20louis-mo/whats-new,https://www.walmart.com/store/5313/lake-saint%20louis-mo/whats-new
7-Eleven,shop:convenience,"7901 Mexico Road, Saint Peters, 63376",63376,St. Peters,+1 636-379-6646,,,
7-Eleven,shop:convenience,"610 Jungermann Road, Saint Peters, 63376",63376,St. Peters,,,,
A Better U Salon,shop:hairdresser,"5835 Suemandy Drive, Saint Peters, MO, 63376",63376,St. Peters,+1 636-278-4228,info@abetterusalonandretail.com,http://www.abetterusalonandretail.com/,
"AAA Home Appliance Sales, Repair and Parts Center",shop:appliance,"7428 Mexico Road, Saint Peters, MO, 63376",63376,St. Peters,+1 636-590-7426,info@aaastl.com,https://www.aaastl.com/,https://www.aaastl.com/about-us/service-club-memberships/
AAA Insurance and Travel Agency,shop:travel_agency,"591 Mid Rivers Mall Drive, Saint Peters, MO, 63376",63376,St. Peters,+1 636-279-2299,,,
Al's P-X Wine & Spirits,shop:alcohol,"7475 Mexico Road, Saint Peters, MO, 63376",63376,St. Peters,+1 636-278-2898,,,
Albadia Mediterranean Cuisine,amenity:restaurant,"3957 Mid Rivers Mall Drive, Saint Peters, MO, 63376",63376,St. Peters,+1-636-317-1777,elhamalbadia@gmail.com,https://albadia-mo.com,https://albadia-mo.com/#contact
ALDI,shop:supermarket,"343 Mid Rivers Mall Drive, Saint Peters, MO, 63376",63376,St. Peters,+1 855-955-2534,,https://stores.aldi.us/mo/st.-peters/343-mid-rivers-drive,https://www.aldi.us/store/aldi/pages/about-aldi
Allstate,office:insurance,"7332 Mexico Road, Saint Peters, MO, 63376",63376,St. Peters,+1 636-397-2646,rbillings@allstate.com,https://agents.allstate.com/richard-billings-saint-peters-mo.html,
Aloha Print & Copy,shop:copyshop,"212 McMenamy Road, Saint Peters, 63376",63376,St. Peters,+1 636-397-8558,info@aloha4print.com,https://www.aloha4print.com/,
America's Best Contacts & Eyeglasses,shop:optician,"304 Mid Rivers Center, Saint Peters, MO, 63376",63376,St. Peters,+1 636-278-2266,,https://www.americasbest.com/store-list/st-peters-mo-63376/,https://www.americasbest.com/save-money/contact-lens-offer
American Cleaners,shop:dry_cleaning,"1290 Jungermann Road, Saint Peters, MO, 63376",63376,St. Peters,+1-636-922-3000,,https://www.americancleanersstl.com/,https://americancleanersstl.com/contact-us/
American Cleaners,shop:dry_cleaning,"7255 Mexico Road, Saint Peters, MO, 63376",63376,St. Peters,+1 636-397-7721,,https://www.americancleanersstl.com/,https://americancleanersstl.com/contact-us/
American Eagle Outfitters,shop:clothes,"1600 Mid Rivers Mall, Saint Peters, MO, 63376",63376,St. Peters,+1 636-278-1990,,,
American Red Cross Blood Donation Center,office:ngo,"252 Mid Rivers Center, Saint Peters, MO, 63376",63376,St. Peters,+1 800-733-2767,,https://www.redcrossblood.org/,https://www.redcrossblood.org/contact-us.html
Apple Roofing,craft:roofer,"103 North Service Road, Saint Peters, MO, 63376",63376,St. Peters,+1-855-855-8742,,https://appleroof.com/st-louis/,
Aqueous,shop:e-cigarette,"4087 Veterans Memorial Parkway, Saint Peters, 63376",63376,St. Peters,,,,
Arabica Coffee,shop:coffee,"1600 Mid Rivers Mall, Saint Peters, MO, 63376",63376,St. Peters,,,http://ourarabica.com/,
Arby's,amenity:fast_food,"225 Mid Rivers Mall Drive, Saint Peters, MO, 63376",63376,St. Peters,+1 636-970-1300,,https://www.arbys.com/locations/us/mo/st--peters/225-mid-rivers-mall-dr/store-1566/,https://www.arbys.com/locations/us/mo/st--peters/225-mid-rivers-mall-dr/store-1566/
Asian Gifts,shop:gift,"1600 Mid Rivers Mall, Saint Peters, MO, 63376",63376,St. Peters,+1 636-397-9888,,,
AT&T,shop:mobile_phone,"324 Mid Rivers Mall Drive, Saint Peters, MO, 63376",63376,St. Peters,+1 636-387-7080,,https://www.att.com/stores/missouri/st-peters/122337,javascript:void(0);
Auntie Anne's,amenity:fast_food,"1600 Mid Rivers Mall, Saint Peters, MO, 63376",63376,St. Peters,+1 636-970-2441,,https://www.auntieannes.com/mo/st-peters/118-1,https://www.auntieannes.com/mo/st-peters/118-1
Auto Spa Dog Wash,shop:pet_grooming,"3008 Mid Rivers Mall Drive, Saint Peters, MO, 63376",63376,St. Peters,+1 866-678-9274,,https://www.autospaspeedywash.com/locations/auto-spa-speedy-wash-st-peters/,
Auto Spa Speedy Wash,amenity:car_wash,"3008 Mid Rivers Mall Drive, Saint Peters, MO, 63376",63376,St. Peters,+1 866-678-9274,,https://www.autospaspeedywash.com/locations/auto-spa-speedy-wash-st-peters/,
AutoTire,shop:tyres,"7319 Mexico Road, Saint Peters, MO, 63376",63376,St. Peters,+1 636-486-0630,,https://www.autotire.com/?storeid=929,
AutoZone,shop:car_parts,"7235 Mexico Road, Saint Peters, MO, 63376",63376,St. Peters,+1 636-278-4540,,https://www.autozone.com/locations/mo/st-peters/7235-e-mexico-rd.html,
Back To Basics Christian Bookstore,shop:books,"1600 Mid Rivers Mall, Saint Peters, MO, 63376",63376,St. Peters,+1 636-293-8706,,http://www.backtobasicsbooks.com/,http://www.backtobasicsbooks.com/
Bandana's Bar-B-Q,amenity:restaurant,"4155 Veterans Memorial Parkway, Saint Peters, MO, 63376",63376,St. Peters,+1-636-441-4483,,https://www.bandanasbbq.com,
Bank of America,amenity:bank,"200 Mid Rivers Mall Circle, Saint Peters, MO, 63376",63376,St. Peters,+1 636-278-4469,,https://locators.bankofamerica.com/mo/saintpeters/financial-centers-saint-peters-11173.html,
Bank of America,amenity:bank,"4189 Veterans Memorial Parkway, Saint Peters, MO, 63376",63376,St. Peters,+1 636-939-1236,,https://locators.bankofamerica.com/mo/saintpeters/financial-centers-saint-peters-7747.html,
Barnes & Noble,shop:books,"320 Mid Rivers Center, Saint Peters, MO, 63376",63376,St. Peters,+1 636-278-1118,,https://stores.barnesandnoble.com/store/2237,https://stores.barnesandnoble.com/store/2237
Barnes & Noble Cafe,shop:coffee,"320 Mid Rivers Center, Saint Peters, MO, 63376",63376,St. Peters,+1 636-278-1118,,https://stores.barnesandnoble.com/store/2237,https://stores.barnesandnoble.com/store/2237
Baseball Plus,shop:sports,"346 Mid Rivers Mall Drive, Saint Peters, MO, 63376",63376,St. Peters,+1 636-970-7088,,,
Bath & Body Works,shop:cosmetics,"1600 Mid Rivers Mall, Saint Peters, MO, 63376",63376,St. Peters,+1 636-278-1834,,https://www.bathandbodyworks.com/,https://customercare.bathandbodyworks.com/hc/en-us
Batteries Plus Bulbs,shop:electronics,"4057 Veterans Memorial Parkway, Saint Peters, 63376",63376,St. Peters,,,,
Bauer Orthodontics,amenity:dentist,"150 Weiss Road, Cottleville, MO, 63376",63376,St. Peters,+1-636-447-2083,info@bauerortho.com,https://www.bauerortho.com/,https://www.bauerortho.com/#
Bed Bath & Beyond,shop:houseware,"281 Mid Rivers Mall Drive, Saint Peters, MO, 63376",63376,St. Peters,+1 636-397-8033,help@beyond.com,https://stores.bedbathandbeyond.com/Saint%20Peters-MO-63376-157,https://www.beyond.com/corporate/contact-us
Beer + Sauce Shop,shop:sauce,"318 Mid Rivers Mall Drive, Saint Peters, MO, 63376",63376,St. Peters,+1 636-328-7972,theguys@beersauceshop.com,https://www.beersauceshop.com/,
Behlmann's Carnection,shop:car,"4740 North Service Road, Saint Peters, MO, 63376",63376,St. Peters,+1 636-939-1600,,https://www.carnection.com/,https://www.carnection.com/
Beijing Foot Spa,shop:massage,"310 Mid Rivers Center, Saint Peters, MO, 63376",63376,St. Peters,+1 636-387-7373,,http://beijingfootspa1.placeweb.site/,http://beijingfootspa1.placeweb.site/
Best Buy,shop:electronics,"550 Mid Rivers Mall Circle, Saint Peters, MO, 63376",63376,St. Peters,+1 636-278-4410,s-000032-leaders@bestbuy.com,https://stores.bestbuy.com/mo/saint-peters/5651-south-service-rd-32.html,
Big Lots,shop:department_store,"5881 Suemandy Drive, Saint Peters, MO, 63376",63376,St. Peters,+1 636-397-2280,,https://local.biglots.com/mo/saint-peters/1970,
Blue Chip Pest Control,shop:yes,"7423 Mexico Road, Saint Peters, MO, 63376",63376,St. Peters,+1 636-970-1180,,https://www.bluechipexterminating.com/st-charles-mo-pest-control/,https://missouri.bugoutservice.com/contact-us/
Boardwalk Hardwood Floors,shop:flooring,"3022 Mid Rivers Mall Drive, Saint Peters, MO, 63376",63376,St. Peters,+1 636-397-1973,tmesser@boardwalkhardwood.com,https://www.boardwalkhardwood.com/,
Bob's Discount Furniture,shop:furniture,"167 Mid Rivers Mall Drive, Saint Peters, MO, 63376",63376,St. Peters,+1 636-255-8088,,https://www.mybobs.com/,https://www.mybobs.com/
Bone Dry Roofing,craft:roofer,"5895 Suemandy Drive, Saint Peters, MO, 63376",63376,St. Peters,+1-636-245-6608,info@bonedry.com,https://bonedry.com/st-louis/?bdr_campaign=BDR-DIG-DIR-ROOF-MO-PHO-DIRECTORY-202510-STLOUISEXTERNALDIRECTORY,
BonWorth,shop:clothes,"1600 Mid Rivers Mall, Saint Peters, MO, 63376",63376,St. Peters,+1 636-278-1746,%20john@smith.com,https://www.bonworth.com/,https://www.bonworth.com/
Brow Art 23,shop:beauty,"1600 Mid Rivers Mall, Saint Peters, MO, 63376",63376,St. Peters,+1 636-278-3010,,https://browart23.com/,https://browart23.com/contact-us/
Buchheit Supply,shop:trade,"388 Weiss Road, Cottleville, MO, 63376",63376,St. Peters,,,,
Buckle,shop:clothes,"1600 Mid Rivers Mall, Saint Peters, MO, 63376",63376,St. Peters,+1 636-278-3274,,http://local.buckle.com/MO/SAINT-PETERS/251/,http://local.buckle.com/MO/SAINT-PETERS/251/
Buffalo Wild Wings,amenity:restaurant,"179 Mid Rivers Mall Drive, Saint Peters, MO, 63376",63376,St. Peters,+1 636-278-1771,,https://www.buffalowildwings.com/,https://www.buffalowildwings.com/
Burger King,amenity:fast_food,"399 Main Street, Saint Peters, MO, 63376",63376,St. Peters,+1 636-970-3377,,https://www.bk.com/store-locator/store/restaurant_5091,https://www.bk.com/store-locator/store/restaurant_5091
Burger King,amenity:fast_food,"1575 Jungermann Road, Saint Peters, MO, 63376",63376,St. Peters,+1 636-928-4549,,https://www.bk.com/store-locator/store/restaurant_2244,https://www.bk.com/store-locator/store/restaurant_2244
Cakes by Georgia,shop:confectionery,"7338 Mexico Road, Saint Peters, MO, 63376",63376,St. Peters,+1 636-970-3901,,,
Candy City,shop:confectionery,"1600 Mid Rivers Mall, Saint Peters, MO, 63376",63376,St. Peters,,,,
Car-X Tire & Auto,shop:car_repair,"6620 Mexico Road, Saint Peters, MO, 63376",63376,St. Peters,+1 636-278-4488,,https://www.carx.com/st-louis/6620-mexico-rd/,https://www.carx.com/contact-us
CarMax,shop:car,"4990 North Service Road, Saint Peters, MO, 63376",63376,St. Peters,+1 636-387-4263,,https://www.carmax.com/stores/6052,https://www.carmax.com/help-center#contact-us
Carshield,office:insurance,"339 Mid Rivers Mall Drive, Saint Peters, MO, 63376",63376,St. Peters,+1 800-974-9385;+1 800-587-4162,customerservice@carshield.com,https://carshield.com/,
Carshield Career Center,office:employment_agency,"325 Mid Rivers Mall Drive, Saint Peters, 63376",63376,St. Peters,+1 636-875-5520,,https://carshieldcareers.com/,https://carshieldcareers.com/contact/
Cave Springs Lanes,leisure:bowling_alley,"4055 Mexico Road, Saint Peters, 63376",63376,St. Peters,+1 636-441-1774,,https://cavespringslanes.com/,
CBC Bank,amenity:bank,"688 Salt Lick Road, Saint Peters, 63376",63376,St. Peters,+1 636-970-1998,,http://www.cbcbank.net/asp/home.asp,
Cellairis,craft:electronics_repair,"1600 Mid Rivers Mall, Saint Peters, MO, 63376",63376,St. Peters,+1 636-278-1022,,https://www.cellairis.com/stores/st.-peters-mid-rivers-mall-iphone-repair,https://www.cellairis.com/stores/st.-peters-mid-rivers-mall-iphone-repair
Champs Sports,shop:sports,"1600 Mid Rivers Mall, Saint Peters, MO, 63376",63376,St. Peters,+1 636-278-8200,,https://stores.champssports.com/mo/saint-peters/1024-mid-rivers-mall,https://help.champssports.com/hc/en-us/articles/360047275753-Contact-Us
Charleys Philly Steaks,amenity:fast_food,"1600 Mid Rivers Mall, Saint Peters, MO, 63376",63376,St. Peters,+1 636-278-4665,,https://www.charleys.com/,https://www.charleys.com/about/careers/
Charlotte Russe,shop:clothes,"1600 Mid Rivers Mall, Saint Peters, MO, 63376",63376,St. Peters,+1 636-278-6060,,https://www.charlotterusse.com/on/demandware.store/Sites-charlotte-russe-Site/default/Stores-Details?StoreID=216,
Chicken Coop,amenity:fast_food,"449 South Church Street, Saint Peters, MO, 63376",63376,St. Peters,+1 636-278-2969,,,
Chili's,amenity:restaurant,"101 Mid Rivers Mall Circle, Saint Peters, MO, 63376",63376,St. Peters,+1 636-397-4447,,https://www.chilis.com/locations/us/missouri/st-peters/mid-rivers-mall/,
Chillax,amenity:bar,"1320 Triad Center Drive, Saint Peters, MO, 63376",63376,St. Peters,,info@chillaxstl.com,https://chillaxstl.com/,https://chillaxstl.com/contact/
China Wok,amenity:restaurant,"309 Mid Rivers Mall Drive, Saint Peters, MO, 63376",63376,St. Peters,+1 636-970-6163,,http://www.stpeterschinawok.com/,http://www.stpeterschinawok.com/
Christopher & Banks,shop:clothes,"1600 Mid Rivers Mall, Saint Peters, MO, 63376",63376,St. Peters,+1 636-970-3800,,https://stores.christopherandbanks.com/mo/st--peters/2004-mid-rivers-mall-drive.html,
Chuck's Boots,shop:shoes,"5859 Suemandy Drive, Saint Peters, MO, 63376",63376,St. Peters,+1 636-970-2668,,http://chucksbootsstlouis.com/,https://chucksboots.com/contact/
Church Street Bar,amenity:bar,"435 South Church Street, Saint Peters, MO, 63376",63376,St. Peters,+1 636-397-1883,,,
Circle K,shop:convenience,"6105 Mexico Road, Saint Peters, MO, 63376",63376,St. Peters,+1 636-447-4360,,https://www.circlek.com/store-locator/US/st-peters/6105-mexico-rd/m1639?language=en,https://www.circlek.com/contact
Circle K,shop:convenience,"4524 Mid Rivers Mall Drive, Cottleville, 63376",63376,St. Peters,,,,
Citizens National Bank,amenity:bank,"671 Salt Lick Road, Saint Peters, 63376",63376,St. Peters,+1 636-240-8302,,,
Claire's,shop:fashion_accessories,"1600 Mid Rivers Mall, Saint Peters, MO, 63376",63376,St. Peters,+1 636-279-2620,example@mysite.com,https://www.claires.com/us/,https://www.claires.com/us/
Commerce Bank,amenity:bank,"435 Mid Rivers Mall Drive, Saint Peters, MO, 63376",63376,St. Peters,+1 636-949-8450,,,
Complete Automotive & Custom Exhaust,shop:car_repair,"214 McMenamy Road, Saint Peters, 63376",63376,St. Peters,+1 636-916-0505,info@completeautoexhaust.com,http://www.completeautoexhaust.com/,
Conoco,amenity:fuel,"3949 Veterans Memorial Parkway, Saint Peters, 63376",63376,St. Peters,,,,
Cool Nail & Spa,shop:beauty,"340 Mid Rivers Mall Drive, Saint Peters, MO, 63376",63376,St. Peters,+1 636-336-6378,,,
Copper Chimney,amenity:restaurant,"200 Mid Rivers Center, Saint Peters, MO, 63376",63376,St. Peters,+1 636-278-1833,,https://copperchimneystl.com/,
Cosmic Liquor,shop:alcohol,"421 South Church Street, Saint Peters, MO, 63376",63376,St. Peters,+1 636-279-2929,,,
Costco Gasoline,amenity:fuel,"200 Costco Way, Saint Peters, MO, 63376",63376,St. Peters,,,https://www.costco.com/warehouse-locations/st-peters-saint-peters-mo-382.html,
Cottleville Dental,amenity:dentist,"150 Weiss Road, Cottleville, MO, 63376",63376,St. Peters,+1-636-477-0770,cavaness72@gmail.com,https://www.cottlevilledental.com/,https://www.cottlevilledental.com/
Country Club Car Wash,amenity:car_wash,"4200 Mexico Road, Saint Peters, MO, 63376",63376,St. Peters,+1 636-317-1111,,https://cccwstl.com/locations/st-peters-mexico/,
CPR - Cell Phone Repair,craft:electronics_repair,"7131 Mexico Road, Saint Peters, MO, 63376",63376,St. Peters,+1 636-352-0767,,https://www.cellphonerepair.com/st-peters-mo/,https://www.cellphonerepair.com/about-us
CVS Pharmacy,shop:chemist,"400 Mid Rivers Mall Drive, Saint Peters, MO, 63376",63376,St. Peters,+1 636-279-1516,,https://www.cvs.com/store-locator/saint-peters-mo-pharmacies/400-mid-rivers-mall-dr-saint-peters-mo-63376/storeid=10053,https://www.cvs.com/minuteclinic/info/contact
CVS Pharmacy,amenity:pharmacy,"200 Jungermann Road, Saint Peters, MO, 63376",63376,St. Peters,+1 636-922-9019,,https://www.cvs.com/store-locator/saint-peters-mo-pharmacies/200-jungermann-rd-saint-peters-mo-63376/storeid=10418,https://www.cvs.com/minuteclinic/info/contact
CVS Pharmacy,amenity:pharmacy,"1749 Woodstone Drive, Saint Peters, MO, 63376",63376,St. Peters,,,,
Dakota Watch Company,shop:watches,"1600 Mid Rivers Mall, Saint Peters, MO, 63376",63376,St. Peters,+1 636-278-3879,,https://www.dakotawatch.com/index.php/,https://www.dakotawatch.com/pages/contact
Dave Sinclair Lincoln St. Peters,shop:car,"4760 North Service Road, Saint Peters, MO, 63376",63376,St. Peters,+1 636-441-4400,,https://www.davesinclairlincolnstpeters.com/,https://www.davesinclairlincolnstpeters.com/contactus.aspx
David's Bridal,shop:bridal,"5858 Suemandy Drive, Saint Peters, MO, 63376",63376,St. Peters,+1 636-279-9055,,https://www.davidsbridal.com/DBIAjaxStoreLocatorDirectionsView?latitude=38.79830&longitude=-90.62340&stLocId=218&storeId=10052,
DDS Dentures & Dental Services,amenity:dentist,"5863 Suemandy Drive, Saint Peters, MO, 63376",63376,St. Peters,+1 636-970-1460,manager@stpeters.dentalservice.net,https://locations.dentalservice.net/st-peters-dentures,
Deluxe Nails & Spa,shop:beauty,"300 Mid Rivers Center, Saint Peters, MO, 63376",63376,St. Peters,+1 636-577-2705,,,
Denny's,amenity:restaurant,"3939 Veterans Memorial Parkway, Saint Peters, 63376",63376,St. Peters,,,,
Designer Resale Botique,shop:clothes,"344 Mid Rivers Mall Drive, Saint Peters, MO, 63376",63376,St. Peters,+1 636-279-3968,,https://thedesignerresaleboutique.com/,https://thedesignerresaleboutique.com/pages/about-us
Diamond Shoppe Jewelers,shop:jewelry,"7127 Mexico Road, Saint Peters, 63376",63376,St. Peters,+1 636-279-1375,,http://www.diamondshoppejewelers.com/,http://www.diamondshoppejewelers.com/contact-us.html
Dick's Sporting Goods,shop:sports,"1600 Mid Rivers Mall, Saint Peters, MO, 63376",63376,St. Peters,+1 636-278-5050,,,
Dierbergs,shop:supermarket,"217 Salt Lick Road, Saint Peters, MO, 63376",63376,St. Peters,,,https://www.dierbergs.com/store-locations/79-crossing,https://www.dierbergs.com/store-locations/79-crossing
Dillard's,shop:department_store,"2 Mid Rivers Mall, Saint Peters, MO, 63376",63376,St. Peters,+1 636-970-2555,,https://www.dillards.com/stores/missouri/st-louis-st.-peters/0526,https://www.dillards.com/c/customerservice
Discovery Dental Center,amenity:dentist,"305 Mid Rivers Mall Drive, Saint Peters, MO, 63376",63376,St. Peters,+1 636-970-1700,,http://www.discoverydentalcenters.com/location-mid-rivers.php,
Dollar General,shop:variety_store,"1080 Grand Teton Drive, Saint Peters, 63376",63376,St. Peters,,digitalcare@dollargeneral.com,https://www.dollargeneral.com/store-directory/mo/saint-peters/11595,https://www.dollargeneral.com/store-directory/mo/saint-peters/11595#
Domino's,amenity:fast_food,"309 Mid Rivers Mall Drive, Saint Peters, MO, 63376",63376,St. Peters,+1 636-278-6626,olocustomercare@dominos.com,https://pizza.dominos.com/missouri/saint-peters/309-a-mid-rivers-mall-dr,https://www.dominos.com/en/about-pizza/
DQ Grill & Chill,amenity:fast_food,"1015 Saint Peters Howell Road, Saint Peters, MO, 63376",63376,St. Peters,+1 636-397-0501,,https://www.dairyqueen.com/us-en/locator/Detail/?localechange=1&store-id=11270&,
DSW,shop:shoes,"290 Mid Rivers Center, Saint Peters, MO, 63376",63376,St. Peters,+1 636-278-2214,,https://stores.dsw.com/us/mo/st.-peters/dsw-designer-shoe-warehouse-mid-rivers-center.html,
Dunkin' Donuts,amenity:fast_food,"7343 Mexico Road, Saint Peters, MO, 63376",63376,St. Peters,+1 636-387-6111,development_sites@dunkinbrands.com,https://locations.dunkindonuts.com/en/mo/saint-peters/7343-mexico-rd/353064,https://www.dunkindonuts.com/en/about/contact-us/faqs
DXL Men's Apparel,shop:clothes,"247 Mid Rivers Mall Drive, Saint Peters, MO, 63376",63376,St. Peters,+1 636-279-1153,customerservice@destinationxl.com,http://www.destinationxl.com/mens-big-and-tall-store/storelocator/storeDetails.jsp?storeNumber=9882,http://www.destinationxl.com/mens-big-and-tall-store/storelocator/storeDetails.jsp?storeNumber=9882
EarthBound Trading Company,shop:variety_store,"1600 Mid Rivers Mall, Saint Peters, MO, 63376",63376,St. Peters,+1 636-397-0039,hello@earthboundtrading.com,https://www.earthboundtrading.com/,https://www.earthboundtrading.com/contact
Ed Napleton Honda St. Peters,shop:car,"4780 North Service Road, Saint Peters, MO, 63376",63376,St. Peters,+1 888-840-3576,internetleads0614@car-crm.com,https://www.napletonhonda.com/,https://www.napletonhonda.com/contact.htm
Einstein Bagels,amenity:restaurant,"318 Mid Rivers Mall Drive, Saint Peters, MO, 63376",63376,St. Peters,,,,
El Guatal,amenity:restaurant,"5885 Suemandy Drive, Saint Peters, MO, 63376",63376,St. Peters,,elguatal@yahoo.com,https://www.elguatal.com/,https://www.elguatal.com/contact-us
El Maguey,amenity:restaurant,"7139 Mexico Road, Saint Peters, MO, 63376",63376,St. Peters,+1 636-397-5858,,,
Enterprise Bank & Trust,amenity:bank,"300 Saint Peters Centre Boulevard, Saint Peters, MO, 63376",63376,St. Peters,+1 636-926-3900,cso@enterprisebank.com,https://www.enterprisebank.com/branch?b=a0I30000004yGhyEAE&l=kc,https://www.enterprisebank.com/contact-us
Equip Rental & Sales,shop:rental,"420 South Church Street, Saint Peters, MO, 63376",63376,St. Peters,+1 636-397-8080,sbarber@equiprentalsales.com,https://www.equiprentalsales.com/,https://www.equiprentalsales.com/contact-locations/
Express,shop:clothes,"1600 Mid Rivers Mall, Saint Peters, MO, 63376",63376,St. Peters,+1 636-278-2922,,https://stores.express.com/us/mo/saint-peters/1600-mid-rivers-mall,
Extreme Pawn,shop:pawnbroker,"5955 Suemandy Drive, Saint Peters, MO, 63376",63376,St. Peters,+1 636-397-1152,extremepawninfo@gmail.com,http://extremepawn.com/,
Famous Footwear,shop:shoes,"555 Mid Rivers Mall Drive, Saint Peters, MO, 63376",63376,St. Peters,+1 636-697-1117,,https://www.famousfootwear.com/,
Fastlane,shop:convenience,"994 Knaust Road, Cottleville, 63376",63376,St. Peters,,,,
Fazoli's,amenity:fast_food,"5775 Suemandy Drive, Saint Peters, MO, 63376",63376,St. Peters,+1 636-278-3130,email@email.com,https://locations.fazolis.com/mo/saint-peters/5775-suemandy-drive.html,https://legbrands.wpengine.com/contact-us/
FedEx Office,shop:copyshop,"7120 Mexico Road, Saint Peters, MO, 63376",63376,St. Peters,+1 636-970-7005,,https://local.fedex.com/mo/st-peters/office-4702/,
Finish Line,shop:sports,"1600 Mid Rivers Mall, Saint Peters, MO, 63376",63376,St. Peters,+1 636-278-1610,,https://stores.finishline.com/mo/stpeters/mid-rivers-mall.html,https://www.finishline.com/store/customerservice/contactUs.jsp
First Class,shop:clothes,"1600 Mid Rivers Mall, Saint Peters, MO, 63376",63376,St. Peters,+1 636-970-9110,,,
First Watch,amenity:restaurant,"312 Mid Rivers Center, Saint Peters, MO, 63376",63376,St. Peters,+1 636-970-0050,,https://www.firstwatch.com/locations/st-peters,https://www.firstwatch.com/contact
Fisher Animal Hospital,amenity:veterinary,"117 Birdie Hills Road, Saint Peters, 63376",63376,St. Peters,,,,
For Lovers Only,shop:erotic,"362 Mid Rivers Mall Drive, Saint Peters, MO, 63376",63376,St. Peters,+1 636-970-6333,,,
Francesca's,shop:clothes,"1600 Mid Rivers Mall, Saint Peters, MO, 63376",63376,St. Peters,+1 636-279-6015,,https://www.francescas.com/store-locator/mid-rivers-mall.do,
Francesco's Family Italian Restaurant,amenity:restaurant,"429 South Church Street, Saint Peters, MO, 63376",63376,St. Peters,+1 636-278-5225,,,
Frankly Nails,shop:beauty,"218 Mid Rivers Center, Saint Peters, MO, 63376",63376,St. Peters,+1 636-970-3718,,,
Frecks & Sons Automotive,shop:car_repair,"1555 Centre Pointe Court, Saint Peters, MO, 63376",63376,St. Peters,+1-636-928-5326,,https://frecksandsons.net,https://frecksandsons.net/contact-us/
Gateway Autowash,amenity:car_wash,"455 South Church Street, Saint Peters, MO, 63376",63376,St. Peters,,,,
Genis' Tailor,shop:tailor,"7418 Mexico Road, Saint Peters, MO, 63376",63376,St. Peters,+1 636-970-6861,,,
Gibson Printing,shop:copyshop,"5903 Suemandy Drive, Saint Peters, MO, 63376",63376,St. Peters,+1 636-970-6316,info@gibsonprinting.com,https://gibsonprinting.com/,
Glam'd Nail Bar,shop:beauty,"187 Mid Rivers Mall Drive, Saint Peters, MO, 63376",63376,St. Peters,+1 636-387-6006,,https://glamdnailbar.com/,https://glamdnailbar.com/
GNC,shop:nutrition_supplements,"1600 Mid Rivers Mall, Saint Peters, MO, 63376",63376,St. Peters,+1 636-397-8770,,https://stores.gnc.com/saint-peters-mo-1469?loc=63376&displayLoc=St%20Peters%2C%20MO%2063376,
Gold Stop,shop:pawnbroker,"1600 Mid Rivers Mall, Saint Peters, MO, 63376",63376,St. Peters,+1 636-278-8789,,http://www.goldstopstore.com/,
Goodwill,shop:charity,"620 Mid Rivers Mall Drive, Saint Peters, 63376",63376,St. Peters,,,,
Gordon Food Service Store,shop:supermarket,"311 Mid Rivers Mall Drive, Saint Peters, MO, 63376",63376,St. Peters,+1 636-279-1360,,https://gfsstore.com/locations/st-peters/,https://www.gfs.com/about-us/contact-us
Great American Cookies,amenity:fast_food,"1600 Mid Rivers Mall, Saint Peters, MO, 63376",63376,St. Peters,+1 636-279-1382,,https://www.greatamericancookies.com/locations/mid-rivers-mall/,https://www.greatamericancookies.com/locations/mid-rivers-mall/
Great Central Lumber Company,shop:lumber,"137 Ecology Drive, Saint Peters, 63376",63376,St. Peters,+1 636-970-7040,tmillman@greatcentrallumber.net,https://www.gclumber.com/,https://www.gclumber.com/contact.html
Great Clips,shop:hairdresser,"577 Mid Rivers Mall Drive, Saint Peters, MO, 63376",63376,St. Peters,+1 636-970-3825,,https://www.greatclips.com/salons/8934,https://www.greatclips.com/salons/8934
Great Clips,shop:hairdresser,"515 Salt Lick Road, Saint Peters, 63376",63376,St. Peters,,,,
Great Skate,leisure:sports_centre,"130 Boone Hills Drive, Saint Peters, MO, 63376",63376,St. Peters,+1-636-441-2530,greatskaterocks@yahoo.com,https://greatskaterocks.com,https://greatskaterocks.com/contact-us/
H&M,shop:clothes,"1600 Mid Rivers Mall, Saint Peters, MO, 63376",63376,St. Peters,,,https://www2.hm.com/en_us/index.html,
H&R Block,office:tax_advisor,"372 Mid Rivers Mall Drive, Saint Peters, MO, 63376",63376,St. Peters,+1 636-397-0588,,https://www.hrblock.com/local-tax-offices/missouri/st-peters/372-374-mid-rivers-mall-dr/24129,https://www.hrblock.com/corporate/
Habitat for Humanity of St. Charles County ReStore,shop:doityourself,"186 Mid Rivers Center, Saint Peters, MO, 63376",63376,St. Peters,+1 636-978-5712,donations@habitatstcharles.org,https://habitatstcharles.org/restore/,https://habitatstcharles.org/about/contact-us/
Hair 2 Slay,shop:hairdresser,"935 Jungermann Road, St. Peters, MO, 63376",63376,St. Peters,,,,
Hallmark,shop:gift,"1600 Mid Rivers Mall, Saint Peters, MO, 63376",63376,St. Peters,+1 636-278-3127,,https://stores.hallmark.com/mo/saintpeters/amys-hallmark-shop-saintpeters-mo-007349.html,https://www.hallmark.com/hallmark-plus/?icid=glbl_rib_040125_top-guest-hplus-learn-more
Hannoush Jewelers,shop:jewelry,"1600 Mid Rivers Mall, Saint Peters, MO, 63376",63376,St. Peters,+1 636-397-8878,,https://www.hannoush.com/locations/mid-rivers-mall,
Hardee's,amenity:fast_food,"501 Mid Rivers Mall Drive, Saint Peters, MO, 63376",63376,St. Peters,+1 636-278-2798,,https://locations.hardees.com/mo/saint-peters/501-mid-rivers-mall-dr,https://www.hardees.com/contact-us
Helzberg Diamonds,shop:jewelry,"1600 Mid Rivers Mall, Saint Peters, MO, 63376",63376,St. Peters,+1 636-970-6118,,https://www.helzberg.com/store-locator/mid+rivers+mall.do,https://www.helzberg.com/on/demandware.store/Sites-Helzberg-Site/en_US/ContactUs-Landing
Hobby Lobby,shop:craft,"4033 Veterans Memorial Parkway, Saint Peters, 63376",63376,St. Peters,,,,
HoneyBaked Ham,amenity:restaurant,"185 Mid Rivers Mall Drive, Saint Peters, MO, 63376",63376,St. Peters,+1 636-397-4905,hbhcatering@hbham.com,https://www.honeybaked.com/stores/406,https://www.honeybaked.com/stores/406
Hooters,amenity:restaurant,"4061 Veterans Memorial Parkway, Saint Peters, 63376",63376,St. Peters,,,,
Hot Topic,shop:clothes,"1600 Mid Rivers Mall, Saint Peters, MO, 63376",63376,St. Peters,+1 636-278-2612,htonline@hottopic.com,https://www.hottopic.com/store-details?StoreID=0090,https://www.hottopic.com/contactus
Imo's,amenity:restaurant,"595 Starwood Drive, Saint Peters, 63376",63376,St. Peters,+1 636-278-6552,,https://www.imospizza.com/location/restaurant/mid-rivers-mo,https://www.imospizza.com/contact-corporate/
Jack in the Box,amenity:fast_food,"4124 Mexico Road, Saint Peters, MO, 63376",63376,St. Peters,+1 636-928-8941,,https://locations.jackinthebox.com/us/mo/saint-peters/4124-mexico-rd,https://jackinthebox.com/contact
Jackson Hewitt,office:tax_advisor,"364 Mid Rivers Mall Drive, Saint Peters, MO, 63376",63376,St. Peters,+1 888-800-1040,,https://www.jacksonhewitt.com/tax-preparation-services-locations/mo/st-peters/10253/,https://www.jacksonhewitt.com/tax-preparation-services-locations/mo/st-peters/10253/
JCPenney,shop:department_store,"4 Mid Rivers Mall, Saint Peters, MO, 63376",63376,St. Peters,+1 636-970-2115,,https://stores.jcpenney.com/mo/saintpeters/clothing-stores-saintpeters-mo-2632.html,https://stores.jcpenney.com/mo/saintpeters/clothing-stores-saintpeters-mo-2632.html
Johnny Mac's Sporting Goods,shop:sports,"5819 Suemandy Drive, Saint Peters, MO, 63376",63376,St. Peters,+1 636-278-6300,,https://www.johnnymacs.com/,https://www.adutytowarn.org/press/contact-us
Journeys,shop:shoes,"1600 Mid Rivers Mall, Saint Peters, MO, 63376",63376,St. Peters,+1 636-397-3300,,https://www.journeys.com/store/Journeys-Mid-Rivers-Mall,https://www.journeys.com/contact-us
Justice,shop:clothes,"1600 Mid Rivers Mall, Saint Peters, MO, 63376",63376,St. Peters,+1 636-278-2251,,https://stores.shopjustice.com/s/mid-rivers,
Kay Jewelers,shop:jewelry,"1600 Mid Rivers Mall, Saint Peters, MO, 63376",63376,St. Peters,+1 636-279-1534,,https://www.kay.com/en/kaystore,
Ken's Tattoo Alley,shop:tattoo,"6648 Mexico Road, Saint Peters, MO, 63376",63376,St. Peters,+1-636-278-3003,,https://kenstattooalley.com/,https://kenstattooalley.com/#contactus
Kennelwood Pet Hotel,shop:pet_grooming,"418 South Church Street, Saint Peters, MO, 63376",63376,St. Peters,+1 314-429-2100,,,
"Kevin M. Killian, DDS, PC",amenity:dentist,"625 Salt Lick Road, Saint Peters, 63376",63376,St. Peters,+1-636-978-2699,kmkdds1@gmail.com,https://dentist-stpeters.com,
Knapheide,shop:truck_bodies,"10101 Mid Rivers Mall Drive, Saint Peters, MO, 63376",63376,St. Peters,+1-636-397-4444,,https://www.knapheide.com/distributors/knapheide-truck-equipment-center-st-peters,https://www.knapheide.com/about/
Kyoto Steakhouse of Japan,amenity:restaurant,"4054 North Cloverleaf Drive, Saint Peters, 63376",63376,St. Peters,+1 636-685-0018,,https://www.kyotosaintpeters.com/,
Lanabri's Bistro,amenity:restaurant,"1600 Mid Rivers Mall, Saint Peters, MO, 63376",63376,St. Peters,+1 636-970-1860,,https://www.facebook.com/Lanabris-Bistro-198955813626836/,https://www.facebook.com/Lanabris-Bistro-198955813626836/
Lane Bryant,shop:clothes,"1600 Mid Rivers Mall, Saint Peters, MO, 63376",63376,St. Peters,+1 636-387-4013,,https://stores.lanebryant.com/mo/stpeters/plus-size-clothing-stpeters-mo-6684.html,
Le Nails,shop:beauty,"1600 Mid Rivers Mall, Saint Peters, MO, 63376",63376,St. Peters,+1 636-278-9999,,,
Lee's Famous Recipe Chicken,amenity:fast_food,"690 Starwood Drive, Saint Peters, 63376",63376,St. Peters,+1 636-397-9229,,https://www.leesfamousrecipe.com/locations/missouri/st-peters,https://www.leesfamousrecipe.com/contact
LensCrafters,shop:optician,"1600 Mid Rivers Mall, Saint Peters, MO, 63376",63376,St. Peters,+1 636-279-2332,,https://local.lenscrafters.com/mo/saint-peters/1600-mid-rivers-mall.html,https://www.lenscrafters.com/lc-us/contact-lenses?cid=yext_header
Lids,shop:clothes,"1600 Mid Rivers Mall, Saint Peters, MO, 63376",63376,St. Peters,+1 636-397-4673,,https://www.lids.com/store/mid-rivers-mall-northwest,https://www.lids.com/contact-us/ch-2436
Lifetime Dentistry,amenity:dentist,"583 Mid Rivers Mall Drive, Saint Peters, 63376",63376,St. Peters,+1 636-970-1595,lifetimedentistry@mydentalmail.com,https://www.lifetimestpeters.com/,https://www.lifetimestpeters.com/
Llywelyn's Pub,amenity:pub,"3300 Mid Rivers Mall Drive, Saint Peters, MO, 63376",63376,St. Peters,+1 314-361-3003,,https://llywelynspub.com/st-peters,https://llywelynspub.com/st-peters
Loft,shop:clothes,"1600 Mid Rivers Mall, Saint Peters, MO, 63376",63376,St. Peters,+1 636-379-7100,clientservices@loft.com,https://stores.loft.com/mo/saint-peters/2264-mid-rivers-mall.html,https://www.loft.com/customer-service
LongHorn Steakhouse,amenity:restaurant,"3979 Veterans Memorial Parkway, Saint Peters, 63376",63376,St. Peters,,,,
LookAfter Hair Company,shop:hairdresser,"563 Mid Rivers Mall Drive, Saint Peters, MO, 63376",63376,St. Peters,+1 636-970-6409,,https://lookafterhairco.com/locations/st-peters-square-mo/,https://lookafterhairco.com/contact/
Lou Fusz Chevrolet,shop:car,"5120 North Service Road, Saint Peters, MO, 63376",63376,St. Peters,+1 866-491-1932,,https://www.loufuszchevrolet.com/,
Lou Fusz Chevrolet Certified Service Express,shop:car_repair,"5120 B North Service Road, Saint Peters, MO, 63376",63376,St. Peters,+1 636-875-5402,,https://www.loufuszchevrolet.com/certifiedserviceexpress,
Lowe's,shop:doityourself,"8501 Mexico Road, O'Fallon, MO, 63376",63376,St. Peters,+1 636-379-2855,,https://www.lowes.com/store/MO-Saint%20Peters/0753,https://www.lowes.com/store/MO-Saint%20Peters/0753
Lucky China,amenity:restaurant,"7114 Mexico Road, Saint Peters, MO, 63376",63376,St. Peters,+1 636-397-3888,,http://luckychinamo.com/,https://www.luckychinamo.com/index.php?main_page=contact_us&amp;zenid=c40b4877fcd0e9cbff284308e875e4ae
Lucky Strike,leisure:bowling_alley,"8070 Veterans Memorial Parkway, Saint Peters, 63376",63376,St. Peters,+1 636-474-2695,,https://www.luckystrikeent.com/location/lucky-strike-st-peters,https://www.luckystrikeent.com/en/contact-us
Lucky Sushi & Chinese,amenity:restaurant,"222 Mid Rivers Center, Saint Peters, MO, 63376",63376,St. Peters,+1 636-278-1885,luckysushihouse@yahoo.com,https://www.luckysushihouse.net/,
LV Nails & Spa,shop:beauty,"7110 Mexico Road, Saint Peters, MO, 63376",63376,St. Peters,+1 636-970-0125,,,
M&M Guns,shop:weapons,"16 Main Street, Saint Peters, 63376",63376,St. Peters,+1-636-387-1199,,https://store.mmguns.com/,
Macy's,shop:department_store,"Mid Rivers Mall, Saint Peters, MO, 63376",63376,St. Peters,+1 636-278-6660,,https://www.macys.com/stores/mo/saintpeters/mid-rivers-mall_645.html,https://www.macys.com/stores/mo/saintpeters/mid-rivers-mall_645.html
Majestic Dental,amenity:dentist,"1451 Cottleville Parkway, 63376",63376,St. Peters,+1-636-447-6404,,https://majesticdentalmo.com/,https://majesticdentalmo.com/contact/
Mariner Finance,office:financial,"286 Mid Rivers Center, Saint Peters, MO, 63376",63376,St. Peters,+1 636-542-4652,,https://www.marinerfinance.com/locations/missouri/mariner-finance-location-in-st-peters-mo/,https://www.marinerfinance.com/locations/missouri/mariner-finance-location-in-st-peters-mo/
Martian Car Wash,amenity:car_wash,"6678 Mexico Road, Saint Peters, MO, 63376",63376,St. Peters,,,,
Masters Automotive,shop:car_repair,"7245 Mexico Road, Saint Peters, MO, 63376",63376,St. Peters,+1 636-279-6315,,,
Mattress Firm,shop:bed,"280 Mid Rivers Mall Circle, Saint Peters, MO, 63376",63376,St. Peters,+1 636-397-4666,,,
Mattress Firm Clearance,shop:bed,"195 Mid Rivers Mall Drive, Saint Peters, MO, 63376",63376,St. Peters,+1 636-397-0971,,,
Maurices,shop:clothes,"1600 Mid Rivers Mall, Saint Peters, MO, 63376",63376,St. Peters,+1 636-278-3370,,https://locations.maurices.com/mo/stpeters/clothing-stores-stpeters-mo-2060.html,
McAlister's Deli,amenity:restaurant,"7106 Mexico Road, Saint Peters, MO, 63376",63376,St. Peters,+1 636-875-5890,,https://www.mcalistersdeli.com/locations/mo/st-peters/7106-mexico-road-1422,https://www.mcalistersdeli.com/locations/mo/st-peters/7106-mexico-road-1422
McDonald's,amenity:fast_food,"299 Mid Rivers Mall Drive, Saint Peters, MO, 63376",63376,St. Peters,+1 636-970-2675,,https://www.mcdonalds.com/us/en-us/location/11577.html,https://www.mcdonalds.com/us/en-us/contact-us.html
McDonald's,amenity:fast_food,"7890 Mexico Road, Saint Peters, MO, 63376",63376,St. Peters,+1 636-397-5510,,https://www.mcdonalds.com/us/en-us/location/17633.html,https://www.mcdonalds.com/us/en-us/contact-us.html
McDonald's,amenity:fast_food,"199 Spencer Road, Saint Peters, MO, 63376",63376,St. Peters,+1 636-477-8220,,https://www.mcdonalds.com/us/en-us/location/19507.html,https://www.mcdonalds.com/us/en-us/contact-us.html
McDonald's,amenity:fast_food,"3883 Veterans Memorial Parkway, Saint Peters, MO, 63376",63376,St. Peters,+1 636-928-1085,,https://www.mcdonalds.com/us/en-us/location/2754.html,https://www.mcdonalds.com/us/en-us/contact-us.html
Mellow Mushroom,amenity:restaurant,"4716 Mid Rivers Mall Drive, Cottleville, MO, 63376",63376,St. Peters,,,https://mellowmushroom.com/,https://mellowmushroom.com/
Men's Wearhouse,shop:clothes,"1600 Mid Rivers Mall, Saint Peters, MO, 63376",63376,St. Peters,+1 636-279-1593,mwlistens@menswearhouse.com,https://www.menswearhouse.com/store-locator/1707,https://www.menswearhouse.com/slc/contact-us
Menards,shop:doityourself,"151 Spencer Road, Saint Peters, MO, 63376",63376,St. Peters,+1 636-922-9978,petesales@menards.com,https://www.menards.com/main/storeDetails.html?store=3305,https://www.menards.com/main/storeDetails.html?store=3305
Michael Hebert - State Farm Insurance,office:insurance,"3026 Mid Rivers Mall Drive, Saint Peters, MO, 63376",63376,St. Peters,+1 636-949-7901,team@keen.io,https://www.insuredbymike.com/,https://www.insuredbymike.com/#contact-form-tab
Mid America Flooring Solutions,shop:flooring,"115 Mexico Ct, Saint Peters, MO, 63376",63376,St. Peters,+1-636-237-8173,sales@maflooringsolutions.com,https://www.midamericaflooringsolutions.com,
Mid Rivers Appliance,shop:appliance,"360 Mid Rivers Mall Drive, Saint Peters, MO, 63376",63376,St. Peters,+1 636-278-1074,,http://www.midriversappliances.com/,http://www.midriversappliances.com/
Mid Rivers Cinema,amenity:cinema,"1220 Mid Rivers Mall Drive, Saint Peters, MO, 63376",63376,St. Peters,+1-636-278-5250,,https://www.marcustheatres.com/theatre-locations/marcus-mid-rivers-14-cine,https://www.marcustheatres.com/theatre-locations/marcus-mid-rivers-14-cine
Mid Rivers Dental Group,amenity:dentist,"300 Mid Rivers Mall Drive, Saint Peters, MO, 63376",63376,St. Peters,+1 636-397-5883,,https://www.midriversdentalgroup.com/,
Mid Rivers Mall,shop:mall,"1600 Mid Rivers Mall, Saint Peters, MO, 63376",63376,St. Peters,+1 636-970-2610,,https://www.shopmidriversmall.com/,https://www.shopmidriversmall.com/contact
Mid Rivers Music,shop:musical_instrument,"355 Mid Rivers Mall Drive, Saint Peters, MO, 63376",63376,St. Peters,+1 636-970-3385,,https://midriversmusic.com/,https://midriversmusic.com/
Midas,shop:car_repair,"336 Mid Rivers Mall Drive, Saint Peters, MO, 63376",63376,St. Peters,+1 636-323-3044,,https://www.midas.com/stlouis/store.aspx?shopnum=2190&dmanum=760,https://www.midas.com/about-midas/contact-us
Miracle-Ear,shop:hearing_aids,"284 Mid Rivers Center, Saint Peters, MO, 63376",63376,St. Peters,+1 636-284-2617,customercare1@miracleearhearing.com,https://www.miracle-ear.com/locations/stpeters-mo/,https://www.miracle-ear.com/contact-us
Missouri Farm Bureau Insurance,office:insurance,"288 Mid Rivers Center, Saint Peters, MO, 63376",63376,St. Peters,+1 636-441-4655,matt.cleary@mofb.com,https://agents.mofbinsurance.com/mo/st-peters/288-mid-rivers-ctr,
Mobil,amenity:fuel,"403 Mid Rivers Mall Drive, Saint Peters, MO, 63376",63376,St. Peters,,,,
Mobil,amenity:fuel,"4200 Mexico Road, Saint Peters, MO, 63376",63376,St. Peters,+1 636-317-1111,,https://www.ontherunstl.com/store/st.-peters-4,
Motherhood Maternity,shop:clothes,"1600 Mid Rivers Mall, Saint Peters, MO, 63376",63376,St. Peters,+1 636-278-4886,,https://stores.motherhood.com/s/mid-rivers-mall-st-peters,
Mr. B's Pool Center,shop:swimming_pool,"5895 Suemandy Drive, Saint Peters, MO, 63376",63376,St. Peters,+1 636-278-8182,,http://www.mrbpools.com/,
Nails World,shop:beauty,"354 Mid Rivers Mall Drive, Saint Peters, MO, 63376",63376,St. Peters,+1 636-279-3333,,,
Napleton Mid Rivers Maserati,shop:car,"4953 Veterans Memorial Parkway, Saint Peters, MO, 63376",63376,St. Peters,+1 888-389-6560,,https://www.maseratistl.com/,https://www.maseratistl.com/contactus
Napleton's Mid Rivers Chrysler Dodge Jeep RAM,shop:car,"4951 Veterans Memorial Parkway, Saint Peters, MO, 63376",63376,St. Peters,+1 888-472-2059,fshaffer@napleton.com,https://www.napletonsmidriverscdjr.com/,https://www.napletonsmidriverscdjr.com/contact.htm
Napleton's Mid Rivers Kia,shop:car,"4955 Veterans Memorial Parkway, Saint Peters, MO, 63376",63376,St. Peters,+1 855-823-8292,dave@napleton.com,https://www.midriverskia.com/,https://www.midriverskia.com/contact.htm
Neighbors Credit Union,amenity:bank,"4745 Mexico Road, Saint Peters, 63376",63376,St. Peters,,,,
New York & Company Outlet,shop:clothes,"1600 Mid Rivers Mall, Saint Peters, MO, 63376",63376,St. Peters,+1 636-278-3091,,https://www.nyandcompany.com/locations/mo/mid-rivers-outlet/,
Niehaus Family Dentistry,amenity:dentist,"6900 Mexico Road, Saint Peters, MO, 63376",63376,St. Peters,+1 636-278-1991,hrniehausdds@hipaamail.us,,
Northern Tool & Equipment,shop:doityourself,"4055 Veterans Memorial Parkway, Saint Peters, MO, 63376",63376,St. Peters,+1 636-486-4641,,https://www.northerntool.com/store/stpetersmo-store-saintpeters-mo,
Nothing Bundt Cakes,shop:pastry,"6123 Mid Rivers Mall Drive, Saint Peters, MO, 63376",63376,St. Peters,+1-314-492-2325,,,
NTB,shop:car_repair,"5701 Suemandy Drive, Saint Peters, MO, 63376",63376,St. Peters,+1 636-279-2210,,https://www.ntb.com/store/mo/saint-peters/5701-suemandy-dr-63376/4283,
O'Reilly Auto Parts,shop:car_parts,"683 Salt Lick Road, Saint Peters, 63376",63376,St. Peters,+1 636-281-1882,,https://locations.oreillyauto.com/mo/saintpeters/autoparts-1315.html,https://www.oreillyauto.com/contact-us
Oberweis,shop:dairy,"7090 Mexico Road, Saint Peters, MO, 63376",63376,St. Peters,+1 636 970 0105,stpeters.mo@oberweis.com,https://www.oberweis.com/ice-cream-and-dairy-stores/St%20Peters,
Office Depot,shop:stationery,"4045 Veterans Memorial Parkway, Saint Peters, MO, 63376",63376,St. Peters,+1 636-928-0211,,https://www.officedepot.com/storelocator/mo/st-peters/office-depot-34,https://www.officedepot.com/l/print-and-copy/same-day-printing?promo_name=store_page&promo_id=text&promo_creative=sameday_printing
Oil Change Plus,shop:car_repair,"3030 Mid Rivers Mall Drive, Saint Peters, MO, 63376",63376,St. Peters,+1 636-970-2999,,https://www.oilchangeplusrepair.com/,
Old Town Country Store Farmers Co-op,shop:country_store,"216 Second Street, Saint Peters, MO, 63376",63376,St. Peters,,,,
Olive Garden,amenity:restaurant,"5815 Suemandy Road, Saint Peters, MO, 63376",63376,St. Peters,+1 636-279-2822,,https://www.olivegarden.com/,https://www.olivegarden.com/contact-us
Olympia Gymnastics,leisure:fitness_centre,"248 Mid Rivers Center, Saint Peters, MO, 63376",63376,St. Peters,+1 636-970-1800,midrivers@olympiagymnastics.org,http://www.olympiadgymnastics.org/mid-rivers.html,
On the Run,shop:convenience,"203 Mid Rivers Mall Drive, Saint Peters, MO, 63376",63376,St. Peters,+1 636-397-1755,,https://ontherunstl.com/store/st.-peters-3,
On the Run,shop:convenience,"4200 Mexico Road, Saint Peters, MO, 63376",63376,St. Peters,+1 636-317-1111,,https://www.ontherunstl.com/store/st.-peters-4,
Outback Steakhouse,amenity:restaurant,"5228 North Service Road, Saint Peters, MO, 63376",63376,St. Peters,,,,
PacSun,shop:clothes,"1600 Mid Rivers Mall, Saint Peters, MO, 63376",63376,St. Peters,+1 636-278-3293,,https://www.pacsun.com/,https://www.pacsun.com/contact-us?cid=email-us
Page Law,office:lawyer,"24 Richmond Center Court, St. Peters, MO, 63376",63376,St. Peters,+1-636-278-1202,,https://www.pagelaw.com/,https://www.pagelaw.com/contact/
Painting With A Twist,shop:art,"5837 Suemandy Drive, Saint Peters, MO, 63376",63376,St. Peters,+1 636-851-9463,studio109@paintingwithatwist.com,https://www.paintingwithatwist.com/studio/st-peters,
Palm Beach Tan,shop:beauty,"7112 Mexico Road, Saint Peters, MO, 63376",63376,St. Peters,+1 636-970-9026,,https://palmbeachtan.com/locations/MO/St-Peters-Mexico-Road/,
Papa Murphy's,amenity:fast_food,"571 Mid Rivers Mall Drive, Saint Peters, MO, 63376",63376,St. Peters,+1 636-397-8888,,https://order.papamurphys.com/menu/papa-murphys-mid-rivers,https://order.papamurphys.com/menu/papa-murphys-mid-rivers
Pappas Toyota,shop:car,"10011 Spencer Road, Saint Peters, MO, 63376",63376,St. Peters,+1 877-467-5156,,https://www.pappastoyota.com/,
Party City,shop:party,"293 Mid Rivers Mall Drive, Saint Peters, MO, 63376",63376,St. Peters,+1 636-970-1440,info@stagheaddesigns.com,https://stores.partycity.com/us/mo/saintpeters/party-store-pc5202.html,https://www.partycity.com/pages/contact
Penn Station East Coast Subs,amenity:restaurant,"318 Mid Rivers Mall Drive, Saint Peters, MO, 63376",63376,St. Peters,+1 636-397-8223,,,
Pet Pals Animal Hospital,amenity:veterinary,"7464 Mexico Road, Saint Peters, MO, 63376",63376,St. Peters,+1 636-278-7257,,,
Petro-Mart,amenity:fuel,"6095 Mexico Road, Saint Peters, MO, 63376",63376,St. Peters,+1 636-928-8363,,https://www.phillips66gas.com/,https://www.phillips66gas.com/contact-us/
Phillips 66,amenity:fuel,"699 Salt Lick Road, Saint Peters, 63376",63376,St. Peters,+1 636-387-7129,,https://www.phillips66gas.com/station/P66-ST-PETERS-P66-0000886878/,
Phillips 66,amenity:fuel,"7901 Mexico Road, Saint Peters, 63376",63376,St. Peters,+1 636-379-6646,,https://www.phillips66gas.com/station/P66-SEI-26911-0000884280/,
Phillips 66,shop:convenience,"664 Jungermann Road, Saint Peters, 63376",63376,St. Peters,,,,
Phillips 66,amenity:fuel,"994 Knaust Road, Cottleville, 63376",63376,St. Peters,,,https://www.phillips66gas.com/station/P66-34-FASTLANE-0000852013/,
Piercing Pagoda,shop:jewelry,"1600 Mid Rivers Mall, Saint Peters, MO, 63376",63376,St. Peters,+1 636-397-8600,,https://www.pagoda.com/store/st-peters-mo-pag01431,https://www.pagoda.com/store/st-peters-mo-pag01431
Pirrone’s Pizzeria,amenity:restaurant,"299 Salt Lick Road, Saint Peters, 63376",63376,St. Peters,+1 636 278 3800,,https://www.pirronespizza.com/,
Pizza Hut,amenity:restaurant,"939 Jungermann Road, Saint Peters, MO, 63376",63376,St. Peters,+1 636-447-8555,,https://locations.pizzahut.com/mo/saint-peters/939-jungermann-rd,https://www.pizzahut.com/contact-us
Pizza Hut,amenity:restaurant,"7315 Mexico Road, Saint Peters, MO, 63376",63376,St. Peters,+1 636-279-2645,,https://locations.pizzahut.com/mo/saint-peters/7315-mexico-rd,https://www.pizzahut.com/contact-us
Planet Fitness,leisure:fitness_centre,"490 Mid Rivers Mall Circle, Saint Peters, MO, 63376",63376,St. Peters,+1-636-387-6025,,https://www.planetfitness.com/gyms/st-peters-mid-rivers-mall-mo,
Plato's Closet,shop:clothes,"236 Mid Rivers Center, Saint Peters, MO, 63376",63376,St. Peters,+1 636-397-8336,,https://www.platosclosetstpeters.com/,https://www.platosclosetstpeters.com/#contactUsModal
Play It Again Sports,shop:sports,"234 Mid Rivers Center, Saint Peters, MO, 63376",63376,St. Peters,+1 636-397-0100,,https://www.playitagainsportsstpeters.com/,
Plaza Tire Service,shop:tyres,"7878 Mexico Road, Saint Peters, 63376",63376,St. Peters,,customercare@sun.auto,https://www.plazatireservice.com/,https://www.plazatireservice.com/contact-us
PPG Paints,shop:paint,"5943 Suemandy Drive, Saint Peters, MO, 63376",63376,St. Peters,+1 636-397-5183,,https://www.ppgpaints.com/store-locator/us/missouri/saint-peters/ppg-paints-21901,
Precise Alterations,shop:tailor,"1600 Mid Rivers Mall, Saint Peters, MO, 63376",63376,St. Peters,+1 636-734-7823,,,
Pretzelmaker,amenity:fast_food,"1600 Mid Rivers Mall, Saint Peters, MO, 63376",63376,St. Peters,+1 636-278-5088,janedoe@mail.com,http://pretzelmaker.com/,https://www.pretzelmaker.com/contact/
Pro Image,shop:clothes,"1600 Mid Rivers Mall, Saint Peters, MO, 63376",63376,St. Peters,+1 636-279-1585,support@proimagesports.com,https://franchise.proimagesports.com/stores/mid-rivers-mall-st-peters-mo/,https://franchise.proimagesports.com/about/
Pub Decor,shop:interior_decoration,"1600 Mid Rivers Mall, Saint Peters, MO, 63376",63376,St. Peters,+1 636-278-2611,,,
Pure Hockey,shop:sports,"5833 Suemandy Drive, Saint Peters, MO, 63376",63376,St. Peters,+1 636-397-6370,store53@purehockey.com,https://www.purehockey.com/store.aspx?CDT=636713877546725742&loc_id=53,
Pure St.,office:company,"2100 Pure St, 63376",63376,St. Peters,+1-636-442-9931,,https://www.purestpeters.com,https://www.purestpeters.com/apartments/mo/saint-peters/contact-us
QuikTrip,shop:convenience,"391 Main Street, Saint Peters, MO, 63376",63376,St. Peters,,,,
QuikTrip,shop:convenience,"3000 Mid Rivers Mall Drive, Saint Peters, 63376",63376,St. Peters,,,,
QuikTrip,shop:convenience,"3847 McClay Road, Saint Peters, MO, 63376",63376,St. Peters,,,,
Rally House,shop:sports,"263 Mid Rivers Mall Drive, Saint Peters, MO, 63376",63376,St. Peters,+1 636-223-5750,rallyhousemidrivers@rallyhouse.com,https://www.rallyhouse.com/rally-house-mid-rivers,https://www.rallyhouse.com/contact-us
Red Lobster,amenity:restaurant,"4101 Veterans Memorial Parkway, Saint Peters, MO, 63376",63376,St. Peters,,,,
Red Robin,amenity:restaurant,"317 Mid Rivers Mall Drive, Saint Peters, MO, 63376",63376,St. Peters,+1 636-279-6622,,,
Red Wing,shop:shoes,"4085 Veterans Memorial Parkway, Saint Peters, 63376",63376,St. Peters,,,,
Regis Salon,shop:beauty,"1600 Mid Rivers Mall, Saint Peters, MO, 63376",63376,St. Peters,+1 636-970-3705,,https://www.regissalons.com/,
Retro Active Smoke Shop,shop:e-cigarette,"366 Mid Rivers Mall Drive, Saint Peters, MO, 63376",63376,St. Peters,+1 636-278-4301,,https://www.retroactivesmokeshop.com/,https://www.retroactivesmokeshop.com/
Roger & Hollands Jewelers,shop:jewelry,"1600 Mid Rivers Mall, Saint Peters, MO, 63376",63376,St. Peters,+1 636-764-2100,,https://rogersandhollands.com/storelocator/location/storeinfo/?id=30084,https://rogersandhollands.com/contact-us
Rokita Dancer Center,leisure:fitness_centre,"7477 Mexico Road, Saint Peters, MO, 63376",63376,St. Peters,+1 636-278-7887,,,
Ruby Tuesday,amenity:restaurant,"190 Mid Rivers Mall Circle, Saint Peters, MO, 63376",63376,St. Peters,+1 636-279-1356,,https://www.rubytuesday.com/,https://www.rubytuesday.com/contact-us/
rue21,shop:clothes,"1600 Mid Rivers Mall, Saint Peters, MO, 63376",63376,St. Peters,+1 636-278-2701,,https://stores.rue21.com/mo/st--peters/1008-mid-rivers-mall-road.html,
S & H Transportation,office:transportation,"475 Pearl Drive, O'Fallon, 63376",63376,St. Peters,,,https://www.truckshtransportation.com/,https://truckshtransportation.com/cross-platform-gaming-breaking-the-walls-between-players/
Saint Peters Rec-Plex,leisure:sports_centre,"5200 Mexico Road, Saint Peters, 63376",63376,St. Peters,,,,
SAS Dance Supply,shop:clothes,"3020 Mid Rivers Mall Drive, Saint Peters, MO, 63376",63376,St. Peters,+1 636-279-2600,sasdancesupply@gmail.com,https://www.sasdancesupply.com/,https://www.sasdancesupply.com/
Savvi Formalwear,shop:clothes,"1600 Mid Rivers Mall, Saint Peters, MO, 63376",63376,St. Peters,+1 636-970-2281,,https://savviformalwear.com/,https://savviformalwear.com/contact-us/
Schaible Dental Group,amenity:dentist,"340 Mid Rivers Mall Drive, Saint Peters, MO, 63376",63376,St. Peters,+1 636-279-1633,timothyschaible@sbcglobal.net,https://www.schaibledentalgroup.com/,
Schneider True Value,shop:hardware,"9 Main Street, Saint Peters, MO, 63376",63376,St. Peters,,,,
Schnucks,shop:supermarket,"577 Mid Rivers Mall Drive, Saint Peters, MO, 63376",63376,St. Peters,+1 636-970-2570,,https://locations.schnucks.com/mo-st-peters-110,https://locations.schnucks.com/contact-us
Schnucks Bakery,shop:bakery,"577 Mid Rivers Mall Drive, Saint Peters, MO, 63376",63376,St. Peters,+1 636-970-2570,,https://locations.schnucks.com/mo-st-peters-110,https://locations.schnucks.com/contact-us
Schnucks Florist & Gifts,shop:florist,"577 Mid Rivers Mall Drive, Saint Peters, MO, 63376",63376,St. Peters,+1 636-970-2570,,https://locations.schnucks.com/mo-st-peters-110,https://locations.schnucks.com/contact-us
Schnucks Pharmacy,amenity:pharmacy,"577 Mid Rivers Mall Drive, Saint Peters, MO, 63376",63376,St. Peters,+1 636-970-2858,,https://nourish.schnucks.com/pharmacy/,https://www.cvs.com/pharmacy/rxtransfer/transferv2/contact-info?icid=schnucks-redbox-transfer
Scooter's Coffee,shop:coffee,"322 Mid Rivers Mall Drive, Saint Peters, MO, 63376",63376,St. Peters,+1 636-387-5012,,https://scooterscoffee.com/stores/mid-rivers-dr/,
Scrubs & Beyond,shop:clothes,"4083 Veterans Memorial Parkway, Saint Peters, 63376",63376,St. Peters,,,,
Sears,shop:department_store,"3 Mid Rivers Mall Drive, Saint Peters, MO, 63376",63376,St. Peters,+1 636-970-4500,,https://www.sears.com/stores/missouri/saint-peters/0001182.html,https://www.sears.com/stores/missouri/saint-peters/0001182.html
Shamrocks,amenity:restaurant,"4177 Veterans Memorial Parkway, Saint Peters, MO, 63376",63376,St. Peters,,,,
Shamrocks Pub n Grill,amenity:restaurant,"7337 Mexico Road, Saint Peters, MO, 63376",63376,St. Peters,+1-636-939-2000,shamrocksgrill@yahoo.com,https://www.shamrocks-pubandgrill.com,https://www.shamrocks-pubandgrill.com/aboutus
Sherwin-Williams,shop:paint,"5721 Suemandy Drive, Saint Peters, MO, 63376",63376,St. Peters,+1 636-279-1010,yourname@address.com,"https://www.sherwin-williams.com/store-locator/paint-store/st-peters/mo/8471?from=St.%20Peters,%20MO%2063376,%20USA&storeNumber=21857",https://www.sherwin-williams.com/homeowners/contact-us/feedback
Shoe Dept. Encore,shop:shoes,"1600 Mid Rivers Mall, Saint Peters, MO, 63376",63376,St. Peters,+1 636-279-3708,customerservice@shoeshow.com,https://www.shoeshow.com/,https://www.shoeshowmega.com/about-us/about-us-shoe-show.html
Silky's Frozen Custard,amenity:fast_food,"3885 Mid Rivers Mall Drive, Cottleville, 63376",63376,St. Peters,,,,
Slackers,shop:video_games,"1600 Mid Rivers Mall, Saint Peters, MO, 63376",63376,St. Peters,+1 636-397-0897,,https://slackers.com/midrivers/,
Snow Factory,amenity:restaurant,"1600 Mid Rivers Mall, Saint Peters, MO, 63376",63376,St. Peters,,,,
Sonic,amenity:fast_food,"651 Salt Lick Road, Saint Peters, MO, 63376",63376,St. Peters,+1 636-387-0332,,https://locations.sonicdrivein.com/mo/saintpeters/651-salt-lick-road.html,https://locations.sonicdrivein.com/mo/saintpeters/651-salt-lick-road.html
Soulard Gyro,amenity:restaurant,"318 Mid Rivers Mall Drive, Saint Peters, MO, 63376",63376,St. Peters,,,,
Southwestern Hearing Center,shop:hearing_aids,"191 Mid Rivers Mall Drive, Saint Peters, MO, 63376",63376,St. Peters,+1 636-278-8113,info@southwesternhearing.com,https://www.southwesternhearing.com/locations/st-peters-missouri/,
Spectrum Eyeglass Repair,shop:optician,"303 Mid Rivers Mall Drive, Saint Peters, MO, 63376",63376,St. Peters,+1 636-397-0242,,https://www.spectrumeyeglassrepair.com/wp/,
Spencer's,shop:gift,"1600 Mid Rivers Mall, Saint Peters, MO, 63376",63376,St. Peters,+1 636-970-2097,,https://www.spencersonline.com/store/Mid-Rivers/35459857.uts,https://www.spencersonline.com/content.jsp?pageName=About
Sport Clips,shop:hairdresser,"189 Mid Rivers Mall Drive, Saint Peters, MO, 63376",63376,St. Peters,+1 636-278-3311,,https://haircutmenstpetersmo.com/,
Sprint,shop:mobile_phone,"4059 Veterans Memorial Parkway, Saint Peters, 63376",63376,St. Peters,,,,
St. Charles Hyundai,shop:car,"5701 Veterans Memorial Parkway, Saint Peters, MO, 63376",63376,St. Peters,+1 888-404-3103,,https://www.stcharleshyundai.com/,
St. Charles Nissan,shop:car,"5625 Veterans Memorial Parkway, Saint Peters, MO, 63376",63376,St. Peters,+1 888-375-3511,,https://www.stcharlesnissan.com/,
St. Louis Bread Company,amenity:fast_food,"290 Mid Rivers Mall, Saint Peters, MO, 63376",63376,St. Peters,+1 636-278-3555,,https://locations.panerabread.com/mo/st-peters/290-mid-rivers-mall-circle-drive.html,https://locations.panerabread.com/en-us/company/about-panera.html
St. Louis County Soil and Water Conservation District,office:government,"160 Saint Peters Centre Boulevard, Saint Peters, 63376",63376,St. Peters,,,,
St. Peters Massage,shop:massage,"1600 Mid Rivers Mall, Saint Peters, MO, 63376",63376,St. Peters,+1 636-970-0048,,,
St. Peters Rec-Plex South,leisure:sports_centre,"5250 Mexico Road, Saint Peters, MO, 63376",63376,St. Peters,+1-636-939-2386,rec-connect@stpetersmo.net,,
Starbucks,amenity:cafe,"7098 Mexico Road, Saint Peters, MO, 63376",63376,St. Peters,+1 636-278-3110,,https://www.starbucks.com/store-locator/store/13892/mexico-mid-rivers-mall-dr-7098-mexico-road-st-peters-mo-633761574-us,https://www.starbucks.com/store-locator/store/13892/mexico-mid-rivers-mall-dr-7098-mexico-road-st-peters-mo-633761574-us
Steak 'n Shake,amenity:fast_food,"1460 Jungermann Road, Saint Peters, MO, 63376",63376,St. Peters,+1 636-441-3351,,https://www.steaknshake.com/locations/mo-st-peters-jungerman-road/,https://www.steaknshake.com/about-us/
Subway,amenity:fast_food,"947 Jungermann Road, St Peters, MO, 63376",63376,St. Peters,+1 636-922-2681,,https://restaurants.subway.com/united-states/mo/st-peters/947-jungermann-rd,https://www.subway.com/en-US/ContactUs/GuestCare
Subway,amenity:fast_food,"272 Mid Rivers Center, Saint Peters, MO, 63376",63376,St. Peters,+1 636-970-2681,,,
Sunglass Hut,shop:optician,"1600 Mid Rivers Mall, Saint Peters, MO, 63376",63376,St. Peters,+1 636-970-6268,,https://www.sunglasshut.com/us,
Supplement Superstore,shop:nutrition_supplements,"181 Mid Rivers Mall Drive, Saint Peters, MO, 63376",63376,St. Peters,+1 636-970-2228,stpeters@supplementsuperstores.com,https://supplementsuperstores.com/pages/st-peters-mo,
Supplement Superstore,shop:nutrition_supplements,"338 Mid Rivers Center, Saint Peters, MO, 63376",63376,St. Peters,+1 636-970-2228,stpeters@supplementsuperstores.com,https://supplementsuperstores.com/pages/st-peters-mo,
T-Mobile,shop:mobile_phone,"330 Mid Rivers Mall Drive, Saint Peters, MO, 63376",63376,St. Peters,+1 636-922-7566,,https://www.t-mobile.com/store-locator/mo/saint-peters/mexico-mid-rivers,https://www.t-mobile.com/store-locator/mo/saint-peters/mexico-mid-rivers
Taco Bell,amenity:fast_food,"4120 Mexico Road, 63376",63376,St. Peters,,,https://locations.tacobell.com/mo/saint-peters/4120-mexico-road.html,https://locations.tacobell.com/mo/saint-peters/4120-mexico-road/breakfast.html
Taco Bell,amenity:fast_food,"159 Mid Rivers Mall Drive, Saint Peters, MO, 63376",63376,St. Peters,+1 636-970-6123,,https://locations.tacobell.com/mo/saint-peters/159-mid-rivers-mall-rd.html,https://locations.tacobell.com/mo/saint-peters/159-mid-rivers-mall-rd/breakfast.html
Tactical Shit,shop:weapons,"4110 N Service Road, Saint Peters, 63376",63376,St. Peters,,,https://shop.tacticalshit.com/,
The Children's Place,shop:clothes,"1600 Mid Rivers Mall, Saint Peters, MO, 63376",63376,St. Peters,+1 636-278-1284,customercare@childrensplace.com,https://www.childrensplace.com/us/store/midriversmall-mo-saintpeters-63376-110805,https://www.childrensplace.com/us/help-center/customer-service/contact-us
The Cove,leisure:sports_centre,"5270 Mexico Road, Saint Peters, MO, 63376",63376,St. Peters,,,,
The Edge Fitness Clubs,leisure:fitness_centre,"4025 Veterans Memorial Parkway, Saint Peters, 63376",63376,St. Peters,+1 636-486-0170,,https://www.theedgefitnessclubs.com/locations/missouri/st-peters/,
The Hair Syndicate,shop:hairdresser,"314 Mid Rivers Mall Drive, Saint Peters, MO, 63376",63376,St. Peters,+1 636-278-2602,,https://www.stltoday.com/places/beauty_spas/salons/beauty_salons/the-hair-syndicate/business_4000050791.html,https://www.stltoday.com/forms/contact/letter_to_the_editor/
The Little Gym of St. Charles,leisure:fitness_centre,"7347 Mexico Road, Saint Peters, MO, 63376",63376,St. Peters,+1 636-970-1220,tlgstcharlesmo@thelittlegym.com,https://www.thelittlegym.com/StCharlesMO,
The Pasta House Company,amenity:restaurant,"4095 Veterans Memorial Parkway, Saint Peters, MO, 63376",63376,St. Peters,,,,
The Tile Shop,shop:tiles,"5883 Suemandy Drive, Saint Peters, MO, 63376",63376,St. Peters,+1 636-397-4545,033manager@tileshop.com,https://www.tileshop.com/store-locator/st.+peters.do,
The Vape Mall,shop:e-cigarette,"356 Mid Rivers Mall Drive, Saint Peters, MO, 63376",63376,St. Peters,+1 636-387-0665,cs@thevapemall.com,https://thevapemall.com/,
Things Remembered,shop:gift,"1600 Mid Rivers Mall, Saint Peters, MO, 63376",63376,St. Peters,+1 636-970-2150,customerservice@thingsremembered.com,https://www.thingsremembered.com/,https://www.thingsremembered.com/ContactUs.aspx
Thoele Convenience Store,shop:convenience,"403 Mid Rivers Mall Drive, Saint Peters, MO, 63376",63376,St. Peters,,,,
Time Machine Antique Mall,shop:antiques,"190 Mid Rivers Center, Saint Peters, MO, 63376",63376,St. Peters,+1 636-970-0190,,http://timemachineam.com/,
Together Credit Union,amenity:bank,"1770 Woodstone Drive, Saint Peters, MO, 63376",63376,St. Peters,,,,
Torrid,shop:clothes,"1600 Mid Rivers Mall, Saint Peters, MO, 63376",63376,St. Peters,+1 636-278-2367,,https://www.torrid.com/store-details?StoreID=5626,
Toy Heaven,shop:toys,"1600 Mid Rivers Mall, Saint Peters, MO, 63376",63376,St. Peters,+1 636-970-1978,,https://www.facebook.com/toyheaven566/,https://www.facebook.com/toyheaven566/
Traffic Law Center,office:lawyer,"301 Mid Rivers Mall Drive, Saint Peters, MO, 63376",63376,St. Peters,+1 636-397-0430,,https://www.trafficlawcenters.com/traffic-law-st-peters.html,
TravelPlex,shop:travel_agency,"278 Mid Rivers Center, Saint Peters, MO, 63376",63376,St. Peters,+1 636-397-2100,,https://travelplex.com/,https://travelplex.com/about-us/contact
Treats Unleashed,shop:pet,"306 Mid Rivers Center, Saint Peters, MO, 63376",63376,St. Peters,+1 636-970-7730,info@treatsunleashed.com,https://www.treats-unleashed.com/,https://www.treats-unleashed.com/info/contact-us
Trek Bicycle St. Peters,shop:bicycle,"384 Mid Rivers Mall Drive, Saint Peters, MO, 63376",63376,St. Peters,+1 636-534-1539,,https://www.trekbikes.com/us/en_US/retail/st_peters/,https://www.trekbikes.com/us/en_US/contactUs/
Trotter Photo,shop:photo,"7478 Mexico Road, Saint Peters, MO, 63376",63376,St. Peters,+1 636-978-7689,info@trotterphoto.com,https://www.trotterphoto.com/,https://www.trotterphoto.com/contact
U-Haul,shop:rental,"7440 Mexico Road, Saint Peters, MO, 63376",63376,St. Peters,+1 636-279-1136,info@amercorealestate.com,https://www.uhaul.com/Locations/Truck-Rentals-near-Saint-Peters-MO-63376/875086/,https://www.uhaul.com/Contact/
U-Haul Authorized Dealer,amenity:car_rental,"3030 Mid Rivers Mall Drive, Saint Peters, MO, 63376",63376,St. Peters,+1 636-970-2999,,https://www.oilchangeplusrepair.com/,
U.S. Bank,amenity:bank,"577 Mid Rivers Mall Drive, Saint Peters, MO, 63376",63376,St. Peters,+1 636-970-2170,,https://locations.usbank.com/index/missouri/st-peters/mid-rivers-schnucks-branch.html,
U.S. Bank,amenity:bank,"4155 Mexico Road, Saint Peters, 63376",63376,St. Peters,,,,
Ultimate Defense Firing Range & Training Center,leisure:sports_centre,"590 Turner Boulevard, Saint Peters, MO, 63376",63376,St. Peters,,,,
V-Stock,shop:video_games,"1600 Mid Rivers Mall, Saint Peters, MO, 63376",63376,St. Peters,+1 636-278-3888,midrivers@vintagestock.com,https://vintagestock.com/,
Value City Furniture,shop:furniture,"202 Mid Rivers Center, Saint Peters, MO, 63376",63376,St. Peters,+1 636-397-9002,,https://www.valuecityfurniture.com/store-locator/mo/st-peters/202-mid-rivers-mall-drive,https://www.valuecityfurniture.com/store-locator/mo/st-peters/202-mid-rivers-mall-drive
Valvoline,shop:car_repair,"304 Mid Rivers Mall Drive, Saint Peters, MO, 63376",63376,St. Peters,+1 636-397-4856,ccsocial@valvoline.com,https://store.vioc.com/mo/stpeters/oil-change-050004.html,https://www.vioc.com/contact-us/
Vantage Credit Union,amenity:bank,"1040 Cave Springs Boulevard, Saint Peters, 63376",63376,St. Peters,,,,
Verizon,shop:mobile_phone,"330 Mid Rivers Center, Saint Peters, MO, 63376",63376,St. Peters,+1 636-279-1592,,https://www.verizonwireless.com/stores/missouri/saint-peters/st-peters-341620/,https://www.verizonwireless.com/stores/missouri/saint-peters/st-peters-341620/
Verizon,shop:mobile_phone,"3971 Veterans Memorial Parkway, Saint Peters, 63376",63376,St. Peters,,,,
Vetta 70,leisure:sports_centre,"3051 Industrial Park Place West, Saint Peters, MO, 63376",63376,St. Peters,+1-636-240-7177,vetta70@vettasports.com,https://vettasports.com/location/70,https://vettasports.com/location/70#contact
Victoria's Secret,shop:clothes,"1600 Mid Rivers Mall, Saint Peters, MO, 63376",63376,St. Peters,+1 636-278-1521,,https://www.victoriassecret.com/store-locator#/store/769,
VIP Cleaners,shop:dry_cleaning,"561 Mid Rivers Mall Drive, Saint Peters, MO, 63376",63376,St. Peters,+1 636-279-6190,,,
Visionworks,shop:optician,"1600 Mid Rivers Mall, Saint Peters, MO, 63376",63376,St. Peters,+1 636-279-1638,,https://www.visionworks.com/loc/00393,https://www.visionworks.com/loc/00393
Walgreens,amenity:pharmacy,"530 Mid Rivers Mall Drive, Saint Peters, MO, 63376",63376,St. Peters,,,https://www.walgreens.com/locator/walgreens-530+mid+rivers+mall+dr-saint+peters-mo-63376/id=2733,https://www.walgreens.com/youraccount/clhistory/contactlenshist.jsp
Walgreens,amenity:pharmacy,"499 Salt Lick Road, Saint Peters, 63376",63376,St. Peters,,,,
Walgreens,amenity:pharmacy,"1305 Jungermann Road, Saint Peters, MO, 63376",63376,St. Peters,,,,
Walmart Neighborhood Market,shop:supermarket,"3031 Mid Rivers Mall Drive, Saint Peters, MO, 63376",63376,St. Peters,+1 636-697-1054,,https://www.walmart.com/store/5427/st.-peters-mo/whats-new,https://www.walmart.com/store/5427/st.-peters-mo/whats-new
Walmart Neighborhood Market,shop:supermarket,"45 Sutters Mill Road, Saint Peters, MO, 63376",63376,St. Peters,+1 636-851-6809,,https://www.walmart.com/store/5421-saint-peters-mo,https://www.walmart.com/store/5421-saint-peters-mo
Wash N' Run,amenity:car_wash,"203 Mid Rivers Mall Drive, Saint Peters, MO, 63376",63376,St. Peters,+1 636-397-1755,,https://ontherunstl.com/store/st.-peters-3,
Waxed Carwash,amenity:car_wash,"1285 Jungermann Road, Saint Peters, 63376",63376,St. Peters,+1 314-713-4703,,,
Weber Law Firm,office:lawyer,"340 Mid Rivers Mall Drive, Saint Peters, MO, 63376",63376,St. Peters,+1 636-487-4139; +1 636-219-7272; +1 888-312-6234,matt@mattweberlaw.com,https://www.mattweberlaw.net/,
Weekends Only,shop:furniture,"411 Mid Rivers Mall Drive, Saint Peters, MO, 63376",63376,St. Peters,+1 314-447-1570,,https://www.weekendsonly.com/midrivers,
Wendy's,amenity:fast_food,"275 Mid Rivers Mall Drive, Saint Peters, MO, 63376",63376,St. Peters,+1 636-279-3071,,https://locations.wendys.com/united-states/mo/saint-peters/275-mid-rivers-mall-dr,https://www.wendys.com/contact-us
White Castle,amenity:fast_food,"4730 Mid Rivers Mall Drive, Cottleville, 63376",63376,St. Peters,,,,
White Castle,amenity:fast_food,"4201 Veterans Memorial Parkway, Saint Peters, 63376",63376,St. Peters,,,,
Wigs & Hair,shop:beauty,"212 Mid Rivers Center, Saint Peters, MO, 63376",63376,St. Peters,+1 636-387-7155,,,
Windsor,shop:clothes,"1600 Mid Rivers Mall, Saint Peters, MO, 63376",63376,St. Peters,+1 314-274-6662,store89@windsorstore.com,https://www.windsorstore.com/store/Saint-Peters-MO,https://customerserviceportal.windsorstore.com/hc/en-us/p/contact-information
Wishbone Properties,office:estate_agent,"35 Jamaica Drive, Saint Peters, MO, 63376",63376,St. Peters,+1-314-312-7264,tammy@wishbonebuyshomes.com,https://wishbonebuyshomes.com/,
Yankee Candle,shop:candles,"1600 Mid Rivers Mall, Saint Peters, MO, 63376",63376,St. Peters,+1 636-279-7190,,https://stores.yankeecandle.com/missouri/saint-peters-mo,
Yuppy Puppy,shop:pet,"299 Salt Lick Road, Saint Peters, 63376",63376,St. Peters,,,,
Zak's Barber Shop,shop:hairdresser,"431 South Church Street, Saint Peters, MO, 63376",63376,St. Peters,+1 636-448-2447,,https://www.zaksbarbershop.com/,
Ziggi's Coffee,amenity:cafe,"661 Salt Lick Road, Saint Peters, 63376",63376,St. Peters,,,https://www.ziggiscoffee.com,https://ziggiscoffee.com/contact/
Zumiez,shop:clothes,"1600 Mid Rivers Mall, Saint Peters, MO, 63376",63376,St. Peters,+1 636-279-1026,,https://www.zumiez.com/storelocator/store/index/id/1223/us/MO/StPeters/MidRiversMall,
Arby's,amenity:fast_food,"3 The Plaza, Troy, MO, 63379",63379,Troy,+1 636-528-0281,,https://www.arbys.com/locations/us/mo/troy/3-the-plaza/store-8556/,https://www.arbys.com/locations/us/mo/troy/3-the-plaza/store-8556/
Bandanas Bar-B-Q,amenity:restaurant,"70 Front Street, 63379",63379,Troy,+1-636-537-8444,info@bandanasbbq.com.com,https://www.bandanasbbq.com/location/troy-mo/,https://www.bandanasbbq.com/about-us/dine-to-donate/
Boland Plumbing Company,craft:plumber,"833 Highway KK, Troy, MO, 63379",63379,Troy,,,,
BP,amenity:fuel,"1424 South Main Street, Troy, Missouri, 63379",63379,Troy,,,,
Burger King,amenity:fast_food,"2 Front Street, Troy, MO, 63379",63379,Troy,+1 636-462-5181,,https://www.bk.com/store-locator/store/restaurant_3083,https://www.bk.com/store-locator/store/restaurant_3083
CDY Fitness LLC,leisure:fitness_centre,"116 Sarah Ann Boulevard, Troy, MO, 63379",63379,Troy,,,,
Hardee's,amenity:fast_food,"231 East Highway 47, Troy, MO, 63379",63379,Troy,+1 636-528-7222,,https://locations.hardees.com/mo/troy/231-e-highway-47,https://www.hardees.com/contact-us
Kroger,shop:supermarket,"1 Troy Square, Troy, MO, 63379",63379,Troy,+1 636-528-8667,,https://www.kroger.com/stores/grocery/mo/troy/troy-square/021/00724,https://www.kroger.com/stores/grocery/mo/troy/troy-square/021/00724
Lion's Choice,amenity:fast_food,"4 Merlin Drive, Troy, MO, 63379",63379,Troy,+1-636-528-7819,,https://lionschoice.com/,https://lionschoice.com/contact/
Matt's Automotive,shop:car_repair,"139 South Lincoln Drive, Troy, MO, 63379",63379,Troy,+1636-775-9199,,https://www.mattsautomotivemo.com/,
Mennemeyer Orthodontics,amenity:dentist,"91 Troy Square, Troy, MO, 63379",63379,Troy,,,,
Mike's Tech Spot,shop:computer,"460 Main Street, Troy, MO, 63379",63379,Troy,+1 636-775-1677,,https://www.techspottroy.com,
Naturally Designed,shop:art,"461 Main Street, Troy, MO, 63379",63379,Troy,+1-636-775-9006,,https://naturallyfired.com/,https://naturallyfired.com/
Orscheln Farm & Home,shop:country_store,"1 Lincoln Center, Troy, MO, 63379",63379,Troy,+1 636 528 8756,,,
Phillips 66,amenity:fuel,"2 Merlin Drive, Troy, MO, 63379",63379,Troy,,,https://www.phillips66gas.com/station/P66-Q-STOP-0000908236/,
Pizza Hut,amenity:restaurant,"15 Lincoln Center, Troy, MO, 63379",63379,Troy,+1 636-528-4500,,https://locations.pizzahut.com/mo/troy/15-lincoln-ctr,https://www.pizzahut.com/contact-us
Q Stop,shop:convenience,"2 Merlin Drive, Troy, MO, 63379",63379,Troy,+16365280448,,,
Sonic,amenity:fast_food,"104 North Lincoln Drive, Troy, Missouri, 63379",63379,Troy,,,,
Sunrise Villa Apartments,office:property_management,"15 Sunrise Villa Court, Troy, Missouri, 63379",63379,Troy,+1 636-775-1296,,,
Taco Bell,amenity:fast_food,"235 East Highway 47, Troy, MO, 63379",63379,Troy,+1 636-462-4873,,https://locations.tacobell.com/mo/troy/235-e--hwy-47.html,https://locations.tacobell.com/mo/troy/235-e--hwy-47/breakfast.html
Town & Country Insurance,office:insurance,"502 E Cherry St, Troy, MO, 63379",63379,Troy,+1 636-528-5288,,https://tci4u.com/,https://tci4u.com/contact.html
Troy tobacco and vape,shop:e-cigarette,"11 Troy Square, Troy, MO, 63379",63379,Troy,+1 636-775-1232,troyvapes@gmail.com,https://troytobaccoandvapemo.com/,
Walmart Supercenter,shop:supermarket,"101 Highway 47 East, Troy, MO, 63379",63379,Troy,+1 636-528-8901,,https://www.walmart.com/store/60-troy-mo,https://www.walmart.com/store/60-troy-mo
54th Street Grill and Bar,amenity:restaurant,"1897 Wentzville Parkway, Wentzville, MO, 63385",63385,Wentzville,+1-636-327-5454,,https://www.54thstreetgrill.com/wentzville-mo.html,https://www.54thstreetgrill.com/cmss_files/attachmentlibrary/contactless-menu-A.pdf
7 Brew Coffee,amenity:cafe,"1540 Wentzville Parkway, Wentzville, MO, 63385",63385,Wentzville,+1-618-992-2893,,https://7brew.com/location/missouri-wentzville-000285,https://7brew.com/about
ALDI,shop:supermarket,"150 Crossroads South Drive, Wentzville, MO, 63385",63385,Wentzville,+1-855-955-2534,,https://stores.aldi.us/mo/wentzville/150-crossroads-south-drive,https://www.aldi.us/store/aldi/pages/about-aldi
Alltru Credit Union,amenity:bank,"1232 Wentzville Parkway, Wentzville, MO, 63385",63385,Wentzville,+16369168300,,,
Andy's Frozen Custard,amenity:ice_cream,"1227 West Pearce Boulevard, 63385",63385,Wentzville,+1 636 209 4144,,https://locations.eatandys.com/ll/US/MO/Wentzville/1227-W-Pearce-Blvd,https://locations.eatandys.com/ll/US/MO/Wentzville/1227-W-Pearce-Blvd
Apache Village,shop:caravan,"971 Wilmer Road, Wentzville, MO, 63385",63385,Wentzville,+1-636-856-0867,,,
Apple Cleaners,shop:dry_cleaning,"1824 Wentzville Parkway, Wentzville, MO, 63385",63385,Wentzville,+1-636-327-8100,,https://applecleaners.com/wentzville-mo/,
Applebee's,amenity:restaurant,"1987 Wentzville Parkway, Wentzville, MO, 63385",63385,Wentzville,+1-636-332-9249,,https://restaurants.applebees.com/en-us/mo/wentzville/1987-wentzville-pkwy.-81022,https://www.applebees.com/en/contact-us
Arby's,amenity:fast_food,"1988 Wentzville Parkway, Wentzville, MO, 63385",63385,Wentzville,+1 636-327-3710,,https://www.arbys.com/locations/us/mo/wentzville/1988-wentzville-pkwy/store-7556/,https://www.arbys.com/locations/us/mo/wentzville/1988-wentzville-pkwy/store-7556/
Aspen Dental,amenity:dentist,"1600 Wentzville Parkway, Wentzville, MO, 63385",63385,Wentzville,+1-636-445-3063,,,
Auto Spa Speedy Wash,amenity:car_wash,"25 Jiffy Street, Wentzville, MO, 63385",63385,Wentzville,+1-866-678-9274,info@autospaspeedywash.com,https://autospaspeedywash.com,
AutoZone,shop:car_parts,"1206 West Pearce Boulevard, Wentzville, MO, 63385",63385,Wentzville,+1-636-327-0674,,https://www.autozone.com/locations/mo/wentzville/1206-w-pearce-blvd.html,
B&B Wentzville Tower 12,amenity:cinema,"100 Wentzville Bluffs Drive, Wentzville, 63385",63385,Wentzville,+1-636-590-7472,,https://www.bbtheatres.com/our-theatres/x0wuf-b-and-b-wentzville-tower-12/,https://www.bbtheatres.com/contact-us/
Bandana's,amenity:restaurant,"1 Ruggeri Drive, Wentzville, 63385",63385,Wentzville,+1-636-887-4050,info@bandanasbbq.com.com,https://www.bandanasbbq.com/location/wentzville-mo/,https://www.bandanasbbq.com/about-us/dine-to-donate/
Bank of America,amenity:bank,"1200 West Pearce Boulevard, Wentzville, MO, 63385",63385,Wentzville,,brandon.portell@ml.com,https://locators.bankofamerica.com/mo/wentzville/financial-centers-wentzville-15826.html,https://www.bankofamerica.com/customer-service/contact-us/
Bankhead Orthodonic Specialists,amenity:dentist,"1051 West Pearce Boulevard, Wentzville, 63385",63385,Wentzville,+1-636-332-2350,,https://bankheadortho.com/,https://bankheadortho.com/contact-us/
Beauty Brands,shop:beauty,"1894 Wentzville Parkway, Wentzville, MO, 63385",63385,Wentzville,+1-636-887-4037,,https://www.beautybrands.com/home.do,
Bob Evans,amenity:restaurant,"3001 Wentzville Parkway, Wentzville, MO, 63385",63385,Wentzville,+1-636-327-0465,,https://order.bobevans.com/menu/wentzville,https://order.bobevans.com/menu/wentzville
BP,amenity:fuel,"15260 Veterans Memorial Parkway, Wentzville, MO, 63385",63385,Wentzville,,,,
Brett Hull's Junction House,amenity:restaurant,"1311 Lodora Drive, Wentzville, MO, 63385",63385,Wentzville,+1-314-375-4855,contact@junction-house.com,https://junction-house.com,
Budget Towing Service,shop:yes,"425 Luetkenhaus Boulevard, Wentzville, MO, 63385",63385,Wentzville,+1-636-332-1300,,https://budgettowservice.com/,
Buffalo Wild Wings,amenity:restaurant,"1285 West Pearce Boulevard, Wentzville, MO, 63385",63385,Wentzville,+1-636-887-4895,,,
Burger King,amenity:fast_food,"1020 Quartz Canyon Drive, Wentzville, MO, 63385",63385,Wentzville,+1 636-327-3272,,https://www.bk.com/store-locator/store/restaurant_74992,https://www.bk.com/store-locator/store/restaurant_74992
Burlington,shop:department_store,"1927 Wentzville Parkway, 63385",63385,Wentzville,+1 636 655 4318,,https://stores.burlington.com/mo/wentzville/1704/,
Caliber Collision,shop:car_repair,"1011 Wilmer Road, Wentzville, MO, 63385",63385,Wentzville,+1-636-327-7447,,https://www.caliber.com/find-a-location/wentzville,
Cell Phone Repair,shop:mobile_phone,"1828 Wentzville Parkway, Wentzville, MO, 63385",63385,Wentzville,+1-636-887-2516,,https://www.cellphonerepair.com/wentzville-mo/,
Charlies Farm & Home True Value,shop:country_store,"1583 West Pearce Boulevard, Wentzville, 63385",63385,Wentzville,,,,
Chick-fil-A,amenity:fast_food,"1918 Wentzville Parkway, Wentzville, MO, 63385",63385,Wentzville,+1 636-639-2357,,https://www.chick-fil-a.com/Locations/MO/Wentzville,
Chillax,amenity:bar,"714 West Pearce Boulevard, Wentzville, 63385",63385,Wentzville,,,,
Chimi's Fresh-Mex,amenity:restaurant,"8 Wentzville Center Drive, 63385",63385,Wentzville,+1 636 887 4422,,http://www.chimisstl.com/,http://www.chimisstl.com/
Chipotle,amenity:fast_food,"1944 Wentzville Parkway, Wentzville, MO, 63385",63385,Wentzville,+1-636-466-8803,mo.5198.wentzville@chipotle.com,https://locations.chipotle.com/mo/wentzville/1944-wentzville-pkwy,https://chipotle.com/rewards
Clarkson Eyecare,shop:optician,"1894 Wentzville Parkway, Wentzville, 63385",63385,Wentzville,+1-636-887-4000,eyecarepartners@steadyrain.com,https://www.clarksoneyecare.com/locations/mo/wentzville/,https://www.clarksoneyecare.com/eye-care-services/contact-lens-exam
Club Pilates,leisure:fitness_centre,"1894 Wentzville Parkway, Wentzville, MO, 63385",63385,Wentzville,+1-636-856-5270,wentzville@clubpilates.com,https://www.clubpilates.com/wentzville/,https://www.clubpilates.com/contact-us
Commerce Bank,amenity:bank,"1994 Wentzville Parkway, Wentzville, MO, 63385",63385,Wentzville,,,,
Crumbl Cookies,shop:pastry,"1768 Wentzville Parkway, Wentzville, MO, 63385",63385,Wentzville,+16364455799,,,
Culver's,amenity:fast_food,"1898 Wentzville Parkway, Wentzville, MO, 63385",63385,Wentzville,+1 636-327-7537,,https://www.culvers.com/restaurants/wentzville,https://www.contactculvers.com/
CVS Pharmacy,shop:chemist,"1883 Wentzville Parkway, Wentzville, MO, 63385",63385,Wentzville,+1-636-639-7434,,,
Dairy Queen,amenity:fast_food,"702 South Church Street, Wentzville, MO, 63385",63385,Wentzville,+1-636-327-9000,,https://www.dairyqueen.com/locations/mo/wentzville/702-s-church-st/11281,
Daiso Japan,shop:variety_store,"1905 Wentzville Parkway, Wentzville, 63385",63385,Wentzville,+1-636-445-5061,daisogardenaec@daiso-usa.com,https://daisous.com,https://apps.shopify.com/form-builder-contact-form
Dick's Sporting Goods,shop:sports,"1866 Wentzville Parkway, Wentzville, MO, 63385",63385,Wentzville,+1-636-445-3081,,https://stores.dickssportinggoods.com/mo/wentzville/1193/,https://stores.dickssportinggoods.com/mo/wentzville/1193/
Dierbergs,shop:supermarket,"1820 Wentzville Parkway, Wentzville, MO, 63385",63385,Wentzville,+1-636-887-3300,,https://www.dierbergs.com/store-locations/wentzville-crossing,https://www.dierbergs.com/store-locations/wentzville-crossing
Dierbergs Florist & Gifts,shop:florist,"1820 Wentzville Parkway, Wentzville, MO, 63385",63385,Wentzville,+1 314-692-2000,,https://www.dierbergs.com/Floral,https://www.dierbergs.com/Floral
Discount Tire,shop:tyres,"1560 Wentzville Parkway, Wentzville, MO, 63385",63385,Wentzville,+1-636-698-9761,,,
Dollar General,shop:variety_store,"100 Will Ron Court, Wentzville, MO, 63385",63385,Wentzville,+1-636-445-5239,,,
Domino's,amenity:fast_food,"500 West Pearce Boulevard, Wentzville, MO, 63385",63385,Wentzville,+1 636-327-7999,olocustomercare@dominos.com,https://pizza.dominos.com/missouri/wentzville/500-w-pearce-blvd,https://www.dominos.com/en/about-pizza/
Edward Jones,office:financial_advisor,"1826 Wentzville Parkway, Wentzville, MO, 63385",63385,Wentzville,,,,
El Agave Mexican Restaurant,amenity:restaurant,"1201 Wentzville Parkway, Wentzville, 63385",63385,Wentzville,+1-636-925-2332,,https://www.elagavemxtogo.com,https://www.elagavemxtogo.com/contact#scroll-5238
El Maguey,amenity:restaurant,"1075 West Pearce Boulevard, Wentzville, 63385",63385,Wentzville,,,,
Equip Rental and Sales LLc.,shop:doityourself,"132 North Hamilton Industrial Park, Wentzville, MO, 63385",63385,Wentzville,,,,
Famous Footwear,shop:shoes,"1917 Wentzville Parkway, Wentzville, MO, 63385",63385,Wentzville,+1-636-698-9480,,https://www.famousfootwear.com/stores/mo/wentzville/63385/wentzville-crossrds-mktpl-02563,
Fantastic Sams,shop:hairdresser,"1808 Wentzville Parkway, Wentzville, MO, 63385",63385,Wentzville,+1-636-327-7010,,https://www.fantasticsams.com/about/regions/st-louis-mo/fantastic-sams-wentzville-mo,https://www.fantasticsams.com/contact-us
Farmers Insurance,office:insurance,"15366 Veterans Memorial Pkwy, Wentzville, 63385",63385,Wentzville,+1-636-875-1975,jscott@farmersagent.com,https://agents.farmers.com/mo/wentzville/justin-neskas,https://www.farmers.com/contact-us/
FedEx Office,shop:copyshop,"1875 Wentzville Parkway, Wentzville, MO, 63385",63385,Wentzville,+1-636-327-4650,,https://local.fedex.com/mo/wentzville/office-1731/,
First Community Credit Union,amenity:bank,"1000 Parkway Ridge Boulevard, Wentzville, MO, 63385",63385,Wentzville,+1-636-728-3333,,,
Five Below,shop:variety_store,"1247 West Pearce Boulevard, 63385",63385,Wentzville,+1-636-205-1600,,https://www.fivebelow.com/,
Freddy's,amenity:fast_food,"1510 Wentzville Parkway, Wentzville, MO, 63385",63385,Wentzville,+1-636-628-6964,,https://www.freddys.com/location/wentzville,https://www.freddys.com/location/wentzville
Frit's Frozen Custard,amenity:ice_cream,"1105 West Pearce Boulevard, Wentzville, MO, 63385",63385,Wentzville,+1-636-639-8088,,https://fritzsfrozencustard.com/,https://fritzsfrozencustard.com/contact-us/
Great Clips,shop:hairdresser,"1972 Wentzville Parkway, Wentzville, MO, 63385",63385,Wentzville,+1-636-332-5479,,https://salons.greatclips.com/us/mo/wentzville/1972-wentzville-pkwy,https://salons.greatclips.com/us/mo/wentzville/1972-wentzville-pkwy
HNB Bank,amenity:bank,"1977 Wentzville Parkway, Wentzville, MO, 63385",63385,Wentzville,+1-636-332-4462,,,
HomeGoods,shop:department_store,"1281 West Pearce Boulevard, 63385",63385,Wentzville,+1 636 327 3483,,https://www.homegoods.com/store-details/Wentzville-MO-63385/1048,https://www.homegoods.com/store-details/Wentzville-MO-63385/1048#about
Hotshots Sports Bar and Grill,amenity:restaurant,"49 Wentzville Bluffs Drive, Wentzville, 63385",63385,Wentzville,+1 636-887-2751,customerservice@hotshotsnet.com,https://hotshotsnet.com/locations/wentzville-mo/,https://hotshotsnet.com/contact/
IHOP,amenity:restaurant,"10 Layla Lane, Wentzville, MO, 63385",63385,Wentzville,+1-636-887-4467,,https://restaurants.ihop.com/en-us/mo/wentzville/breakfast-10-layla-ln-2074,https://www.ihop.com/en/contact-us
Imo's Pizza,amenity:fast_food,"1127 West Pearce Boulevard, Wentzville, 63385",63385,Wentzville,,,,
Jack in the Box,amenity:fast_food,"1992 Wentzville Parkway, Wentzville, MO, 63385",63385,Wentzville,+1 636-332-2277,,https://locations.jackinthebox.com/us/mo/wentzville/1992-wentzville-pkwy,https://jackinthebox.com/contact
Jiffy Lube,shop:car_repair,"11 Jiffy Street, Wentzville, MO, 63385",63385,Wentzville,+1-636-332-9671,,https://www.jiffylube.com/locations/mo/wentzville/2918,https://www.jiffylube.com/contact
Jimmy John's,amenity:fast_food,"1867 Wentzville Parkway, Wentzville, MO, 63385",63385,Wentzville,+1-636-639-6499,,https://www.jimmyjohns.com/find-a-jjs/#/63385,https://www.jimmyjohns.com/find-a-jjs/#/63385
KFC,amenity:fast_food,"718 West Pearce Boulevard, Wentzville, MO, 63385",63385,Wentzville,+1 636-327-7066,,https://locations.kfc.com/mo/wentzville/718-west-pearce-boulevard,https://www.kfc.com/contact
Kirkland's,shop:interior_decoration,"1259 West Pearce Boulevard, 63385",63385,Wentzville,+1 636 639 2391,,https://www.kirklands.com/custserv/store.jsp?storeName=Wentzville%20Crossroads,
Kohl's,shop:department_store,"1239 West Pearce Boulevard, Wentzville, MO, 63385",63385,Wentzville,+1-636-327-1666,,https://www.kohls.com/stores/mo/wentzville-119.shtml,https://www.kohls.com/faq/article/623
Kohls + Sephora,shop:department_store,"1239 West Pearce Boulevard, 63385",63385,Wentzville,+1-636-327-1666,,https://www.kohls.com/stores/mo/wentzville-119.shtml,https://www.kohls.com/faq/article/623
Kraner Family Dentistry,amenity:dentist,"1838 Wentzville Parkway, Wentzville, MO, 63385",63385,Wentzville,+1-636-856-5274,office@kranerfamilydentistry.com,https://kranerfamilydentistry.com/,https://kranerfamilydentistry.com/contact-us/
Lion's Choice,amenity:fast_food,"901 West Pearce Boulevard, Wentzville, MO, 63385",63385,Wentzville,+1-636-856-5266,,,
Little Caesars,amenity:fast_food,"1126 West Pearce Boulevard, Wentzville, MO, 63385",63385,Wentzville,+1-636-887-0899,,https://littlecaesars.com/en-us/store/10456/,https://littlecaesars.com/en-us/store/10456/
Los Portales,amenity:restaurant,"503 West Pearce Boulevard, Wentzville, 63385",63385,Wentzville,+1-636-639-1522,,https://www.yelp.com/biz/los-portales-restaurant-and-grocery-wentzville,
Lowe's,shop:doityourself,"1889 Wentzville Parkway, Wentzville, MO, 63385",63385,Wentzville,+1 636-327-4711,,https://www.lowes.com/store/mo-wentzville/2761,https://www.lowes.com/store/mo-wentzville/2761
LuLu's Shaved Ice,amenity:ice_cream,"904 Main Plaza Drive, Wentzville, MO, 63385",63385,Wentzville,+1-636-639-7423,lulusshavedice@charter.net,https://www.lulusshavedice.com/,https://www.lulusshavedice.com/
Marks Jewelry Co,shop:jewelry,"504 West Pearce Boulevard, Wentzville, 63385",63385,Wentzville,,marksjewelryco@yahoo.com,https://www.marksjewelryco.com/,https://www.marksjewelryco.com/contact-us.aspx
Massage Luxe,shop:massage,"1851 Wentzville Parkway, Wentzville, MO, 63385",63385,Wentzville,+1-636-639-6006,,https://massageluxe.com/,https://massageluxe.com/contact-us/
Mattress Direct,shop:bed,"1800 Wentzville Parkway, Wentzville, MO, 63385",63385,Wentzville,+1-636-639-5360,,https://stlmattressdirect.com/wentzville/,https://stlmattressdirect.com/wentzville/
Mattress Firm,shop:bed,"1871 Wentzville Parkway, Wentzville, MO, 63385",63385,Wentzville,+1 636-332-6750,,https://www.mattressfirm.com/stores/mo/wentzville/mattress-stores-wentzville-mo-63385-5912.html,
McAlister's Deli,amenity:restaurant,"1772 Wentzville Parkway, Wentzville, MO, 63385",63385,Wentzville,+1-636-445-5770,tripadvisorreviews@medallia.com,https://locations.mcalistersdeli.com/mo/wentzville/1772-wentzville-parkway,https://survey3.medallia.com/?mcalisters-contact-us&amp;br=5
McDonald's,amenity:fast_food,"1300 Neela Road, Wentzville, MO, 63385",63385,Wentzville,+1-636-327-0444,,https://www.mcdonalds.com/us/en-us/location/mo/wentzville/1300-neela-rd/40938.html,https://www.mcdonalds.com/us/en-us/contact-us.html
McDonald's,amenity:fast_food,"766 West Pearce Boulevard, Wentzville, MO, 63385",63385,Wentzville,+1 636-332-8800,,https://www.mcdonalds.com/us/en-us/location/4683.html,https://www.mcdonalds.com/us/en-us/contact-us.html
Mers Goodwill Store,shop:second_hand,"1170 Wentzville Parkway, 63385",63385,Wentzville,+1-636-213-2705,,https://mersgoodwill.org/stores/wentzville-goodwill-store-and-donation-center/,https://mersgoodwill.org/contact-us/
MFA Agri Services,shop:farm_supply,"210 West Main Street, Wentzville, 63385",63385,Wentzville,+1 636 327 6236,,,
Michaels,shop:craft,"1856 Wentzville Parkway, Wentzville, MO, 63385",63385,Wentzville,+1 636-327-1891,michaels@michaels.com,https://locations.michaels.com/MO/WENTZVILLE/6755/,https://locations.michaels.com/MO/WENTZVILLE/6755/
Midas,shop:car_repair,"2 Jiffy Street, Wentzville, MO, 63385",63385,Wentzville,+1-636-821-8036,,https://www.midas.com/stlouis/store.aspx?shopnum=4237&dmanum=760,https://www.midas.com/about-midas/contact-us
"Missouri Crane, Inc.",amenity:car_rental,"29 East Highway N, Wentzville, 63385",63385,Wentzville,+1-636-441-4100,info@missouricrane.com,https://www.missouricrane.com/,https://www.missouricrane.com/about-us
Mobil,amenity:fuel,"1744 Wentzville Parkway, Wentzville, MO, 63385",63385,Wentzville,+1-636-332-9000,,,
MotoMart,amenity:fuel,"101 Discovery Center Drive, Wentzville, MO, 63385",63385,Wentzville,+1-636-655-8290,,,
My Crossroads Dentist,amenity:dentist,"1849 Wentzville Parkway, Wentzville, MO, 63385",63385,Wentzville,+1-636-639-1720,,https://www.mycrossroadsdentist.com/,https://www.mycrossroadsdentist.com/
Nail Spa,shop:beauty,"1251 West Pearce Boulevard, 63385",63385,Wentzville,+1 636 327 6666,,https://nailsspawentzville.com/,https://nailsspawentzville.com/#simpleContact
Nothing Bundt Cakes,shop:pastry,"1600 Wentzville Parkway, Wentzville, MO, 63385",63385,Wentzville,+1-636-466-8006,,,
O'Reilly Auto Parts,shop:car_parts,"1906 Wentzville Parkway, Wentzville, MO, 63385",63385,Wentzville,+1-636-327-4141,,https://locations.oreillyauto.com/mo/wentzville/autoparts-1763.html,https://www.oreillyauto.com/contact-us
Olive Garden,amenity:restaurant,"1280 West Pearce Boulevard, Wentzville, MO, 63385",63385,Wentzville,+1-636-332-2250,,https://www.olivegarden.com/locations/mo/wentzville/wentzville-crossing-south/1841,https://www.olivegarden.com/locations/mo/wentzville/wentzville-crossing-south/1841
On the Run,shop:convenience,"1744 Wentzville Parkway, Wentzville, MO, 63385",63385,Wentzville,,,,
Panda Express,amenity:fast_food,"1985 Wentzville Parkway, Wentzville, MO, 63385",63385,Wentzville,+1-636-327-3083,,https://www.pandaexpress.com/locations/mo/wentzville/2159,
Panera Bread,amenity:fast_food,"1212 West Pearce Boulevard, Wentzville, MO, 63385",63385,Wentzville,+1 636-327-0662,,https://www.panerabread.com/en-us/mypanera/find-a-panera.html#wentzville%20missouri_10,https://www.panerabread.com/en-us/company/about-panera.html
Papa John's,amenity:fast_food,"703 West Pearce Boulevard, Wentzville, MO, 63385",63385,Wentzville,+1 636-327-7272,,https://locations.papajohns.com/united-states/mo/63385/wentzville/703-w-pearce-blvd,https://locations.papajohns.com/united-states/mo/63385/wentzville/703-w-pearce-blvd
Parlor Doughnuts,amenity:fast_food,"708 South Church Street, Wentzville, MO, 63385",63385,Wentzville,+1-636-856-0302,info@parlordoughnuts.com,https://www.parlordoughnuts.com/shops/wentzville-mo,https://www.parlordoughnuts.com/about
Penn Station,amenity:fast_food,"1780 Wentzville Parkway, Wentzville, MO, 63385",63385,Wentzville,+1-636-639-6020,,,
Performance Plumbing,craft:plumber,"1104 South Callahan Road, Wentzville, MO, 63385",63385,Wentzville,+1-636-332-8220,,https://www.performanceplumbinginc.com/,https://www.performanceplumbinginc.com/contact/careers
Pete's Drive In,amenity:restaurant,"1009 East Pearce Boulevard, Wentzville, 63385",63385,Wentzville,,,,
PetSmart,shop:pet,"1846 Wentzville Parkway, Wentzville, MO, 63385",63385,Wentzville,+1 636-327-5125,,https://www.petsmart.com/store-locator/store/?storeID=1685,
Phillips 66,amenity:fuel,"1235 Wentzville Parkway, Wentzville, MO, 63385",63385,Wentzville,,,,
Pitman Funeral Home,shop:funeral_directors,"1545 Wentzville Parkway, Wentzville, MO, 63385",63385,Wentzville,+1-636-327-6600,pitmanfuneralhome@hotmail.com,,
Pizza Ranch,amenity:restaurant,"1225 Wentzville Parkway, Wentzville, 63385",63385,Wentzville,+1-636-887-2890,ranchrewards@pizzaranch.com,https://pizzaranch.com/locations/mo/wentzville/1225-wentzville-parkway,https://pizzaranch.com/about/contact-us
Planet Fitness,leisure:fitness_centre,"99 Wentzville Bluffs Drive, Wentzville, 63385",63385,Wentzville,,,,
PNC Bank,amenity:bank,"1893 Wentzville Parkway, Wentzville, MO, 63385",63385,Wentzville,,,,
Poage Chevrolet,shop:car,"851 West Pearce Boulevard, Wentzville, MO, 63385",63385,Wentzville,,,,
QuikTrip,shop:convenience,"55 Wentzville Parkway, Wentzville, 63385",63385,Wentzville,,,,
QuikTrip,amenity:fuel,"1140 West Pearce Boulevard, Wentzville, MO, 63385",63385,Wentzville,,,,
Raising Cane's,amenity:fast_food,"1580 Wentzville Parkway, Wentzville, MO, 63385",63385,Wentzville,+1-636-345-9604,,https://locations.raisingcanes.com/mo/wentzville/1580-wentzville-parkway,https://raisingcanes.com/contact-us
Regions Bank,amenity:bank,"1843 Wentzville Parkway, Wentzville, MO, 63385",63385,Wentzville,+1-800-734-4667,,,
Revolve Reclaimed Clothing Exchange,shop:clothes,"1444 West Meyer Road, 63385",63385,Wentzville,+1-636-856-9775,,https://www.sproutrevolveresale.com/,https://www.sproutrevolveresale.com/contact-8
Rizzo's Bar & Grill,amenity:restaurant,"1155 Wentzville Parkway, Wentzville, MO, 63385",63385,Wentzville,+1-636-332-6757,kjgoddard07@gmail.com,https://rizzosbarandgrill.com/,https://rizzosbarandgrill.com/contact
Ross Dress for Less,shop:department_store,"1275 West Pearce Boulevard, 63385",63385,Wentzville,+1 636 327 6047,,https://www.rossstores.com/,https://www.rossstores.com/contact-us/
Rural King,shop:country_store,"15190 Veterans Memorial Parkway, Wentzville, 63385",63385,Wentzville,+1-636-332-9003,,https://www.ruralking.com/wentzville-mo,https://www.openstreetmap.org/about
Sakura Hibachi & Sushi,amenity:restaurant,"1119 West Pearce Boulevard, Wentzville, 63385",63385,Wentzville,+1-636-327-5068,,https://www.wentzvillesakura.com/,https://www.wentzvillesakura.com/#about
Sam's Club,shop:wholesale,"3055 Bear Creek Drive, Wentzville, MO, 63385",63385,Wentzville,+1-636-698-9774,,https://samsclub.com,https://samsclub.com
Sam's Club Gas Station,amenity:fuel,"3055 Bear Creek Drive, Wentzville, MO, 63385",63385,Wentzville,,,,
Sauce on the Side,amenity:restaurant,"1764 Wentzville Parkway, Wentzville, MO, 63385",63385,Wentzville,+16368569255,,https://sauceontheside.com/,https://sauceontheside.com/
Save-A-Lot,shop:supermarket,"715 West Pearce Boulevard, Wentzville, 63385",63385,Wentzville,,,https://savealot.com/grocery-stores/wentzville-63385-61369/,
Scrubbles Car Wash,amenity:car_wash,"15268 Veterans Memorial Parkway, Wentzville, MO, 63385",63385,Wentzville,,,,
Smoothie King,amenity:fast_food,"1861 Wentzville Parkway, Wentzville, MO, 63385",63385,Wentzville,+1-636-856-1660,,https://locations.smoothieking.com/ll/US/MO/Wentzville/1861-Wentzville-Pkwy,https://www.contactus.smoothiekingfeedback.com/
Southwestern Hearing Center,shop:hearing_aids,"1830 Wentzville Parkway, Wentzville, MO, 63385",63385,Wentzville,+1-636-327-4880,info@southwesternhearing.com,https://www.southwesternhearing.com/locations/wentzville-missouri/,https://www.southwesternhearing.com/about/contact-us/
Spectrum,shop:telecommunication,"1570 Wentzville Parkway, Wentzville, MO, 63385",63385,Wentzville,+1-866-874-2389,,https://www.spectrum.com/locations/mo/wentzville/1570-wentzville-pkwy,https://www.spectrum.com/locations/mo/wentzville/1570-wentzville-pkwy#contact
Splash Station,leisure:sports_centre,"1141 Peine Road, Wentzville, MO, 63385",63385,Wentzville,+1-636-327-5104,,,
Sproutfitters Children's Resale,shop:second_hand,"519 West Pearce Boulevard, Wentzville, 63385",63385,Wentzville,,,,
Starbucks,amenity:cafe,"1877 Wentzville Parkway, Wentzville, MO, 63385",63385,Wentzville,+1 636-327-4158,,https://www.starbucks.com/store-locator/store/17408/wentzville-i-70-1877-wentzville-parkway-wentzville-mo-633853896-us,https://www.starbucks.com/store-locator/store/17408/wentzville-i-70-1877-wentzville-parkway-wentzville-mo-633853896-us
Steak 'n Shake,amenity:fast_food,"1134 West Pearce Boulevard, Wentzville, MO, 63385",63385,Wentzville,+1-636-639-5253,,https://www.steaknshake.com/locations/mo-wentzville-w-pearce-boulevard/,https://www.steaknshake.com/about-us/
Stefanina's,amenity:restaurant,"762 West Pearce Boulevard, Wentzville, 63385",63385,Wentzville,+1-636-327-5800,,https://stefaninas-wentzville.com/,https://www.stefaninas-wentzville.com/contact
Stone Summit Steak & Seafood,amenity:restaurant,"17 Cliff View Drive, Wentzville, 63385",63385,Wentzville,,,,
Stonemoor Pool,leisure:sports_centre,"99 Golden Gate Parkway, Wentzville, MO, 63385",63385,Wentzville,,,,
Subway,amenity:fast_food,"608 West Pearce Boulevard, Wentzville, MO, 63385",63385,Wentzville,+1 636-639-1155,,https://restaurants.subway.com/united-states/mo/wentzville/608-w-pearce,https://www.subway.com/en-US/ContactUs/GuestCare
Subway,amenity:fast_food,"1201 Wentzville Parkway, Wentzville, MO, 63385",63385,Wentzville,+1-636-856-1164,,https://restaurants.subway.com/united-states/mo/wentzville/1201-wentzville-parkway,https://www.subway.com/en-US/ContactUs/GuestCare
Sugarfire Smoke House,amenity:restaurant,"1101 Lodora Drive, Wentzville, 63385",63385,Wentzville,+1 636-445-7313,,https://sugarfiresmokehouse.com/locations/mo-wentzville/,https://sugarfiresmokehouse.com/contact-us
Sunny Street Cafe,amenity:cafe,"1814 Wentzville Parkway, Wentzville, MO, 63385",63385,Wentzville,+1-636-639-7473,info@sunnystreetcafe.com,https://www.sunnystreetcafe.com/locations/missouri-locations/wentzville/,https://www.sunnystreetcafe.com/contact-splash/
Supplement Superstore,shop:nutrition_supplements,"1894 Wentzville Parkway, Wentzville, MO, 63385",63385,Wentzville,+1-636-432-1880,wentzville@supplementsuperstores.com,https://supplementsuperstores.com/pages/wentzville-mo,https://supplementsuperstores.com/pages/wentzville-mo
Syberg's,amenity:restaurant,"1218 West Pearce Boulevard, Wentzville, 63385",63385,Wentzville,+1-636-735-7701,,https://sybergs.com/locations/wentzville/,https://sybergs.com/contact/
T-Mobile,shop:mobile_phone,"1784 Wentzville Parkway, Wentzville, MO, 63385",63385,Wentzville,+16365424450,,,
Taco Bell,amenity:fast_food,"1139 West Pearce Boulevard, Wentzville, MO, 63385",63385,Wentzville,+1-636-639-6822,,https://locations.tacobell.com/mo/wentzville/1139-w--pearce-blvd-.html,https://locations.tacobell.com/mo/wentzville/1139-w--pearce-blvd-/breakfast.html
Target,shop:department_store,"1883 Wentzville Parkway, Wentzville, MO, 63385",63385,Wentzville,+1 636-639-7414,,https://www.target.com/sl/wentzville/2345,https://www.target.com/help/contact-us
Tattooed Dog,amenity:restaurant,"11 Wentzville Bluffs Drive, Wentzville, MO, 63385",63385,Wentzville,,,https://www.tattooeddog.com/,https://www.tattooeddog.com/about-us/
Texas Roadhouse,amenity:restaurant,"15150 Veterans Memorial Parkway, Wentzville, MO, 63385",63385,Wentzville,+1-636-327-7225,,https://www.texasroadhouse.com/locations/622-wentzvillemo,
The Goat House Pub,amenity:pub,"11 West Allen Street, Wentzville, MO, 63385",63385,Wentzville,,,,
The Home Depot,shop:doityourself,"1920 Wentzville Parkway, Wentzville, MO, 63385",63385,Wentzville,+1 636-327-0897,,https://www.homedepot.com/l/wentzville/mo/wentzville/63385/3025,
The Missouri Bank,amenity:bank,"1145 West Pearce Boulevard, Wentzville, MO, 63385",63385,Wentzville,+1-636-327-4900,,https://www.themissouribank.com/Locations,https://www.themissouribank.com/about-us/
Treats Unleashed,shop:pet,"1570 Wentzville Parkway, Wentzville, MO, 63385",63385,Wentzville,+16362789200,,,
U-Gas,shop:convenience,"1235 Wentzville Parkway, Wentzville, MO, 63385",63385,Wentzville,,,,
U-Haul,shop:rental,"1701 Discovery Center Drive, Wentzville, MO, 63385",63385,Wentzville,+1-636-856-5274,,,
UAW local 2250 Union Hall,office:union,"1395 East Pearce Boulevard, Wentzville, MO, 63385",63385,Wentzville,+1-636-327-5796,,https://uawlocal2250.net/live/,https://uawlocal2250.net/live/index.php/contacts/
Ulta Beauty,shop:cosmetics,"1279 West Pearce Boulevard, 63385",63385,Wentzville,+1 636 538 5401,,https://www.ulta.com/stores/wentzville-mo-1573,https://www.ulta.com/stores/wentzville-mo-1573
USA Resale,shop:second_hand,"1251 Wentzville Parkway, Wentzville, MO, 63385",63385,Wentzville,+1-636-327-7666,user@domain.com,https://www.usaresale.com/,https://www.usaresale.com/about-us
Vantage Credit Union,amenity:bank,"1750 Wentzville Parkway, Wentzville, MO, 63385",63385,Wentzville,,,,
Verizon,shop:mobile_phone,"1859 Wentzville Parkway, Wentzville, MO, 63385",63385,Wentzville,+1-636-327-4788,,https://www.verizonwireless.com/stores/missouri/wentzville/wentzville-323923/,https://www.verizonwireless.com/stores/missouri/wentzville/wentzville-323923/
Victorian Nails,shop:beauty,"1812 Wentzville Parkway, Wentzville, MO, 63385",63385,Wentzville,+1-636-327-0575,contact@victoriannails.com,https://www.victoriannails.com/,https://victoriannails.com/contact-us/
Waffle House,amenity:restaurant,"1131 West Pearce Boulevard, Wentzville, MO, 63385",63385,Wentzville,+1-636-639-9741,,https://locations.wafflehouse.com/wentzville-mo-1368/,https://www.wafflehouse.com/contact/
Walgreens,amenity:pharmacy,"1993 Wentzville Parkway, Wentzville, MO, 63385",63385,Wentzville,+1-636-332-6217,,https://www.walgreens.com/locator/walgreens-1993+wentzville+pkwy-wentzville-mo-63385/id=4584,https://www.walgreens.com/youraccount/clhistory/contactlenshist.jsp
Walgreens,shop:chemist,"1053 Meyer Road, Wentzville, MO, 63385",63385,Wentzville,+1-636-332-2443,,,
Walmart Supercenter,shop:supermarket,"1971 Wentzville Parkway, Wentzville, MO, 63385",63385,Wentzville,+1 636-327-5155,,https://www.walmart.com/store/243-wentzville-mo,https://www.walmart.com/store/243-wentzville-mo
Wendy's,amenity:fast_food,"1233 West Pearce Boulevard, Wentzville, MO, 63385",63385,Wentzville,+1 636-327-7041,,https://locations.wendys.com/united-states/mo/wentzville/1233-west-pearce-blvd,https://www.wendys.com/contact-us
Wentzville Animal Hospital,amenity:veterinary,"1120 West Pearce Boulevard, Wentzville, MO, 63385",63385,Wentzville,+1-636-332-4411,,https://lovefamilyvet.com/team/,
Wentzville Family Diner,amenity:restaurant,"403 Luetkenhaus Boulevard, Wentzville, 63385",63385,Wentzville,,,,
Wentzville Ice Arena,leisure:sports_centre,"910 Main Plaza Drive, Wentzville, MO, 63385",63385,Wentzville,+1-636-639-7600,parkadmin@wentzvillemo.gov,https://www.wentzvillemo.gov/parks-and-recreation/parks-facilities/find-a-park-or-facility/wentzville-ice-arena/,https://www.wentzvillemo.gov/parks-and-recreation/about-parks-rec/contact-parks-and-recreation/
Wentzville Rec Center,leisure:sports_centre,"500 Great Oaks Boulevard, Wentzville, MO, 63385",63385,Wentzville,+1-636-332-9236,,,
West Allen Grill,amenity:restaurant,"9 West Allen Street, Wentzville, MO, 63385",63385,Wentzville,+1-636-327-3030,westallengrill@gmail.com,http://westallengrill.com,
White Castle,amenity:fast_food,"1983 Wentzville Parkway, Wentzville, 63385",63385,Wentzville,+1 636 332-5631,,,
Wingstop,amenity:fast_food,"1855 Wentzville Parkway, Wentzville, MO, 63385",63385,Wentzville,+1-636-534-9464,helpdesk@wingstop.com,https://wingstop.com,https://wingstop.com
Zisser Tire,shop:tyres,"1250 Mexico Road, Wentzville, MO, 63385",63385,Wentzville,+1-636-327-6411,,,
