name,category,event_fit,address,zip,city,phone,email,website,contact_page
1818 Chophouse,Restaurant / Catering,Both,"6170 Bennett Drive, Edwardsville, 62025",62025,"Edwardsville, IL",,info@1818chophouse.com,https://1818chophouse.com/,https://1818chophouse.com/contact/
1st Mid America Credit Union,Bank / Credit Union,Gala,"1702 Troy Road, Edwardsville, IL, 62025",62025,"Edwardsville, IL",+1-618-258-3168,,https://www.1stmidamerica.org/,https://www.1stmidamerica.org/contact/contact-us
54th Street Grill & Bar,Restaurant / Catering,Both,"6660 Edwardsville Crossing Drive, Edwardsville, IL, 62025",62025,"Edwardsville, IL",+1-618-656-5455,,https://www.54thstreetrestaurants.com/edwardsville-il.html,https://www.54thstreetgrill.com/cmss_files/attachmentlibrary/contactless-menu-A.pdf
AAA Insurance & Travel,Insurance Agency,Both,"6655 Edwardsville Crossing Drive, Edwardsville, IL, 62025",62025,"Edwardsville, IL",+1-618-659-4622,,https://www.ace.aaa.com/locations/Edwardsville-62025-138,https://www.ace.aaa.com/locations/Edwardsville-62025-138
Allstate,Insurance Agency,Both,"1500 Troy Road, Edwardsville, IL, 62025",62025,"Edwardsville, IL",,,https://agents.allstate.com/usa/il/edwardsville,
American Legion Golf Course,Country Club / Golf,Gala,"58 South State Route 157, Edwardsville, IL, 62025",62025,"Edwardsville, IL",+1-618-656-9774,ilpost199@gmail.com,https://www.edwardsvillelegion.com/,https://www.edwardsvillelegion.com/contact
Ashley HomeStore,Furniture & Home,Gala,"6609 Edwardsville Crossing Drive, Edwardsville, IL, 62025",62025,"Edwardsville, IL",+1 618-656-2333,,https://stores.ashleyfurniture.com/store/us/illinois/edwardsville/7710000148/,https://stores.ashleyfurniture.com/store/us/illinois/edwardsville/7710000148/
AutoZone,Auto Parts,Car Show,"430 South Buchanan Street, Edwardsville, IL, 62025",62025,"Edwardsville, IL",+1-618-692-1990,,https://www.autozone.com/locations/il/edwardsville/430-s-buchanan-st.html,
Backstage Bar & Patio,Bar / Pub,Both,"228, Edwardsville, IL, 62025",62025,"Edwardsville, IL",+1-618-307-5546,backstagebarsocialmedia@gmail.com,,
Bank of Hillsboro,Bank / Credit Union,Gala,"2496 Troy Road, Edwardsville, IL, 62025",62025,"Edwardsville, IL",,,https://www.bankhillsboro.com/,https://www.constitutionbank.com/contact-us/
Bann Thai,Restaurant / Catering,Both,"4 Club Centre Court, Edwardsville, IL, 62025",62025,"Edwardsville, IL",+1-618-307-5894,bannthaiinc@gmail.com,https://bannthaiinc.com/,
Bella Milano,Restaurant / Catering,Both,"1063 South State Rt 157, Edwardsville, IL, 62025",62025,"Edwardsville, IL",+1-618-659-2100,,https://bellamilanos.com/edwardsville/,https://bellamilanos.com/edwardsville/
Bin 51 Wine @ Spirits,Liquor / Wine,Both,"118 North Main Street, Edwardsville, IL, 62025",62025,"Edwardsville, IL",,,,
BP,Fuel / Convenience,Car Show,"415 North Main Street, Edwardsville, IL, 62025",62025,"Edwardsville, IL",+1-618-656-3357,,,
Buffalo Wild Wings,Restaurant / Catering,Both,"249 Harvard Drive, Edwardsville, IL, 62025",62025,"Edwardsville, IL",+1-618-656-9464,,https://www.buffalowildwings.com/locations/us/il/edwardsville/249-harvard-drive/sports-bar-1148/,https://www.buffalowildwings.com/locations/us/il/edwardsville/249-harvard-drive/sports-bar-1148/
Busey Bank,Bank / Credit Union,Gala,"2004 Troy Road, Edwardsville, IL, 62025",62025,"Edwardsville, IL",,tmsupport@busey.com,https://www.busey.com,https://www.busey.com/busey/customer-care/contact-us
Busey Bank,Bank / Credit Union,Gala,"330 West Vandalia Street, Edwardsville, IL, 62025",62025,"Edwardsville, IL",,tmsupport@busey.com,https://www.busey.com,https://www.busey.com/busey/customer-care/contact-us
Busey Bank,Bank / Credit Union,Gala,"317 West Park Street, Edwardsville, IL, 62025",62025,"Edwardsville, IL",,,,
Carrollton Bank,Bank / Credit Union,Gala,"245 South Buchanan Street, Edwardsville, IL, 62025",62025,"Edwardsville, IL",,,,
Chase,Bank / Credit Union,Gala,"248 Harvard Drive, Edwardsville, IL, 62025",62025,"Edwardsville, IL",+1 618-800-4469,,https://locator.chase.com/il/edwardsville/248-harvard-dr,https://locator.chase.com/digital/resources/privacy-security/security/how-to-spot-scams
Circle K,Fuel / Convenience,Car Show,"1089 South State Route 157, Edwardsville, 62025",62025,"Edwardsville, IL",,,,
Club Carwash,Car Wash / Detail,Car Show,"6627 Governors Parkway, Edwardsville, IL, 62025",62025,"Edwardsville, IL",,,https://clubcarwash.com/locations/edwardsville-il-governors-parkway/,https://clubcarwash.com/locations/edwardsville-il-governors-parkway/
CMT,Professional Services,Gala,"314 Wolf Street, Edwardsville, IL, 62025",62025,"Edwardsville, IL",+1-618-656-0470,,https://www.cmtengr.com/,https://www.cmtengr.com/contact-us/
Coldwell Banker,Real Estate,Gala,"2205 South State Route 157, Edwardsville, IL, 62025",62025,"Edwardsville, IL",+1-618-692-7290,info@cbbrownrealtors.com,https://www.coldwellbanker.com/il/edwardsville/offices/coldwell-banker-brown-realtors/oid-P00400000FDdqSVuMbGoHiNkfT5hMguxnoFBq0ix,
Comfort Inn,Hotel / Hospitality,Gala,"3080 South State Route 157, Edwardsville, IL, 62025",62025,"Edwardsville, IL",+1-618-656-4900,,https://www.choicehotels.com/illinois/edwardsville/comfort-inn-hotels/il423,
Comfort Inn & Conference Center,Hotel / Hospitality,Gala,"3080 South State Route 157, Edwardsville, IL, 62025",62025,"Edwardsville, IL",+1 855-973-7215,,http://www.comfortinn.com/hotel-edwardsville-illinois-IL423?source=pmftripblaw&pmf=tripbl,
Commerce Bank,Bank / Credit Union,Gala,"6675 Edwardsville Crossing Drive, Edwardsville, IL, 62025",62025,"Edwardsville, IL",,,,
Corner Tavern,Bar / Pub,Both,"1013 North Main Street, Edwardsville, IL, 62025",62025,"Edwardsville, IL",,,,
Country Hearth Inn & Suites,Hotel / Hospitality,Gala,"1013 Plummer Drive, Edwardsville, IL, 62025",62025,"Edwardsville, IL",+1-618-656-7829,,http://countryhearthedwardsville.com/,
Crazy Bowls & Wraps,Restaurant / Catering,Both,"6679 Edwardsville Crossing Drive, Edwardsville, IL, 62025",62025,"Edwardsville, IL",+1-618-692-9727,,,
Da Faustina,Restaurant / Catering,Both,"3 Via Roma, Sefro, 62025",62025,"Edwardsville, IL",,,,
Dewey's Pizza,Restaurant / Catering,Both,"112 East Vandalia Street, Edwardsville, IL, 62025",62025,"Edwardsville, IL",+1-618-656-2200,,https://deweyspizza.com/,https://deweyspizza.com/contact/
Dieterich Bank,Bank / Credit Union,Gala,"2159 South State Route 157, Edwardsville, IL, 62025",62025,"Edwardsville, IL",,,https://www.dieterichbank.com/,https://www.dieterichbank.com/about-us/contact-us/
Dobb's Tire Auto Center,Tire Shop,Car Show,"1200 South State Route 157, Edwardsville, IL, 62025",62025,"Edwardsville, IL",+1-618-961-8800,,https://www.gotodobbs.com/locations/west-edwardsville-rt-157/,https://www.gotodobbs.com/contact-us/
Doc's Smokehouse,Restaurant / Catering,Both,"6108 Shoger Drive, Edwardsville, IL, 62025",62025,"Edwardsville, IL",+1-618-656-6060,,https://docssmokehouse.com/,
Drunken Fish,Restaurant / Catering,Both,"6151 Trace Parkway Drive, Edwardsville, IL, 62025",62025,"Edwardsville, IL",,munsok.so@sohospitalitygroup.com,http://drunkenfish.com/,http://www.drunkenfish.com/contact-us
Edward Jones,Financial / Wealth Mgmt,Gala,"442 South Buchanan Street, Edwardsville, IL, 62025",62025,"Edwardsville, IL",+1 618 656 3622,,https://www.edwardjones.com/us-en/financial-advisor/bill-schiber,https://www.edwardjones.com/us-en/contact-us
El Maguey,Restaurant / Catering,Both,"1534 Troy Road, Edwardsville, IL, 62025",62025,"Edwardsville, IL",+1-618-659-3744,contact@el-maguey-edwardsville.com,http://www.el-maguey-edwardsville.com/,
First Mid Band & Trust ATM,Bank / Credit Union,Gala,"6604 Center Grove Road, Edwardsville, IL, 62025",62025,"Edwardsville, IL",,,,
First Mid-Illinois Bank & Trust,Bank / Credit Union,Gala,"6814 Goshen Road, Edwardsville, IL, 62025",62025,"Edwardsville, IL",,,,
Flint Cooper,Law Firm,Gala,"222 East Park Street, Edwardsville, IL, 62025",62025,"Edwardsville, IL",+1-866-461-3220,info@flintcooper.com,https://www.flintcooper.com/,https://www.flintcooper.com/contact/
Foundry Public House,Restaurant / Catering,Both,"126 North Main Street, Edwardsville, IL, 62025",62025,"Edwardsville, IL",,,,
Friar Tuck Berverage,Liquor / Wine,Both,"6715 Goshen Road, Edwardsville, IL, 62025",62025,"Edwardsville, IL",,,https://edwardsville.friartuckonline.com/,https://edwardsville.friartuckonline.com/contact-us.html
Fusion Taco,Restaurant / Catering,Both,"1017 Century Drive, Edwardsville, IL, 62025",62025,"Edwardsville, IL",+1-618-307-5656,,,
Global Brew Tap House,Restaurant / Catering,Both,"2329 Plum Street, Edwardsville, IL, 62025",62025,"Edwardsville, IL",+16183075858,,https://edwardsville.globalbrew.com/,https://edwardsville.globalbrew.com/
Golden Oak Pancake House,Restaurant / Catering,Both,"6663 Edwardsville Crossing Drive, Edwardsville, IL, 62025",62025,"Edwardsville, IL",,,,
Gulf Shores Restaurant & Grill,Restaurant / Catering,Both,"215 Harvard Drive, Edwardsville, IL, 62025",62025,"Edwardsville, IL",+1-618-650-9109,,https://www.gulfshoresrestaurantandgrill.com/edwardsville-il/,
Hawaiian Bros Island Grill,Restaurant / Catering,Both,"2386 Troy Road, Edwardsville, IL, 62025",62025,"Edwardsville, IL",+1-618-688-2996,media@hawaiianbros.com,https://hawaiianbros.com/locations/edwardsville/,https://hawaiianbros.com/contact
Holiday Inn Express & Suites,Hotel / Hospitality,Gala,"1000 Plummer Drive, Edwardsville, IL, 62025",62025,"Edwardsville, IL",+1 618-692-7255,,,
Hotshots Sports Bar and Grill,Restaurant / Catering,Both,"2511 South State Route 157, Edwardsville, IL, 62025",62025,"Edwardsville, IL",+1-618-307-9723,customerservice@hotshotsnet.com,https://hotshotsnet.com/locations/edwardsville-il/,https://hotshotsnet.com/contact/
Hudson Jewlers,Jeweler,Gala,"6679 Edwardsville Crossing Drive, Edwardsville, IL, 62025",62025,"Edwardsville, IL",+1-618-656-3188,info@stagheaddesigns.com,https://www.hudsonjewelers.com/,https://www.hudsonjewelers.com/pages/contact-us
IP,Fuel / Convenience,Car Show,"Località Piani di Lanciano, Pioraco, 62025",62025,"Edwardsville, IL",,,,
Jacks 66 Auto Repair,Auto Repair,Car Show,"601 North Main Street, Edwardsville, IL, 62025",62025,"Edwardsville, IL",+1-618-656-5362,,https://jacks66autorepair.com/,https://jacks66autorepair.com/contact-us/
Joe's Pizza and Pasta,Restaurant / Catering,Both,"4 Club Centre Court, Edwardsville, 62025",62025,"Edwardsville, IL",+1-618-655-9400,,http://www.orderjoes.com/menu.html,
Just Right Eating Edwardsville,Restaurant / Catering,Both,"2329 Plum Street, Edwardsville, IL, 62025",62025,"Edwardsville, IL",,,https://justrighteating.com/,https://justrighteating.com/pages/contact-us
Kettle River Furniture & Bedding,Furniture & Home,Gala,"1091 South State Route 157, Edwardsville, IL, 62025",62025,"Edwardsville, IL",,,,
Kloss Furniture,Furniture & Home,Gala,"6132 Shoger Drive, Edwardsville, IL, 62025",62025,"Edwardsville, IL",+1-618-744-6033,,https://www.facebook.com/KlossFurnitureandOutletEdwardsvilleIL/,https://www.facebook.com/KlossFurnitureandOutletEdwardsvilleIL/
La Casa Mexicana,Restaurant / Catering,Both,"201 Harvard Drive, Edwardsville, IL, 62025",62025,"Edwardsville, IL",+1-618-655-9606,info@lacasamexicanatogo.com,https://www.lacasamexicanatogo.com/,
La Fonda Mexican Restaurant,Restaurant / Catering,Both,"2310 Troy Road, Edwardsville, IL, 62025",62025,"Edwardsville, IL",,,,
McAlister's Deli,Restaurant / Catering,Both,"312 Great Place Drive, Edwardsville, IL, 62025",62025,"Edwardsville, IL",+1-618-372-9599,,https://www.mcalistersdeli.com/locations/il/edwardsville,https://www.mcalistersdeli.com/locations/il/edwardsville
Mio Osteria,Restaurant / Catering,Both,"224 South Kansas Street, Edwardsville, IL, 62025",62025,"Edwardsville, IL",+1-618-307-5442,,https://mioosteria.com/,https://mioosteria.com/contact-us/
Mossy Stone Irish Pub,Bar / Pub,Both,"871 South Arbor Vitea, Edwardsville, IL, 62025",62025,"Edwardsville, IL",+1-618-655-9911,,,
Moto Mart,Fuel / Convenience,Car Show,"1905 North Main Street, Edwardsville, 62025",62025,"Edwardsville, IL",,,,
MotoMart Convenience Store,Fuel / Convenience,Car Show,"1 Club Centre Court, Edwardsville, IL, 62025",62025,"Edwardsville, IL",+1-618-656-0017,,,
NORTH MAIN DINER,Restaurant / Catering,Both,"146 North Main Street, Edwardsville, IL, 62025",62025,"Edwardsville, IL",,,,
O'Reilly Auto Parts,Auto Parts,Car Show,"325 South Buchanan Street, Edwardsville, IL, 62025",62025,"Edwardsville, IL",+1 618 307 3246,,https://locations.oreillyauto.com/il/edwardsville/autoparts-5891.html,https://www.oreillyauto.com/contact-us
Oak Brook Golf Club,Country Club / Golf,Gala,"9157 Fruit Road, Edwardsville, IL, 62025",62025,"Edwardsville, IL",+1-618-656-5600,,https://www.oakbrookgc.com/,https://oakbrookgc.com/contact-us/
Olive Garden,Restaurant / Catering,Both,"6651 Governors Parkway, Edwardsville, IL, 62025",62025,"Edwardsville, IL",+1 618-659-5060,,https://www.olivegarden.com/locations/il/edwardsville/edwardsville-orchard-town-center/6501,https://www.olivegarden.com/locations/il/edwardsville/edwardsville-orchard-town-center/6501
Orient Wok Chop Suey,Restaurant / Catering,Both,"6698 Center Grove Road, Edwardsville, 62025",62025,"Edwardsville, IL",+1-618-656-3388,,https://www.orientwok.com/,https://www.orientwok.com/
Oriental Spoon,Restaurant / Catering,Both,"229 Harvard Drive, Edwardsville, IL, 62025",62025,"Edwardsville, IL",+1 618 655 9633,orientalspoonusa@gmail.com,http://www.orientalspoon.net/,http://www.orientalspoon.net/
Pantera's Pizza,Restaurant / Catering,Both,"1522 Troy Road, Edwardsville, IL, 62025",62025,"Edwardsville, IL",+1-618-692-6000,,,
Pasta House,Restaurant / Catering,Both,"1097 South State Route 157, Edwardsville, IL, 62025",62025,"Edwardsville, IL",,,,
Peel Wood Fired Pizza,Restaurant / Catering,Both,"100 Quartz Knoll, Edwardsville, IL, 62025",62025,"Edwardsville, IL",+1-618-726-2244,,https://peelpizza.com/,
Pizza Hut,Restaurant / Catering,Both,"1611 Troy Road, Edwardsville, IL, 62025",62025,"Edwardsville, IL",+1-618-307-3010,,https://locations.pizzahut.com/il/edwardsville/1611-troy-road,https://www.pizzahut.com/contact-us
Plaza Tire Service,Tire Shop,Car Show,"6611 Governors Parkway, Edwardsville, IL, 62025",62025,"Edwardsville, IL",+1-618-800-9898,customercare@sun.auto,https://www.plazatireservice.com/stores/il/edwardsville/auto-repair-9091.html,https://www.plazatireservice.com/contact-us
PNC Bank,Bank / Credit Union,Gala,"6650 Edwardsville Crossing Drive, Edwardsville, IL, 62025",62025,"Edwardsville, IL",+1-618-692-8140,,https://apps.pnc.com/locator/location-details/illinois/edwardsville/62025/00756071/edwardsville?lnksrc=branch-listing,https://apps.pnc.com/locator/location-details/illinois/edwardsville/62025/00756071/edwardsville?lnksrc=branch-listing
Rapid Lube,Auto Repair,Car Show,"1610 Troy Road, Edwardsville, IL, 62025",62025,"Edwardsville, IL",+1 618-692-0437,micah@micahrich.com,https://rapidlubeinc.com/,https://rapidlubeinc.com/about-us
Red Robin,Restaurant / Catering,Both,"6699 Edwardsville Crossing Drive, Edwardsville, IL, 62025",62025,"Edwardsville, IL",+1-618-655-9513,media@redrobin.com,https://www.redrobin.com/locations/il/edwardsville/edwardsville-435,https://www.redrobin.com/contact
Remax,Real Estate,Gala,"1 157 Center, Edwardsville, IL, 62025",62025,"Edwardsville, IL",,,,
Ristorante Lago di Sefro,Restaurant / Catering,Both,"Strada Provinviale 97, Pioraco, 62025",62025,"Edwardsville, IL",+39 334 2924241,,,
Ristoro Montelago,Restaurant / Catering,Both,"86 Via Roma, Sefro, 62025",62025,"Edwardsville, IL",+39 0737 45236,,http://www.ristoromontelago.it/,
Roosevelt Law Office,Law Firm,Gala,"610 Saint Louis Street, Edwardsville, IL, 62025",62025,"Edwardsville, IL",,,,
Sailor Insurance Agency,Insurance Agency,Both,"225 North Main Street, Edwardsville, IL, 62025",62025,"Edwardsville, IL",+1-618-659-1495,,https://sailorins.com/,https://sailorins.com/contact/
Scott Credit Union,Bank / Credit Union,Gala,"1067 South State Route 157, Edwardsville, IL, 62025",62025,"Edwardsville, IL",,,,
Scott Credit Union,Bank / Credit Union,Gala,"101 Credit Union Way, Edwardsville, IL, 62025",62025,"Edwardsville, IL",,,,
Shell,Fuel / Convenience,Car Show,"121 East Vandalia Street, Edwardsville, IL, 62025",62025,"Edwardsville, IL",,,,
SIUE Credit Union,Bank / Credit Union,Gala,"1566 Lewis Road, Edwardsville, IL, 62025",62025,"Edwardsville, IL",,,https://siuecu.org/,https://siuecu.org/Contact-Us
Southside's Allstar Collision,Auto Repair,Car Show,"1709 Troy Road, Edwardsville, IL, 62025",62025,"Edwardsville, IL",+1-618-656-1991,ssacc@southsideallstarcc.com,http://southsideallstarcc.com/,
Stagger Inn Again,Bar / Pub,Both,"104 East Vandalia Street, Edwardsville, IL, 62025",62025,"Edwardsville, IL",,,http://www.staggerinnagain.com/,http://www.staggerinnagain.com/
Sugo's Spaghetteria,Restaurant / Catering,Both,"243 Harvard Drive, Edwardsville, IL, 62025",62025,"Edwardsville, IL",+1-618-659-4640,,http://sugosspaghetteria.com/,
Sunset Hills Country Club,Country Club / Golf,Gala,"2525 Highway 157 South, Edwardsville, 62025",62025,"Edwardsville, IL",+1 618 656 9380,,https://www.sunsethillscountryclub.com/,https://www.sunsethillscountryclub.com/About_Us/Club_Contacts
Taj Indian Cuisine,Restaurant / Catering,Both,"1039 Century Dr, Edwardsville, IL, 62025",62025,"Edwardsville, IL",+1-618-692-8110,,https://tajindiancuicineonline.com/home,
Taqueria Z,Restaurant / Catering,Both,"109 East Park Street, Edwardsville, IL, 62025",62025,"Edwardsville, IL",,,,
Texas Roadhouse,Restaurant / Catering,Both,"6640 Edwardsville Crossing Drive, Edwardsville, IL, 62025",62025,"Edwardsville, IL",+1-618-656-8000,,https://www.texasroadhouse.com/locations/469-edwardsvilleil,
The Orient,Restaurant / Catering,Both,"1518 Troy Road, Edwardsville, IL, 62025",62025,"Edwardsville, IL",+1-618-656-0044,,https://www.theorient1518online.com/,https://www.theorient1518online.com/contact-us/
Town and Country Bank,Bank / Credit Union,Gala,"10 Terra Verde, Edwardsville, IL, 62025",62025,"Edwardsville, IL",+1-618-307-3111,,https://www.townandcountrybank.com/about-us/location-hours/edwardsville/10/location-details,
TownePlace Suites,Hotel / Hospitality,Gala,"6101 Center Grove Road, Edwardsville, IL, 62025",62025,"Edwardsville, IL",+1 618-655-3001,,https://www.marriott.com/stlte,
Twisted Biscuit,Restaurant / Catering,Both,"1071 South State Route 157, Edwardsville, IL, 62025",62025,"Edwardsville, IL",+1-618-800-5001,,https://www.twistedbiscuitbc.com/,
U.S. Bank,Bank / Credit Union,Gala,"1411 Lewis Road, Edwardsville, IL, 62025",62025,"Edwardsville, IL",,,,
Vintage 71,Furniture & Home,Gala,"813 North Main Street, Edwardsville, IL, 62025",62025,"Edwardsville, IL",,,,
Walton Telken Bragee Injury Attorneys,Law Firm,Gala,"209 East Schwarz Street, Edwardsville, IL, 62025",62025,"Edwardsville, IL",,,,
Wasabi,Restaurant / Catering,Both,"100 South Buchanan Street, Edwardsville, 62025",62025,"Edwardsville, IL",,,https://wasabisushibars.com/edwardsville,
Wigglers Bar and Grill,Restaurant / Catering,Both,"210 S Buchanan St, Edwardsville, IL, 62025",62025,"Edwardsville, IL",,,,
Zapp Thai,Restaurant / Catering,Both,"1500 Troy Road, Edwardsville, IL, 62025",62025,"Edwardsville, IL",+1-618-656-6800,admin@localforyou.com,https://www.zappthaiedwardsville.com/,https://www.zappthaiedwardsville.com/contact
Zimmerman Insurance,Insurance Agency,Both,"1719 Troy Road, Edwardsville, IL, 62025",62025,"Edwardsville, IL",+1-618-656-9111,,https://www.zimmerins.com/,https://www.zimmerins.com/secure-contact-form/
Укрнафта,Fuel / Convenience,Car Show,"4-А Зарічна вулиця, 62025",62025,"Edwardsville, IL",,hotline@ukrnafta.com,https://azs.ukrnafta.com/,
Acquerim Immobilier Carvin,Real Estate,Gala,"18 Rue Edouard Plachez, Carvin, 62220",62220,"Belleville, IL",,,,
Autohuolto Kauhava Tmi Iisakki Sippola,Auto Repair,Car Show,"94 Pernaantie, Pernaa, 62220",62220,"Belleville, IL",+358 43 211 3266,,https://www.autohuolto-kauhava.fi/,https://www.autohuolto-kauhava.fi/
Beast Craft BBQ Company,Restaurant / Catering,Both,"20 South Belt West, Belleville, IL, 62220",62220,"Belleville, IL",+1-618-257-9000,,https://beastcraftbbq.com/,https://beastcraftbbq.com/contact-us/
Buffalo Grill,Restaurant / Catering,Both,"Chemin des Postes, Carvin, 62220",62220,"Belleville, IL",+33 3 91 83 36 71,,https://www.buffalo-grill.fr/nos-restaurants/carvin,https://www.buffalo-grill.fr/contact
Casa Maria Mexican Grill,Restaurant / Catering,Both,"100 North High Street, Belleville, IL, 62220",62220,"Belleville, IL",+16184161337,casamariamexgrill@gmail.com,https://www.casamariamex.com/,https://www.casamariamex.com/contact.html
Circle K,Fuel / Convenience,Car Show,"755 South Belt West, Belleville, IL, 62220",62220,"Belleville, IL",,,https://www.circlek.com/store-locator/US/belleville/755-s-belt-w/4701463,https://www.circlek.com/contact
Clara B's Kitchen Table,Restaurant / Catering,Both,"732 South Illinois Street, Belleville, IL, 62220",62220,"Belleville, IL",,,https://www.clarabs.com/,https://www.spothopperapp.com/contact-us?contact_reason=demo
Firestone,Auto Repair,Car Show,"232 West Main Street, Belleville, IL, 62220",62220,"Belleville, IL",,,,
Itsepalvelu-autopesula,Car Wash / Detail,Car Show,"8 Pernaantie, Pernaa, 62220",62220,"Belleville, IL",,,,
Kia,Car Dealership,Car Show,"75 Route de Lens, Carvin, 62220",62220,"Belleville, IL",+33 3 72 27 33 30,,https://www.kia-carvin.fr/,https://www.kia-carvin.fr/
Le Welcome café tabac,Bar / Pub,Both,"32 Rue Florent Evrard, Carvin, 62220",62220,"Belleville, IL",,,,
League Lounge,Bar / Pub,Both,"1501 West Main Street, Belleville, IL, 62220",62220,"Belleville, IL",,,,
Main Street Cafe,Restaurant / Catering,Both,"1601 West Main Street, Belleville, IL, 62220",62220,"Belleville, IL",+1-618-355-9181,,,
Moto Mart,Fuel / Convenience,Car Show,"701 West Main Street, Belleville, IL, 62220",62220,"Belleville, IL",,,,
Mueller Furniture & Mattress,Furniture & Home,Gala,"1004 East Main Street, Belleville, IL, 62220",62220,"Belleville, IL",+1-618-233-0667,corporate@muellerfurniture.com,https://www.muellerfurniture.com/,
Papa Vito's,Restaurant / Catering,Both,"318 East Washington Street, Belleville, IL, 62220",62220,"Belleville, IL",+1 618-277-6200,,https://www.mypapavitos.com/location/downtown-belleville/,https://www.mypapavitos.com/contact/
Picnic Carvin & Lens,Corporate Office,Both,62220,62220,"Belleville, IL",,,,
Richard Roustio Attorney at Law,Law Firm,Gala,"1 South Church Street, Belleville, IL, 62220",62220,"Belleville, IL",+1 618-671-6537,rroustio@gmail.com,https://618criminaldefense.com,https://618criminaldefense.com/contact
Station Service E. Leclerc,Fuel / Convenience,Car Show,"Route de Meurchin, Carvin, 62220",62220,"Belleville, IL",,,,
Station Total,Fuel / Convenience,Car Show,"75, Carvin, 62220",62220,"Belleville, IL",,,,
The Orchards Golf Course,Country Club / Golf,Gala,"1499 Golf Course Drive, Belleville, IL, 62220",62220,"Belleville, IL",,,,
Advance Auto Parts,Auto Parts,Car Show,"1274 Vandalia Street, Collinsville, IL, 62234",62234,"Collinsville, IL",+1-618-346-9920,,https://stores.advanceautoparts.com/il/collinsville/1274-vandalia-st,https://shop.advanceautoparts.com/o/contact-us
Agavero Grill & Cantina,Restaurant / Catering,Both,"604 North Bluff Road, Collinsville, IL, 62234",62234,"Collinsville, IL",+1618-855-9200,rjrestaurants@outlook.com,,
Ameren,Corporate Office,Both,"6 Richard Mark Way, Collinsville, IL, 62234",62234,"Collinsville, IL",,,,
Ameren HQ,Corporate Office,Both,"10 Richard Mark Way, Collinsville, IL, 62234",62234,"Collinsville, IL",,,,
Applebee's,Restaurant / Catering,Both,"610 North Bluff Road, Collinsville, IL, 62234",62234,"Collinsville, IL",+1 618-345-6840,,https://restaurants.applebees.com/en-us/il/collinsville/610-n.-bluff-road-81010,https://www.applebees.com/en/contact-us
AT&T,Technology / IT,Both,"203 Goethe Avenue, Collinsville, IL, 62234",62234,"Collinsville, IL",,,,
AutoZone,Auto Parts,Car Show,"1400 Vandalia Street, Collinsville, IL, 62234",62234,"Collinsville, IL",+1-618-345-7791,,https://www.autozone.com/locations/il/collinsville/1400-vandalia-rd.html,
Avis,Car Rental,Car Show,"1706 Vandalia Street, Collinsville, IL, 62234",62234,"Collinsville, IL",,custserv@avis.com,https://www.avis.com/en/locations/us/il/collinsville/co5,https://www.avis.com/en/about-avis
"Bandana's Bar-B-Q Collinsville, IL",Restaurant / Catering,Both,"4 Commerce Drive, Collinsville, IL, 62234",62234,"Collinsville, IL",,info@bandanasbbq.com.com,https://www.bandanasbbq.com/,https://www.bandanasbbq.com/about-us/dine-to-donate/
Bob Evans,Restaurant / Catering,Both,"600 North Bluff Road, Collinsville, IL, 62234",62234,"Collinsville, IL",+1-618-344-1131,,,
Busey Bank,Bank / Credit Union,Gala,"101 South Morrison Avenue, Collinsville, IL, 62234",62234,"Collinsville, IL",,,,
Carisilos,Restaurant / Catering,Both,"1978 Vandalia Street, Collinsville, IL, 62234",62234,"Collinsville, IL",,,,
Casey's General Store,Fuel / Convenience,Car Show,"217 North Bluff Road, Collinsville, IL, 62234",62234,"Collinsville, IL",,,,
Circle K,Fuel / Convenience,Car Show,"2233 Vandalia Street, Collinsville, IL, 62234",62234,"Collinsville, IL",+1-618-344-1352,,https://www.circlek.com/store-locator/US/collinsville/2233-vandalia-st/4701355,https://www.circlek.com/contact
Club Car Wash,Car Wash / Detail,Car Show,"333 North Bluff Road, Collinsville, IL, 62234",62234,"Collinsville, IL",,,https://clubcarwash.com/locations/collinsville-il-north-bluff-road/,https://clubcarwash.com/locations/collinsville-il-north-bluff-road/
Collinsville Yamaha,Motorcycle Dealer,Car Show,"1200 Beltline Road, Collinsville, IL, 62234",62234,"Collinsville, IL",+16183459889,,https://www.collinsvilleyamaha.com,
Colton's Steak House & Grill,Restaurant / Catering,Both,"5 Eastport Plaza Drive, Collinsville, IL, 62234",62234,"Collinsville, IL",+1-618-223-8977,,https://www.coltonssteakhouse.com/store_detail.php?id=35,https://www.coltonssteakhouse.com/contact.php
Comfort Inn,Hotel / Hospitality,Gala,"8 Commerce Drive, Collinsville, IL, 62234",62234,"Collinsville, IL",+1 618-477-8946,,https://www.choicehotels.com/illinois/collinsville/comfort-inn-hotels/il437?mc=llgoxxpx,
Days Inn Collinsville,Hotel / Hospitality,Gala,"12 Commerce Drive, Collinsville, IL, 62234",62234,"Collinsville, IL",+1 618-803-4032,accessibility@wyndham.com,https://www.wyndhamhotels.com/days-inn/collinsville-illinois/days-inn-collinsville/overview,https://www.wyndhamhotels.com/days-inn/contact-us
Dobbs Tire and Auto,Tire Shop,Car Show,"1180 Collinsville Crossing Boulevard, Collinsville, IL, 62234",62234,"Collinsville, IL",+1-618-344-4479,,https://www.gotodobbs.com/locations/collinsville/,https://www.gotodobbs.com/contact-us/
DoubleTree,Hotel / Hospitality,Gala,"1000 Eastport Plaza Drive, Collinsville, IL, 62234",62234,"Collinsville, IL",+1 618-345-2800,,https://www.hilton.com/en/hotels/stlcndt-doubletree-collinsville-st-louis/,
Drury Inn & Suites Collinsville,Hotel / Hospitality,Gala,"602 North Bluff Road, Collinsville, IL, 62234",62234,"Collinsville, IL",+1-618-345-7700,,https://www.druryhotels.com/locations/st-louis-mo/drury-inn-and-suites-st-louis-collinsville,https://www.druryhotels.com/contact
Exxon,Fuel / Convenience,Car Show,"810 South Morrison Avenue, Collinsville, IL, 62234",62234,"Collinsville, IL",,,,
"Fairfield Inn St. Louis Collinsville, IL",Hotel / Hospitality,Gala,"4 Gateway Drive, Collinsville, IL, 62234",62234,"Collinsville, IL",,,https://www.marriott.com/hotels/travel/stlcl-fairfield-inn-st-louis-collinsville-il/,
Fazzi's Restaurant & Bar,Restaurant / Catering,Both,"1813 Vandalia Street, Collinsville, IL, 62234",62234,"Collinsville, IL",+1-618-344-5440,opa@fazzis.com,http://www.fazzis.com/,http://www.fazzis.com/ContactUsPage.html
FCB Bank,Bank / Credit Union,Gala,"208 North Bluff Road, Collinsville, IL, 62234",62234,"Collinsville, IL",,,,
Gator's Louisiana Kitchen,Restaurant / Catering,Both,"1048 Collinsville Crossing Boulevard, Collinsville, IL, 62234",62234,"Collinsville, IL",,,,
Gorilla Express Auto Wash,Car Wash / Detail,Car Show,"1931 Beltline Road, Collinsville, IL, 62234",62234,"Collinsville, IL",+1-618-484-9997,,,
Hampton,Hotel / Hospitality,Gala,"7 Commerce Drive, Collinsville, IL, 62234",62234,"Collinsville, IL",+1 618-346-4400,,https://www.hilton.com/en/hotels/stlcvhx-hampton-collinsville/,
Home Furniture,Furniture & Home,Gala,"125 East Main Street, Collinsville, IL, 62234",62234,"Collinsville, IL",,,,
Hot Shot Liquor,Liquor / Wine,Both,"733 Vandalia Street, Collinsville, IL, 62234",62234,"Collinsville, IL",+1-618-855-8396,,,
Instacredit Automart,Car Dealership,Car Show,"910 North Bluff Road, Collinsville, IL, 62234",62234,"Collinsville, IL",+1-618-343-3900,instacreditautomart@leads.neoverify.com,https://www.instacreditautomart.com/,https://www.instacreditautomart.com/contactus.aspx
Jack Schmitt Ford,Car Dealership,Car Show,"1820 Vandalia Street, Collinsville, IL, 62234",62234,"Collinsville, IL",+1-618-344-5105,,https://www.jackschmittford.com/,https://www.jackschmittford.com/contact-money4autos
Jade Buffet,Restaurant / Catering,Both,"1079 Collinsville Crossing Boulevard, Collinsville, IL, 62234",62234,"Collinsville, IL",,,,
La Quinta Inn & Suites Collinsville - St. Louis,Hotel / Hospitality,Gala,"6 Gateway Drive, Collinsville, IL, 62234",62234,"Collinsville, IL",+1 618-855-8400,accessibility@wyndham.com,https://www.wyndhamhotels.com/laquinta/collinsville-illinois/la-quinta-collinsville-st-louis/overview,https://www.wyndhamhotels.com/laquinta/contact-us
Laura Buick GMC,Car Dealership,Car Show,"903 North Bluff Road, Collinsville, IL, 62234",62234,"Collinsville, IL",+1-618-344-0121,,https://www.laurabuickgmc.com/,https://www.laurabuickgmc.com/contactus.aspx
Lonnie's Liquor Store,Liquor / Wine,Both,"2004 Vandalia Street, Collinsville, IL, 62234",62234,"Collinsville, IL",,,,
Marshall's Transmission,Auto Repair,Car Show,"263 St Louis Road, Collinsville, IL, 62234",62234,"Collinsville, IL",,,,
Masters Auto,Auto Repair,Car Show,"206 Vandalia Street, Collinsville, IL, 62234",62234,"Collinsville, IL",,ed.starns@masterar.com,https://masterautoandtire.com/tires-auto-repair-collinsville-il,https://masterautoandtire.com/Contact/Find-Us
Meineke,Auto Repair,Car Show,"411 Beltline Road, Collinsville, IL, 62234",62234,"Collinsville, IL",+1-618-223-5286,,,
Mike's Automotive,Auto Repair,Car Show,"1150 St Louis Road, Collinsville, IL, 62234",62234,"Collinsville, IL",,,,
Moto Mart,Fuel / Convenience,Car Show,"702 Vandalia Street, Collinsville, IL, 62234",62234,"Collinsville, IL",+1 618-345-8928,,,
Motomart,Fuel / Convenience,Car Show,"702 Vandalia Street, Collinsville, IL, 62234",62234,"Collinsville, IL",,,,
MotoMart,Fuel / Convenience,Car Show,"733 North Bluff Road, Collinsville, IL, 62234",62234,"Collinsville, IL",,,,
MotoMart - 3105,Fuel / Convenience,Car Show,"733 North Bluff Road, Collinsville, IL, 62234",62234,"Collinsville, IL",+1-618-345-8928,feedback@fkgoil.com,https://stores.mymotomart.com/il/collinsville/village-moto-3105.html,https://mymotomart.com/contact-us/
O'Reilly Auto Parts,Auto Parts,Car Show,"1401 Vandalia Street, Collinsville, IL, 62234",62234,"Collinsville, IL",+1-618-344-2989,,https://locations.oreillyauto.com/il/collinsville/autoparts-1068.html,https://www.oreillyauto.com/contact-us
Old Herald Brewery & Distillery,Bar / Pub,Both,"115 East Clay Street, Collinsville, IL, 62234",62234,"Collinsville, IL",,user@domain.com,https://www.oldheraldbrewing.com/,https://www.oldheraldbrewing.com/
Phillips 66,Fuel / Convenience,Car Show,"601 West Main Street, Collinsville, IL, 62234",62234,"Collinsville, IL",,,https://www.phillips66gas.com/station/P66-COLLINSVILLE-MINI-1374-0000900854/,
PNC Bank,Bank / Credit Union,Gala,"359 North Bluff Road, Collinsville, IL, 62234",62234,"Collinsville, IL",,,,
Pruit Auto,Auto Repair,Car Show,"1101 St Louis Road, Collinsville, IL, 62234",62234,"Collinsville, IL",,,,
Ramon's El Dorado,Restaurant / Catering,Both,"1711 St Louis Road, Collinsville, IL, 62234",62234,"Collinsville, IL",,,http://www.ramonseldorado.com/,
Ravanelli's,Restaurant / Catering,Both,"26 Collinsport Drive, Collinsville, IL, 62234",62234,"Collinsville, IL",,,,
Ravanelli's Restaurant,Restaurant / Catering,Both,"26 Collinsport Drive, Collinsville, IL, 62234",62234,"Collinsville, IL",,,https://www.ravanellis.com/,https://www.ravanellis.com/
Red Top BBQ and Chili,Restaurant / Catering,Both,"605 Vandalia Street, Collinsville, IL, 62234",62234,"Collinsville, IL",,,https://www.facebook.com/redtopbbq/?ref=nf,https://www.facebook.com/redtopbbq/?ref=nf
Redmon Insurance Agency,Insurance Agency,Both,"405 St Louis Road, Collinsville, IL, 62234",62234,"Collinsville, IL",,,,
Regions Bank,Bank / Credit Union,Gala,"1 Eastport Plaza Drive, Collinsville, IL, 62234",62234,"Collinsville, IL",,,,
Rent-A-Center,Furniture & Home,Gala,"1974 Vandalia Street, Collinsville, IL, 62234",62234,"Collinsville, IL",+1-618-344-1515,,https://locations.rentacenter.com/illinois/collinsville/1974-vandalia-st/,
Revity Credit Union,Bank / Credit Union,Gala,"1502 Vandalia Street, Collinsville, IL, 62234",62234,"Collinsville, IL",+1-618-797-7993,,https://www.revitycu.com/about/locations-hours.html,
Scuba Duck Car Wash,Car Wash / Detail,Car Show,"1840 Vandalia Street, Collinsville, IL, 62234",62234,"Collinsville, IL",,,,
SK셀프 수완무들 주유소,Fuel / Convenience,Car Show,"19-2 풍영로101번안길, 광주광역시, 62234",62234,"Collinsville, IL",,,,
Soft Gloss Car Wash,Car Wash / Detail,Car Show,"733 North Bluff Road, Collinsville, IL, 62234",62234,"Collinsville, IL",,,,
Spring Garden Family Restaurant,Restaurant / Catering,Both,"921 Vandalia Street, Collinsville, IL, 62234",62234,"Collinsville, IL",+1-618-343-0055,,https://www.springgardencollinsville.com/,https://www.springgardencollinsville.com/contact
Teezer's,Bar / Pub,Both,"215 Caseyville Road, Collinsville, IL, 62234",62234,"Collinsville, IL",,,,
The Sandwich Shop,Restaurant / Catering,Both,"216 West Main Street, Collinsville, IL, 62234",62234,"Collinsville, IL",,,,
The Swamp,Bar / Pub,Both,"1042 Collinsville Crossing Boulevard, Collinsville, IL, 62234",62234,"Collinsville, IL",,,,
UMB Bank,Bank / Credit Union,Gala,"401 North Bluff Road, Collinsville, IL, 62234",62234,"Collinsville, IL",,,,
Valvoline,Auto Repair,Car Show,"1491 Vandalia Street, IL, 62234",62234,"Collinsville, IL",+1-618-346-4858,formsubmission@vioc.com,https://store.vioc.com/il/collinsville/oil-change-050026.html,https://www.vioc.com/contact-us/
Waffle House,Restaurant / Catering,Both,"505 North Bluff Road, Collinsville, IL, 62234",62234,"Collinsville, IL",+1 618-344-6343;+1 618-344-9658,,https://locations.wafflehouse.com/collinsville-il-259/,https://www.wafflehouse.com/contact/
Walmart Gas Station,Fuel / Convenience,Car Show,"1097 Beltline Road, Collinsville, IL, 62234",62234,"Collinsville, IL",,aem@wall-mart.com,https://www.walmart.com/store/2425-collinsville-il,https://www.sparkdriverapp.com/
Zapata's,Restaurant / Catering,Both,"8 Eastport Plaza Drive, Collinsville, IL, 62234",62234,"Collinsville, IL",+1-618-343-1337,,https://zapatasmexican.com/,https://zapatasmexican.com/
Zephyr Express,Fuel / Convenience,Car Show,"2000 Vandalia Street, Collinsville, IL, 62234",62234,"Collinsville, IL",,,,
동해 해물탕 찜,Restaurant / Catering,Both,"19-12 풍영로101번안길, 광주광역시, 62234",62234,"Collinsville, IL",,,,
Bob Brockland Buick GMC,Car Dealership,Car Show,"580 Old State Route 3, Columbia, IL, 62236",62236,"Columbia, IL",,,,
Commerce Bank,Bank / Credit Union,Gala,"995 Columbia Center, Columbia, IL, 62236",62236,"Columbia, IL",,,,
Moto Mart,Fuel / Convenience,Car Show,"286 Southwoods Center, Columbia, IL, 62236",62236,"Columbia, IL",,,,
Quality Collision,Auto Repair,Car Show,"156 Southwoods Center, Columbia, IL, 62236",62236,"Columbia, IL",,,,
Regions Bank,Bank / Credit Union,Gala,"100 Columbia Center, Columbia, IL, 62236",62236,"Columbia, IL",,,,
Top Shooters,Bar / Pub,Both,"531 Old State Route 3, Columbia, IL, 62236",62236,"Columbia, IL",,,,
Washy's Pub,Bar / Pub,Both,"210 South Main Street, Columbia, IL, 62236",62236,"Columbia, IL",+1-618-281-9901,washyspub@gmail.com,https://washyspub.com/,https://washyspub.com/contact-us/
Annie Gunn's,Restaurant / Catering,Both,"16806 Chesterfield Airport Road, Chesterfield, 63005",63005,Chesterfield,+1-636-532-7684,tsehnert@smokehousemarket.com,https://www.anniegunns.com/,https://www.anniegunns.com/about/contact-us/
Babbo's Spaghetteria,Restaurant / Catering,Both,"17402 Chesterfield Airport Road, 63005",63005,Chesterfield,+1-636-536-0000,,,
Bike Stop Bakery Chesterfield,Restaurant / Catering,Both,"17089 North Outer 40, 63005",63005,Chesterfield,+1-636-735-4422,,,
Comfort Inn & Suites,Hotel / Hospitality,Gala,"18375 Chesterfield Airport Road, Chesterfield, MO, 63005",63005,Chesterfield,+1 636-530-1200,info@iatan.org,https://www.choicehotels.com/missouri/saint-louis/quality-inn-hotels,https://www.choicehotels.com/missouri/saint-louis/quality-inn-hotels
Courtyard St Louis Chesterfield,Hotel / Hospitality,Gala,"17369 Chesterfield Airport Road, Chesterfield, MO, 63005",63005,Chesterfield,+1 636-778-3230,,https://www.marriott.com/stlxc,
East Coast Pizza,Restaurant / Catering,Both,"17304 Chesterfield Airport Road, Chesterfield, MO, 63005",63005,Chesterfield,+1 636-536-7888,,https://www.eastcoastpizza.net/com,
Espino's,Restaurant / Catering,Both,"17409 Chesterfield Airport Road, 63005",63005,Chesterfield,+1-636-519-0044,,,
Hampton Inn & Suites,Hotel / Hospitality,Gala,"5 McBride and Son Center Drive, Chesterfield, MO, 63005",63005,Chesterfield,+1 636-530-0770,,https://www.hilton.com/en/hotels/stlhshx-hampton-suites-st-louis-chesterfield/,
Hampton Inn & Suites St. Louis/Chesterfield,Hotel / Hospitality,Gala,"5 McBride and Son Center Drive, Chesterfield, MO, 63005",63005,Chesterfield,,,,
Hilton Garden Inn St. Louis/Chesterfield,Hotel / Hospitality,Gala,"16631 Chesterfield Grove Road, Chesterfield, MO, 63005",63005,Chesterfield,,,https://www.hilton.com/en/hotels/stlchgi-hilton-garden-inn-st-louis-chesterfield/,
Holiday Inn Express & Suites St. Louis - Chesterfield,Hotel / Hospitality,Gala,"11 Arnage Boulevard, Chesterfield, MO, 63005",63005,Chesterfield,,,,
IHOP,Restaurant / Catering,Both,"4 McBride and Son Center Drive, Chesterfield, MO, 63005",63005,Chesterfield,+1 636-536-6905,,https://restaurants.ihop.com/en-us/mo/chesterfield/breakfast-4-mcbride-son-center-dr-5433,https://www.ihop.com/en/contact-us
Jim Butler Kia,Car Dealership,Car Show,"722 Long Road Crossing Drive, Chesterfield, 63005",63005,Chesterfield,,,,
Mimi's Cafe,Restaurant / Catering,Both,"17240 Chesterfield Airport Road, Chesterfield, 63005",63005,Chesterfield,,guestrelations@mimiscafe.com,https://www.mimiscafe.com/,https://www.mimiscafe.com/contact-us/
Olive Garden,Restaurant / Catering,Both,"17198 Chesterfield Airport Road, 63005",63005,Chesterfield,,,,
Red Robin,Restaurant / Catering,Both,"17308 Chesterfield Airport Road, Chesterfield, MO, 63005",63005,Chesterfield,,,,
Regions Bank,Bank / Credit Union,Gala,"100 Chesterfield Industrial Boulevard, Chesterfield, MO, 63005",63005,Chesterfield,,,,
Residence Inn,Hotel / Hospitality,Gala,"16875 North Outer 40, 63005",63005,Chesterfield,+1-636-777-8888,,http://marriot.com,
Scarecrow,Restaurant / Catering,Both,"101 Chesterfield City Center, 63005",63005,Chesterfield,+1-636-536-9440,,http://www.scarecrowstl.com,
St. Louis Bread Co.,Restaurant / Catering,Both,"17132 Chesterfield Airport Road, 63005",63005,Chesterfield,+1-636-519-8187,,,
The Original Pancake House,Restaurant / Catering,Both,"17000 Chesterfield Airport Road, 63005",63005,Chesterfield,+1-636-536-4044,,,
TownePlace Suites St. Louis Chesterfield,Hotel / Hospitality,Gala,"748 Premium Way, Chesterfield, MO, 63005",63005,Chesterfield,+1 636-778-5100,,https://www.marriott.com/en-us/hotels/stlti-towneplace-suites-st-louis-chesterfield/overview/,
Valley Wok,Restaurant / Catering,Both,"125 Long Road, 63005",63005,Chesterfield,+1-636-530-1868,info@valleywokstl.com,http://valleywokstl.com,http://valleywokstl.com/ContactUs.htm
Vito's in the Valley,Restaurant / Catering,Both,"138 Chesterfield City Center, 63005",63005,Chesterfield,+1-636-536-3788,,http://www.vitosinthevalley.com,https://giostl.com/wearegio/
Wild Horse Mobil,Fuel / Convenience,Car Show,"17287 Wild Horse Creek Road, 63005",63005,Chesterfield,+1-636-519-8314,,,
AABCO National Insurance Agency,Insurance Agency,Both,"465 Jeffco Boulevard, Arnold, MO, 63010",63010,Arnold,+16362822500,harmonm1@yahoo.com,,
Allstate,Insurance Agency,Both,"681 Jeffco Boulevard, Arnold, MO, 63010",63010,Arnold,,,https://agents.allstate.com/shelley-moellenbeck-arnold-mo.html,
Applebee's,Restaurant / Catering,Both,"1110 Big Bill Road, Arnold, MO, 63010",63010,Arnold,+1 636-282-1550,,https://restaurants.applebees.com/en-us/mo/arnold/1110-big-bill-road-81005,https://www.applebees.com/en/contact-us
Armor Equipment Main Office,Corporate Office,Both,"1368 Lonedell Road, Arnold, MO, 63010",63010,Arnold,,,,
Auto Bodys Unlimited,Auto Repair,Car Show,"2118 Michigan Avenue, Arnold, MO, 63010",63010,Arnold,+16362966571,,,
Bandana's Bar-B-Q,Restaurant / Catering,Both,"1220 Big Bill Road, Arnold, MO, 63010",63010,Arnold,+1-636-282-3328,,,
Brown & Crouppen,Law Firm,Gala,"866 Arnold Commons Drive, Arnold, MO, 63010",63010,Arnold,+13148019394,,https://www.brownandcrouppen.com/arnold/,https://www.brownandcrouppen.com/contact/
Caliber Collision,Auto Repair,Car Show,"1535 Big Bill Road, Arnold, MO, 63010",63010,Arnold,+16362825600,arnold@calibercollision.com,https://www.caliber.com/find-a-location/arnold,https://www.caliber.com/contact-us
"Caseta de Cobro ""Amado Nervo""",Corporate Office,Both,"Autopista Jala - Compostela Km. 31+620, Amado Nervo, Nayarit, 63010",63010,Arnold,,,,
Casey Exteriors,Corporate Office,Both,"726 Jeffco Boulevard, Arnold, MO, 63010",63010,Arnold,+13148925900,caseyexteriors@gmail.com,https://caseyexteriorsllc.com,
Chase,Bank / Credit Union,Gala,"1314 Jeffco Boulevard, Arnold, MO, 63010",63010,Arnold,+16365487159,,https://locator.chase.com/mo/arnold/1314-jeffco-blvd,https://locator.chase.com/digital/resources/privacy-security/security/how-to-spot-scams
Chili's,Restaurant / Catering,Both,"901 Arnold Commons Drive, Arnold, MO, 63010",63010,Arnold,+1-636-757-0787,purchasingsuppliers@brinker.com,https://www.chilis.com/,https://www.chilis.com/contact-us
China King,Restaurant / Catering,Both,"229 Arnold Crossroads Center, Arnold, MO, 63010",63010,Arnold,+1 636 287 2888,,https://www.chinakingarnold.com,https://www.chinakingarnold.com/contact
Commerce Bank,Bank / Credit Union,Gala,"956 Jeffco Boulevard, Arnold, MO, 63010",63010,Arnold,,,,
Concentrix,Professional Services,Gala,"1900 Meyer Drury Drive, Arnold, MO, 63010",63010,Arnold,,,,
Crescent Parts & Equipment,Trade / Wholesale,Both,"1500 Lonedell Industrial Court, Arnold, MO, 63010",63010,Arnold,+16362962778,testaccount@insitesoft.com,https://www.crescentparts.com/Locations/DealerDetails?id=5c3c012d-5a1f-4e7d-819d-af9400aaaf7c,https://www.crescentparts.com/Locations/DealerDetails?id=5c3c012d-5a1f-4e7d-819d-af9400aaaf7c
Denny's,Restaurant / Catering,Both,"1203 Drury Lane, Arnold, MO, 63010",63010,Arnold,+1-636-296-9477,,https://www.dennys.com/,https://www.dennys.com/contact-us
Drury Inn & Suites,Hotel / Hospitality,Gala,"3800 MO 141, Arnold, 63010",63010,Arnold,+1-636-287-3111,,,
Dylan's Sports Pub and Grill,Bar / Pub,Both,"675 Jeffco Boulevard, Arnold, MO, 63010",63010,Arnold,+16362963831,,,
Farmers Insurance,Insurance Agency,Both,"1363 Big Bill Road, Arnold, MO, 63010",63010,Arnold,+16365488668,ranton1@farmersagent.com,,
First Bank,Bank / Credit Union,Gala,"2255 Michigan Avenue, Arnold, MO, 63010",63010,Arnold,,firstbankarnold@firstservices.onmicrosoft.com,https://first.bank/About/Locations/Arnold,https://first.bank/About/Contact-Us
First Community Credit Union,Bank / Credit Union,Gala,"1722 Missouri State Road, Arnold, MO, 63010",63010,Arnold,+16367283333,,https://www.firstcommunity.com/about-us/location-details.html?id=6305&location-information=arnold-(highway-141)--1722-missouri-state-road--arnold-mo-63010,https://www.firstcommunity.com/about-us/contact-us.html
Grateful Motors,Car Dealership,Car Show,"4046 Jeffco Boulevard, Arnold, MO, 63010",63010,Arnold,+1-636-326-2277,,https://www.gratefulmotorsmo.com/,
Great Peking,Restaurant / Catering,Both,"669 Jeffco Boulevard, Arnold, MO, 63010",63010,Arnold,+16363333198,,,
"Headquarters, Arsenal Credit Union",Bank / Credit Union,Gala,"3780 Vogel Road, Arnold, MO, 63010",63010,Arnold,,,https://arsenalcu.com,https://arsenalcu.com/contact
Heneghan Associates,Professional Services,Gala,"1929 Richardson Road, Arnold, MO, 63010",63010,Arnold,+16364643610,info@heneghanassoc.com,https://haengr.com,https://haengr.com/contact/
Hotshots Sports Bar and Grill,Restaurant / Catering,Both,"131 Arnold Crossroads Center, Arnold, MO, 63010",63010,Arnold,+1 636-287-6078,customerservice@hotshotsnet.com,https://hotshotsnet.com/locations/arnold-mo/,https://hotshotsnet.com/contact/
Jiffy Lube,Auto Repair,Car Show,"966 Jeffco Boulevard, Arnold, MO, 63010",63010,Arnold,,,,
Las Fuentes,Restaurant / Catering,Both,"2198 Michigan Avenue, Arnold, MO, 63010",63010,Arnold,,,https://www.enjoylasfuentes.com/restaurants/arnold,
McAlister's Deli,Restaurant / Catering,Both,"2249 Michigan Avenue, Arnold, MO, 63010",63010,Arnold,+16363212627,tripadvisorreviews@medallia.com,https://locations.mcalistersdeli.com/mo/arnold/2249-michigan-avenue,https://survey3.medallia.com/?mcalisters-contact-us&amp;br=5
Miyabi Japanese Sushi & Steak House,Restaurant / Catering,Both,"892 Arnold Commons Drive, Arnold, MO, 63010",63010,Arnold,,info@joyopos.com,https://www.miyabimo.com/,https://www.miyabimo.com/#fh5co-about
O'Reilly Auto Parts,Auto Parts,Car Show,"1233 Jeffco Boulevard, Arnold, MO, 63010",63010,Arnold,+16362879754,,https://locations.oreillyauto.com/mo/arnold/autoparts-1689.html,https://www.oreillyauto.com/contact-us
Pear Tree Inn St. Louis Arnold,Hotel / Hospitality,Gala,"1201 Drury Lane, Arnold, MO, 63010",63010,Arnold,,,,
Pizza Hut,Restaurant / Catering,Both,"1926 Richardson Square Drive, Arnold, MO, 63010",63010,Arnold,+1 636-467-5909,,https://locations.pizzahut.com/mo/arnold/1926-richardson-rd,https://www.pizzahut.com/contact-us
Puna Cafe,Restaurant / Catering,Both,"2202 Michigan Avenue, Arnold, MO, 63010",63010,Arnold,+13144482176,,https://punacafe.com,https://www.bizland.com/us/about.bml
Q Tea Vietnamese Cafe,Restaurant / Catering,Both,"671 Jeffco Boulevard, Arnold, MO, 63010",63010,Arnold,+16363332869,,,
Quality Auto Wash,Car Wash / Detail,Car Show,"1545 Big Bill Road, Arnold, MO, 63010",63010,Arnold,+16366921200,,,
Quality Inn & Suites Arnold - St Louis,Hotel / Hospitality,Gala,"3610 West Outer Road, Arnold, MO, 63010",63010,Arnold,,,,
Regions Bank,Bank / Credit Union,Gala,"180 Richardson Crossing, Arnold, MO, 63010",63010,Arnold,,,,
Russell's Auto Repair & Muffler,Auto Repair,Car Show,"631 Jeffco Boulevard, Arnold, MO, 63010",63010,Arnold,+16362964820,,,
Shelter Insurance,Insurance Agency,Both,"126 Richardson Crossing, Arnold, MO, 63010",63010,Arnold,+16364610790,mhood@shelterinsurance.com,https://www.shelterinsurance.com/CA/agent/mhood,
Si Señor,Restaurant / Catering,Both,"227 Arnold Crossroads Center, Arnold, MO, 63010",63010,Arnold,+1 636-548-8941,,https://sisenors.com,https://sisenors.com
St. Louis Pizza & Wings,Restaurant / Catering,Both,"128 Richardson Crossing, Arnold, MO, 63010",63010,Arnold,+16364677474,terry@stlouispizzaandwings.com,https://www.stlouispizzaandwings.com/,https://www.stlouispizzaandwings.com/
Stop Law Office,Law Firm,Gala,"473 Jeffco Boulevard, Arnold, MO, 63010",63010,Arnold,+16362824300,,,
Sugarfire Smoke House,Restaurant / Catering,Both,"2204 Michigan Avenue, Arnold, MO, 63010",63010,Arnold,,,https://sugarfiresmokehouse.com/locations/mo-arnold/,https://sugarfiresmokehouse.com/contact-us
Syberg's,Restaurant / Catering,Both,"249 Arnold Crossroads Center, Arnold, MO, 63010",63010,Arnold,+1-636-333-2940,,https://sybergs.com/,https://sybergs.com/contact/
Tenbrook Station Lounge,Bar / Pub,Both,"2946 Fannie Drive, Arnold, MO, 63010",63010,Arnold,,,,
Texas Roadhouse,Restaurant / Catering,Both,"806 Arnold Commons Drive, Arnold, MO, 63010",63010,Arnold,,,https://www.texasroadhouse.com/locations/350-arnoldmo,
The Local House Restaurant and Bar,Restaurant / Catering,Both,"3946 Jeffco Boulevard, Arnold, MO, 63010",63010,Arnold,+16364679900,,,
The Pasta House Co.,Restaurant / Catering,Both,"921 Arnold Commons Drive, Arnold, MO, 63010",63010,Arnold,+1-636-296-3330,phcaffton@yahoo.com,https://www.pastahouse.com/,https://www.pastahouse.com/contact-us/
Twisted Tavern,Restaurant / Catering,Both,"3606 West Outer Road, Arnold, MO, 63010",63010,Arnold,,,,
UMB Bank,Bank / Credit Union,Gala,"827 Arnold Commons Drive, Arnold, MO, 63010",63010,Arnold,+16362875299,umbarnold@umbf.onmicrosoft.com,https://locations.umb.com/mo/arnold/arnold-branch-and-atm-538.html,https://www.umb.com/contact-us
Waffle House,Restaurant / Catering,Both,"3960 Vogel Road, Arnold, 63010",63010,Arnold,+1 636-282-8656,,https://locations.wafflehouse.com/arnold-mo-1324/,https://www.wafflehouse.com/contact/
Wesley Roger's Steak and Buffet,Restaurant / Catering,Both,"3601 Jeffco Boulevard, Arnold, 63010",63010,Arnold,,,,
WirelessUSA,Technology / IT,Both,"1536 Lonedell Industrial Court, Arnold, MO, 63010",63010,Arnold,+18886153100,,https://www.wirelessusa.com/about-us/maps-arnold.htm,https://www.wirelessusa.com/contact-us.htm
WoodSpring Suites St. Louis Arnold,Hotel / Hospitality,Gala,"888 Arnold Commons Drive, Arnold, MO, 63010",63010,Arnold,,,,
AAA Insurance,Insurance Agency,Both,"15425 Manchester Road, Ballwin, 63011",63011,Ballwin,+1-636-394-0052,,https://www.aaa.com/,https://www.aaa.com/
AAMCO,Auto Repair,Car Show,"15475 Manchester Road, Ballwin, MO, 63011",63011,Ballwin,,,,
Al's Automotive Supply,Auto Parts,Car Show,"104 Hillsdale Drive, Ballwin, MO, 63011",63011,Ballwin,,,,
Ballwin Golf Course & Event Center,Country Club / Golf,Gala,"333 Holloway Road, Ballwin, 63011",63011,Ballwin,+1-636-227-1750,golf@ballwin.mo.us,https://www.ballwingolfcourse.com/,
Bandana's Bar-B-Q,Restaurant / Catering,Both,"14141 Manchester Road, Manchester, MO, 63011",63011,Ballwin,+1-636-386-1133,info@bandanasbbq.com.com,https://www.bandanasbbq.com/location/manchester-mo/,https://www.bandanasbbq.com/about-us/dine-to-donate/
Bank of America,Bank / Credit Union,Gala,"15886 Clayton Road, Ellisville, 63011",63011,Ballwin,,,,
Bank of America,Bank / Credit Union,Gala,"15115 Manchester Road, Ballwin, 63011",63011,Ballwin,,edward.inchiostro@ml.com,https://locators.bankofamerica.com/mo/ballwin/financial-centers-ballwin-7598.html,https://www.bankofamerica.com/customer-service/contact-us/
Bommarito Mazda - West County,Car Dealership,Car Show,"15736 Manchester Road, Ellisville, 63011",63011,Ballwin,,,,
Bommarito Nissan Ballwin,Car Dealership,Car Show,"14747 Manchester Road, Ballwin, 63011",63011,Ballwin,,,https://www.bommaritonissanballwin.com/,https://www.bommaritonissanballwin.com/contactus.aspx
Bone Auto Glass Specialists,Auto Repair,Car Show,"15479 Manchester Road, Ellisville, MO, 63011",63011,Ballwin,+1-636-391-5100,,,
Car-X Tire & Auto,Auto Repair,Car Show,"15487 Manchester Road, Ballwin, 63011",63011,Ballwin,+1-636-394-4150,,https://carx.com/,https://carx.com/contact-us/
China Bistro,Restaurant / Catering,Both,"14246 Manchester Road, Manchester, MO, 63011",63011,Ballwin,,,,
China First Restaurant,Restaurant / Catering,Both,"15425 Manchester Road, Ballwin, 63011",63011,Ballwin,+1-636-527-1815,,https://chinafirstballwin.com/,
Clarkson Jewelers,Jeweler,Gala,"1306 Clarkson Clayton Center, Ellisville, 63011",63011,Ballwin,,,,
CLAYMONT AUTO REPAIR,Fuel / Convenience,Car Show,"15401 Clayton Road, Ballwin, 63011",63011,Ballwin,,,,
Deweys Pizza,Restaurant / Catering,Both,"1312 Clarkson Clayton Center, Ellisville, 63011",63011,Ballwin,,,,
Dick Dean Subaru,Car Dealership,Car Show,"15121 Manchester Road, Ballwin, 63011",63011,Ballwin,,,,
Dick Dean VW,Car Dealership,Car Show,"15121 Manchester Road, Ballwin, 63011",63011,Ballwin,,,,
Donut Palace,Restaurant / Catering,Both,"Clarkson Road, Ellisville, 63011",63011,Ballwin,,,,
Enterprise,Car Rental,Car Show,"15201 Manchester Road, Ballwin, 63011",63011,Ballwin,,,,
Financial Planning Associates Inc,Financial / Wealth Mgmt,Gala,"300 Ozark Trail Drive, Ellisville, MO, 63011",63011,Ballwin,+1-636-527-5010,carl@fpai.net,https://www.fpai.net,https://fpai.net/contact-us/
First Bank,Bank / Credit Union,Gala,"14001 Manchester Road, 63011",63011,Ballwin,,,,
Goedeker's,Furniture & Home,Gala,"13850 Manchester Road, Ballwin, 63011",63011,Ballwin,+1-888-768-1710,,https://www.goedekers.com/,
Hertz,Car Rental,Car Show,"14703 Manchester Road, Ballwin, 63011",63011,Ballwin,,,,
Jiffy Lube,Auto Repair,Car Show,"14701 Manchester Road, Ballwin, 63011",63011,Ballwin,,,,
Massa's,Restaurant / Catering,Both,"15310 Manchester Road, Ellisville, 63011",63011,Ballwin,,,,
MasterTech Auto Service,Auto Repair,Car Show,"16109 Manchester Road, Ellisville, 63011",63011,Ballwin,+1 636-230-5115,,http://mastertechautoservice.com/,http://mastertechautoservice.com/
McAlister's Deli,Restaurant / Catering,Both,"14848 Manchester Road, Ballwin, MO, 63011",63011,Ballwin,,,,
Meadowbrook Country Club,Country Club / Golf,Gala,"200 Meadowbrook Country Club Estates, Ballwin, 63011",63011,Ballwin,,,,
Meineke,Auto Repair,Car Show,"14935 Manchester Road, Ballwin, 63011",63011,Ballwin,,,,
Mi Lupita,Restaurant / Catering,Both,"100 Holloway Road, Ballwin, MO, 63011",63011,Ballwin,+1-636-394-8686,,https://www.milupitaballwin.com,https://www.milupitaballwin.com/about-us
Mungenast Lexus,Car Dealership,Car Show,"13700 Manchester Road, 63011",63011,Ballwin,,,,
Pasta House Co.,Restaurant / Catering,Both,"15601 Manchester Rd;Manchester Road, Ellisville, 63011",63011,Ballwin,,,,
PNC Bank,Bank / Credit Union,Gala,"15061 Manchester Road, Ballwin, 63011",63011,Ballwin,,,,
Regions Bank,Bank / Credit Union,Gala,"14915 Manchester Road, Ballwin, MO, 63011",63011,Ballwin,,,,
Sellenriek Automotive,Auto Repair,Car Show,"14637 Manchester Road, Ballwin, 63011",63011,Ballwin,,,,
Signature India,Restaurant / Catering,Both,"14031 Manchester Road, 63011",63011,Ballwin,+1 636-220-1700,contact@signatureindiastl.com,https://www.signatureindiastl.com/,mailto:contact@signatureindiastl.com
St. Louis BBQ Society,Corporate Office,Both,"15053 Manchester Road, Ballwin, 63011",63011,Ballwin,+1 636-256-6564,fediverse@stlouisbbqsociety.com,https://stlouisbbqsociety.com,https://stlouisbbqsociety.com/contact/
Suntrup Kia West,Car Dealership,Car Show,"14116 Manchester Road, Manchester, 63011",63011,Ballwin,,,,
Texas Roadhouse,Restaurant / Catering,Both,"14870 Manchester Road, Ballwin, MO, 63011",63011,Ballwin,+1-636-527-7127,,,
The Dent Devil,Auto Repair,Car Show,"14949 Manchester Road, Ballwin, 63011",63011,Ballwin,,,,
The Wolf Public House,Restaurant / Catering,Both,"15480 Clayton Road, Ballwin, 63011",63011,Ballwin,,us@thewolfstl.com,https://thewolfstl.com/,https://thewolfstl.com/contact/
Tire Choice,Tire Shop,Car Show,"14943 Manchester Road, Ballwin, 63011",63011,Ballwin,,,,
Total Wine,Liquor / Wine,Both,"13887 Manchester Road, Ballwin;Town & Country, MO, 63011",63011,Ballwin,+1 636-527-0482,,https://www.totalwine.com/store-info/1801,
U-Gas,Fuel / Convenience,Car Show,"15221 Manchester Road, Ballwin, 63011",63011,Ballwin,,,https://www.phillips66gas.com/station/P66-DIRT-CHEAP-28-0000885137/,
U.S. Bank,Bank / Credit Union,Gala,"15215 Manchester Road, Ballwin, 63011",63011,Ballwin,+1-636-391-2355,portaldotcom@usbank.com,https://www.usbank.com/,https://www.usbank.com/about-us-bank.html
Vallarta Mexican Restaurant,Restaurant / Catering,Both,"16461 Village Plaza View Drive, Wildwood, MO, 63011",63011,Ballwin,,,,
Value City Furniture,Furniture & Home,Gala,"13961 Manchester Road, Town & Country, 63011",63011,Ballwin,,,,
West County Volvo,Car Dealership,Car Show,"14410 Manchester Rd, 63011",63011,Ballwin,,,,
West County Volvo Service,Auto Repair,Car Show,"14401 Manchester Road, 63011",63011,Ballwin,,,,
Zips Car Wash,Car Wash / Detail,Car Show,"15552 Manchester Road, Ellisville, 63011",63011,Ballwin,,,,
3 Bay BBQ & Bakery,Restaurant / Catering,Both,"14195 Clayton Road, Chesterfield, 63017",63017,Chesterfield,+1-636-227-1208,,https://www.3baybbqandbakery.com/,https://3baybbqandbakery.com/location-contact/
ATB Technologies,Corporate Office,Both,"14567 North Outer 40, 63017",63017,Chesterfield,,,https://atb-tech.com/,https://atb-tech.com/contact-us/
Bishop's Post,Restaurant / Catering,Both,"16125 Chesterfield Parkway West, Chesterfield, MO, 63017",63017,Chesterfield,,events@bishopspost.com,https://www.bishopspost.com/,https://www.bishopspost.com/contact
BP,Fuel / Convenience,Car Show,"388 Lamp & Lantern Village, Town and Country, 63017",63017,Chesterfield,,,,
Cate Zone Chinese Cuisine,Restaurant / Catering,Both,"24 Four Seasons Shopping Center, Chesterfield, 63017",63017,Chesterfield,+1 314-392-9624,quincylin4851221@gmail.com,https://www.catezonestl.com/,https://www.catezonestl.com/contact
Central Bank,Bank / Credit Union,Gala,"1700 Clarkson Road, Chesterfield, 63017",63017,Chesterfield,,,,
Charter Communications,Corporate Office,Both,"941 Charter Commons Drive, Town and Country, 63017",63017,Chesterfield,,,,
Commerce Bank,Bank / Credit Union,Gala,"1699 Clarkson Road, Chesterfield, 63017",63017,Chesterfield,,,,
Commerce Bank,Bank / Credit Union,Gala,"1090 Schnucks Woods Mill Plaza, Town and Country, 63017",63017,Chesterfield,,,,
Cooper's Hawk,Liquor / Wine,Both,"1146 Town and Country Crossing Drive, Town & Country, 63017",63017,Chesterfield,,,,
DoubleTree by Hilton Hotel St. Louis - Chesterfield,Hotel / Hospitality,Gala,"16625 Swingley Ridge Road, Chesterfield, MO, 63017",63017,Chesterfield,,,https://www.hilton.com/en/hotels/stlscdt-doubletree-st-louis-chesterfield/,
Drury Plaza Hotel St. Louis Chesterfield,Hotel / Hospitality,Gala,"355 Chesterfield Center, Chesterfield, MO, 63017",63017,Chesterfield,,,,
Dynasty Chinese Restaurant,Restaurant / Catering,Both,"54 Clarkson Wilson Center, Chesterfield, MO, 63017",63017,Chesterfield,+1-636-532-8400,,https://dynastywestcounty.com/,https://dynastywestcounty.com/contact
EdgeWild Restaurant and Winery,Restaurant / Catering,Both,"550 Chesterfield Center, Chesterfield, MO, 63017",63017,Chesterfield,,,https://edgewildwinery.com/chesterfield-home/,
El Troquero,Restaurant / Catering,Both,"185 Hilltown Village Center, Chesterfield, MO, 63017",63017,Chesterfield,+1-636-778-9939,,https://www.eltroquerorest.com/,https://www.eltroquerorest.com/Contact
Fairfield Inn & Suites St. Louis Chesterfield,Hotel / Hospitality,Gala,"1065 Chesterfield Parkway North, Chesterfield, MO, 63017",63017,Chesterfield,,,https://www.marriott.com/en-us/hotels/stlff-fairfield-inn-and-suites-st-louis-chesterfield/overview/,
First Watch,Restaurant / Catering,Both,"120 Hilltown Village Center, Chesterfield, 63017",63017,Chesterfield,,,,
Hampton Inn St. Louis/Chesterfield,Hotel / Hospitality,Gala,"16201 Swingley Ridge Road, Chesterfield, MO, 63017",63017,Chesterfield,+1 636-537-2500,,https://www.hilton.com/en/hotels/stlcfhx-hampton-st-louis-chesterfield/,
Harpo's Grill & Bar,Bar / Pub,Both,"136 Hilltown Village Center, Chesterfield, 63017",63017,Chesterfield,,,,
Hitea,Restaurant / Catering,Both,"13700 Olive Boulevard, Chesterfield, MO, 63017",63017,Chesterfield,+1-314-392-9399,,https://www.hiteachesterfield.com,https://www.hiteachesterfield.com
Homewood Suites by Hilton St. Louis-Chesterfield,Hotel / Hospitality,Gala,"840 West Chesterfield Parkway, Chesterfield, MO, 63017",63017,Chesterfield,,,,
Hyatt Place St. Louis/Chesterfield,Hotel / Hospitality,Gala,"333 Chesterfield Center, Chesterfield, MO, 63017",63017,Chesterfield,+1 636-536-6262,,https://www.hyatt.com/en-us/hotel/missouri/hyatt-place-st-louis-chesterfield/stlzc,
Jiffy Lube,Auto Repair,Car Show,"13490 Olive Boulevard, Chesterfield, 63017",63017,Chesterfield,,,,
Katie's Pizza & Pasta Osteria,Restaurant / Catering,Both,"14171 Clayton Road, Town and Country, MO, 63017",63017,Chesterfield,+1-636-220-3238,,https://katiespizzaandpasta.com/,https://katiespizzaandpasta.com/
Khanna's Desi Vibes,Restaurant / Catering,Both,"13724 Olive Boulevard, Chesterfield, 63017",63017,Chesterfield,,,https://desivibesstl.com/,https://desivibesstl.com/
Kingdom Capital,Professional Services,Gala,"Roosevelt Parkway, Chesterfield, MO, 63017",63017,Chesterfield,+1 314 325 1800,info@kingdomcapital.com,https://www.kingdomcapital.com,
Mellow Mushroom,Restaurant / Catering,Both,"15525 Olive Boulevard, Chesterfield, 63017",63017,Chesterfield,,,,
Mobil,Fuel / Convenience,Car Show,"1789 Clarkson Road, Chesterfield, 63017",63017,Chesterfield,,,,
P.F. Chang's,Restaurant / Catering,Both,"1295 Chesterfield Parkway E., 63017",63017,Chesterfield,+1-636-532-0215,,,
Philip 66,Fuel / Convenience,Car Show,"13491 Olive Boulevard, 63017",63017,Chesterfield,,,https://www.phillips66gas.com/station/P66-SEI-26281-0000884284/,
Phillips 66,Fuel / Convenience,Car Show,"14195 Clayton Road, Town and Country, 63017",63017,Chesterfield,,,https://www.phillips66gas.com/station/P66-WEST-COUNTY-66-0000885131/,
Reinsurance Group of America,Insurance Agency,Both,"16600 Swingley Ridge Road, 63017",63017,Chesterfield,+1 636-736-7000,,https://www.rgare.com/,https://www.rgare.com/contact
Saettele Jewelers,Jeweler,Gala,"279 Lamp And Lantern Village, Town & Country, 63017",63017,Chesterfield,,,,
Sharjah Mediterranean Grill,Restaurant / Catering,Both,"179 Hilltown Village Center, Chesterfield, MO, 63017",63017,Chesterfield,+1-636-778-0195,,https://sharjahgrill.com/,
State Farm,Insurance Agency,Both,"13714 Olive Boulevard, Chesterfield, MO, 63017",63017,Chesterfield,,,,
Steampunk Brew Works,Bar / Pub,Both,"231 Lamp & Lantern Village, Town and Country, 63017",63017,Chesterfield,,,,
Stoney River,Restaurant / Catering,Both,"377 Chesterfield Center, Chesterfield, MO, 63017",63017,Chesterfield,,,,
Thai Sawadee,Restaurant / Catering,Both,"171 Hilltown Village Center, Chesterfield, MO, 63017",63017,Chesterfield,+1-636-728-0308,,https://order.toasttab.com/online/thaisawadee,
The Country Club Bar and Grill,Bar / Pub,Both,"288 Lamp And Lantern Village, Town & Country, 63017",63017,Chesterfield,,,,
The Melting Pot,Restaurant / Catering,Both,"294 Lamp And Lantern Village, Town & Country, 63017",63017,Chesterfield,,,,
The Nett Group Real Estate Advisors,Real Estate,Gala,"16100 Chesterfield Parkway West, 63017",63017,Chesterfield,+1 636-675-8255,michael@thenettgroup.com,http://www.stlouisrealestateexchange.com/,http://www.stlouisrealestateexchange.com/member/contact/
Total Wine,Liquor / Wine,Both,"1781 Clarkson Road, Chesterfield, MO, 63017",63017,Chesterfield,+1 636-536-9869,,https://www.totalwine.com/store-info/1803,
U.S. Bank,Bank / Credit Union,Gala,"1050 South Woods Mill Road, Town and Country, 63017",63017,Chesterfield,,,,
U.S. Bank,Bank / Credit Union,Gala,"1795 Clarkson Road, Chesterfield, 63017",63017,Chesterfield,,,,
U.S. Bank,Bank / Credit Union,Gala,"101 Hilltown Village Center, Chesterfield, 63017",63017,Chesterfield,,,,
UMB Bank,Bank / Credit Union,Gala,"1041 South Woods Mill Road, Town and Country, 63017",63017,Chesterfield,,,,
Applebee's,Restaurant / Catering,Both,"14830 Manchester Road, Ballwin, 63021",63021,Manchester,+1 636-207-0801,,https://restaurants.applebees.com/en-us/mo/ballwin/14830-manchester-road-81008,https://www.applebees.com/en/contact-us
Dean Team Hyundai,Car Dealership,Car Show,"14754 Manchester Road, Ballwin, 63021",63021,Manchester,,,,
Discount Liquours,Liquor / Wine,Both,"701 Big Bend Road, Manchester, 63021",63021,Manchester,,,,
Dobbs Tire & Auto,Auto Repair,Car Show,"1116 Sulphur Spring Road, Manchester, 63021",63021,Manchester,,,,
Edward Jones,Financial / Wealth Mgmt,Gala,"669 Big Bend Road, Manchester, 63021",63021,Manchester,,jim.graham@edwardjones.com,https://www.edwardjones.com/us-en/financial-advisor/jim-graham,https://www.edwardjones.com/us-en/financial-advisor/jim-graham#fa-contact-form
ELCO Chevrolet,Car Dealership,Car Show,"15110 Manchester Road, Ballwin, 63021",63021,Manchester,,,,
First Bank,Bank / Credit Union,Gala,"1190 Meramec Station Road, Twin Oaks, 63021",63021,Manchester,+1-636-225-9990,,,
French Quarters,Bar / Pub,Both,"14762 Manchester Road, Ballwin, 63021",63021,Manchester,,,,
Jay Wolfe Toyota,Car Dealership,Car Show,"14700 Manchester Road, Ballwin, 63021",63021,Manchester,,,,
Lazy River Grill,Restaurant / Catering,Both,"631 Big Bend Road, 63021",63021,Manchester,,,,
O'Reilly Auto Parts,Auto Parts,Car Show,"15360 Manchester Road, Ellisville, 63021",63021,Manchester,,,https://locations.oreillyauto.com/mo/ellisville/autoparts-1646.html,https://www.oreillyauto.com/contact-us
Padgett Business Services,Accounting Firm,Gala,"134 Enchanted Parkway, Manchester, 63021",63021,Manchester,+1-636-391-5996,padgettstl@padgettadvisors.com,https://padgettstl.net/,https://padgettstl.net/contact.php
Phillips 66,Fuel / Convenience,Car Show,"859 Meramec Station Road, Twin Oaks, 63021",63021,Manchester,,,,
QuikTrip,Fuel / Convenience,Car Show,"14800 Manchester Road, Ballwin, 63021",63021,Manchester,,,,
QuikTrip,Fuel / Convenience,Car Show,"604 Big Bend Road, Manchester, 63021",63021,Manchester,,,,
Regions Bank,Bank / Credit Union,Gala,"1141 Meramec Station Road, Twin Oaks, 63021",63021,Manchester,,,,
Saitta Auto,Auto Parts,Car Show,"15046 Manchester Road, Ballwin, 63021",63021,Manchester,,,,
Sav-On Liquor & Wine,Liquor / Wine,Both,"1142 Meramec Station Road, Twin Oaks, MO, 63021",63021,Manchester,+1 636-517-1019,,,
Shell,Fuel / Convenience,Car Show,"595 Big Bend Road, Manchester, 63021",63021,Manchester,,,,
Southwestern Bell,Technology / IT,Both,"105 New Ballwin Road, Ballwin, 63021",63021,Manchester,,,,
Southwestern Bell,Technology / IT,Both,"14780 Manchester Road, Ballwin, 63021",63021,Manchester,,,,
State Farm,Insurance Agency,Both,"625 Big Bend Road, Manchester, 63021",63021,Manchester,+1-636-394-0530,,,
West County Family Law,Law Firm,Gala,"1190 Meramec Station Road, Ballwin, MO, 63021",63021,Manchester,+1 636-861-1111,,https://westcountyfamilylaw.com,
Wok Express,Restaurant / Catering,Both,"647 Big Bend Road, Ballwin, MO, 63021",63021,Manchester,+1 636-391-8330,,https://www.wokexpressbigbend.com,https://www.wokexpressbigbend.com/contact-us/
Advance Auto Parts,Auto Parts,Car Show,"95 Fenton Plaza, Fenton, 63026",63026,Fenton,,,,
Alliance Credit Union,Bank / Credit Union,Gala,"1280 South Highway Drive, Fenton, 63026",63026,Fenton,,,,
American Eagle Credit Union,Bank / Credit Union,Gala,"304 Summit Road, Fenton, 63026",63026,Fenton,+1-636-305-3900,,https://ameaglecu.com,
Azteca Mexican Restaurant,Restaurant / Catering,Both,"34 Western Plaza, Fenton, MO, 63026",63026,Fenton,,,https://www.aztecafenton.com/,
Bandana's BBQ,Restaurant / Catering,Both,"1160 South Highway Drive, Fenton, 63026",63026,Fenton,,,,
Bank of America,Bank / Credit Union,Gala,"707 Gravois Road, Fenton, 63026",63026,Fenton,+16363261844,jonathan.stogsdill@ml.com,https://locators.bankofamerica.com/mo/fenton/financial-centers-fenton-15795.html,https://www.bankofamerica.com/customer-service/contact-us/
Best Western Plus,Hotel / Hospitality,Gala,"1680 Fenton Business Park Court, Fenton, MO, 63026",63026,Fenton,,,,
Big Lots,Furniture & Home,Gala,"691 Gravois Bluffs Boulevard, Fenton, MO, 63026",63026,Fenton,+1 636-326-1361,,https://local.biglots.com/mo/fenton/691-gravois-bluffs-blvd,
Buffalo Wild Wings,Restaurant / Catering,Both,"150 Gravois Bluffs Circle, Fenton, 63026",63026,Fenton,+16363265000,,https://www.buffalowildwings.com/,https://www.buffalowildwings.com/
CB’s Chop House,Restaurant / Catering,Both,"1005 Majestic Drive, Fenton, 63026",63026,Fenton,,,,
Chase,Bank / Credit Union,Gala,"190 Gravois Bluffs Circle, Fenton, 63026",63026,Fenton,+1 636-717-4009,,https://locator.chase.com/mo/fenton/190-gravois-bluffs-cir,https://locator.chase.com/digital/resources/privacy-security/security/how-to-spot-scams
Chili's,Restaurant / Catering,Both,"711 Gravois Road, Fenton, 63026",63026,Fenton,+1-636-326-4134,purchasingsuppliers@brinker.com,http://www.chilis.com/,http://www.chilis.com/contact-us
Cracker Barrel,Restaurant / Catering,Both,"1050 South Highway Drive, Fenton, 63026",63026,Fenton,,,,
Dawdy Law Firm,Law Firm,Gala,"14 Green Valley Dr, Fenton, MO, 63026",63026,Fenton,+16363434414,dawdylaw@gmail.com,https://dawdylawfirm.com,https://www.dawdylawfirm.com/contact-us
Extended Stay America Suites,Hotel / Hospitality,Gala,"1662 Fenton Business Park Court, Fenton, MO, 63026",63026,Fenton,+1 636-305-7000,,https://www.extendedstayamerica.com/hotels/mo/st-louis/st-louis-fenton,
First Community Credit Union,Bank / Credit Union,Gala,"102 Kate G Lane, Fenton, 63026",63026,Fenton,+16367283333,,,
Future Hotel,Hotel / Hospitality,Gala,"942 South Highway Drive, Fenton, MO, 63026",63026,Fenton,,,,
Giuseppe's,Restaurant / Catering,Both,"972 S. Hwy Dr., Fenton, MO, 63026",63026,Fenton,,,,
Heritage Inn & Suites,Hotel / Hospitality,Gala,"1088 South Highway Drive, Fenton, 63026",63026,Fenton,,,,
Holiday Inn Express & Suites Fenton,Hotel / Hospitality,Gala,"1848 Bowles Avenue, Fenton, 63026",63026,Fenton,,,,
Hot Shot's Sports Bar,Bar / Pub,Both,"950 S. Hwy Dr., 63026",63026,Fenton,+1 636-343-1900,customerservice@hotshotsnet.com,https://hotshotsnet.com/locations/fenton-mo/,https://hotshotsnet.com/contact/
IHOP,Restaurant / Catering,Both,"110 Kate G Lane, Fenton, 63026",63026,Fenton,+16363269990,,,
Jiffy Lube,Auto Repair,Car Show,"1915 Hawkins Road, Fenton, 63026",63026,Fenton,,,https://stlouis.jiffylube.com/,https://stlouis.jiffylube.com/contact
Joe Clark's,Bar / Pub,Both,"42 Gravois Road, Fenton, 63026",63026,Fenton,,,,
Lindell Bank,Bank / Credit Union,Gala,"1037 Majestic Drive, Fenton, 63026",63026,Fenton,,,https://www.rockwoodbank.com/,
Midwest Bank Centre,Bank / Credit Union,Gala,"1007 Bowles Avenue, Fenton, 63026",63026,Fenton,,mbccdrenewalcampaign2022@midwestbankcentre.com,https://www.midwestbankcentre.com/,https://www.midwestbankcentre.com/about/branches-atms/
Mobil,Fuel / Convenience,Car Show,"1000 Bowles Avenue, Fenton, 63026",63026,Fenton,,capital.markets@exxonmobil.com,https://www.mobil.com/,https://corporate.exxonmobil.com/About-us/Contact-us/Directory
Neighbors Credit Union,Bank / Credit Union,Gala,"612 Gravois Road, Fenton, 63026",63026,Fenton,,,,
O'Reilly Auto Parts,Auto Parts,Car Show,"50 Western Plaza, Fenton, MO, 63026",63026,Fenton,+16363265038,,https://locations.oreillyauto.com/mo/fenton/autoparts-1798.html,https://www.oreillyauto.com/contact-us
Olive Garden,Restaurant / Catering,Both,"140 Gravois Bluffs Circle, Fenton, MO, 63026",63026,Fenton,,,http://www.olivegarden.com/,http://www.olivegarden.com/contact-us
Pizza Hut,Restaurant / Catering,Both,"585 Old Smizer Mill Road, Fenton, MO, 63026",63026,Fenton,+1 636-343-4999,,https://locations.pizzahut.com/mo/fenton/585-old-smizer-mill-rd,https://www.pizzahut.com/contact-us
Purcell Tire,Auto Repair,Car Show,"600 South Highway Drive, Fenton, 63026",63026,Fenton,,,https://purcelltire.com/,https://purcelltire.com/locations/
Que Pasa,Restaurant / Catering,Both,"1165 Gravois Road, Fenton, MO, 63026",63026,Fenton,+16366001062,,https://www.quepasamexicanrestaurant.com/,
QuikTrip,Fuel / Convenience,Car Show,"1907 Hawkins Road, Fenton, 63026",63026,Fenton,,,https://www.quiktrip.com/,https://www.quiktrip.com/contact-us
QuikTrip,Fuel / Convenience,Car Show,"1913 Bowles Avenue, Fenton, 63026",63026,Fenton,,,,
Rathert Law Firm,Law Firm,Gala,"334 Skinker Lane, Fenton, 63026",63026,Fenton,+1-636-343-2088,,,
Red Robin,Restaurant / Catering,Both,"130 Gravois Bluffs Circle, Fenton, 63026",63026,Fenton,,media@redrobin.com,https://www.redrobin.com/,https://www.redrobin.com/contact
Regions Bank,Bank / Credit Union,Gala,"999 Bowles Avenue, Fenton, 63026",63026,Fenton,+1-636-343-3500,,https://www.regions.com/,https://www.regions.com/
Riverside Motor Company,Car Dealership,Car Show,"65 Gravois Road, Fenton, 63026",63026,Fenton,,,,
SameDay Autobody,Auto Repair,Car Show,"3 Valley Park Road, Fenton, 63026",63026,Fenton,,,,
Shell,Fuel / Convenience,Car Show,"900 Brookwood Center, Fenton, 63026",63026,Fenton,,,,
Simmons Bank,Bank / Credit Union,Gala,"1000 South Highway Drive, Fenton, 63026",63026,Fenton,,,,
Smoke N Bottle,Liquor / Wine,Both,"978 South Highway Drive, Fenton, 63026",63026,Fenton,,,,
St. Louis Car Wash,Car Wash / Detail,Car Show,"1535 Smizer Mill Road, Fenton, 63026",63026,Fenton,,,,
St. Louis Mortgage Consultants,Professional Services,Gala,"1799 Smizer Station Road, Fenton, MO, 63026",63026,Fenton,+1 636-861-3279,peter.esson@mystlmortgage.com,https://www.stlmortgageconsultants.com/,https://www.stlmortgageconsultants.com/contact-us/
St. Louis Power Sports,Motorcycle Dealer,Car Show,"956 South Highway Drive, Fenton, 63026",63026,Fenton,,,,
Tiger Express Carwash,Car Wash / Detail,Car Show,"1029 Majestic Drive, Fenton, MO, 63026",63026,Fenton,,,,
Tiger Soup Dumplings,Restaurant / Catering,Both,"98 Gravois Bluffs Circle, Fenton, 63026",63026,Fenton,,,,
U.S. Bank,Bank / Credit Union,Gala,"700 Gravois Road, Fenton, 63026",63026,Fenton,,portaldotcom@usbank.com,https://www.usbank.com/locations/missouri/fenton/700-gravois-rd-bank-atm/,https://www.usbank.com/about-us-bank.html
Wingate At Wyndham,Hotel / Hospitality,Gala,"1100 South Highway Drive, Fenton, MO, 63026",63026,Fenton,+1-636-600-1818,accessibility@wyndham.com,https://www.wyndhamhotels.com/wingate/fenton-missouri/wingate-st-louis-fenton-rt-66/overview,https://www.wyndhamhotels.com/wingate/contact-us
Yiro Gyro,Restaurant / Catering,Both,"657 Gravois Road, Fenton, MO, 63026",63026,Fenton,,,,
ZX,Fuel / Convenience,Car Show,"1501 Hawkins Road, Fenton, 63026",63026,Fenton,,,,
Bank of America,Bank / Credit Union,Gala,"495 Howdershell Road, Florissant, IL, 63031",63031,Florissant,,,,
House of Jollof,Restaurant / Catering,Both,"503 Paul Avenue, Florissant, 63031",63031,Florissant,+1-314-323-5972,hi@mystore.com,https://www.houseofjollof.com/,https://www.houseofjollof.com/
Pearl Cafe,Restaurant / Catering,Both,"8416 North Lindbergh Boulevard, Florissant, 63031",63031,Florissant,,,,
Phillips 66,Fuel / Convenience,Car Show,"1280 North Highway 67 Street, Florissant, MO, 63031",63031,Florissant,,,,
Phillips 66,Fuel / Convenience,Car Show,"1395 Dunn Road, Florissant, MO, 63031",63031,Florissant,,,,
Phillips 66,Fuel / Convenience,Car Show,"1200 Shackelford Road, Florissant, 63031",63031,Florissant,,,https://www.phillips66gas.com/station/P66-PETROMART-11-0000908269/,
QuikTrip,Fuel / Convenience,Car Show,"150 Howdershell Road, Florissant, IL, 63031",63031,Florissant,,,,
Roberto's,Restaurant / Catering,Both,"16 Mullanphy Gardens Shopping Center, Florissant, 63031",63031,Florissant,,,https://www.robertositalianstl.com/,
Spot House Restaurant and Bar,Restaurant / Catering,Both,"5 Mullanphy Gardens Shopping Center, Florissant, MO, 63031",63031,Florissant,,,https://spot-house-restaurant-and-bar.business.site/,
Vantage Credit Union,Bank / Credit Union,Gala,"601 Greenway Chase Drive, 63031",63031,Florissant,,,,
Waffle House,Restaurant / Catering,Both,"375 North Highway 67 Street, Florissant, 63031",63031,Florissant,+1 314-839-2275,,https://locations.wafflehouse.com/florissant-mo-1697/,https://www.wafflehouse.com/contact/
West Community Credit Union,Bank / Credit Union,Gala,"1 Mullanphy Gardens Shopping Center, Florissant, MO, 63031",63031,Florissant,,,https://www.westcommunitycu.org/,https://www.westcommunitycu.org/contact/branch-locations.htm
Заправка ГСМ,Fuel / Convenience,Car Show,"3Ф вулиця Захисників України, 63032",63032,Florissant,,,,
54th Street Grill and Bar,Restaurant / Catering,Both,"2895 North Highway 67 Street, Florissant, MO, 63033",63033,Florissant,,,,
Abelardo’s Mexican Fresh,Restaurant / Catering,Both,"13101 New Halls Ferry Road, Florissant, MO, 63033",63033,Florissant,,,,
ACTRA Transmission & Auto Repair,Auto Repair,Car Show,"11347 New Halls Ferry Road, Florissant, 63033",63033,Florissant,+1 314-831-2494,,,
Applebee's,Restaurant / Catering,Both,"2309 North Highway 67, Florissant, 63033",63033,Florissant,+1 314-837-2020,,https://restaurants.applebees.com/en-us/mo/florissant/2309-n.-us-highway-67-81007,https://www.applebees.com/en/contact-us
Ashley HomeStore,Furniture & Home,Gala,"2409 North US 67, Florissant, 63033",63033,Florissant,+1 314-942-1101,,,
Chili's,Restaurant / Catering,Both,"13901 New Halls Ferry Road, Florissant, 63033",63033,Florissant,,,,
Florissant Golf Club,Country Club / Golf,Gala,"50 Country Club Lane, Florissant, 63033",63033,Florissant,+1 314-741-7444,,http://www.golfclubofflorissant.com/,
Jiffy Lube,Auto Repair,Car Show,"11345 New Halls Ferry Road, 63033",63033,Florissant,,,,
LongHorn Steakhouse,Restaurant / Catering,Both,"2317 North Highway 67, Florissant, 63033",63033,Florissant,,,,
Marty Cancila Dodge Chrysler Jeep Ram,Car Dealership,Car Show,"2175 North Highway 67, Florissant, 63033",63033,Florissant,,,,
Paul Cerame Ford,Car Dealership,Car Show,"11400 New Halls Ferry Road, Florissant, 63033",63033,Florissant,+1 314-838-2400,,,
Pizza Hut,Restaurant / Catering,Both,"13090 New Halls Ferry Road, Florissant, MO, 63033",63033,Florissant,+1 314-831-9500,,https://locations.pizzahut.com/mo/florissant/13090-new-halls-ferry-road,https://www.pizzahut.com/contact-us
Show Me's,Restaurant / Catering,Both,"1792 North New Florissant Road, Florissant, MO, 63033",63033,Florissant,+1 314-839-3797,,https://showmes.com/locations/florissant/,
St. Louis Kolache,Restaurant / Catering,Both,"2310 North Lindbergh Boulevard, 63033",63033,Florissant,+1 314-938-5656,stlouiskolache@gmail.com,https://www.stlkolache.com/,
Stormin' Crab,Restaurant / Catering,Both,"13971 New Halls Ferry Road, Florissant, 63033",63033,Florissant,,,,
U.S. Bank,Bank / Credit Union,Gala,"13987 New Halls Ferry Road, Florissant, 63033",63033,Florissant,,,,
Regions Bank,Bank / Credit Union,Gala,"1 Cottonwood Road, Glen Carbon, IL, 63034",63034,Florissant,,,,
"Historic ""Big Cheif"" Roadhouse",Restaurant / Catering,Both,"17352 Manchester Road, Wildwood, 63038",63038,Ellisville,,,,
El Maguey,Restaurant / Catering,Both,"2408 Taylor Road, Wildwood, MO, 63040",63040,Ellisville,,,,
Larry's Tavern,Bar / Pub,Both,"16833 Manchester Road, Wildwood, 63040",63040,Ellisville,,,,
Mobil,Fuel / Convenience,Car Show,"16509 Manchester Road, Wildwood, 63040",63040,Ellisville,+1-636-458-1809,,https://www.exxon.com/en/find-station/mobil-wildwood-mo-mobil609-200308869,https://www.exxon.com/en/find-station/mobil-wildwood-mo-mobil609-200308869
Opet Haliliye,Fuel / Convenience,Car Show,"Şanlıurfa Mardin Yolu 4. Km., Şanlıurfa, 63040",63040,Ellisville,+90 4143410405,,https://www.opet.com.tr/,https://www.aboutcookies.org/
Opet Haliliye,Fuel / Convenience,Car Show,"200 Cumhuriyet Caddesi, Şanlıurfa, 63040",63040,Ellisville,+90 4143145374,,https://www.opet.com.tr/,https://www.aboutcookies.org/
Sunny Side Street Cafe,Restaurant / Catering,Both,"2480 Taylor Road, Wildwood, MO, 63040",63040,Ellisville,+1-636-273-4070,info@sunnystreetcafe.com,https://www.sunnystreetcafe.com,https://www.sunnystreetcafe.com/contact-splash/
Thai Bistro,Restaurant / Catering,Both,"2436 Taylor Road, WIldwood, MO, 63040",63040,Ellisville,,,http://www.thaibistrostl.com/,
Wildwood Hotel,Hotel / Hospitality,Gala,"2801 Fountain Place, Wildwood, MO, 63040",63040,Ellisville,,res@thewildwoodhotel.com,https://thewildwoodhotel.com/,https://thewildwoodhotel.com/
Best Western St. Louis Airport North Hotel & Suites,Hotel / Hospitality,Gala,"323 Taylor Road, Hazelwood, MO, 63042",63042,Hazelwood,+1 314-731-8000,,https://www.bestwestern.com/en_US/book/hotels-in-hazelwood/best-western-st-louis-airport-north-hotel-suites/propertyCode.26195.html,
Comfort Inn & Suites St. Louis-Hazelwood,Hotel / Hospitality,Gala,"7133 Douglas Palmer Place, Hazelwood, MO, 63042",63042,Hazelwood,+1 314-895-8899,info@iatan.org,https://www.choicehotels.com/missouri/saint-louis/quality-inn-hotels,https://www.choicehotels.com/missouri/saint-louis/quality-inn-hotels
Denny's,Restaurant / Catering,Both,"5789 Campus Parkway, Hazelwood, MO, 63042",63042,Hazelwood,,,,
Imo's Pizza,Restaurant / Catering,Both,"7441 North Lindbergh Boulevard, 63042",63042,Hazelwood,,,https://www.imospizza.com/,https://www.imospizza.com/contact-corporate/
InTown Suites,Hotel / Hospitality,Gala,"9067 Dunn Rd, Hazelwood, MO, 63042",63042,Hazelwood,,,,
La Quinta Inn St. Louis Hazelwood - Airport North,Hotel / Hospitality,Gala,"318 Taylor Road, Hazelwood, MO, 63042",63042,Hazelwood,+1 314-656-7457,accessibility@wyndham.com,https://www.wyndhamhotels.com/laquinta/hazelwood-missouri/la-quinta-inn-st-louis-hazelwood-airport-north/overview,https://www.wyndhamhotels.com/laquinta/contact-us
Rivian Service Center,Auto Repair,Car Show,"6120 North Lindbergh Boulevard, Hazelwood, MO, 63042",63042,Hazelwood,,,,
Scoby Realtor,Real Estate,Gala,"Woodcrest Lane, Hazelwood, MO, 63042",63042,Hazelwood,+1 314-731-3138,,https://scobyrealtors.com,
Bandana's,Restaurant / Catering,Both,"12222 Dorsett Road, Maryland Heights, MO, 63043",63043,Maryland Heights,,,,
China One,Restaurant / Catering,Both,"2012 Dorsett Village, Maryland Heights, 63043",63043,Maryland Heights,+13145420888,,https://www.chinaonemo.com/,https://www.chinaonemo.com/
Commerce Bank,Bank / Credit Union,Gala,"12633 Dorsett Road, Maryland Heights, 63043",63043,Maryland Heights,,mymoney@commercebank.com,https://commercebank.com/,https://commercebank.com/contact-us
Dave & Buster's,Restaurant / Catering,Both,"13857 Riverport Drive, Maryland Heights, MO, 63043",63043,Maryland Heights,+1 314-209-8015,,https://www.daveandbusters.com/,https://www.daveandbusters.com/us/en/contact
Denny's,Restaurant / Catering,Both,"12319 Dorsett Road, Maryland Heights, MO, 63043",63043,Maryland Heights,,,,
Hampton Inn St. Louis/Westport,Hotel / Hospitality,Gala,"2454 Old Dorsett Road, Maryland Heights, MO, 63043",63043,Maryland Heights,+1 314-298-7878,,https://www.hilton.com/en/hotels/stldshx-hampton-st-louis-westport/,
Hollywood Hotel Saint Louis,Hotel / Hospitality,Gala,"777 Casino Center Drive, Maryland Heights, 63043",63043,Maryland Heights,,,https://www.hollywoodcasinostlouis.com/hotel,
Homewood Suites by Hilton St Louis Westport,Hotel / Hospitality,Gala,"2434 Old Dorsett Road, 63043",63043,Maryland Heights,+1 314-733-9800,,https://www.hilton.com/en/hotels/stlwthw-homewood-suites-st-louis-westport/,
Homewood Suites by Hilton St. Louis Riverport- Airport West,Hotel / Hospitality,Gala,"13639 Riverport Drive, Maryland Heights, MO, 63043",63043,Maryland Heights,+1-314-739-3900,,https://www.hilton.com/en/hotels/stlrvhw-homewood-suites-st-louis-riverport-airport-west/,
La Quinta Inn & Suites St Louis Airport-Riverport,Hotel / Hospitality,Gala,"13615 Riverport Drive, Maryland Heights, MO, 63043",63043,Maryland Heights,,,,
Millwoods Sports Bar and Grill,Bar / Pub,Both,"12068 Dorsett Road, Maryland Heights, 63043",63043,Maryland Heights,,,,
Off The Grill,Restaurant / Catering,Both,"11640 Dorsett Road, Maryland Heights, 63043",63043,Maryland Heights,+1-314-291-6555,otgstlouis@live.com,http://offthegrill.com,http://offthegrill.com/about-us/
Six Mile Bridge,Restaurant / Catering,Both,"11841 Dorsett Road, Maryland Heights, MO, 63043",63043,Maryland Heights,,info@sixmilebridgebeer.com,https://sixmilebridgebeer.com,https://sixmilebridgebeer.com/#aboutUs
Squeaky Clean Car Wash,Car Wash / Detail,Car Show,"12425 Dorsett Road, Maryland Heights, MO, 63043",63043,Maryland Heights,,,,
Standard Brewing Company,Restaurant / Catering,Both,"12322 Dorsett Road, Maryland Heights, 63043",63043,Maryland Heights,,,,
Star Tire & Auto,Auto Repair,Car Show,"2806 Fee Fee Road, Maryland Heights, MO, 63043",63043,Maryland Heights,,,,
Staybridge Suites St Louis - Westport,Hotel / Hospitality,Gala,"25 Progress Parkway, Maryland Heights, MO, 63043",63043,Maryland Heights,,,,
Surestay Plus Hotel by Best Western St. Louis Westport,Hotel / Hospitality,Gala,"12220 Dorsett Road, Maryland Heights, MO, 63043",63043,Maryland Heights,,,,
The Quarry at Crystal Springs,Country Club / Golf,Gala,"1 Crystal Springs Quarry Drive, Maryland Heights, 63043",63043,Maryland Heights,,,https://www.quarrygc.com/golfcenter/,https://www.quarrygc.com/contact
Waffle House,Restaurant / Catering,Both,"12215 Dorset Rd, Maryland Heights, MO, 63043",63043,Maryland Heights,+1 314-291-9509,,https://locations.wafflehouse.com/marylandhgts-mo-1423/,https://www.wafflehouse.com/contact/
옛날식당,Restaurant / Catering,Both,"11 애월로, 제주시, 63043",63043,Maryland Heights,+82 64 799 8876,,,
Airport Plaza Inn,Hotel / Hospitality,Gala,"4530 North Lindbergh Boulevard, Bridgeton, 63044",63044,Bridgeton,+1 314 731 3800,,https://www.airportplazainn.com,https://www.airportplazainn.com
Big G Auto Service,Auto Repair,Car Show,"12401 Natural Bridge Road, Bridgeton, 63044",63044,Bridgeton,+1 314-298-0545,user@domain.com,https://www.biggautoservice.com/,https://www.biggautoservice.com/new-page
Bridgeton Berry Hill Golf Course,Country Club / Golf,Gala,"11919 Berry Hill Road, Bridgeton, MO, 63044",63044,Bridgeton,,,,
Carrollton Park DGC,Country Club / Golf,Gala,"14861 Phelps Drive, Bridgeton, 63044",63044,Bridgeton,,stldgclub@gmail.com,http://stlouisdiscgolfclub.com/courses/#Bridgeton,https://stldgclub.com/about-us/
Courtyard,Hotel / Hospitality,Gala,"3101 Rider Trail South, Hazelwood, MO, 63044",63044,Bridgeton,+1 314-209-1000,,https://www.marriott.com/stlbr,
Crowne Plaza St. Louis Airport,Hotel / Hospitality,Gala,"11228 Lone Eagle Drive, Bridgeton, 63044",63044,Bridgeton,,,,
Embassy Suites by Hilton St. Louis Airport,Hotel / Hospitality,Gala,"11237 Lone Eagle Drive, Bridgeton, MO, 63044",63044,Bridgeton,,,https://embassysuites3.hilton.com/en/hotels/missouri/embassy-suites-by-hilton-st-louis-airport-STLESES/index.html,
Extended Stay America,Hotel / Hospitality,Gala,"11252 Lone Eagle Drive, Bridgeton, 63044",63044,Bridgeton,,,,
Hotshots Sports Bar and Grill,Restaurant / Catering,Both,"12154 Saint Charles Rock Road, Bridgeton, 63044",63044,Bridgeton,+1 314-291-1606,customerservice@hotshotsnet.com,https://hotshotsnet.com/locations/bridgeton-mo/,https://hotshotsnet.com/contact/
India Palace,Restaurant / Catering,Both,"4530 North Lindbergh Boulevard, Bridgeton, 63044",63044,Bridgeton,+13147313333,,,
Jiffy Lube,Auto Repair,Car Show,"11731 Saint Charles Rock Road, Bridgeton, MO, 63044",63044,Bridgeton,+1 314-770-0033,,https://www.jiffylube.com/locations/mo/bridgeton/1377,https://www.jiffylube.com/contact
Lindbergh Bistro & Bar,Restaurant / Catering,Both,"4530 North Lindbergh Boulevard, Bridgeton, 63044",63044,Bridgeton,,,,
NTB,Auto Repair,Car Show,"11951 Paul Mayer Avenue, Bridgeton, 63044",63044,Bridgeton,,,https://www.ntb.com/store/mo/bridgeton/11951-paul-mayer-ave-63044/4277,
Plaza Office Tower,Corporate Office,Both,"4530 North Lindbergh Boulevard, Bridgeton, 63044",63044,Bridgeton,+13147313800,,https://www.airportplazainn.com,https://www.airportplazainn.com
QuikTrip,Fuel / Convenience,Car Show,"12700 Saint Charles Rock Road, Bridgeton, 63044",63044,Bridgeton,,,,
Red Lobster,Restaurant / Catering,Both,"12235 Saint Charles Rock Road, Bridgeton, MO, 63044",63044,Bridgeton,,,,
Sleep Inn St Louis - Airport,Hotel / Hospitality,Gala,"11225 Lone Eagle Drive, Bridgeton, MO, 63044",63044,Bridgeton,,,,
SpringHill Suites St. Louis Airport/Earth City,Hotel / Hospitality,Gala,"3099 Rider Trail South, Saint Louis, MO, 63044",63044,Bridgeton,+1 314-739-9991,,https://www.marriott.com/stlec,
TGI Fridays,Restaurant / Catering,Both,"11228 Lone Eagle Drive, Bridgeton, 63044",63044,Bridgeton,,,,
The Law Offices of Kenneth P. Carp,Law Firm,Gala,"12800 Boenker Lane, Bridgeton, 63044",63044,Bridgeton,+1-636-947-3600,kennethcarp@kcarplaw.com,https://kcarplaw.com/,
Waffle House,Restaurant / Catering,Both,"12701 Saint Charles Rock Road, Bridgeton, MO, 63044",63044,Bridgeton,+1 314-739-0625,,https://locations.wafflehouse.com/bridgeton-mo-516/,https://www.wafflehouse.com/contact/
Extended Stay America - St. Louis - Earth City,Hotel / Hospitality,Gala,"3125 Rider Trl S, Earth City, MO, 63045",63045,Earth City,,,,
Holiday Inn St. Louis Airport West-Earth City,Hotel / Hospitality,Gala,"3400 Rider Trail South, St. Louis, MO, 63045",63045,Earth City,,,,
Phillips 66,Fuel / Convenience,Car Show,"3402 Rider Trail South, St. Louis, MO, 63045",63045,Earth City,,,https://www.phillips66gas.com/station/P66-EARTH-CITY-66-0000808282/,
Residence Inn St. Louis Airport/Earth City,Hotel / Hospitality,Gala,"3290 Rider Trail South, Earth City, MO, 63045",63045,Earth City,+1 314-209-0995,,https://www.marriott.com/stlri,
Sonesta Simply Suites St. Louis Earth City,Hotel / Hospitality,Gala,"3250 Rider Trail South, Earth City, MO, 63045",63045,Earth City,,,,
AutoZone,Auto Parts,Car Show,"4551 Hunter Lane, Byrnes Mill, MO, 63051",63051,House Springs,+1-636-375-5229,,https://www.autozone.com/locations/mo/byrnes-mill/4551-hunter-lane.html,
E&V Auto,Auto Repair,Car Show,"4639 Gravois Road, House Springs, MO, 63051",63051,House Springs,+1-636-671-4400,,https://www.eandvauto.com/,
Enterprise Bank & Trust,Bank / Credit Union,Gala,"4675 Gravois Road, House Springs, MO, 63051",63051,House Springs,,cso@enterprisebank.com,https://www.enterprisebank.com/locations/house-springs/,https://www.enterprisebank.com/contact-us
O'Reilly Auto Parts,Auto Parts,Car Show,"1 Walters Drive, House Springs, MO, 63051",63051,House Springs,,,https://locations.oreillyauto.com/en-us/mo/housesprings/autoparts-1634.html,https://www.oreillyauto.com/contact-us
7287 San Benedetto del Tronto,Fuel / Convenience,Car Show,"26 Via della Liberazione, San Benedetto del Tronto, 63074",63074,St. Ann,,,,
Bakkano,Restaurant / Catering,Both,"102 Via Luciano Manara, San Benedetto del Tronto, 63074",63074,St. Ann,+39 0735 574017,,https://bakkanoinviamanara.com/,https://bakkanoinviamanara.com/
Bandana's Bar-B-Q,Restaurant / Catering,Both,"10800 Pear Tree Lane, Saint Ann, MO, 63074",63074,St. Ann,+1-314-426-9955,,,
Brandimarte & Campanelli,Auto Repair,Car Show,"7 Via Luciano Zuccoli, 63074",63074,St. Ann,+39 0735 594067,,,
Cascioli Group,Car Dealership,Car Show,"194 Via della Liberazione, San Benedetto del Tronto, 63074",63074,St. Ann,,,,
Chalet Il Timone,Restaurant / Catering,Both,"25 Viale Europa, San Benedetto del Tronto, 63074",63074,St. Ann,,,,
Congress Airport Inn,Hotel / Hospitality,Gala,"3433 N Lindbergh Blvd, Saint Ann, MO, 63074",63074,St. Ann,,,,
Ecofuel,Fuel / Convenience,Car Show,"228 Via del Mare, Porto d'Ascoli, 63074",63074,St. Ann,,,,
Eni,Fuel / Convenience,Car Show,"183 Corso Giuseppe Mazzini, San Benedetto del Tronto, 63074",63074,St. Ann,,,,
ENI,Fuel / Convenience,Car Show,"Strada Provinciale 227 Raccordo Ascoli Mare - Porto d'Ascoli, Porto d'Ascoli, 63074",63074,St. Ann,,,,
Eni 7284 San Benedetto del Tronto,Fuel / Convenience,Car Show,"Strada Statale 16 Adriatica, San Benedetto del Tronto, 63074",63074,St. Ann,,,,
Esso,Fuel / Convenience,Car Show,"72 Viale Trieste, San Benedetto del Tronto, 63074",63074,St. Ann,,,,
Esso,Fuel / Convenience,Car Show,"73 Via Nazario Sauro, San Benedetto del Tronto, 63074",63074,St. Ann,,,,
Esso,Fuel / Convenience,Car Show,"173 Via della Liberazione, San Benedetto del Tronto, 63074",63074,St. Ann,,,,
Eurobank,Bank / Credit Union,Gala,"Πατριάρχου Βαρθολομαίου Α', Παλαιοχώρι, 63074",63074,St. Ann,,,,
Gastro',Restaurant / Catering,Both,"14/16 Via Monfalcone, San Benedetto del Tronto, 63074",63074,St. Ann,+39 345 460 7286,,,
Gioielleria Rossetti,Jeweler,Gala,"37 Viale Secondo Moretti, San Benedetto del Tronto, 63074",63074,St. Ann,+39 0735 592381,,https://www.gioielleriarossetti.it/,https://www.gioielleriarossetti.it/
Gruppo Immobiliare Spina & Marchei,Real Estate,Gala,"113 Viale Alcide De Gasperi, San Benedetto del Tronto, 63074",63074,St. Ann,,info@spinamarchei.it,https://www.spinamarchei.it,https://www.spinamarchei.it
Hampton Inn St. Louis-Airport,Hotel / Hospitality,Gala,"10820 Pear Tree Lane, Saint Louis, MO, 63074",63074,St. Ann,+1 314-429-2000,,https://www.hilton.com/en/hotels/stlaphx-hampton-st-louis-airport/,
Hotel Ferrara,Hotel / Hospitality,Gala,"25 Via Cola di Rienzo, San Benedetto del Tronto, 63074",63074,St. Ann,,,,
Hotel Haiti,Hotel / Hospitality,Gala,"68 Viale Europa, San Benedetto del Tronto, 63074",63074,St. Ann,+39 0735 81635,info@haiti.it,https://www.haiti.it,
Hotel Haus Charlotte,Hotel / Hospitality,Gala,"10 Via Giannina Milli, San Benedetto del Tronto, 63074",63074,St. Ann,+39 0735 81874,info@hotelhauscharlotte.it,https://www.hotelhauscharlotte.it,
Hotel La Playa,Hotel / Hospitality,Gala,"25a Via Cola di Rienzo, San Benedetto del Tronto, 63074",63074,St. Ann,,,,
Hotel Olimpo,Hotel / Hospitality,Gala,"78 Viale Europa, San Benedetto del Tronto, 63074",63074,St. Ann,,info@hotelolimpo.com,https://www.hotelolimpo.com/,https://www.hotelolimpo.com/
Hotel Parco,Hotel / Hospitality,Gala,"2 Via Publio Virgilio Marone, San Benedetto del Tronto, 63074",63074,St. Ann,+39 0735 82170,,,
Hotel Rina,Hotel / Hospitality,Gala,"28 Via Tacito, San Benedetto del Tronto, 63074",63074,St. Ann,+39 0735 81789,hotelrina@virgilio.it,http://www.hotelpensionerina.it/,
Hotel Riviera,Hotel / Hospitality,Gala,"8 Via Orazio, 63074",63074,St. Ann,+39 0735 780847; +39 0735 82038,info@hotelrivierasanbenedetto.it,https://www.hotelrivierasanbenedetto.it/,
Hotel Smeraldo Suites & Spa,Hotel / Hospitality,Gala,"141 Viale Rinascimento, Porto d'Ascoli, 63074",63074,St. Ann,+39 0735 615400,info@smeraldosuitehotel.com,http://www.smeraldosuitehotel.com,
I Sapori della Costiera,Restaurant / Catering,Both,"62 Via dei Laureati, Porto d'Ascoli, 63074",63074,St. Ann,+39 0735 762154,,https://pizzeriaisaporidellacostiera.it/,https://pizzeriaisaporidellacostiera.it/about
IP,Fuel / Convenience,Car Show,"66 Via Piave, San Benedetto del Tronto, 63074",63074,St. Ann,,,,
IP,Fuel / Convenience,Car Show,"Strada Statale 16 Adriatica, San Benedetto del Tronto, 63074",63074,St. Ann,,,,
IP,Fuel / Convenience,Car Show,"Viale dello Sport, San Benedetto del Tronto, 63074",63074,St. Ann,,,,
IP,Fuel / Convenience,Car Show,"Via Torino, Porto d'Ascoli, 63074",63074,St. Ann,,,,
IP,Fuel / Convenience,Car Show,"13 Piazza San Filippo Neri, San Benedetto del Tronto, 63074",63074,St. Ann,,,,
IP,Fuel / Convenience,Car Show,"251 Corso Giuseppe Mazzini, San Benedetto del Tronto, 63074",63074,St. Ann,,,,
IP San Benedetto del Tronto località San Giovanni,Fuel / Convenience,Car Show,"Contrada San Giovanni, San Benedetto del Tronto, 63074",63074,St. Ann,,,,
Ip Services S.R.L.,Fuel / Convenience,Car Show,"Via San Giovanni, San Benedetto del Tronto, 63074",63074,St. Ann,,,,
IP Sgariglia,Fuel / Convenience,Car Show,"Strada Provinciale 227 Raccordo Ascoli Mare - Porto d'Ascoli, San Benedetto del Tronto, 63074",63074,St. Ann,,,,
La Tejana Taqueria,Restaurant / Catering,Both,"3149 North Lindbergh Boulevard, Saint Ann, MO, 63074",63074,St. Ann,,,,
Linear Project,Professional Services,Gala,"12 Via Palmiro Togliatti, San Benedetto del Tronto, 63074",63074,St. Ann,+39 338 7902496,matteo.curzi82@gmail.com,https://www.facebook.com/LinearProject,
Northwest Airport Inn,Hotel / Hospitality,Gala,"3570 North Lindbergh Boulevard, Saint Ann, MO, 63074",63074,St. Ann,,,,
NSIT Systems,Corporate Office,Both,"12 Via Roberto Peci, San Benedetto del Tronto, 63074",63074,St. Ann,,,,
Old Spirit,Bar / Pub,Both,"91 Via Gioacchino Pizzi, San Benedetto del Tronto, 63074",63074,St. Ann,,oldspirit77@gmail.com,,
Pear Tree Inn St. Louis Airport,Hotel / Hospitality,Gala,"10810 Pear Tree Ln, Saint Ann, MO, 63074",63074,St. Ann,,,,
Pizzeria Ristorante Lu Campanò,Restaurant / Catering,Both,"1 Via Alessandro Manzoni, San Benedetto del Tronto, 63074",63074,St. Ann,+39 0735 366596,,,
Q8,Fuel / Convenience,Car Show,"151 Viale dello Sport, Porto d'Ascoli, 63074",63074,St. Ann,,,,
Ristorante Pizzeria Congusto,Restaurant / Catering,Both,"38-40 Via Balilla, San Benedetto del Tronto, 63074",63074,St. Ann,+39 345 512 3622,,,
Ristorante Pizzeria Vesuvio,Restaurant / Catering,Both,"10 Viale Rinascimento, San Benedetto del Tronto, 63074",63074,St. Ann,+39 0735 658198,,https://www.ristorantepizzeriavesuviodal1976.it/,
Sabroso Cocina Mexicana,Restaurant / Catering,Both,"11146 Old Saint Charles Road, Saint Ann, MO, 63074",63074,St. Ann,,,,
Sapore di Stelle Bistrò,Restaurant / Catering,Both,"1 Via Val Tiberina, San Benedetto del Tronto, 63074",63074,St. Ann,,,,
SBT Energy,Fuel / Convenience,Car Show,"29 Via della Liberazione, San Benedetto del Tronto, 63074",63074,St. Ann,,,,
Studio Legale Vallesi,Law Firm,Gala,"27 Corso Giuseppe Mazzini, San Benedetto del Tronto, 63074",63074,St. Ann,,,,
Sulaiman's Cafe,Restaurant / Catering,Both,"3578 Adie Road, St. Ann, MO, 63074",63074,St. Ann,,,,
Trattoria Molo Sud,Restaurant / Catering,Both,"15 Viale delle Tamerici, San Benedetto del Tronto, 63074",63074,St. Ann,+39 0735 587325,tavolo@trattoriamolosud.it,https://trattoriamolosud.it/,https://trattoriamolosud.it/
Via Gabrielli SBT,Fuel / Convenience,Car Show,"54 Via Cesare e Luciano Gabrielli, San Benedetto del Tronto, 63074",63074,St. Ann,,,,
Vulcangas San Benedetto del Tronto,Fuel / Convenience,Car Show,"7 Contrada San Giovanni, Porto d'Ascoli, 63074",63074,St. Ann,,,,
Wish You Were Beer,Bar / Pub,Both,"15 Piazza San Giovanni Battista, San Benedetto del Tronto, 63074",63074,St. Ann,,,,
Εθνική Τράπεζα,Bank / Credit Union,Gala,"Κεντρική Πλατεία, Αρναία, 63074",63074,St. Ann,,,,
Οικία Μήτσιου,Hotel / Hospitality,Gala,"Αρναία, 63074",63074,St. Ann,+30 2372022744,welcome@mitsiou.gr,https://www.mitsiou.gr/,
Οικογενειακή ταβέρνα Μπακατσιάνος,Restaurant / Catering,Both,"Αρναία, 63074",63074,St. Ann,,info@bakatsianos.gr,https://www.bakatsianos.gr/,https://www.bakatsianos.gr/contact/
Τράπεζα Πειραιώς,Bank / Credit Union,Gala,"Αρναία, 63074",63074,St. Ann,,,,
내도음악상가,Winery,Both,"106 테우해안로, 제주시, 63074",63074,St. Ann,+82507-1338-9262,,https://www.instagram.com/recordbar.naedo/,https://www.instagram.com/recordbar.naedo/
Asian Arch,Restaurant / Catering,Both,"412 North Tucker Boulevard, Saint Louis, MO, 63101",63101,St. Louis,+13148990698,,https://asianarchstl.com/?utm_source=google,
Aubergine - Thai Cuisine,Restaurant / Catering,Both,"550 North 7th Street, Saint Louis, MO, 63101",63101,St. Louis,+13142269002,,https://auberginecafestl.com/,https://auberginecafestl.com/contact/
"BLT's - Breakfast, Lunch and Tacos",Restaurant / Catering,Both,"626 North 6th Street, Saint Louis, MO, 63101",63101,St. Louis,+13149258505,contact.us@stlblts.com,https://www.stlblts.com/,mailto:contact.us@stlblts.com
Bridge Tap House & Wine Bar,Bar / Pub,Both,"1004 Locust Street, Saint Louis, MO, 63101",63101,St. Louis,+1 314-241-8141,user@domain.com,https://www.thebridgestl.com/,https://www.thebridgestl.com/about-bridge
Buddy's,Bar / Pub,Both,"1001 Washington Avenue, 63101",63101,St. Louis,+1-314-339-7478,info@drinkingbuddys.com,https://www.drinkingbuddys.com/,https://www.drinkingbuddys.com/#contact
Busey Bank,Bank / Credit Union,Gala,"900 Olive Street, Saint Louis, MO, 63101",63101,St. Louis,,,,
Chili Mac's Diner,Restaurant / Catering,Both,"510 Pine Street, Saint Louis, MO, 63101",63101,St. Louis,+13144219040,,,
Chris' @ The Docket,Restaurant / Catering,Both,"100 North Tucker Boulevard, Saint Louis, MO, 63101",63101,St. Louis,+1 314-977-4615,,https://www.chrisatthedocket.com/,https://www.chrispancakeanddining.com/contact-us/
Crabs Landing,Restaurant / Catering,Both,"701 North Tucker Boulevard, Saint Louis, MO, 63101",63101,St. Louis,+13148333280,,https://www.crabslanding.com/,https://www.crabslanding.com/contact-us/
Embassy Suites by Hilton St. Louis Downtown,Hotel / Hospitality,Gala,"610 North 7th Street, Saint Louis, MO, 63101",63101,St. Louis,+1 314-269-5900,,https://embassysuites3.hilton.com/en/hotels/missouri/embassy-suites-st-louis-downtown-STLWAES/index.html,
Enterprise,Car Rental,Car Show,"115 North 6th Street, Saint Louis, MO, 63101",63101,St. Louis,,,,
Gateway Metro Federal Credit Union,Bank / Credit Union,Gala,"1001 Pine Street, Saint Louis, MO, 63101",63101,St. Louis,,,,
Gyro Express,Restaurant / Catering,Both,"750 Locust Street, Saint Louis, MO, 63101",63101,St. Louis,+13143008300,hi@mystore.com,http://gyroexpressstl.com/,http://gyroexpressstl.com/
Hayden's Irish Pub,Bar / Pub,Both,"310 North 6th Street, Saint Louis, MO, 63101",63101,St. Louis,+1 314-833-6766,,,
Hi-Pointe Drive In,Restaurant / Catering,Both,"634 Washington Avenue, Saint Louis, MO, 63101",63101,St. Louis,+1-314-405-8274,hi@hipointedrivein.com,https://hipointedrivein.com,https://hipointedrivein.com/about
HOK,Professional Services,Gala,"701 Market Street, Saint Louis, MO, 63101",63101,St. Louis,+13144212000,stlouis@hok.com,https://www.hok.com/studios/st-louis/,https://www.hok.com/contact/
Hotel Indigo St. Louis - Downtown,Hotel / Hospitality,Gala,"501 Olive Street, Saint Louis, MO, 63101",63101,St. Louis,+13147324334,info@hotelindigostlouis.com,https://www.ihg.com/hotelindigo/hotels/us/en/st-louis/stlid/hoteldetail?cm_mmc=GoogleMaps-_-IN-_-US-_-STLID,https://www.ihg.com/hotels/us/en/customer-care/contact-us
Hotel Saint Louis,Hotel / Hospitality,Gala,"705 Olive Street, Saint Louis, MO, 63101",63101,St. Louis,+13142414300,,https://www.marriott.com/en-us/hotels/stlak-hotel-saint-louis-autograph-collection/overview/?scid=f2ae0541-1279-4f24-b197-a979c79310b0,
Jack Patrick's Bar & Grill,Restaurant / Catering,Both,"1000 Olive Street, Saint Louis, MO, 63101",63101,St. Louis,+1 314-436-8879,,http://jackpatricks.samsbiz.com/,
Lashly & Baer,Law Firm,Gala,"714 Locust Street, Saint Louis, MO, 63101",63101,St. Louis,+13146212939,info@lashlybaer.com,https://www.lashlybaer.com/,https://www.lashlybaer.com/contact/
Le Méridien,Hotel / Hospitality,Gala,"1019 Pine Street, Saint Louis, MO, 63101",63101,St. Louis,+1-314-436-2355,,https://www.marriott.com/hotels/travel/stlmo-le-meridien-st-louis-downtown/,
Magnolia Hotel St. Louis,Hotel / Hospitality,Gala,"421 North 8th Street, Saint Louis, MO, 63101",63101,St. Louis,+13144369000,,https://www.marriott.com/en-us/hotels/stltr-magnolia-hotel-st-louis-a-tribute-portfolio-hotel/overview/?scid=f2ae0541-1279-4f24-b197-a979c79310b0,
Market Street Bistro,Restaurant / Catering,Both,"1 South Broadway, Saint Louis, MO, 63101",63101,St. Louis,,,,
Marriott St. Louis Grand,Hotel / Hospitality,Gala,"822 Washington Avenue, Saint Louis, MO, 63101",63101,St. Louis,+1 314-621-9600,,https://www.marriott.com/hotels/travel/stldt-renaissance-st-louis-grand-hotel/,
Mizu Sushi Bar,Restaurant / Catering,Both,"1013 Washington Avenue, Saint Louis, MO, 63101",63101,St. Louis,+13146212646,,http://mizu-stl.com/,
Radisson,Hotel / Hospitality,Gala,"811 North 9th Street, Saint Louis, MO, 63101",63101,St. Louis,+13144214000,,,
Rated Test Kitchen,Restaurant / Catering,Both,"313 North 11th Street, Saint Louis, MO, 63101",63101,St. Louis,+13142005866,,https://www.rated-tk.com/,https://www.rated-tk.com/contact
Red Door,Restaurant / Catering,Both,"217 North 7th Street, Saint Louis, MO, 63101",63101,St. Louis,+13142312867,,https://www.reddoormo.com/,https://www.reddoormo.com/contact
Robie's on 8th,Restaurant / Catering,Both,"421 North 8th Street, Saint Louis, MO, 63101",63101,St. Louis,+13144369000,,https://www.robieson8th.com/,https://www.robieson8th.com/contact/
Rooster,Restaurant / Catering,Both,"1025 Washington Avenue, Saint Louis, MO, 63101",63101,St. Louis,+1-314-241-8118,user@domain.com,https://www.roosterstl.com/,https://www.roosterstl.com/about
Sauce on the Side,Restaurant / Catering,Both,"411 North 8th Street, Saint Louis, MO, 63101",63101,St. Louis,+13142415667,,https://sauceontheside.com/,https://sauceontheside.com/
Sen Thai Asian Bistro,Restaurant / Catering,Both,"1000 Washington Avenue, Saint Louis, MO, 63101",63101,St. Louis,+13144363456,,https://www.senthaibistro.com/,https://www.senthaibistro.com/
Stanley's Cigar Lounge,Bar / Pub,Both,"1000 Washington Avenue, Saint Louis, MO, 63101",63101,St. Louis,+1 314-436-3500,info@stanleycigar.com,https://stanleycigars.com/,
Sugarfire Smoke House,Restaurant / Catering,Both,"605 Washington Avenue, Saint Louis, MO, 63101",63101,St. Louis,+1-314-394-1720,,https://sugarfiresmokehouse.com/,https://sugarfiresmokehouse.com/contact-us
Sushi Ai,Restaurant / Catering,Both,"910 Olive Street, Saint Louis, MO, 63101",63101,St. Louis,+13145887888,,https://www.toasttab.com/sushi-ai-downtown-910-olive-street,
Thaxton Speakeasy,Bar / Pub,Both,"1009 Olive Street, Saint Louis, MO, 63101",63101,St. Louis,,,,
The Bruning Law Firm,Law Firm,Gala,"555 Washington Avenue, Saint Louis, MO, 63101",63101,St. Louis,+1-314-898-3078,abruningjr@gmail.com,https://www.bruninglegal.com/,
The Crack Fox,Bar / Pub,Both,"1114 Olive Street, Saint Louis, MO, 63101",63101,St. Louis,+1-314-828-5064,info@thecrackfox.com,https://www.thecrackfox.com/,https://www.thecrackfox.com/about
The Moniker,Restaurant / Catering,Both,"1000 Washington Avenue, Saint Louis, MO, 63101",63101,St. Louis,,,,
The Over/Under Bar & Grill,Restaurant / Catering,Both,"911 Washington Avenue, Saint Louis, MO, 63101",63101,St. Louis,+1 314-621-8881,,https://www.overunderstl.com/,https://www.overunderstl.com/contact/
Tiny Bar,Bar / Pub,Both,"1008 Locust Street, Saint Louis, MO, 63101",63101,St. Louis,+1 314-800-7218,eddie@tinybarstl.com,https://tinybarstl.com/,https://tinybarstl.com/
U.S. Bank,Bank / Credit Union,Gala,"301 North Tucker Boulevard, Saint Louis, MO, 63101",63101,St. Louis,,,,
UKRAFT Brunch Café,Restaurant / Catering,Both,"701 Market Street, Saint Louis, MO, 63101",63101,St. Louis,+13143764352,info@ukrafteats.com,https://www.ukrafteats.com/,https://www.spothopperapp.com/contact-us?contact_reason=demo
Union 30,Restaurant / Catering,Both,"705 Olive Street, Saint Louis, MO, 63101",63101,St. Louis,+13142414300,info@hotelsaintlouis.com,https://www.hotelsaintlouis.com/dining,https://www.hotelsaintlouis.com/contact
Yalla on Washington Ave,Bar / Pub,Both,"1128 Washington Avenue, Saint Louis, MO, 63101",63101,St. Louis,,,,
Al's Restaurant,Restaurant / Catering,Both,"1200 North 1st Street, Saint Louis, MO, 63102",63102,St. Louis,+13144216399,,https://alsrestaurant.net/,https://alsrestaurant.net/
Angry Beaver,Bar / Pub,Both,"730 South Broadway, Saint Louis, MO, 63102",63102,St. Louis,,,,
Ballpark Pizza,Restaurant / Catering,Both,"1 South Broadway, Saint Louis, MO, 63102",63102,St. Louis,,,,
Bally Sports Live!,Bar / Pub,Both,"601 Clark Avenue, Saint Louis, MO, 63102",63102,St. Louis,,,,
Broadway Oyster Bar,Bar / Pub,Both,"736 South Broadway, Saint Louis, MO, 63102",63102,St. Louis,,,,
Budweiser Brew House,Restaurant / Catering,Both,"601 Clark Avenue, Saint Louis, MO, 63102",63102,St. Louis,+13142415575,,https://www.stlballparkvillage.com/eat-and-drink/budweiser-brewhouse,
Cardinals Nation,Restaurant / Catering,Both,"601 Clark Avenue, Saint Louis, MO, 63102",63102,St. Louis,+13143459880,privacy@website.mlb.com,https://www.mlb.com/cardinals/cardinals-nation,https://www.mlb.com/cardinals/official-information/contact
Carmine's Steak House,Restaurant / Catering,Both,"20 South 4th Street, Saint Louis, MO, 63102",63102,St. Louis,+13142411631,,https://www.lombardosrestaurants.com/carmine_about_us.htm,
Chase,Bank / Credit Union,Gala,"101 North Broadway, Saint Louis, MO, 63102",63102,St. Louis,+1 314-236-9960,,https://locator.chase.com/mo/st-louis/101-n-broadway,https://locator.chase.com/digital/resources/privacy-security/security/how-to-spot-scams
Clark & Bourbon,Restaurant / Catering,Both,"799 Clark Avenue, Saint Louis, MO, 63102",63102,St. Louis,+13145979650,,https://www.clarkandbourbon.com/,https://www.clarkandbourbon.com/contact
Clark Street Taphouse & Grill,Restaurant / Catering,Both,"811 Spruce Street, Saint Louis, MO, 63102",63102,St. Louis,+13145525850,,https://www.clarkstreetgrillstl.com/,
Commerce Bank,Bank / Credit Union,Gala,"211 North Broadway, Saint Louis, MO, 63102",63102,St. Louis,,,,
Condado Tacos,Restaurant / Catering,Both,"601 Clark Avenue, Saint Louis, MO, 63102",63102,St. Louis,+13148995155,,https://locations.condadotacos.com/mo/601-clark-ave?utm_source=GMB&utm_medium=organic,https://condadotacos.com/contactus/
DM Injury Law,Law Firm,Gala,"900 Spruce Street, Suite 150, Saint Louis, MO, 63102",63102,St. Louis,+1-314-888-4444,contact@dmlawusa.com,https://www.dmlawusa.com/st-louis/,https://www.dmlawusa.com/contact-us/
Dobbs Tire & Auto Center,Auto Repair,Car Show,"715 South Broadway, Saint Louis, MO, 63102",63102,St. Louis,+13142411959,,https://www.gotodobbs.com/locations/st-louis-central-downtown/,https://www.gotodobbs.com/contact-us/
Drury Plaza Hotel St. Louis At The Arch,Hotel / Hospitality,Gala,"2 South 4th Street, Saint Louis, MO, 63102",63102,St. Louis,+13142313003,,https://www.druryhotels.com/locations/st-louis-mo/drury-plaza-hotel-st-louis-at-the-arch?utm_campaign=gmb&utm_medium=organic&utm_source=local2,https://www.druryhotels.com/contact
Fleur STL,Restaurant / Catering,Both,"622 Chouteau Avenue, Saint Louis, MO, 63102",63102,St. Louis,,,http://www.fleurstlfoodgroup.com/,http://www.fleurstlfoodgroup.com/contact-us
Four Seasons Hotel St. Louis,Hotel / Hospitality,Gala,"999 North 2nd Street, Saint Louis, MO, 63102",63102,St. Louis,+13148815800,,https://www.fourseasons.com/stlouis/?utm_source=google&utm_medium=organicsearch&utm_campaign=tor-stl-hre-mid-seo-na&utm_content=na-na&utm_term=na,https://www.fourseasons.com/stlouis/contact-us/
Fraîche Wine Group,Winery,Both,"707 North 2nd Street, Saint Louis, MO, 63102",63102,St. Louis,+18018794170,user@domain.com,https://www.vinfraiche.com/,https://www.vinfraiche.com/contact
Hampton Inn at the Arch,Hotel / Hospitality,Gala,"333 Washington Avenue, Saint Louis, MO, 63102",63102,St. Louis,+1 314-621-7900,,https://www.hilton.com/en/hotels/stldthx-hampton-st-louis-downtown-at-the-gateway-arch/,
Hilton Pennywell St. Louis at the Arch,Hotel / Hospitality,Gala,"400 Olive Street, Saint Louis, MO, 63102",63102,St. Louis,+1 314-436-0002,stldd_fo@hilton.com,https://thepennywellhotel.com/,
Hilton St. Louis at the Ballpark,Hotel / Hospitality,Gala,"1 South Broadway, Saint Louis, MO, 63102",63102,St. Louis,+13144211776,,https://www.hilton.com/en/hotels/stlbvhf-hilton-st-louis-at-the-ballpark/?SEO_id=GMB-AMER-HH-STLBVHF&y_source=1_MTIyMDc1My03MTUtbG9jYXRpb24ud2Vic2l0ZQ%3D%3D,
HoteLumière at the Arch,Hotel / Hospitality,Gala,"901 North 1st Street, Saint Louis, MO, 63102",63102,St. Louis,+13148817810,,https://www.caesars.com/horseshoe-st-louis/hotel?utm_campaign=GMB&utm_source=google&utm_medium=local&utm_term=hotelumiere&utm_content=hotel,https://www.caesars.com/horseshoe-st-louis/hotel?utm_campaign=GMB&utm_source=google&utm_medium=local&utm_term=hotelumiere&utm_content=hotel
Hyatt Regency St. Louis at the Arch,Hotel / Hospitality,Gala,"315 Chestnut Street, Saint Louis, MO, 63102",63102,St. Louis,+1 314-655-1234,,https://stlouisarch.regency.hyatt.com/en/hotel/home.html,
Katie's Pizza & Pasta,Restaurant / Catering,Both,"751 Clark Avenue, Saint Louis, MO, 63102",63102,St. Louis,+13149422416,,https://katiespizzaandpasta.com/,https://katiespizzaandpasta.com/
Kilroys,Bar / Pub,Both,"720 South 7th Street, Saint Louis, MO, 63102",63102,St. Louis,,,,
Kimchi Guys,Restaurant / Catering,Both,"612 North 2nd Street, Saint Louis, MO, 63102",63102,St. Louis,+13147664456,feedback@sohospitalitygroup.com,https://kimchiguys.com/,https://www.kimchiguys.com/about-3
Koibito Poké,Restaurant / Catering,Both,"601 Clark Avenue, Saint Louis, MO, 63102",63102,St. Louis,+13145719587,,https://koibitopoke.com/,https://koibitopoke.com/contact/
Live! By Loews,Hotel / Hospitality,Gala,"799 Clark Avenue, Saint Louis, MO, 63102",63102,St. Louis,+13145979700,loewshotelsreservations@loewshotels.com,https://www.loewshotels.com/live-by-loews-st-louis-missouri,https://www.loewshotels.com/contact-us
McClure Engineering,Professional Services,Gala,"1000 Clark Avenue, Saint Louis, MO, 63102",63102,St. Louis,+13146456232,info@mcclureeng.com,https://www.mcclureeng.com/,https://mcclureeng.com/contact-us/
Meineke Car Care Center,Auto Repair,Car Show,"728 South 4th Street, Saint Louis, MO, 63102",63102,St. Louis,+13144928823,,,
Morgan & Morgan,Law Firm,Gala,"200 N Broadway, Saint Louis, MO, 63102",63102,St. Louis,+1 314-955-1030,info@themorganconnection.com,https://www.forthepeople.com/st-louis/,https://www.themorganconnection.com/about
Morton's The Steakhouse,Restaurant / Catering,Both,"999 North 2nd Street, Saint Louis, MO, 63102",63102,St. Louis,+13147254008,,https://www.mortons.com/location/mortons-the-steakhouse-st-louis-mo/,
Mullen & Mullen Law Firm,Law Firm,Gala,"100 South 4th Street, Saint Louis, MO, 63102",63102,St. Louis,+1-314-465-8733,info@mullenandmullen.com,https://www.mullenandmullen.com/personal-injury-lawyer/stlouis-mo/,
Paddy O's,Bar / Pub,Both,"618 South 7th Street, Saint Louis, MO, 63102",63102,St. Louis,,,https://stlpaddyos.com/,https://stlpaddyos.com/contact-us/
Pear Tree Inn St. Louis Convention Center,Hotel / Hospitality,Gala,"711 North Broadway, Saint Louis, MO, 63102",63102,St. Louis,+13142318100,,https://druryhotels.com/locations/st-louis-mo/drury-inn-and-suites-st-louis-convention-center,
Pennydrop Bar + Kitchen,Restaurant / Catering,Both,"400 Olive Street, Saint Louis, MO, 63102",63102,St. Louis,+13145547098,,https://thepennywellhotel.com/pennydrop-bar-kitchen/,https://thepennywellhotel.com/contact/
Pryntbase,Technology / IT,Both,"724 North 1st Street, Saint Louis, MO, 63102",63102,St. Louis,,,,
Ramsay's Kitchen St. Louis,Restaurant / Catering,Both,"999 North 2nd Street, Saint Louis, MO, 63102",63102,St. Louis,+13148815800,,https://www.fourseasons.com/stlouis/dining/restaurants/ramsays-kitchen/?utm_source=google&utm_medium=organicsearch&utm_campaign=tor-stl-fab-mid-seo-na&utm_content=na-na&utm_term=na,https://www.fourseasons.com/stlouis/contact-us/
Salt + Smoke,Restaurant / Catering,Both,"501 Clark Avenue, Saint Louis, MO, 63102",63102,St. Louis,+1-314-727-0200,,https://www.saltandsmokebbq.com/location/bpv/,https://www.saltandsmokebbq.com/contact/
Scott Credit Union,Bank / Credit Union,Gala,"6 Cardinal Way, Saint Louis, MO, 63102",63102,St. Louis,,,,
Smokestaq Lightning,Restaurant / Catering,Both,"724 North 1st Street, Saint Louis, MO, 63102",63102,St. Louis,+13143491198,,https://www.smokestaq.com/,
Sports & Social St. Louis,Restaurant / Catering,Both,"651 Clark Avenue, Saint Louis, MO, 63102",63102,St. Louis,+13144925064,dwalker@stlballparkvillage.com,https://www.stlballparkvillage.com/eat-and-drink/sports-and-social,https://www.stlballparkvillage.com/Contact-Us
St. Louis Living Realty,Real Estate,Gala,"1420 North Broadway, Saint Louis, MO, 63102",63102,St. Louis,+13145654124,,,
Stifel,Bank / Credit Union,Gala,"501 North Broadway, Saint Louis, MO, 63102",63102,St. Louis,,,,
The Broadway Boat Bar,Bar / Pub,Both,"1424 North Broadway, Saint Louis, MO, 63102",63102,St. Louis,,,,
The Honky Tonk STL,Bar / Pub,Both,"756 South 4th Street, Saint Louis, MO, 63102",63102,St. Louis,,,,
The Midwestern,Restaurant / Catering,Both,"900 Spruce Street, Saint Louis, MO, 63102",63102,St. Louis,+13146962573,,https://midwesternstl.com/,https://midwesternstl.com/
The Old Spaghetti Factory,Restaurant / Catering,Both,"727 North 1st Street, Saint Louis, MO, 63102",63102,St. Louis,+13146210276,info@osf.com,https://www.osf.com/location/st-louis-mo/,https://www.osf.com/contact/
The Westin St. Louis,Hotel / Hospitality,Gala,"811 Spruce Street, Saint Louis, MO, 63102",63102,St. Louis,+13146212000,,https://www.marriott.com/en-us/hotels/stlwi-the-westin-st-louis/overview/?scid=f2ae0541-1279-4f24-b197-a979c79310b0,
Three Sixty,Bar / Pub,Both,"1 South Broadway, Saint Louis, MO, 63102",63102,St. Louis,+1 314 241 8439,,https://www.360-stl.com/,https://www.360-stl.com/downtown/contact-us/
Tin Roof Music Joint,Restaurant / Catering,Both,"1000 Clark Avenue, Saint Louis, MO, 63102",63102,St. Louis,,,,
Trust,Bar / Pub,Both,"401 Pine Street, Saint Louis, MO, 63102",63102,St. Louis,+1-314-356-2776,info@truststl.com,https://www.truststl.com/,
Wheelhouse Downtown,Restaurant / Catering,Both,"1000 Spruce Street, Saint Louis, MO, 63102",63102,St. Louis,+1-314-833-3653,,https://www.wheelhousestl.com/,https://www.wheelhousestl.com/
21c Museum Hotel St Louis,Hotel / Hospitality,Gala,"1528 Locust Street, Saint Louis, MO, 63103",63103,St. Louis,+13149402333,,https://www.21cmuseumhotels.com/stlouis/,https://21cmuseumhotels.com/st-louis/contact-us/
Alltru Credit Union,Bank / Credit Union,Gala,"1407 Washington Avenue, Saint Louis, MO, 63103",63103,St. Louis,,,,
Ameren Corporation,Corporate Office,Both,"1901 Chouteau Avenue, Saint Louis, MO, 63103",63103,St. Louis,+13146213222,illinoisconstruction@ameren.com,https://ameren.com/,https://ameren.com/customer-service
"Angad Arts Hotel St. Louis, Tapestry Collection by Hilton",Hotel / Hospitality,Gala,"3550 Samuel Shepard Drive, Saint Louis, MO, 63103",63103,St. Louis,+1-314-561-0033,stlaa_hotel@hilton.com,https://www.hilton.com/en/hotels/stlaaup-angad-arts-hotel-st-louis/,
"Architectural Control Systems, Inc.",Professional Services,Gala,"2720 Clark Avenue, Saint Louis, MO, 63103",63103,St. Louis,,,,
ART Bar,Bar / Pub,Both,"3550 Samuel Shepard Drive, Saint Louis, MO, 63103",63103,St. Louis,+1 314 561 0033,info@angadartshotel.com,https://www.angadartshotel.com/restaurants-bars/art-bar/,
AT&T,Technology / IT,Both,"2651 Olive Street, Saint Louis, MO, 63103",63103,St. Louis,,,,
Avis,Car Rental,Car Show,"2925 Olive Street, Saint Louis, MO, 63103",63103,St. Louis,,,,
Beffa's Bar & Restaurant,Restaurant / Catering,Both,"2700 Olive Street, Saint Louis, MO, 63103",63103,St. Louis,+13145719367,beffas.events@gmail.com,https://beffas.com/,https://www.spothopperapp.com/contact-us?contact_reason=demo
Beyond Holdings,Financial / Wealth Mgmt,Gala,"2815 Olive Street, Saint Louis, MO, 63103",63103,St. Louis,+13142481508,,,
Blood & Sand,Restaurant / Catering,Both,"1500 Saint Charles Street, Saint Louis, MO, 63103",63103,St. Louis,+13142417263,membership@bloodandsandstl.com,https://www.bloodandsandstl.com/,https://www.bloodandsandstl.com/contact
Blue Jay Brewing Co,Brewery,Both,"2710 Locust Street, Saint Louis, MO, 63103",63103,St. Louis,,info@bluejaybrewing.com,https://www.bluejaybrewing.com/,https://www.bluejaybrewing.com/
Brick River Cider St. Louis,Bar / Pub,Both,"2000 Washington Avenue, Saint Louis, MO, 63103",63103,St. Louis,,,,
Capital Solutions,Financial / Wealth Mgmt,Gala,"1728 Olive Street, Saint Louis, MO, 63103",63103,St. Louis,+13146528869,info@csiloan.com,https://www.csiloan.com/locations.html,https://www.csiloan.com/contact-loan-specialists
City Design Group,Professional Services,Gala,"1735 Delmar Boulevard, Saint Louis, MO, 63103",63103,St. Louis,+13142419072,,https://www.citydesigngroupinc.com/,
Commonwealth,Restaurant / Catering,Both,"634 North Grand Boulevard, Saint Louis, MO, 63103",63103,St. Louis,+1 314 561 0033,info@angadartshotel.com,https://www.angadartshotel.com/restaurants-bars/commonwealth/,
Courtyard St. Louis Downtown/Convention Center,Hotel / Hospitality,Gala,"823 Washington Avenue, Saint Louis, MO, 63103",63103,St. Louis,+1 314-231-7560,,https://www.marriott.com/hotels/travel/stldt-renaissance-st-louis-grand-hotel/,
Curtain Call Lounge,Bar / Pub,Both,"521 North Grand Boulevard, Saint Louis, MO, 63103",63103,St. Louis,,,,
Decide Technologies,Technology / IT,Both,"1314 Washington Avenue, Saint Louis, MO, 63103",63103,St. Louis,+18009835280,,https://decide.co/,https://decide.co/
Drury Inn St. Louis At Union Station,Hotel / Hospitality,Gala,"201 South 20th Street, Saint Louis, MO, 63103",63103,St. Louis,+13142313900,,https://www.druryhotels.com/locations/st-louis-mo/drury-inn-st-louis-at-union-station?utm_campaign=gmb&utm_medium=organic&utm_source=local,https://www.druryhotels.com/contact
EGG RESTAURANT AT MIDTOWN,Restaurant / Catering,Both,"3100 Locust Street, Saint Louis, MO, 63103",63103,St. Louis,+13148990036,eggstlatmidtown@gmail.com,https://www.eggstl.com/,https://eggstl.com/contact/
Eleven Eleven Mississippi,Restaurant / Catering,Both,"1111 Mississippi Avenue, Saint Louis, MO, 63103",63103,St. Louis,+13142419999,avtocentravrora@gmail.com,https://www.1111-m.com/,https://1111-m.com/contact-us/
Enterprise,Car Rental,Car Show,"2233 Washington Avenue, Saint Louis, MO, 63103",63103,St. Louis,,,,
Extra Wavy,Restaurant / Catering,Both,"2017 Chouteau Avenue, Saint Louis, MO, 63103",63103,St. Louis,+13143461165,user@domain.com,https://extrawavystl.com/,https://extrawavystl.com/contact
Fairfield Inn & Suites St. Louis Downtown,Hotel / Hospitality,Gala,"2144 Market Street, Saint Louis, MO, 63103",63103,St. Louis,+13144990100,,https://www.marriott.com/en-us/hotels/stlfd-fairfield-inn-and-suites-st-louis-downtown/overview/?scid=f2ae0541-1279-4f24-b197-a979c79310b0,
Fennel Cooking Studio,Restaurant / Catering,Both,"3043 Olive Street, Saint Louis, MO, 63103",63103,St. Louis,,info@fennelstl.com,https://www.fennelstl.com/,https://www.fennelstl.com/contact
Firestone,Auto Repair,Car Show,"2310 Olive Street, Saint Louis, MO, 63103",63103,St. Louis,+13144803539,,,
First Mid Bank & Trust,Bank / Credit Union,Gala,"2301 Market Street, Saint Louis, MO, 63103",63103,St. Louis,,,,
Gary's Fine Dining,Restaurant / Catering,Both,"601 North Grand Boulevard, Saint Louis, MO, 63103",63103,St. Louis,+13142614995,,https://garysfinedining.com/,
Gourmet Soul Restaurant and Catering,Restaurant / Catering,Both,"1620 Delmar Boulevard, Saint Louis, MO, 63103",63103,St. Louis,+13143395658,ninfo@gourmetsoul.com,https://gourmetsoul.com/,https://gourmetsoul.com/
Grand Mediterranean,Restaurant / Catering,Both,"519 North Grand Boulevard, Saint Louis, MO, 63103",63103,St. Louis,+13147100949,,https://www.grandmediterranean.com/,
Hair of the Dog,Bar / Pub,Both,"1212 Washington Avenue, Saint Louis, MO, 63103",63103,St. Louis,+1 314-241-3644,,http://www.facebook.com/pages/Hair-of-The-Dog/141878815851764,http://www.facebook.com/pages/Hair-of-The-Dog/141878815851764
Hamilton's Urban Steakhouse & Bourbon Bar,Restaurant / Catering,Both,"2101 Chouteau Avenue, Saint Louis, MO, 63103",63103,St. Louis,+13142412333,manager@hamiltonsteak.com,https://www.hamiltonsteak.com/,https://www.hamiltonsteak.com/contact
Harvey's Coffee and Cocktails,Bar / Pub,Both,"2706 Olive Street, Saint Louis, MO, 63103",63103,St. Louis,,,,
Hidden Gem,Bar / Pub,Both,"3118 Locust Street, Saint Louis, MO, 63103",63103,St. Louis,,,,
Home2 Suites,Hotel / Hospitality,Gala,"1221 Locust Street, Saint Louis, MO, 63103",63103,St. Louis,+1 314-916-0314,,https://www.hilton.com/en/hotels/stlcsht-home2-suites-st-louis-downtown/,
Hotel Ignacio,Hotel / Hospitality,Gala,"3407 Olive Street, Saint Louis, MO, 63103",63103,St. Louis,+1 314-977-4411,,https://www.hotelignaciostl.com/,https://www.hotelignaciostl.com/
HSG Realty,Real Estate,Gala,"1305 Washington Avenue, Saint Louis, MO, 63103",63103,St. Louis,+13148020797,,http://hsgrealty.com/,http://hsgrealty.com/
JEMA,Professional Services,Gala,"2823 Olive Street, Saint Louis, MO, 63103",63103,St. Louis,+13145317400,,https://jemastl.com/,https://jemastl.com/contact/
JR Market,Liquor / Wine,Both,"2230 Olive Street, Saint Louis, MO, 63103",63103,St. Louis,,,,
Kain Tayo,Restaurant / Catering,Both,"2700 Locust Street, Saint Louis, MO, 63103",63103,St. Louis,+13143962110,,https://kaintayostl.com/,https://kaintayostl.com/
Landry's Seafood House,Restaurant / Catering,Both,"1820 Market Street, Saint Louis, MO, 63103",63103,St. Louis,+13142314040,,https://www.landrysseafood.com/location/landrys-seafood-st-louis/,https://www.landrysseafood.com/location/landrys-seafood-st-louis/
Law Offices of Derald L. Gab,Law Firm,Gala,"1708 Olive Street, Saint Louis, MO, 63103",63103,St. Louis,+13143674878,,https://deraldgab.com/,https://deraldgab.com/contact-us
Levels,Restaurant / Catering,Both,"1405 Washington Avenue, Saint Louis, MO, 63103",63103,St. Louis,+13145719990,info@levelsstl.com,https://www.levelsstl.com/,mailto:info@levelsstl.com
Lombardo's Trattoria,Restaurant / Catering,Both,"201 South 20th Street, Saint Louis, MO, 63103",63103,St. Louis,+13146210666,,https://www.lombardosrestaurants.com/trat-about-us.html,
Lucha Restaurant,Restaurant / Catering,Both,"522 North Grand Boulevard, Saint Louis, MO, 63103",63103,St. Louis,+13144457511,,https://www.lucharestaurant.com/,
Maggie O'Brien's,Bar / Pub,Both,"2000 Market Street, Saint Louis, MO, 63103",63103,St. Louis,,,,
Mayo Ketchup,Restaurant / Catering,Both,"3135 Olive Street, Saint Louis, MO, 63103",63103,St. Louis,+13146962699,mayoketchupstl@outlook.com,https://plantaingirl.com/,https://www.spothopperapp.com/contact-us?contact_reason=demo
Medina Grill,Restaurant / Catering,Both,"1327 Washington Avenue, Saint Louis, MO, 63103",63103,St. Louis,+13142411356,medinagrillstl@gmail.com,https://www.medinagrill.com/,https://www.medinagrill.com/about_us.html
Mositos On Washington,Restaurant / Catering,Both,"1317 Washington Avenue, Saint Louis, MO, 63103",63103,St. Louis,+1-314-319-7223,,https://mositosbbq.com/,
Mozay Restaurant,Restaurant / Catering,Both,"200 North 13th Street, Saint Louis, MO, 63103",63103,St. Louis,+13149258421,,https://mozayrestaurant.com/,
Orbital Engineering,Professional Services,Gala,"227 South Jefferson Avenue, Saint Louis, MO, 63103",63103,St. Louis,+13145969399,sales@orbitalengr.com,https://www.orbitalengr.com/,https://orbitalengr.com/contact/
Ozzy's Market,Restaurant / Catering,Both,"1933 Washington Avenue, Saint Louis, MO, 63103",63103,St. Louis,,email@example.com,https://ozzysmarket.com/,https://ozzysmarket.com/
Pappy's Smokehouse,Restaurant / Catering,Both,"3106 Olive Street, Saint Louis, MO, 63103",63103,St. Louis,+13145354340,user@domain.com,https://www.pappyssmokehouse.com/,https://www.pappyssmokehouse.com/contact
Park Chop Suey,Restaurant / Catering,Both,"1321 Chouteau Avenue, Saint Louis, MO, 63103",63103,St. Louis,+13144362248,menuorgservice1@gmail.com,https://parkchopsuey.menucc.com/,https://parkchopsuey.menucc.com/#about
Pear Tree Inn St. Louis Near Union Station,Hotel / Hospitality,Gala,"2211 Market Street, Saint Louis, MO, 63103",63103,St. Louis,,,https://www.druryhotels.com/propertyoverview.aspx?property=0064,https://www.druryhotels.com/contact
Pops Kitchen Downtown,Restaurant / Catering,Both,"1330 Washington Avenue, Saint Louis, MO, 63103",63103,St. Louis,+13142820920,,https://www.popskitchendowntownstl.com/,https://www.popskitchendowntownstl.com/contact/
Remiger Design,Professional Services,Gala,"2921 Olive Street, Saint Louis, MO, 63103",63103,St. Louis,+13142415151,,https://remigerdesign.com/,https://remigerdesign.com/contact/
Residence Inn by Marriott St. Louis Downtown,Hotel / Hospitality,Gala,"525 South Jefferson Avenue, Saint Louis, MO, 63103",63103,St. Louis,+1 314-289-7500,,https://www.marriott.com/en-us/hotels/stlrd-residence-inn-st-louis-downtown/overview/,
Rhone Rum Bar,Bar / Pub,Both,"2107 Chouteau Avenue, Saint Louis, MO, 63103",63103,St. Louis,,,,
Rosalita's Cantina,Restaurant / Catering,Both,"1235 Washington Avenue, Saint Louis, MO, 63103",63103,St. Louis,+1 314-621-2700,,https://www.rosalitascantina.com/,https://www.rosalitascantina.com/
Salsa Rosada,Restaurant / Catering,Both,"3135 Olive Street, Saint Louis, MO, 63103",63103,St. Louis,+13146962699,mayoketchupstl@outlook.com,https://plantaingirl.com/,https://www.spothopperapp.com/contact-us?contact_reason=demo
Schlafly Tap room,Restaurant / Catering,Both,"2100 Locust Street, Saint Louis, MO, 63103",63103,St. Louis,+13142412337,taproommanagers@schlafly.com,https://www.schlafly.com/tap-room,https://www.schlafly.com/about
Scout's,Restaurant / Catering,Both,"2704 Locust Street, Saint Louis, MO, 63103",63103,St. Louis,+13143948650,,https://scouts.toast.site/,
Shell,Fuel / Convenience,Car Show,"7498 Delmar Boulevard, 63103",63103,St. Louis,,,,
Sherpa CRM,Technology / IT,Both,"3030 Locust Street, Saint Louis, MO, 63103",63103,St. Louis,+13144321234,marketing@alineops.com,https://sherpacrm.com/,https://alineops.com/senior-living/contact-center/
St. Louis Auto Car Sales,Car Dealership,Car Show,"1800 Delmar Boulevard, Saint Louis, MO, 63103",63103,St. Louis,,,,
St. Louis Union Station Soda Fountain,Restaurant / Catering,Both,"201 South 18th Street, Saint Louis, MO, 63103",63103,St. Louis,+13149233939,info@sodafountain-stl.com,https://www.sodafountain-stl.com,https://www.sodafountain-stl.com/contact/
Stage Left Grille,Restaurant / Catering,Both,"541 North Grand Boulevard, Saint Louis, MO, 63103",63103,St. Louis,+13145342720,contact@foxstl.com,http://fabulousfox.com/StageLeft,https://www.fabulousfox.com/connect/contact-us
State Farm,Insurance Agency,Both,"2233 Olive Street, Saint Louis, MO, 63103",63103,St. Louis,,,,
STL City Grill,Restaurant / Catering,Both,"1137 Washington Avenue, Saint Louis, MO, 63103",63103,St. Louis,+13146962050,,,
Syberg's On Market,Restaurant / Catering,Both,"2211 Market Street, Saint Louis, MO, 63103",63103,St. Louis,+1 314-231-2430,,http://www.sybergs.com/,https://sybergs.com/contact/
The Best Steak House,Restaurant / Catering,Both,"516 North Grand Boulevard, Saint Louis, MO, 63103",63103,St. Louis,+13145356036,,http://www.beststeakstl.com/,http://www.beststeakstl.com/Contact/
The Daiquiri House STL By Jan & Bas,Restaurant / Catering,Both,"230 North 13th Street, Saint Louis, MO, 63103",63103,St. Louis,+13147171324,,https://www.thedaiquirihousestl.com/,
The Fountain on Locust,Restaurant / Catering,Both,"3037 Locust Street, Saint Louis, MO, 63103",63103,St. Louis,+1-314-535-7800,info@fountainonlocust.com,https://www.fountainonlocust.com/,
The Last Bar,Bar / Pub,Both,"1501 Washington Avenue, Saint Louis, MO, 63103",63103,St. Louis,,,https://thelasthotelstl.com/st-louis-restaurants/,
The Last Hotel STL,Hotel / Hospitality,Gala,"1501 Washington Avenue, Saint Louis, MO, 63103",63103,St. Louis,+1-314-390-2500,info@thelasthotelstl.com,https://thelasthotelstl.com,
The Marquee Restaurant & Lounge,Restaurant / Catering,Both,"1911 Locust Street, Saint Louis, MO, 63103",63103,St. Louis,+13149439657,info@themarqueestl.com,https://www.themarqueestl.com/,https://www.spothopperapp.com/contact-us?contact_reason=demo
The Masala Republic,Restaurant / Catering,Both,"1325 Washington Avenue, Saint Louis, MO, 63103",63103,St. Louis,+13149327370,,http://www.themasalarepublic.com/,
The Passport Cocktail and Wine Bar,Bar / Pub,Both,"1321 Washington Avenue, Saint Louis, MO, 63103",63103,St. Louis,,,,
The Pitch,Restaurant / Catering,Both,"2 South 20th Street, Saint Louis, MO, 63103",63103,St. Louis,+13148023400,,https://www.thepitch-stl.com/?SEO_id=GMB--R-STLCUQQ-5&y_source=1_MTAzNDk4MjIyNC03MTUtbG9jYXRpb24ud2Vic2l0ZQ%3D%3D,https://www.thepitch-stl.com/contact/
Tru,Hotel / Hospitality,Gala,"1221 Locust Street, Saint Louis, MO, 63103",63103,St. Louis,+1 314-916-0314,,https://www.hilton.com/en/hotels/stlocru-tru-st-louis-downtown/,
Twain Financial Partners,Financial / Wealth Mgmt,Gala,"2200 Washington Avenue, Saint Louis, MO, 63103",63103,St. Louis,+13143004135,,http://twainfinancial.com/about-twain/,https://twainfinancial.com/contact-us/
Urban Chestnut Brewing Company,Bar / Pub,Both,"3229 Washington Avenue, Saint Louis, MO, 63103",63103,St. Louis,+1 314 222 0143,info@urbanchestnut.com,https://urbanchestnut.com/,https://urbanchestnut.com/contact
Videira Wine Shop & Bar,Liquor / Wine,Both,"2702 Locust Street, Saint Louis, MO, 63103",63103,St. Louis,+13143779463,,,
Warehouse of Fixtures TNG,Furniture & Home,Gala,"2720 Market Street, Saint Louis, MO, 63103",63103,St. Louis,+13145345900,,,
Wave Taco,Bar / Pub,Both,"1335 Convention Plaza, Saint Louis, MO, 63103",63103,St. Louis,,,,
Wells Fargo Advisors,Financial / Wealth Mgmt,Gala,"2801 Market Street, Saint Louis, MO, 63103",63103,St. Louis,+13142423005,,https://home.wellsfargoadvisors.com/001_MOST?excid=FA1500050253,https://home.wellsfargoadvisors.com/contact.htm
Whisky on Washington,Restaurant / Catering,Both,"1234 Washington Avenue, Saint Louis, MO, 63103",63103,St. Louis,+13142614942,,https://www.thecognizanttable.com/coming-soon-02,
White Knight Diner,Restaurant / Catering,Both,"1801 Olive Street, Saint Louis, MO, 63103",63103,St. Louis,+1 314-621-5949,whiteknightdiner@gmail.com,https://www.facebook.com/Whiteknightdiner,
Wilke & Wilke,Law Firm,Gala,"2708 Olive Street, Saint Louis, MO, 63103",63103,St. Louis,+13143710800,,,
Winnie's Wine Bar,Bar / Pub,Both,"2101 Chouteau Avenue, Saint Louis, MO, 63103",63103,St. Louis,,,,
33 Wine Shop & Bar,Liquor / Wine,Both,"1913 Park Avenue, Saint Louis, MO, 63104",63104,St. Louis,+13142319463,,,
4 Hands Brewing Company,Brewery,Both,"1220 South 8th Street, Saint Louis, MO, 63104",63104,St. Louis,+13144361559,jdanner@4handsbrewery.com,https://www.4handsbrewery.com/,https://www.4handsbrewery.com/contact
Baileys' Chocolate Bar,Restaurant / Catering,Both,"1915 Park Avenue, Saint Louis, MO, 63104",63104,St. Louis,+13142418100,user@domain.com,https://www.baileyschocolatebar.com/,https://www.baileyschocolatebar.com/about
Bar 101 St. Louis,Bar / Pub,Both,"1724 South Broadway, Saint Louis, MO, 63104",63104,St. Louis,,,https://bar101stlouis.com/,https://www.istudiosg.com/site/contactus
Big Daddy's,Bar / Pub,Both,"1000 Sidney Street, Saint Louis, MO, 63104",63104,St. Louis,,,,
Bogart's Smokehouse,Restaurant / Catering,Both,"1627 South 9th Street, Saint Louis, MO, 63104",63104,St. Louis,+1 314-621-3107,user@domain.com,https://bogartssmokehouse.com/,https://bogartssmokehouse.com/contact
Chava's,Restaurant / Catering,Both,"925-927 Geyer Avenue, Saint Louis, MO, 63104",63104,St. Louis,,,,
Comfort Inn & Suites,Hotel / Hospitality,Gala,"2625 Lafayette Avenue, Saint Louis, MO, 63104",63104,St. Louis,+13147736500,,https://www.choicehotels.com/missouri/saint-louis/comfort-inn-hotels/mo575?mc=llgoxxpx,
Custom Car Rental,Car Rental,Car Show,"2203 Gravois Avenue, St. Louis, MO, 63104",63104,St. Louis,+1 314-353-1300,,https://customcarrentalmo.com,
Diner's Delight,Restaurant / Catering,Both,"1504 South Compton Avenue, Saint Louis, MO, 63104",63104,St. Louis,,,,
Duke's,Bar / Pub,Both,"2001-2003 Menard Street, Saint Louis, MO, 63104",63104,St. Louis,,,,
eXp Realty,Real Estate,Gala,"1900 Park Avenue, Saint Louis, MO, 63104",63104,St. Louis,+13142203786,,http://stlouispremier.com/,
First Mid Bank & Trust,Bank / Credit Union,Gala,"1643 South Jefferson Avenue, Saint Louis, MO, 63104",63104,St. Louis,+13144497930,,,
Gain Clean Fuel,Fuel / Convenience,Car Show,"1400 South 2nd Street, Saint Louis, MO, 63104",63104,St. Louis,,,,
"Gausnell, O'Keefe & Thomas",Law Firm,Gala,"1717 Park Avenue, Saint Louis, MO, 63104",63104,St. Louis,+13142579800,,https://gotlawstl.com/?utm_source=gbp&utm_medium=organic,https://gotlawstl.com/contact/
Henry's,Bar / Pub,Both,"825 Allen Avenue, Saint Louis, MO, 63104",63104,St. Louis,,,,
Hodaks,Restaurant / Catering,Both,"2100 Gravois Avenue, Saint Louis, 63104",63104,St. Louis,,,https://www.hodaks.com/,https://www.hodaks.com/contact/
Joanies Pizza,Restaurant / Catering,Both,"2101 Menard Street, Saint Louis, MO, 63104",63104,St. Louis,,,,
John D. McGurk's Irish Pub and Garden,Bar / Pub,Both,"1200 Russell Boulevard, Saint Louis, MO, 63104",63104,St. Louis,+1-314-776-8309,questions@mcgurks.com,,
Joyce’s Corner Kitchen,Restaurant / Catering,Both,"720 Carroll Street, Saint Louis, MO, 63104",63104,St. Louis,+13144214080,,,
Kingsland Properties,Real Estate,Gala,"2750 Lafayette Avenue, Saint Louis, MO, 63104",63104,St. Louis,+13147713509,,https://www.kingslandstl.com/about-us/,
Little Fox,Restaurant / Catering,Both,"2800 Shenandoah Avenue, Saint Louis, MO, 63104",63104,St. Louis,,,,
McAvoy Realty,Real Estate,Gala,"1909 Park Avenue, Saint Louis, MO, 63104",63104,St. Louis,+13145311900,,https://www.mcavoyrealty.com/,https://www.mcavoyrealty.com/contact/
Modern Dollar Planning,Financial / Wealth Mgmt,Gala,"1807 Park Avenue, Saint Louis, MO, 63104",63104,St. Louis,+13148275852,user@domain.com,https://www.modern-dollar.com/,https://www.modern-dollar.com/contact-us
Pizzeoli Wood Fired Pizza,Restaurant / Catering,Both,"1928 South 12th Street, Saint Louis, MO, 63104",63104,St. Louis,+1-314-449-1111,,https://www.pizzeoli.com/,https://www.pizzeoli.com/contact/
Planter's House,Bar / Pub,Both,"1000 Mississippi Avenue, Saint Louis, MO, 63104",63104,St. Louis,,,,
Polite Society Restaurant and Bar,Restaurant / Catering,Both,"1931 Park Avenue, Saint Louis, MO, 63104",63104,St. Louis,+13143252553,info@politesocietystl.com,https://www.politesocietystl.com/,https://www.politesocietystl.com/contact
Rome West Realty,Real Estate,Gala,"2756 Lafayette Avenue, Saint Louis, MO, 63104",63104,St. Louis,+13148335551,susan.sauer@romewestrealtyllc.com,http://www.romewestrealtyllc.com/contact.html,http://www.romewestrealtyllc.com/contact.html
Rosé By Peno,Restaurant / Catering,Both,"1463 South 18th Street, Saint Louis, MO, 63104",63104,St. Louis,+13144058500,,https://www.rosestl.com/,
Shamrock Pub,Bar / Pub,Both,"1131 South Broadway, Saint Louis, MO, 63104",63104,St. Louis,,,,
Social Bar & Grill Soulard,Restaurant / Catering,Both,"1551 South 7th Street, Saint Louis, MO, 63104",63104,St. Louis,+13142413023,christinemoehle@yahoo.com,https://www.socialbarandgrillsoulard.com/,https://www.socialbarandgrillsoulard.com/contact-us
Soulard's Cajun Corner,Restaurant / Catering,Both,"730 Carroll Street, Saint Louis, MO, 63104",63104,St. Louis,+13145468382,user@domain.com,https://www.soulardscajuncorner.com/,https://www.soulardscajuncorner.com/story
Spirits of St. Louis Distillery,Distillery,Both,"1727 Park Avenue, Saint Louis, MO, 63104",63104,St. Louis,+13142312537,info@squareonebrewery.com,http://spiritsofstlouisdistillery.com/,https://www.spothopperapp.com/contact-us?contact_reason=demo
Square One Brewery & Distillery,Restaurant / Catering,Both,"1727 Park Avenue, Saint Louis, 63104",63104,St. Louis,+13142312537,info@squareonebrewery.com,https://squareonebrewery.com/,https://www.spothopperapp.com/contact-us?contact_reason=demo
SqWires Restaurant & Market,Restaurant / Catering,Both,"1415 South 18th Street, Saint Louis, MO, 63104",63104,St. Louis,+1 314-865-3522,info@sqwires.com,https://sqwires.com/,https://sqwires.com/private-events/events-contact/
Stadium Liquor,Liquor / Wine,Both,"1129 South Broadway, Saint Louis, MO, 63104",63104,St. Louis,+13142218440,,,
StilL 630 Distillery,Distillery,Both,"1000 South 4th Street, Saint Louis, MO, 63104",63104,St. Louis,+13145132275,info@still630.com,https://www.still630.com/,https://www.still630.com/pages/contact-us
The Bellwether,Restaurant / Catering,Both,"1419 Carroll Street, Saint Louis, MO, 63104",63104,St. Louis,+1-314-380-3086,user@domain.com,https://www.thebellwetherstl.com/,https://www.thebellwetherstl.com/
The Burns Law Firm,Law Firm,Gala,"1717 Park Avenue, Saint Louis, MO, 63104",63104,St. Louis,+18008086177,,,
Tuckers,Restaurant / Catering,Both,"2117-2119 South 12th Street, Saint Louis, MO, 63104",63104,St. Louis,,,,
ZX,Fuel / Convenience,Car Show,"1001 South Broadway, Saint Louis, MO, 63104",63104,St. Louis,,,,
AC Hotel St. Louis Clayton,Hotel / Hospitality,Gala,"227 South Central Avenue, Clayton, MO, 63105",63105,Clayton,+1 314-492-9556,,https://www.marriott.com/en-us/hotels/stlac-ac-hotel-st-louis-clayton/overview/,
Akar,Restaurant / Catering,Both,"7641 Wydown Boulevard, Clayton, MO, 63105",63105,Clayton,,,,
Bank of America,Bank / Credit Union,Gala,"7800 Forsyth Boulevard, Clayton, MO, 63105",63105,Clayton,+1 314 466 0460,,,
Barrio,Restaurant / Catering,Both,"740 De Mun Avenue, Clayton, MO, 63105",63105,Clayton,,,https://www.barrioclayton.com/,
Baty Otto Scheer P.C.,Law Firm,Gala,"7777 Bonhomme Avenue, St. Louis, MO, 63105",63105,Clayton,+1 314-863-6274,,https://batyotto.com/,https://batyotto.com/contact/
Café la Vie,Restaurant / Catering,Both,"7730 Bonhomme Avenue, St. Louis, MO, 63105",63105,Clayton,+1-314-863-0400,cafelavie@lemeridienclayton.com,https://www.cafelaviestlouis.com/,
Central Bank,Bank / Credit Union,Gala,"7707 Forsyth Boulevard, Clayton, MO, 63105",63105,Clayton,,cbccustomerservice@centralbank.net,http://www.centralbankstl.net/,http://www.centralbankstl.net/contact-us/
Clayton Plaza Hotel,Hotel / Hospitality,Gala,"7750 Carondelet Avenue, Clayton, MO, 63105",63105,Clayton,,,,
County Credit Union,Bank / Credit Union,Gala,"130 South Bemiston Avenue, Clayton, MO, 63105",63105,Clayton,,,,
Crushed Red,Restaurant / Catering,Both,"8007 Maryland Avenue, Clayton, MO, 63105",63105,Clayton,,info@crushed-red.com,https://crushed-red.com,https://crushed-red.com/about/
Garbanzo,Restaurant / Catering,Both,"8143 Maryland Avenue, Clayton, MO, 63105",63105,Clayton,+13142245222,hideitffs.abdali@eatgarbanzo.com,https://restaurants.eatgarbanzo.com/mo/st-louis/8143-maryland-ave,https://restaurants.eatgarbanzo.com/mo/st-louis/8143-maryland-ave
Half & Half,Restaurant / Catering,Both,"8135 Maryland Avenue, 63105",63105,Clayton,+1-314-725-0719,info@halfandhalfstl.com,https://www.halfandhalfstl.com/,
Le Meridien St. Louis Clayton,Hotel / Hospitality,Gala,"7730 Bonhomme Avenue, Clayton, MO, 63105",63105,Clayton,+1-314-863-0400,,https://www.marriott.com/hotels/travel/stlmy-le-meridien-st-louis-clayton/,
McKinsey & Company,Corporate Office,Both,"7733 Forsyth Boulevard, Saint Louis, MO, 63105",63105,Clayton,,,,
Pasta Plus,Restaurant / Catering,Both,"22 South Central Avenue, Clayton, MO, 63105",63105,Clayton,,,,
Pastaria,Restaurant / Catering,Both,"7734 Forsyth Boulevard, Clayton, MO, 63105",63105,Clayton,+1 314-862-6603,info@pastariastl.com,https://eatpastaria.com/stlouis/,https://visitor.constantcontact.com/manage/optin?v=001pNRQhF_J28fKShAMo8QT2OBEsZ5n4y-47bZzNd3VNG2WE2DqI0ay2gCPcCA2vxuv4EwC-CDU-RMzyg27B5MJbjfWlnchuluB
PNC Bank,Bank / Credit Union,Gala,"7801 Forsyth Boulevard, Clayton, MO, 63105",63105,Clayton,+1 314 802 0058,,https://www.pnc.com,https://www.pnc.com/en/personal-banking/totalrewards/reward-details.html?lnksrc=topnav
Regions Bank,Bank / Credit Union,Gala,"8351 Maryland Avenue, Clayton, MO, 63105",63105,Clayton,,,,
Residence Inn,Hotel / Hospitality,Gala,"8125 Forsyth Boulevard, Clayton, MO, 63105",63105,Clayton,+1 314-639-9030,,https://www.marriott.com/stlrl,
Ritz-Carlton Hotel St. Louis,Hotel / Hospitality,Gala,"100 Carondelet Plaza, Clayton, MO, 63105",63105,Clayton,,,,
Sasha's Wine Bar,Bar / Pub,Both,"706 De Mun Avenue, Clayton, MO, 63105",63105,Clayton,+1-314-863-7274,sashasonshaw@gmail.com,https://sashaswinebar.com,https://sashaswinebar.com
Seedz Cafe,Restaurant / Catering,Both,"6344 South Rosebury Avenue, Clayton, MO, 63105",63105,Clayton,+1 314-725-7333,,https://www.seedzcafe.com/,https://seedzcafe.com/about/
Seven Gables Inn Tribute Portfolio,Hotel / Hospitality,Gala,"26 North Meramec Avenue, Clayton, MO, 63105",63105,Clayton,,,,
"Stange Law Firm, PC",Law Firm,Gala,"120 South Central Avenue, #450, Clayton, MO, 63105",63105,Clayton,+1 314-963-4700,stangelawfirm@mail.com,https://www.stangelawfirm.com,
Sterling bank,Bank / Credit Union,Gala,"48 South Bemiston Avenue, Clayton, MO, 63105",63105,Clayton,,,,
Stopwatch Maps,Technology / IT,Both,"6341 North Rosebury Avenue, Clayton, MO, 63105",63105,Clayton,,,https://stopwatchmaps.com,
"The Law Office of David S. Schleiffarth, LLC",Law Firm,Gala,"225 South Meramec Avenue, Clayton, MO, 63105",63105,Clayton,+1 314-448-0527,dave@lawofficedss.com,https://lawofficedss.com/,
Wasabi,Restaurant / Catering,Both,"7726 Forsyth Boulevard, Clayton, MO, 63105",63105,Clayton,+1-314-721-9970,,https://www.wasabisushibars.com/location/wasabi-sushi-bars-clayton/,https://www.wasabisushibars.com/contact/
Wasabi Sushi Bar,Restaurant / Catering,Both,"16 South Central Avenue, Clayton, MO, 63105",63105,Clayton,+1 314-721-9970,,https://wasabisushibars.com/,https://wasabisushibars.com/contact/
Waterway Carwash,Car Wash / Detail,Car Show,"122 South Hanley Road, 63105",63105,Clayton,,,,
Cass Commercial Bank,Bank / Credit Union,Gala,"1420 North 13th Street, Saint Louis, MO, 63106",63106,St. Louis,,,,
Courtyard St Louis Downtown West,Hotel / Hospitality,Gala,"2340 Market Street, Saint Louis, MO, 63106",63106,St. Louis,+1 314-241-9111,,https://www.marriott.com/stlch,
Crown Candy Kitchen,Restaurant / Catering,Both,"1401 Saint Louis Avenue, Saint Louis, MO, 63106",63106,St. Louis,,,,
Gene’s Bar & Grill,Bar / Pub,Both,"1319 Saint Louis Avenue, Saint Louis, 63106",63106,St. Louis,,,,
North City Business Development Center,Corporate Office,Both,"2700 14th Street, Saint Louis, 63106",63106,St. Louis,,,,
Parks Auto Sales,Car Dealership,Car Show,"1325 North 10th Street, Saint Louis, MO, 63106",63106,St. Louis,,,,
Personal Touches by Jeanetta,Furniture & Home,Gala,"815 Cass Avenue, Saint Louis, MO, 63106",63106,St. Louis,,,,
Salama Motors,Car Dealership,Car Show,"1444 Cass Avenue, Saint Louis, MO, 63106",63106,St. Louis,,,,
Simmons Bank,Bank / Credit Union,Gala,"1023 North Grand Boulevard, Saint Louis, MO, 63106",63106,St. Louis,,,,
STL AUTO PROS,Auto Repair,Car Show,"1320 Cass Avenue, Saint Louis, MO, 63106",63106,St. Louis,+13146962159,,,
Cornerstone Cafe,Restaurant / Catering,Both,"1436 Salisbury Street, St. Louis, MO, 63107",63107,St. Louis,,,,
Freddie G's Chicken and Waffle,Restaurant / Catering,Both,"1435 Salisbury Street, Saint Louis, MO, 63107",63107,St. Louis,,,,
Kenny's Automotive,Auto Repair,Car Show,"2925 North Florissant Avenue, Saint Louis, MO, 63107",63107,St. Louis,,,,
1904Labs,Corporate Office,Both,"20 South Sarah Street, Saint Louis, MO, 63108",63108,St. Louis,,info@turnberrysolutions.com,https://1904labs.com/,https://www.turnberrysolutions.com/contact/
AC Hotel St. Louis Central West End,Hotel / Hospitality,Gala,"215 York Avenue, St. Louis, MO, 63108",63108,St. Louis,+1-314-367-2526,,https://www.marriott.com/en-us/hotels/stlaw-ac-hotel-st-louis-central-west-end/,
Applebee's,Restaurant / Catering,Both,"4550 Forest Park Avenue, Saint Louis, MO, 63108",63108,St. Louis,+1 314-454-6636,,https://restaurants.applebees.com/en-us/mo/saint-louis/4550-forest-park-boulevard-81027,https://www.applebees.com/en/contact-us
Bangkok Cafe,Restaurant / Catering,Both,"4495 Forest Park Avenue, Saint Louis, MO, 63108",63108,St. Louis,+13142579000,,,
Bank of America,Bank / Credit Union,Gala,"4625 Lindell Boulevard, Saint Louis, MO, 63108",63108,St. Louis,,thien.le@ml.com,https://locators.bankofamerica.com/mo/saintlouis/financial-centers-saint-louis-11028.html,https://www.bankofamerica.com/customer-service/contact-us/
Barett Barerra Projects,Furniture & Home,Gala,"4733 McPherson Avenue, Saint Louis, MO, 63108",63108,St. Louis,,,,
Bel Air Social,Restaurant / Catering,Both,"4630 Lindell Boulevard, Saint Louis, MO, 63108",63108,St. Louis,,,,
Bowood,Restaurant / Catering,Both,"4605 Olive Street, Saint Louis, MO, 63108",63108,St. Louis,+1 314-454-6868,info@bowoodbyniche.com,https://bowoodbyniche.com,https://visitor.constantcontact.com/manage/optin?v=001pNRQhF_J28fKShAMo8QT2OBEsZ5n4y-47bZzNd3VNG2WE2DqI0ay2gCPcCA2vxuv4EwC-CDU-RMzyg27B5MJbjfWlnchuluB
BP,Fuel / Convenience,Car Show,"4403 Laclede Avenue, Saint Louis, MO, 63108",63108,St. Louis,,,,
Brasserie by Niche,Restaurant / Catering,Both,"4580 Laclede Avenue, Saint Louis, MO, 63108",63108,St. Louis,+13144540600,info@brasseriebyniche.com,https://brasseriebyniche.com/,https://visitor.constantcontact.com/manage/optin?v=001pNRQhF_J28fKShAMo8QT2OBEsZ5n4y-47bZzNd3VNG2WE2DqI0ay2gCPcCA2vxuv4EwC-CDU-RMzyg27B5MJbjfWlnchuluB
Brilliant Earth,Jeweler,Gala,"36 Maryland Plaza, Saint Louis, MO, 63108",63108,St. Louis,+13149701299,,,
Chase Club,Restaurant / Catering,Both,"212 North Kingshighway Boulevard, Saint Louis, MO, 63108",63108,St. Louis,+13144549000,royalchaseclub@sonesta.com,https://www.stlchaseclub.com/,https://www.stlchaseclub.com/contact-us/#contact
Ciao Cafe Pizzeria,Restaurant / Catering,Both,"4501 Maryland Avenue, Saint Louis, MO, 63108",63108,St. Louis,,,,
Crazy Bowls and Wraps,Restaurant / Catering,Both,"3652 Lindell Boulevard, Saint Louis, MO, 63108",63108,St. Louis,,,,
DoubleTree by Hilton,Hotel / Hospitality,Gala,"4550 Forest Park Avenue, Saint Louis, MO, 63108",63108,St. Louis,+13142567777,,https://www.hilton.com/en/hotels/stlpkdt-doubletree-st-louis-forest-park/,
Dressel's Public House,Bar / Pub,Both,"419 North Euclid Avenue, 63108",63108,St. Louis,,,,
Edera Italian Eatery,Restaurant / Catering,Both,"48 Maryland Plaza, Saint Louis, MO, 63108",63108,St. Louis,+13143617227,info@ederastl.com,https://www.ederastl.com/,https://ederastl.com/contact/
El Sito Restaurant and Cofee,Restaurant / Catering,Both,"4747 MacPherson Avenue, 63108",63108,St. Louis,,,,
Element St. Louis Midtown,Hotel / Hospitality,Gala,"3763 Forest Park Avenue, Saint Louis, MO, 63108",63108,St. Louis,+13146390060,,https://www.marriott.com/en-us/hotels/stlel-element-st-louis-midtown/overview/?scid=f2ae0541-1279-4f24-b197-a979c79310b0,
Evangeline's,Bar / Pub,Both,"512 North Euclid Avenue, Saint Louis, MO, 63108",63108,St. Louis,,,,
First Watch,Restaurant / Catering,Both,"39 North Euclid Avenue, Saint Louis, MO, 63108",63108,St. Louis,+1 314 582 4445,,https://www.firstwatch.com/locations/central-west-end/,https://www.firstwatch.com/contact
Global Quesadilla Company,Restaurant / Catering,Both,"4497 Forest Park Avenue, Saint Louis, MO, 63108",63108,St. Louis,+13145349696,ben@theglobalq.com,https://www.theglobalq.com/,https://www.theglobalq.com/contact-us
Great Western Bank,Bank / Credit Union,Gala,"1 North Euclid Avenue, Saint Louis, MO, 63108",63108,St. Louis,,,,
Havana's,Restaurant / Catering,Both,"12 South Euclid Avenue, Saint Louis, MO, 63108",63108,St. Louis,+13143125005,hello@havanascuisine.com,https://www.havanascuisine.com/,https://www.havanascuisine.com/home#contact
Hotel Indigo St. Louis - Central West End,Hotel / Hospitality,Gala,"4630 Lindell Boulevard, Saint Louis, MO, 63108",63108,St. Louis,+1-314-3614900,info@indigostl.com,https://www.ihg.com/hotelindigo/hotels/us/en/st-louis/stlln/hoteldetail,https://www.ihg.com/hotels/us/en/customer-care/contact-us
Humphrey's Restaurant & Tavern,Restaurant / Catering,Both,"3700 Laclede Avenue, Saint Louis, MO, 63108",63108,St. Louis,+13144059419,,https://www.humphreysmidtown.com/,
IKEA,Furniture & Home,Gala,"1 IKEA Way, Saint Louis, MO, 63108",63108,St. Louis,+18888884532,410contact.local.us@ingka.ikea.com,https://www.ikea.com/us/en/stores/st-louis/,mailto:410contact.local.us@ingka.ikea.com
Kampai Sushi Bar,Restaurant / Catering,Both,"4949 West Pine Boulevard, Saint Louis, MO, 63108",63108,St. Louis,+13143672020,,https://kampaisushibarstl.com/,
Kendra Scott,Jeweler,Gala,"32 Maryland Plaza, Saint Louis, MO, 63108",63108,St. Louis,+13142270198,sales@kendrascott.com,https://www.kendrascott.com/,https://www.kendrascott.com/about-kendra.html
Midtown Sushi & Ramen,Restaurant / Catering,Both,"3674 Forest Park Avenue, Saint Louis, MO, 63108",63108,St. Louis,+13143282452,yourpaypalemail@domain.com,http://midtown-sushi.com/,http://midtown-sushi.com/
Nixta,Restaurant / Catering,Both,"5232 Delmar Boulevard, Saint Louis, MO, 63108",63108,St. Louis,+13143936333,info@bengelina.com,https://bengelina.com/nixta,https://bengelina.com/about
Pagan Wine Bar,Bar / Pub,Both,"239 North Euclid Avenue, Saint Louis, MO, 63108",63108,St. Louis,,,,
Page Law,Law Firm,Gala,"462 North Taylor Avenue, Saint Louis, MO, 63108",63108,St. Louis,+1-314-802-7382,,https://www.pagelaw.com/,https://www.pagelaw.com/contact/
Pi Pizza,Restaurant / Catering,Both,"400 North Euclid Avenue, Saint Louis, MO, 63108",63108,St. Louis,,,,
Pizza Hut,Restaurant / Catering,Both,"4175 Lindell Boulevard, Saint Louis, MO, 63108",63108,St. Louis,+1 314-531-0900,,https://locations.pizzahut.com/mo/saint-louis/4175-lindell-blvd,https://www.pizzahut.com/contact-us
PokeDoke,Restaurant / Catering,Both,"23 South Euclid Avenue, Saint Louis, MO, 63108",63108,St. Louis,+13148335900,,https://pokedoke.com/,
Precision Car Restoration,Auto Repair,Car Show,"4151 Forest Park Avenue, Saint Louis, MO, 63108",63108,St. Louis,+13146521966,,,
Rasoi,Restaurant / Catering,Both,"25 North Euclid Avenue, Saint Louis, MO, 63108",63108,St. Louis,+1 314 361 6911,,https://www.rasoi.com/,
Rosie's Place,Bar / Pub,Both,"4573 Laclede Avenue, Saint Louis, MO, 63108",63108,St. Louis,,,,
Saigon Cafe,Restaurant / Catering,Both,"10 North Euclid Avenue, Saint Louis, MO, 63108",63108,St. Louis,+13143618881,info@littlesaigoncafe.com,https://www.saigoncafestl.com/,https://www.saigoncafestl.com/contact-us
Saucy Porka,Restaurant / Catering,Both,"3900 Laclede Avenue, Saint Louis, MO, 63108",63108,St. Louis,,,,
Scarlett's Wine Bar,Bar / Pub,Both,"4253 Laclede Avenue, Saint Louis, MO, 63108",63108,St. Louis,,,,
Scottish Arms,Bar / Pub,Both,"6 South Sarah Street, Saint Louis, MO, 63108",63108,St. Louis,,,,
Sho-Off Car Wash,Car Wash / Detail,Car Show,"4399 Olive Street, Saint Louis, MO, 63108",63108,St. Louis,,,,
Silk Road Lounge,Bar / Pub,Both,"243 North Euclid Avenue, Saint Louis, MO, 63108",63108,St. Louis,,,,
St. Louis Community Credit Union,Bank / Credit Union,Gala,"3651 Forest Park Avenue, Saint Louis, MO, 63108",63108,St. Louis,,,,
Sushi Koi,Restaurant / Catering,Both,"4 North Euclid Avenue, Saint Louis, MO, 63108",63108,St. Louis,+13143764016,user@domain.com,https://www.sushikoistl.com/,https://www.sushikoistl.com/contact
Taco Twist,Restaurant / Catering,Both,"15 North Euclid Avenue, Saint Louis, MO, 63108",63108,St. Louis,+13146350011,,https://tacotwist.com/,https://tacotwist.com/
Tacos 4 Life,Restaurant / Catering,Both,"3763 Forest Park Avenue, Saint Louis, MO, 63108",63108,St. Louis,+13142028912,,https://www.tacos4life.com/locations/midtown-st-louis,
Telle Tire,Auto Repair,Car Show,"4101 Lindell Boulevard, Saint Louis, MO, 63108",63108,St. Louis,+1-314-533-4300,,,
Thai 202,Restaurant / Catering,Both,"235 North Euclid Avenue, Saint Louis, MO, 63108",63108,St. Louis,+1-314-367-2002,,https://thai202stl.com/,https://www.thai202stl.com/contact
The Maryland House,Bar / Pub,Both,"44 Maryland Plaza, Saint Louis, MO, 63108",63108,St. Louis,,,,
The Preston,Restaurant / Catering,Both,"212 North Kingshighway Boulevard, Saint Louis, MO, 63108",63108,St. Louis,+13146337800,thepreston@sonesta.com,https://www.theprestonstl.com/,https://www.theprestonstl.com/contact/
The Royal Sonesta Chase Park Plaza St. Louis,Hotel / Hospitality,Gala,"212 North Kingshighway Boulevard, Saint Louis, MO, 63108",63108,St. Louis,+13146333000,cppapts@sonesta.com,https://www.sonesta.com/royal-sonesta/mo/st-louis/chase-park-plaza-royal-sonesta-st-louis,https://www.sonesta.com/about
The Wildflower Saloon,Restaurant / Catering,Both,"4900 Laclede Avenue, Saint Louis, MO, 63108",63108,St. Louis,+13148336666,catering@wildflowersaloon.com,https://www.thebbqsaloon-stl.com/,https://www.wildflowersaloon.com/blank-1
Twisted Ranch,Restaurant / Catering,Both,"14 Maryland Plaza, Saint Louis, MO, 63108",63108,St. Louis,+13148333450,,https://www.twistedranch.com/,https://www.twistedranch.com/contact
U.S. Bank,Bank / Credit Union,Gala,"4301 Lindell Boulevard, Saint Louis, MO, 63108",63108,St. Louis,,,,
UpBar STL,Bar / Pub,Both,"3763 Forest Park Avenue, Saint Louis, MO, 63108",63108,St. Louis,,,,
West End Wok,Restaurant / Catering,Both,"4577 Laclede Avenue, Saint Louis, MO, 63108",63108,St. Louis,+13143612233,,https://www.westendwok.com/,https://www.westendwok.com/
Ackerman Toyota,Car Dealership,Car Show,"3636 South Kingshighway Boulevard, 63109",63109,St. Louis,+1 314-351-3000,,,
Allstate,Insurance Agency,Both,"6440 Chippewa Street, Saint Louis, MO, 63109",63109,St. Louis,+13143524494,,https://agents.allstate.com/tracie-bibb-saint-louis-mo.html,
Aya Sofia Restaraunt,Restaurant / Catering,Both,"6671 Chippewa Street, Saint Louis, MO, 63109",63109,St. Louis,+13146459919,user@domain.com,https://www.ayasofiacuisine.com/,https://www.ayasofiacuisine.com/contact-us
Barney's Sports Pub,Bar / Pub,Both,"6027 Chippewa Street, Saint Louis, MO, 63109",63109,St. Louis,+13144570018,,,
Chase,Bank / Credit Union,Gala,"5805 Chippewa Street, Saint Louis, MO, 63109",63109,St. Louis,+1 314-668-6590,,https://locator.chase.com/mo/saint-louis/5805-chippewa-st,https://locator.chase.com/digital/resources/privacy-security/security/how-to-spot-scams
Commerce Bank,Bank / Credit Union,Gala,"6327 Chippewa Street, Saint Louis, MO, 63109",63109,St. Louis,+13147463002,mymoney@commercebank.com,https://www.commercebank.com/,https://www.commercebank.com/contact-us
Dobbs Tire & Auto Center,Auto Repair,Car Show,"5841 Chippewa Street, Saint Louis, MO, 63109",63109,St. Louis,+13143517800,,https://www.gotodobbs.com/locations/st-louis-hampton-village/,https://www.gotodobbs.com/contact-us/
Donut Drive-In,Restaurant / Catering,Both,"6525 Chippewa Street, St. Louis, MO, 63109",63109,St. Louis,+13146457714,,https://donutdrivein.com/,https://donutdrivein.com/contact/
El Maguey Mexican Restaurant,Restaurant / Catering,Both,"3710 South Kingshighway Boulevard, Saint Louis, MO, 63109",63109,St. Louis,+13147722888,elmagueystl@gmail.com,https://www.elmagueystl.com/,https://www.elmagueystl.com/contact-us
Enterprise Bank & Trust,Bank / Credit Union,Gala,"6725 Chippewa Street, Saint Louis, MO, 63109",63109,St. Louis,+13146479991,cso@enterprisebank.com,https://www.enterprisebank.com/branch?b=a0I1B00002grcR0UAI&l=stl,https://www.enterprisebank.com/contact-us
Firestone,Auto Repair,Car Show,"6211 Chippewa Street, Saint Louis, MO, 63109",63109,St. Louis,+13143568567,009598@bfrc.com,https://local.firestonecompleteautocare.com/missouri/saint-louis/6211-chippewa-st/,https://local.firestonecompleteautocare.com/contact/
First Community Credit Union,Bank / Credit Union,Gala,"4249 Watson Road, Saint Louis, MO, 63109",63109,St. Louis,+18007678880,,https://www.firstcommunity.com/,https://www.firstcommunity.com/about-us/contact-us.html
Fortune Express,Restaurant / Catering,Both,"6738 Chippewa Street, Saint Louis, MO, 63109",63109,St. Louis,+13143519988,,https://www.fortuneexpressstlouis.com/,https://www.fortuneexpressstlouis.com/contact
IHOP,Restaurant / Catering,Both,"6456 Chippewa Street, Saint Louis, MO, 63109",63109,St. Louis,+13148334467,,https://ihop.com,
Kounter Kulture,Restaurant / Catering,Both,"3825 Watson Road, Saint Louis, MO, 63109",63109,St. Louis,+13147814344,kitchenkulture@yahoo.com,https://kounterkulturestl.com/,https://kounterkulturestl.com/home/#about
Lindell Bank,Bank / Credit Union,Gala,"3921 Hampton Avenue, Saint Louis, MO, 63109",63109,St. Louis,+13147523400,info@lindell-bank.com,https://www.lindellbank.com/,https://www.lindellbank.com/contact-us/
Mathew's Kitchen,Restaurant / Catering,Both,"5625 Hampton Avenue, Saint Louis, MO, 63109",63109,St. Louis,,,https://mathewskitchenstl.com,
New China,Restaurant / Catering,Both,"3730 South Kingshighway Boulevard, Saint Louis, MO, 63109",63109,St. Louis,+13147718880,,,
Pietro's,Restaurant / Catering,Both,"3801 Watson Road, Saint Louis, MO, 63109",63109,St. Louis,+13146459263,,https://pietrosdining.com/,https://pietrosdining.com/contact/
PNC Bank,Bank / Credit Union,Gala,"6025 Chippewa Street, Saint Louis, MO, 63109",63109,St. Louis,+13148148106,,https://pnc.com,https://pnc.com/en/personal-banking/totalrewards/reward-details.html?lnksrc=topnav
Saint Louis Hills Car Wash,Car Wash / Detail,Car Show,"6536 Chippewa Street, Saint Louis, MO, 63109",63109,St. Louis,,,,
Salt + Smoke,Restaurant / Catering,Both,"5625 Hampton Avenue, Saint Louis, MO, 63109",63109,St. Louis,,,,
Schaefer Auto Care,Auto Repair,Car Show,"6520 Chippewa Street, Saint Louis, MO, 63109",63109,St. Louis,+13148322922,,,
Smoking Barrels BBQ,Restaurant / Catering,Both,"5641 South Kingshighway Boulevard, Saint Louis, 63109",63109,St. Louis,,,https://www.smokingbarrels.net/,https://smokingbarrels.net/index.php/contact/
Spirit Wine & Craft,Liquor / Wine,Both,"5760 Chippewa Street, Saint Louis, MO, 63109",63109,St. Louis,+13142220333,,https://craftbeercellar.com/,
Stan's Bar,Bar / Pub,Both,"5007 Macklind Avenue, Saint Louis, MO, 63109",63109,St. Louis,,,,
State Farm,Insurance Agency,Both,"5757 Chippewa Street, Saint Louis, MO, 63109",63109,St. Louis,+13148322880,,,
Together Credit Union,Bank / Credit Union,Gala,"6600 Chippewa Street, Saint Louis, MO, 63109",63109,St. Louis,+13148328500,membercontactcenter@togethercu.org,https://www.togethercu.org/,https://www.togethercu.org/contact-us
Trattoria Marcella,Restaurant / Catering,Both,"3600 Watson Road, Saint Louis, MO, 63109",63109,St. Louis,+13143527706,,https://www.trattoriamarcella.com/,https://www.trattoriamarcella.com/
2nd Shift Brewing,Bar / Pub,Both,"1601 Sublette Avenue, St. Louis, MO, 63110",63110,St. Louis,+1-314-669-9013,user@domain.com,https://www.2ndshiftbrewing.com/,https://www.2ndshiftbrewing.com/contact-us
4electric.de,Auto Parts,Car Show,"28 Hessenring, Rodgau, 63110",63110,St. Louis,,,https://4electric.de/,https://4electric.de/
A Verità,Bar / Pub,Both,"11 Württemberger Straße, Rodgau, 63110",63110,St. Louis,,,,
A-Team Rodgau,Auto Repair,Car Show,"65 Ober-Rodener Straße, Rodgau, 63110",63110,St. Louis,,info@a-team-rodgau.de,https://www.a-team-rodgau.de/,https://www.a-team-rodgau.de/
A&O GmbH,Corporate Office,Both,"5 Elisabeth-Selbert-Straße, Rodgau, 63110",63110,St. Louis,+49 6106 290990,info@aundo-gmbh.de,https://www.aundo-gmbh.de/,
Absolut by Manitou,Jeweler,Gala,"24-26 Ludwigstraße, Rodgau, 63110",63110,St. Louis,,,,
Adrianas On The Hill,Restaurant / Catering,Both,"5101 Shaw Avenue, Saint Louis, MO, 63110",63110,St. Louis,,,,
Advertisers Printing Company,Corporate Office,Both,"1229 South Vandeventer Avenue, St. Louis, 63110",63110,St. Louis,,,,
Altun Immobilienbörse,Real Estate,Gala,"59 Vordergasse, Rodgau, 63110",63110,St. Louis,+49 6106 6391030,info@altun-immobilienboerse.de,http://www.altun-immobilienboerse.de/,
Anthonino's Taverna,Restaurant / Catering,Both,"2225 Macklind Avenue, 63110",63110,St. Louis,+1-314-773-4455,anthony@anthoninos.com,,
Asia Express,Restaurant / Catering,Both,"178 Leipziger Ring, Rodgau, 63110",63110,St. Louis,+49 6106 2669355,,,
Auto Buy Credit,Car Dealership,Car Show,"2245 South Kingshighway Boulevard, Saint Louis, MO, 63110",63110,St. Louis,+13148810222,,https://autobuycredit.com/,https://autobuycredit.com/contact-us/
Auto Check,Auto Repair,Car Show,"79 Weiskircher Straße, Rodgau, 63110",63110,St. Louis,+49 6106 63007,info@auto-schmakeit.de,https://www.auto-schmakeit.de/startseite,https://www.auto-schmakeit.de/startseite
Autohaus Murmann GmbH,Car Dealership,Car Show,"15-17 Benzstraße, Rodgau, 63110",63110,St. Louis,+49 6106 6668880,,https://www.autohaus-murmann.de/,
Autohaus Schleicher GmbH,Car Dealership,Car Show,"10 Borsigstraße, Rodgau, 63110",63110,St. Louis,,info@autohaus-schleicher.de,https://www.autohaus-schleicher.de/,https://www.autohaus-schleicher.de/
Autowaschanlage,Car Wash / Detail,Car Show,"Weiskircher Straße, Rodgau, 63110",63110,St. Louis,,,,
Autowerkstatt Alex Automobile,Auto Repair,Car Show,"97 Frankfurter Straße, Rodgau, 63110",63110,St. Louis,+49 1521 4213676,,,
Baileys’ Range,Restaurant / Catering,Both,"4175 Shaw Boulevard, Saint Louis, MO, 63110",63110,St. Louis,+13142624000,user@domain.com,https://www.baileysrange.com/,https://www.baileysrange.com/about
Bar K,Bar / Pub,Both,"4565 McRee Avenue, Saint Louis, MO, 63110",63110,St. Louis,,,https://barkdogbar.com/locations/st-louis-mo/,
Barmenia Versicherung - Reisebüro Central GmbH,Insurance Agency,Both,"70a Frankfurter Straße, Rodgau, 63110",63110,St. Louis,+49 172 6917720,reisebuero-central-gmbh@barmenia.de,https://agentur.barmenia.de/reisebuero-central-gmbh,https://agentur.barmenia.de/reisebuero-central-gmbh
BAUPHYSIKMANUFAKTUR,Professional Services,Gala,"44 Hintergasse, Rodgau, 63110",63110,St. Louis,,,https://bms-ing.de,https://bms-ing.de
Bei uns,Restaurant / Catering,Both,"21 August-Neuhäusel-Straße, Rodgau, 63110",63110,St. Louis,+49 6106 2673364,,,
Bischoff's,Hotel / Hospitality,Gala,"61 Eisenbahnstraße, Rodgau, 63110",63110,St. Louis,+49 6106 600555,bischoffs-hotel@t-online.de,,
Bootleggin' BBQ Tavern,Restaurant / Catering,Both,"4501 Chouteau Avenue, Saint Louis, MO, 63110",63110,St. Louis,,,https://www.bootlegginbbq.com/,https://www.bootlegginbbq.com/contact-us/
Brass,Car Dealership,Car Show,"11 Gutenbergstraße, Rodgau, 63110",63110,St. Louis,+49 6106 2900,info.rodgau@brass-gruppe.de,https://www.brass-gruppe.de/de/unternehmen/standorte/brass-rodgau-volkswagen.html,https://www.brass-gruppe.de/de/unternehmen/standorte/brass-rodgau-volkswagen.html
Bürgerhaus Gaststätte,Restaurant / Catering,Both,"1 Georg-August-Zinn-Straße, Rodgau, 63110",63110,St. Louis,+49 6106 7798911,,,
C.L. Smith,Corporate Office,Both,"1311 South 39th Street, Saint Louis, MO, 63110",63110,St. Louis,+1 800-264-1202,,https://www.clsmith.com,https://www.clsmith.com/contact-us/
Car Tank 24,Fuel / Convenience,Car Show,"42 Hainburgstraße, Rodgau, 63110",63110,St. Louis,+49 6106 21753,,,
Centara Mae Sot Hill Resort,Hotel / Hospitality,Gala,"100 Asia Road, Mae Sot, 63110",63110,St. Louis,,,,
Century Tire & Auto Service Center,Auto Repair,Car Show,"2245 South Kingshighway Boulevard, Saint Louis, MO, 63110",63110,St. Louis,,,,
Cha Cha Chow,Restaurant / Catering,Both,"4916 Shaw Avenue, St. Louis, MO, 63110",63110,St. Louis,+1 314-833-6655,,https://www.chachachow.com/,https://www.chachachow.com/
Charlie Gitto's,Restaurant / Catering,Both,"5226 Shaw Avenue, Saint Louis, MO, 63110",63110,St. Louis,+1-314-772-8898,user@domain.com,https://www.charliegittos.com/,https://www.charliegittos.com/contact
China Dish,Restaurant / Catering,Both,"4935 Southwest Avenue, Saint Louis, MO, 63110",63110,St. Louis,+13147762511,,,
Christina Ücker Immobilien,Real Estate,Gala,"26 Rhönstraße, Rodgau, 63110",63110,St. Louis,+49 6106 6394352,,https://www.christina-uecker-immobilien.de/,https://www.christina-uecker-immobilien.de/
Combident GmbH,Corporate Office,Both,"15 Haydnstraße, Rodgau, 63110",63110,St. Louis,+49 6106 22428,info@combident.de,http://www.combident.de/,
Comoto Honda Tepic,Motorcycle Dealer,Car Show,"947 Avenida de los Insurgentes Poniente, 63110",63110,St. Louis,311 212 2269,,http://comotohonda.mx,http://comotohonda.mx
Da Luigi II,Restaurant / Catering,Both,"87 Hauptstraße, Rodgau, 63110",63110,St. Louis,+49 6106 2591400,,https://www.pizzeriadaluigill.de/,https://www.pizzeriadaluigill.de/contact
Da Vinci Ristorante Gelateria,Restaurant / Catering,Both,"123 Ludwigstraße, Rodgau, 63110",63110,St. Louis,+49 6106 2590259,info@restaurant-rodgau.de,https://www.davinci-rodgau.de/,
Dafy Moto,Corporate Office,Both,"Rue Henri Becquerel, Beaumont, 63110",63110,St. Louis,+33 4 73 26 85 69,,https://www.dafy-moto.com/,https://www.dafy-moto.com/contact.html
David Mason + Associates,Professional Services,Gala,"800 South Vandeventer Avenue, Saint Louis, MO, 63110",63110,St. Louis,+13145341030,,https://www.davidmason.com/,https://www.davidmason.com/contact
Delalic & Kiefer Automobil GmbH,Car Dealership,Car Show,"32 Borsigstraße, Rodgau, 63110",63110,St. Louis,+49 6106 8808-0,,https://www.delalic-kiefer.de/,
Die Hütte - Event-Gastronomie GmbH,Restaurant / Catering,Both,"11 Marie-Curie-Straße, Rodgau, 63110",63110,St. Louis,+49 6106 7733471,mail@diehuette-event.de,https://www.diehuette-event.de/,https://www.diehuette-event.de/
Döbert's Wirtshaus,Restaurant / Catering,Both,"Raiffeisenstraße, Rodgau, 63110",63110,St. Louis,,,,
Don Brown Chevrolet,Car Dealership,Car Show,"2244 South Kingshighway Boulevard, Saint Louis, MO, 63110",63110,St. Louis,+13142827887,,https://www.donbrownchevrolet.com/Welcome-to-Don-Brown-Chevrolet-Service-Department,
due amici by Nuivi,Restaurant / Catering,Both,"22 Vordergasse, Rodgau, 63110",63110,St. Louis,+49 6106 6254662,restaurant@nuivi.com,https://www.nuivi.de/,
El Milagro Azteca,Restaurant / Catering,Both,"4940 Southwest Avenue, Saint Louis, MO, 63110",63110,St. Louis,,user@domain.com,https://www.elmilagroazteca.com/,https://www.elmilagroazteca.com/
Five Bistro,Restaurant / Catering,Both,"5100 Daggett Avenue, 63110",63110,St. Louis,+13147735553,,http://fivebistro.com,http://fivebistro.com
Frankfurter Volksbank,Bank / Credit Union,Gala,"66 Frankfurter Straße, Rodgau, 63110",63110,St. Louis,+49 6106 8816,,,
Frankfurter Volksbank,Bank / Credit Union,Gala,"2-8 Babenhäuser Straße, Rodgau, 63110",63110,St. Louis,,,,
GadellNet Consulting Services,Technology / IT,Both,"1520 South Vandeventer Avenue, Saint Louis, MO, 63110",63110,St. Louis,+13147365304,,https://gadellnet.com/location/st-louis/,https://gadellnet.com/contact/
Gallery Pub on Thurman,Bar / Pub,Both,"4069 Shenandoah Avenue, Saint Louis, MO, 63110",63110,St. Louis,,gallerypubart@gmail.com,https://gallerypubstl.com/,https://gallerypubstl.com/
Gasthaus Zum Engel,Restaurant / Catering,Both,"16 Ober-Rodener Straße, Rodgau, 63110",63110,St. Louis,,,,
Gioia's Deli,Restaurant / Catering,Both,"1934 Macklind Avenue, Saint Louis, MO, 63110",63110,St. Louis,,contact@gioiasdeli.com,https://www.gioiasdeli.com/,mailto:contact@gioiasdeli.com
Gleis 3,Restaurant / Catering,Both,"Bahnhof, Rodgau, 63110",63110,St. Louis,+49 6106 7732460,gleis3@gmx.de,,
Good Company,Bar / Pub,Both,"4317 Manchester Avenue, 63110",63110,St. Louis,+1-314-405-8333,,https://goodcompany-stl.com/,https://goodcompany-stl.com/contact/
Guidos Pizzeria and Tapas,Restaurant / Catering,Both,"5046 Shaw Avenue, Saint Louis, MO, 63110",63110,St. Louis,,,,
Hampton Inn & Suites St. Louis at Forest Park,Hotel / Hospitality,Gala,"5650 Oakland Avenue, Saint Louis, MO, 63110",63110,St. Louis,+1 314-655-3993,,https://www.hilton.com/en/hotels/stlhlhx-hampton-suites-st-louis-at-forest-park/,
Heinrich Schreiner,Corporate Office,Both,"39 Borsigstraße, Rodgau, 63110",63110,St. Louis,+49 6106 71116,,,
Herrtwich GmbH,Corporate Office,Both,"4 Raiffeisenstraße, Rodgau, 63110",63110,St. Louis,,,,
Home2 Suites by Hilton St. Louis/Forest Park,Hotel / Hospitality,Gala,"920 South Taylor Avenue, St Louis, MO, 63110",63110,St. Louis,+1 314-531-4446,,https://www.hilton.com/en/hotels/stlfpht-home2-suites-st-louis-forest-park/,
Homie Burmese Restaurant,Restaurant / Catering,Both,"104,28 Ban Nuea, 63110",63110,St. Louis,,,,
Hotel Garni Heller,Hotel / Hospitality,Gala,"4 Im Lichtbühl, Rodgau, 63110",63110,St. Louis,,,,
Hotel Haingraben,Hotel / Hospitality,Gala,"1 Frühlingsaustraße, Rodgau, 63110",63110,St. Louis,+49 6106 69990,info@hotel-haingraben.de,https://www.hotel-haingraben.net/,
Hotel Noor,Hotel / Hospitality,Gala,"13 Henschelstraße, Rodgau, 63110",63110,St. Louis,,,,
Hotel Zur Eisenbahn,Hotel / Hospitality,Gala,"29 Schulstraße, Rodgau, 63110",63110,St. Louis,+49 6106 87920,mail@zureisenbahn.de,https://zureisenbahn.de/,https://zureisenbahn.de/
Il Capitano,Restaurant / Catering,Both,"54 Nieuwpoorter Straße, Rodgau, 63110",63110,St. Louis,+49 6106 268880,info@ilcapitanorodgau.de,https://www.ilcapitanorodgau.de/,https://www.ilcapitanorodgau.de/
iNDO,Restaurant / Catering,Both,"1641D Tower Grove Avenue, Saint Louis, MO, 63110",63110,St. Louis,+13148999333,user@domain.com,https://www.indo-stl.com/,https://www.indo-stl.com/
Ingenieurbüro Schmidt,Professional Services,Gala,"12 Vordergasse, Rodgau, 63110",63110,St. Louis,+49 6106 7708090,,,
Innenarchitekttur G.Oczko,Professional Services,Gala,"2 Hochstädter Straße, Rodgau, 63110",63110,St. Louis,+49 6106 79210,,http://www.oczko.de,http://www.oczko.de
interactive displays GmbH,Corporate Office,Both,"13 Mainzer Straße, Rodgau, 63110",63110,St. Louis,,info@in-dis.de,https://www.interactive-displays.de/,https://www.interactive-displays.de/
ISK Ingenieurgesellschaft für Bau- und Geotechnik mbH,Corporate Office,Both,"1 Ferdinand-Porsche-Ring, Rodgau, 63110",63110,St. Louis,+49 6106 269930,isk@isk-ing.de,http://www.isk-ing.de/,
JET,Fuel / Convenience,Car Show,"126 Weiskircher Straße, Rodgau, 63110",63110,St. Louis,+49 6106 3750,mail.jet-tankstellen@p66.com,https://www.jet.de/tankstellen/rodgau/weisskircher-str-126,https://www.jet.de/tankstellen/rodgau/weisskircher-str-126
Jiffy Lube,Auto Repair,Car Show,"4592 Manchester Avenue, Saint Louis, MO, 63110",63110,St. Louis,,,,
Journal Rodgau,Restaurant / Catering,Both,"5 Konrad-Kappler-Straße, Rodgau, 63110",63110,St. Louis,+49 6106 7737000,info@journal-rodgau.com,http://www.journal-rodgau.com/,
Junker Immobilien,Real Estate,Gala,"105 Ludwigstraße, Rodgau, 63110",63110,St. Louis,+49 6106 84000,kontakt@junker-immobilien.de,https://www.junker-immobilien.net/,https://www.junker-immobilien.net/
Kärcher Clean Park,Car Wash / Detail,Car Show,"16 Liebigstraße, Rodgau, 63110",63110,St. Louis,,,,
Keagan’s Restaurant,Restaurant / Catering,Both,"5163 Clayton Avenue, Saint Louis, MO, 63110",63110,St. Louis,+13145317773,michael.stauder@arcisgolf.com,https://www.highlandsgolfandtennis.com/,https://arcisgolf.com/clubs/highlands_golf_and_tennis_center/club_contacts
KFK Automation GmbH,Corporate Office,Both,"2 Otto-Hahn-Straße, Rodgau, 63110",63110,St. Louis,+49 6106 6269300,info@kfk-automation.de,http://kfk-automation.de/,http://kfk-automation.de/
La Calle Mexican Restaurant,Restaurant / Catering,Both,"4121-4125 Manchester Avenue, Saint Louis, MO, 63110",63110,St. Louis,+1-314-328-1452,lacalle.grove@gmail.com,https://lacallestl.com/,https://www.spothopperapp.com/contact-us?contact_reason=demo
La Dolce Vita,Restaurant / Catering,Both,"54 Ludwigstraße, Rodgau, 63110",63110,St. Louis,+49 6106 61539,,https://dolce-vita.info/,https://dolce-vita.info/
la Famiglia,Restaurant / Catering,Both,"15 Borsigstraße, Rodgau, 63110",63110,St. Louis,+49 6106 707784,,http://ristorante-la-famiglia.de/,http://ristorante-la-famiglia.de/
Layla's,Restaurant / Catering,Both,"4317 Manchester Avenue, Saint Louis, MO, 63110",63110,St. Louis,,,,
Le P'tit Nice,Restaurant / Catering,Both,"2 Rue de la Châtaigneraie, Beaumont, 63110",63110,St. Louis,+33 4 73 26 82 21,,,
Little Burma Tea Bar,Restaurant / Catering,Both,"23 phra that pha Daeng, 63110",63110,St. Louis,,,,
Lokanta Döner Kebap Grill-Haus,Restaurant / Catering,Both,"13-15 Obere Marktstraße, Rodgau, 63110",63110,St. Louis,,,,
Mac's Local Eats,Restaurant / Catering,Both,"5656 Oakland Avenue, Saint Louis, MO, 63110",63110,St. Louis,+1 314 393 7713,macslocalbuys@gmail.com,https://www.macslocaleats.com/,https://www.macslocaleats.com/#hours-contact
Mama's On The Hill,Restaurant / Catering,Both,"2132 Edwards Street, St Louis, MO, 63110",63110,St. Louis,+1 314-776-3100,,https://mamasonthehill.com,
Milo's Tavern,Bar / Pub,Both,"5210 Wilson Avenue, St. Louis, MO, 63110",63110,St. Louis,+1-314-776-0468,milosbocce@milosboccegarden.com,https://www.milosboccegarden.com/,https://www.milosboccegarden.com/
Modern Brewery & The Kings Oak,Bar / Pub,Both,"5200 Oakland Avenue, Saint Louis, MO, 63110",63110,St. Louis,,,,
Motorradhalle hot And top GmbH,Motorcycle Dealer,Car Show,"5d Hans-Böckler-Straße, Rodgau, 63110",63110,St. Louis,+49 6106 16177,service@die-motorradhalle.de,https://www.die-motorradhalle.de,https://www.die-motorradhalle.de
Neon Greens,Restaurant / Catering,Both,"4176 Manchester Avenue, St. Louis, MO, 63110",63110,St. Louis,,,https://www.neongreens.com/,
Nick's Pub,Bar / Pub,Both,"6001 Manchester Avenue, St. Louis, MO, 63110",63110,St. Louis,+13147817806,user@domain.com,https://www.nicksirishpub.com/,https://www.nicksirishpub.com/contact-us
Nicky Slices Pizza Club,Restaurant / Catering,Both,"2240 Edwards Street, Saint Louis, MO, 63110",63110,St. Louis,,user@domain.com,https://www.nickyslices.com/,https://www.nickyslices.com/
NPG Germany GmbH,Corporate Office,Both,"43 Ludwigstraße, Rodgau, 63110",63110,St. Louis,,,,
O'Connell's Pub,Bar / Pub,Both,"4652 Shaw Boulevard, Saint Louis, MO, 63110",63110,St. Louis,+1-314-773-6600,,https://www.oconnells-pub.com/,
OHP Automation Systems GmbH,Corporate Office,Both,"16 Gutenbergstraße, Rodgau, 63110",63110,St. Louis,+49 6106 849550,info@ohp.de,http://www.ohp.de/,
Oliva on the Hill,Restaurant / Catering,Both,"4915 Daggett Ave, Saint Louis, MO, 63110",63110,St. Louis,+13148996271,info@cateringstlouis.com,https://olivaonthehill.com/,https://olivaonthehill.com/contact/
olive inn,Hotel / Hospitality,Gala,"7 Schillerstraße, Rodgau, 63110",63110,St. Louis,,,,
Olympia,Restaurant / Catering,Both,"83 Frankfurter Straße, Rodgau, 63110",63110,St. Louis,+49 6106 71105,,http://www.restaurant-olympia-rodgau.de/,
Petranovic,Auto Repair,Car Show,"3 Raiffeisenstraße, Rodgau, 63110",63110,St. Louis,,,,
Pizzeria Capri,Restaurant / Catering,Both,"20 Hanauer Straße, Rodgau, 63110",63110,St. Louis,,,,
Platypus,Bar / Pub,Both,"4510 Manchester Avenue, St. Louis, MO, 63110",63110,St. Louis,,,,
Prism,Bar / Pub,Both,"4510 Manchester Avenue, St. Louis, MO, 63110",63110,St. Louis,,,,
PTG Lohnabfüllung GmbH,Corporate Office,Both,"4 Elisabeth-Selbert-Straße, Rodgau, 63110",63110,St. Louis,+49 6106 267450,info@ptg-lohnabfuellung.de,http://www.ptg-lohnabfuellung.de/,
QuikTrip,Fuel / Convenience,Car Show,"2600 Chouteau Avenue, Saint Louis, MO, 63110",63110,St. Louis,,,,
Red Roof Inn,Hotel / Hospitality,Gala,"5823 Wilson Avenue, Saint Louis, 63110",63110,St. Louis,,,,
Reifenservice Ruck Zuck,Auto Repair,Car Show,"52 Dudenhöfer Straße, Rodgau, 63110",63110,St. Louis,+49 6106 667470,,http://www.reifenservice-ruckzuck.de/,http://www.reifenservice-ruckzuck.de/
Restaurant Bürgerhaus Weiskirchen,Restaurant / Catering,Both,"Schillerstraße, Rodgau, 63110",63110,St. Louis,+49 6106 14042,info@buergerhaus-weiskirchen.de,https://www.buergerhaus-weiskirchen.de/,https://www.buergerhaus-weiskirchen.de/
Restaurant Dalmatia,Restaurant / Catering,Both,"15 Hintergasse, Rodgau, 63110",63110,St. Louis,+49 6106 2789882,,,
REWE Tankstelle,Fuel / Convenience,Car Show,"Rodgau, 63110",63110,St. Louis,,,,
Rhenus SE & Co. KG,Corporate Office,Both,"3 Elisabeth-Selbert-Straße, Rodgau, 63110",63110,St. Louis,+49 6106 28590,,https://www.de.rhenus.com/,
Rieth Maschinenhandel GmbH,Trade / Wholesale,Both,"3 Hans-Böckler-Straße, Rodgau, 63110",63110,St. Louis,+49 6106 267660,info@rieth-maschinenhandel.de,https://www.rieth-maschinenhandel.de/,https://plus.google.com/105143741567130126140/about
Rigazzi's,Restaurant / Catering,Both,"4945 Daggett Avenue, St. Louis, MO, 63110",63110,St. Louis,+1-314-772-4900,,https://www.rigazzis.com/,
Ristorante Pizzeria Pompei,Restaurant / Catering,Both,"78 Hauptstraße, Rodgau, 63110",63110,St. Louis,+49 6106 18829,ciao@pizzeria-pompei.de,https://pizzeria-pompei.restaurant-king.de/,https://pizzeria-pompei.restaurant-king.de/
Rockwell Beer Company,Brewery,Both,"1400 Kentucky Avenue, Saint Louis, MO, 63110",63110,St. Louis,,,,
Rodgau Kiosk,Bar / Pub,Both,"5 Heidelberger Straße, Rodgau, 63110",63110,St. Louis,,,,
s + d Druckhaus GmbH,Corporate Office,Both,"17 Theodor-Heuss-Straße, Rodgau, 63110",63110,St. Louis,+49 6106 2857990,,http://www.sd-druckhaus.de/,
Sameem Afghan Restaurant & Catering,Restaurant / Catering,Both,"4341 Manchester Avenue, Saint Louis, MO, 63110",63110,St. Louis,,,,
Sanctuaria,Restaurant / Catering,Both,"4198 Manchester Avenue, 63110",63110,St. Louis,,,https://www.sanctuariastl.com/,
Sasha's on Shaw,Bar / Pub,Both,"4069 Shaw Avenue, 63110",63110,St. Louis,,sashasonshaw@gmail.com,https://www.sashaswinebar.com/,https://www.sashaswinebar.com/
Sauce On The Side,Restaurant / Catering,Both,"4261 Manchester Avenue, Saint Louis, MO, 63110",63110,St. Louis,,,,
SBS Autoservice GmbH,Auto Repair,Car Show,"6 Kronberger Straße, Rodgau, 63110",63110,St. Louis,+49 6106 23205,info@sbsautoservice.de,https://werkstatt-sbs.de,
Schaeffler Technologies AG & Co. KG - IB Offenbach,Corporate Office,Both,"13 Gutenbergstraße, Rodgau, 63110",63110,St. Louis,+49 6106 850641,ib.offenbach@schaeffler.com,https://www.schaeffler.de/,
Schenke & Neumann,Law Firm,Gala,"14 Eisenbahnstraße, Rodgau, 63110",63110,St. Louis,,,,
Sergej Tischuk,Auto Repair,Car Show,"7 Ostendstraße, Rodgau, 63110",63110,St. Louis,,,,
Shell,Fuel / Convenience,Car Show,"77 Weiskircher Straße, Rodgau, 63110",63110,St. Louis,+49 6106 13091,,,
Songbird,Restaurant / Catering,Both,"4476 Chouteau Avenue, Saint Louis, MO, 63110",63110,St. Louis,,,,
Sowiso,Restaurant / Catering,Both,"21 Kasseler Straße, Rodgau, 63110",63110,St. Louis,+49 6106 15952,info@sowiso-rodgau.de,https://sowiso-rodgau.de/,
Sparkasse,Bank / Credit Union,Gala,"29 Ludwigstraße, Rodgau, 63110",63110,St. Louis,,info@sls-direkt.de,https://www.sls-direkt.de/module/ihre_sparkasse/filialfinder/index.php?n=%2Fmodule%2Fihre_sparkasse%2Ffilialfinder%2F#details/7654,https://www.sls-direkt.de/module/ihre_sparkasse/filialfinder/index.php?n=%2Fmodule%2Fihre_sparkasse%2Ffilialfinder%2F#details/7654
Sparkasse Dieburg,Bank / Credit Union,Gala,"79 Frankfurter Straße, Rodgau, 63110",63110,St. Louis,,,,
Sparkasse Langen-Seligenstadt,Bank / Credit Union,Gala,"12-14 Nieuwpoorter Straße, Rodgau, 63110",63110,St. Louis,,,,
St. Louis Automatic Sprinkler,Professional Services,Gala,"3928 Clayton Avenue, Saint Louis, MO, 63110",63110,St. Louis,+13145337710,,https://www.slasco.com/,https://www.slasco.com/
Super Tandoori,Restaurant / Catering,Both,"43 Breslauer Straße, Rodgau, 63110",63110,St. Louis,+49 6106 6399189,supertandoori63110@gmail.com,https://www.supertandoori.de/,https://www.supertandoori.de/contact
Sushi Mitarzu,Restaurant / Catering,Both,"178 Leipziger Ring, Rodgau, 63110",63110,St. Louis,,,,
Taha'a Twisted Tiki,Bar / Pub,Both,"4199 Manchester Avenue, Saint Louis, MO, 63110",63110,St. Louis,,,https://www.tahaatwistedtikistl.com/,
Takashima Record Bar,Bar / Pub,Both,"4095 Chouteau Avenue, Saint Louis, MO, 63110",63110,St. Louis,,,https://takashimarecordbar.com/,https://takashimarecordbar.com/contact
Tankcenter Nieder-Roden,Fuel / Convenience,Car Show,"51 Hainburgstraße, Rodgau, 63110",63110,St. Louis,+49 6106 771247,,https://store.totalenergies.de/de_DE/ND002899,
Taverne Alt Athen,Restaurant / Catering,Both,"19 Rhönstraße, Rodgau, 63110",63110,St. Louis,+49 61 06 7 14 22,,https://tavernealtathen.de/,https://tavernealtathen.de/contact
Taxi-Shuttle-Ludwig,Corporate Office,Both,"1a Elbinger Straße, Rodgau, 63110",63110,St. Louis,+49 6106 6665888,info@rodgau-taxi.de,http://www.shuttle-service-ludwig.de/,
The Gramophone,Bar / Pub,Both,"4245 Manchester Avenue, St. Louis, MO, 63110",63110,St. Louis,,,,
Tresor,Restaurant / Catering,Both,"7 Am Sportplatz, Rodgau, 63110",63110,St. Louis,+49 6106 2679542,info@tresor-rodgau.de,https://www.tresor-rodgau.de,
TRIP INN Kongresshotel Rodgau,Hotel / Hospitality,Gala,"1 Kopernikusstraße, Rodgau, 63110",63110,St. Louis,+49 6106 8240,rodgau@tripinn-hotels.com,https://tripinn-hotels.com/kongresshotel-rodgau/,https://tripinn-hotels.com/kongresshotel-rodgau/
Urban Chestnut Brewing Company,Restaurant / Catering,Both,"4465 Manchester Avenue, St. Louis, 63110",63110,St. Louis,,,,
Vereinigte Volksbank,Bank / Credit Union,Gala,"Ludwig-Erhard-Platz, Rodgau, 63110",63110,St. Louis,,,,
Vicia,Restaurant / Catering,Both,"4260 Forest Park Avenue, Saint Louis, MO, 63110",63110,St. Louis,+1 314-553-9239,info@viciarestaurant.com,https://www.viciarestaurant.com/,
Waterway Express,Car Wash / Detail,Car Show,"2269 South Kingshighway Boulevard, Saint Louis, MO, 63110",63110,St. Louis,+13147626516,,https://www.waterwayexpresscarwash.com/,
Zur Wolfschlucht,Restaurant / Catering,Both,"12 Am Wasserturm, Rodgau, 63110",63110,St. Louis,+49 6106 3254,info@zur-wolfsschlucht.de,http://www.zur-wolfsschlucht.de/,
กาดวันวา,Restaurant / Catering,Both,63110,63110,St. Louis,+66 904515556,,,
บริษัท เค-8 โลจิสติกส์ (2019) จำกัด,Corporate Office,Both,"572 Moo 1, Tha Sai Luat, Mae Sot, Tak, 63110",63110,St. Louis,+66 99 154 2591,,https://www.facebook.com/K8MSS.Logistics,https://www.facebook.com/K8MSS.Logistics
บริษัท แม่สอด ชิปปิ้ง เซอร์วิส จำกัด,Corporate Office,Both,"572 Moo 1,Tha Sai Luat, Mae Sot, 63110",63110,St. Louis,+66 99 154 2591,,https://www.facebook.com/K8MSS.Logistics,https://www.facebook.com/K8MSS.Logistics
ร้านลาบลำปาง,Restaurant / Catering,Both,"00, 63110",63110,St. Louis,,,,
AD:ARCH,Professional Services,Gala,"4527 Virginia Avenue, Saint Louis, MO, 63111",63111,St. Louis,,info@duncanarchitecture.com,https://www.duncanarchitecture.com/,https://www.duncanarchitecture.com/contact-us
Bar:PM,Bar / Pub,Both,"7109 South Broadway, Saint Louis, MO, 63111",63111,St. Louis,,,https://www.facebook.com/BarPMSTL,https://www.facebook.com/BarPMSTL
China King,Restaurant / Catering,Both,"1042 Loughborough Avenue, Saint Louis, MO, 63111",63111,St. Louis,,,,
Intertwine Wine Bar,Bar / Pub,Both,"4710 Virginia Avenue, St. Louis, MO, 63111",63111,St. Louis,+13144376460,,https://intertwinebar.com/,https://intertwinebar.com/contact/
Iron Barley Restaurant,Restaurant / Catering,Both,"550 Virginia Avenue, St. Louis, 63111",63111,St. Louis,,,,
Kabul Express STL,Restaurant / Catering,Both,"7704 Ivory Street, Saint Louis, MO, 63111",63111,St. Louis,+1 314-499-4369,,https://kabulexpressstl.square.site/,https://kabulexpressstl.square.site/
"Loughborough Autobody, Inc.",Auto Repair,Car Show,"317 Loughborough Avenue, St. Louis, MO, 63111",63111,St. Louis,,,,
Normitas House,Restaurant / Catering,Both,"5228 Vermont Avenue, St. Louis, MO, 63111",63111,St. Louis,,,https://normitashouse.square.site/,https://normitashouse.square.site/
O'Reilly Auto Parts,Auto Parts,Car Show,"4300 South Broadway, Saint Louis, MO, 63111",63111,St. Louis,,,https://locations.oreillyauto.com/mo/saintlouis/autoparts-1616.html,https://www.oreillyauto.com/contact-us
Perennial Artisan Ales,Bar / Pub,Both,"8125 Michigan Avenue, St. Lois, MO, 63111",63111,St. Louis,,,,
Phillips 66,Fuel / Convenience,Car Show,"4347 South Broadway, Saint Louis, MO, 63111",63111,St. Louis,,,https://www.phillips66gas.com/station/P66-GOOD-TRIP-CONOCO-0000885574/,
Quality Auto Repair & Sales,Auto Repair,Car Show,"3245 Mt Pleasant St, St. Louis, MO, 63111",63111,St. Louis,+13143514325,,,
Route 66 Transmission Rebuilders,Auto Repair,Car Show,"116 Robert Avenue, Saint Louis, MO, 63111",63111,St. Louis,,,http://transmissionsstl.wix.com/transmissionsstl,
South Public Market,Liquor / Wine,Both,"7701 South Broadway, Saint Louis, MO, 63111",63111,St. Louis,+13146387783,,,
Amighetti’s,Restaurant / Catering,Both,"5700 Lindell Boulevard, Saint Louis, MO, 63112",63112,St. Louis,,,https://mohistory.org/visit/dine/,https://mohistory.org/visit/dine/
Amigo Sole,Restaurant / Catering,Both,"6102 Delmar Boulevard, Saint Louis, MO, 63112",63112,St. Louis,,,https://amigosole.com/,https://amigosole.com/
Brasas,Restaurant / Catering,Both,"6138 Delmar Blvd, Saint Louis, MO, 63112",63112,St. Louis,,user@domain.com,https://www.brasas-stl.com/,https://www.brasas-stl.com/about-us
Eclipse Restaurant,Restaurant / Catering,Both,"6177 Delmar Boulevard, Saint Louis, 63112",63112,St. Louis,+1 314-726-2222,sales@moonrisehotel.com,http://eclipsestlouis.com/,https://moonrisehotel.com/make-contact/
Euphoria Kitchen and Kocktails,Restaurant / Catering,Both,"5916 Delmar Boulevard, Saint Louis, MO, 63112",63112,St. Louis,+13142561045,,http://euphoria-stl.com/,
Falk Harrison,Corporate Office,Both,"6124 Delmar Boulevard, 63112",63112,St. Louis,,,,
Fork & Stix,Restaurant / Catering,Both,"549 Rosedale Avenue, Saint Louis, MO, 63112",63112,St. Louis,+1-314-863-5572,alex.zandi@gmail.com,https://forknstix.com/,https://forknstix.com/#aboutlink
Gokul Indian Restaurant,Restaurant / Catering,Both,"6101 Delmar Boulevard, Saint Louis, MO, 63112",63112,St. Louis,+13147211888,,https://gokulindianstlouis.com/,https://gokulindianstlouis.com/
K-Bop STL,Restaurant / Catering,Both,"6120 Delmar Boulevard, 63112",63112,St. Louis,,,https://kbopstl.com/delmar,https://kbopstl.com/contact-us
Kingside Express,Restaurant / Catering,Both,63112,63112,St. Louis,,,,
Moonrise Hotel,Hotel / Hospitality,Gala,"6177 Delmar Boulevard, Saint Louis, 63112",63112,St. Louis,+1 314-721-1111,sales@moonrisehotel.com,https://moonrisehotel.com/,https://moonrisehotel.com/make-contact/
Norman K. Probstein Golf Course,Country Club / Golf,Gala,"6141 Lagoon Drive, Saint Louis, MO, 63112",63112,St. Louis,+1 314-367-1337,mkaiser@arcisgolf.com,https://www.forestparkgc.com,https://arcisgolf.com/clubs/the_courses_at_forest_park/club_contacts
Nudo House Delmar,Restaurant / Catering,Both,"6105 Delmar Boulevard, Saint Louis, MO, 63112",63112,St. Louis,+13143706970,user@domain.com,https://www.nudohousestl.com/,https://www.nudohousestl.com/about
Ocean Grill,Restaurant / Catering,Both,"280 De Baliviere Avenue, Saint Louis, MO, 63112",63112,St. Louis,+13143619999,,http://places.singleplatform.com/ocean-grill-17/menu?ref=google,http://places.singleplatform.com/ocean-grill-17/menu?ref=google
Palomino Lounge,Bar / Pub,Both,"5876 Delmar Boulevard, Saint Louis, MO, 63112",63112,St. Louis,,,,
Prime 55,Restaurant / Catering,Both,"6100 Delmar Boulevard, Saint Louis, MO, 63112",63112,St. Louis,+1-314-330-2177,prime55reservations@gmail.com,https://www.prime55delmar.com/,https://www.prime55delmar.com/
Puzzles Hookah Lounge,Restaurant / Catering,Both,63112,63112,St. Louis,,,,
Soul 2 Soul,Bar / Pub,Both,"5917 Delmar Boulevard, Saint Louis, MO, 63112",63112,St. Louis,,,,
STL GRILLZZ,Jeweler,Gala,"5898 Delmar Boulevard, Saint Louis, MO, 63112",63112,St. Louis,+13144416838,,,
Vails Brothers Shrimp Chicken & Fish,Restaurant / Catering,Both,"5942 Delmar Boulevard, Saint Louis, MO, 63112",63112,St. Louis,+13142820051,,https://www.vailsbrothers314.com/the-loop,
Yan Wu House Chop Suey,Restaurant / Catering,Both,"5970 Delmar Boulevard, Saint Louis, MO, 63112",63112,St. Louis,+13147271917,,,
AutoZone,Auto Parts,Car Show,"1211 North Kingshighway Boulevard, Saint Louis, MO, 63113",63113,St. Louis,,,https://www.autozone.com/locations/mo/saint-louis/1215-n-kingshighway-blvd.html,
Buddy's Tires,Auto Repair,Car Show,"3727 Doctor Martin Luther King Drive, Saint Louis, MO, 63113",63113,St. Louis,,,,
Central hotel,Hotel / Hospitality,Gala,"Le bourg, 63113",63113,St. Louis,+33 4 73 22 30 79; +33 6 87 27 78 90,,https://www.sancy.com/fr/fiche/hotellerie/central-hotel-picherande_TF0918263/,
Legends Bar & Grill,Bar / Pub,Both,"2613 Marcus Avenue, Saint Louis, MO, 63113",63113,St. Louis,+1-314-833-3838,,,
Swish Wash,Car Wash / Detail,Car Show,"1036 North Vandeventer Avenue, Saint Louis, MO, 63113",63113,St. Louis,,,,
Access Automotive,Auto Repair,Car Show,"9373 Page Avenue, Overland, MO, 63114",63114,Overland,,,https://access-automotive.edan.io/,
Chimi's Fresh Mex,Restaurant / Catering,Both,"2435 Woodson Road, Overland, MO, 63114",63114,Overland,,,,
Chuck-A-Burger Drive-In,Restaurant / Catering,Both,"9025 Saint Charles Rock Road, 63114",63114,Overland,+1 314-427-9524,,https://m.facebook.com/Chuckaburgerdrivein,https://m.facebook.com/Chuckaburgerdrivein
Mi Hungry BBQ & Jamaican Cuisine,Restaurant / Catering,Both,"8660 Saint Charles Rock Road, Saint Louis, MO, 63114",63114,Overland,+1-314-427-3368,,https://mihungrybbqjamaicacuisine.com,https://mihungrybbqjamaicacuisine.com/contactus.htm
Restaurant El Mexiquense,Restaurant / Catering,Both,"9519 Lackland Road, Overland, MO, 63114",63114,Overland,,,,
RNR Tire Express,Auto Repair,Car Show,"9025 Page Avenue, Overland, MO, 63114",63114,Overland,,,,
The Spot Sports Bar Stl,Bar / Pub,Both,"8816 Saint Charles Rock Road, Saint Louis, MO, 63114",63114,Overland,,,,
쌍알횟집,Restaurant / Catering,Both,"500 서해안로, 제주시, 63114",63114,Overland,,,,
BP,Fuel / Convenience,Car Show,"4700 Bircher Boulevard, Saint Louis, MO, 63115",63115,St. Louis,,,,
Carousel Motel,Hotel / Hospitality,Gala,"3930 N Kingshighway Blvd, Saint Louis, MO, 63115",63115,St. Louis,,,,
EURO TRASH,Professional Services,Gala,"5300 Delmar Boulevard, Saint Louis, MO, 63115",63115,St. Louis,,,https://www.eurotrash.us/,https://www.eurotrash.us/pages/contact
O'Reilly Auto Parts,Auto Parts,Car Show,"4318 Natural Bridge Avenue, Saint Louis, MO, 63115",63115,St. Louis,,,https://locations.oreillyauto.com/mo/saintlouis/autoparts-1781.html,https://www.oreillyauto.com/contact-us
AutoZone,Auto Parts,Car Show,"922 R Loughborough Avenue, Saint Louis, MO, 63116",63116,St. Louis,+1-314-457-0088,,https://www.autozone.com/locations/mo/saint-louis/922-loughborough-ave.html,
Black Thorn Pub,Bar / Pub,Both,"3735 Wyoming Street, Saint Louis, MO, 63116",63116,St. Louis,,,,
Chippewa Tire,Tire Shop,Car Show,"4305 Chippewa Street, Saint Louis, MO, 63116",63116,St. Louis,,,,
Civil Life Brewing Co.,Brewery,Both,"3714 Holt Avenue, 63116",63116,St. Louis,,,https://www.thecivillife.com/,https://thecivillife.com/contact/
Crispy Edge,Restaurant / Catering,Both,"4168 Juniata Street, Saint Louis, MO, 63116",63116,St. Louis,+13143103343,foh@crispyedge.com,https://crispyedge.com/,https://crispyedge.com/
Das Bevo,Restaurant / Catering,Both,"4749 Gravois Avenue, St Louis, MO, 63116",63116,St. Louis,+13148322251,hallo@dasbevo.com,https://dasbevo.com,https://dasbevo.com/contact/
First Bank,Bank / Credit Union,Gala,"7256 Gravois Avenue, Saint Louis, MO, 63116",63116,St. Louis,,,,
Friendly's Bar & Grill,Bar / Pub,Both,"3503 Roger Place, 63116",63116,St. Louis,+1-314-771-2040,,,
Gyro Company,Restaurant / Catering,Both,"7240 Gravois Avenue, Saint Louis, 63116",63116,St. Louis,,,,
Hook & Reel Cajun Seafood & Bar,Restaurant / Catering,Both,"4680 Chippewa Street, Saint Louis, MO, 63116",63116,St. Louis,+13142820770,,https://hookreelcajunmo.com/,
NAD Motor - NAD's Custom Whees & Tires,Tire Shop,Car Show,"3705 Morganford Road, Saint Louis, MO, 63116",63116,St. Louis,+1-314-328-1873,,,
QuikTrip,Fuel / Convenience,Car Show,"6900 Gravois Avenue, Saint Louis, MO, 63116",63116,St. Louis,,,,
St. Louis Community Credit Union,Bank / Credit Union,Gala,"7224 Gravois Avenue, Saint Louis, MO, 63116",63116,St. Louis,+1 314-534-7610,,,
The Headless Bat,Bar / Pub,Both,"3128 Morganford Road, Saint Louis, MO, 63116",63116,St. Louis,,,,
Tower Pub,Bar / Pub,Both,"3234 Morganford Road, 63116",63116,St. Louis,+1-314-771-7979,towerpub@yahoo.com,,
U.S. Bank,Bank / Credit Union,Gala,"3881 Gravois Avenue, St. Louis, MO, 63116",63116,St. Louis,,,,
Vegan Deli and Butcher,Restaurant / Catering,Both,"5003 Gravois Avenue, St Louis, MO, 63116",63116,St. Louis,+1-314-350-7955,stlvegandeliandbutcher@gmail.com,https://www.stlvegandeliandbutcher.com/,
Basso,Restaurant / Catering,Both,"7036 Clayton Avenue, St. Louis, MO, 63117",63117,Richmond Heights,,jwinter@lhmc.com,https://www.basso-stl.com/,https://www.basso-stl.com/the-cheshire/contact/
Boundary,Restaurant / Catering,Both,"7036 Clayton Avenue, St. Louis, MO, 63117",63117,Richmond Heights,,jwinter@cheshirerestaurant-stl.com,https://www.boundary-stl.com/,https://www.boundary-stl.com/
Cheshire Inn,Hotel / Hospitality,Gala,"6300 Clayton Road, Richmond Heights, MO, 63117",63117,Richmond Heights,,cheshire@cheshirestl.com,https://www.cheshirestl.com/,https://www.cheshirestl.com/
Chinese Express,Restaurant / Catering,Both,"7022 Clayton Avenue, St. Louis, MO, 63117",63117,Richmond Heights,,,https://chineseexpressmo.com,https://chineseexpressmo.com
Commerce Bank,Bank / Credit Union,Gala,"6369 Clayton Road, Clayton, MO, 63117",63117,Richmond Heights,,,,
Courtyard St. Louis Brentwood,Hotel / Hospitality,Gala,"8101 Dale Avenue, Richmond Heights, MO, 63117",63117,Richmond Heights,+1 314-647-2998,,https://www.marriott.com/stlcb,
Del Pietros,Restaurant / Catering,Both,"1059 South Big Bend Boulevard, Richmond Heights, MO, 63117",63117,Richmond Heights,,,,
Drake's,Bar / Pub,Both,"8135 Dale Avenue, 63117",63117,Richmond Heights,,,https://drakescomeplay.com/locations/drakes-richmond-heights-mo/,https://bluegrasshospitality.com/contact-us/
First Community Credit Union,Bank / Credit Union,Gala,"1070 South Brentwood Boulevard, Richmond Heights, MO, 63117",63117,Richmond Heights,+1-636-728-3333,,,
Hi-Pointe Drive In,Restaurant / Catering,Both,"1033 McCausland Avenue, 63117",63117,Richmond Heights,+1-314-349-2720,hi@hipointedrivein.com,https://hipointedrivein.com,https://hipointedrivein.com/about
Homewood Suites,Hotel / Hospitality,Gala,"8040 Clayton Road, Richmond Heights, MO, 63117",63117,Richmond Heights,,,,
Mike Duffy's Pub and Grill,Bar / Pub,Both,"6662 Clayton Road, Richmond Heights, MO, 63117",63117,Richmond Heights,,,,
Olympia Kebob House and Taverna,Restaurant / Catering,Both,"1543 McCausland Avenue, Saint Louis, MO, 63117",63117,Richmond Heights,+1-314-781-1299,user@domain.com,https://www.olympiakebobandtavern.com/,https://www.olympiakebobandtavern.com/
Par Lounge,Bar / Pub,Both,"1001 McCausland Avenue, 63117",63117,Richmond Heights,+1-314-646-1300,,http://par-lounge.com,http://par-lounge.com/Contact-Us.html
Starrs,Liquor / Wine,Both,"1135 South Big Bend Boulevard, Richmond Heights, MO, 63117",63117,Richmond Heights,,budstar@swbell.net,https://www.starrs1.com/index.php?p=home,https://www.starrs1.com/contact-us
State Farm,Insurance Agency,Both,"7803 Clayton Road, St Louis, MO, 63117",63117,Richmond Heights,+1-314-725-0404,,https://veronicaobrienagency.com/,https://www.statefarm.com/lead/contact#agentAssociateID=9WTC91YS000&amp;event=sfmicrosites
Stevenson's Hi-Pointe Service,Fuel / Convenience,Car Show,"981 South Skinker Boulevard, St. Louis, MO, 63117",63117,Richmond Heights,,,https://bigamocosign.com/,https://bigamocosign.com/contact-us/
The Cheesecake Factory,Restaurant / Catering,Both,"1062 Galleria Parkway, Saint Louis, MO, 63117",63117,Richmond Heights,+1-314-721-0505,,https://locations.thecheesecakefactory.com/mo/st.-louis-57.html,https://www.thecheesecakefactory.com/about-us
דאבל סטנדרט,Bar / Pub,Both,"247 דיזנגוף, תל אביב, 63117",63117,Richmond Heights,,,,
A Touch of Texas BBQ,Restaurant / Catering,Both,"3559 Arsenal Street, St. Louis, MO, 63118",63118,St. Louis,,,,
Advance Auto Parts,Auto Parts,Car Show,"3510 Gravois Avenue, Saint Louis, MO, 63118",63118,St. Louis,+1 314 772 7666,,https://stores.advanceautoparts.com/mo/saint-louis/3510-gravois-ave,
Affordable Furniture,Furniture & Home,Gala,"2719 Cherokee Street, Saint Louis, MO, 63118",63118,St. Louis,,,,
Arzolas,Restaurant / Catering,Both,"2730 McNair Avenue, Saint Louis, MO, 63118",63118,St. Louis,,,,
Auvergne Transport Service Manutention,Corporate Office,Both,"Route Départementale 402, Cébazat, 63118",63118,St. Louis,+33473163000,,,
Bank of America,Bank / Credit Union,Gala,"2604 South Jefferson Avenue, Saint Louis, MO, 63118",63118,St. Louis,,,,
Banque Chalus,Bank / Credit Union,Gala,"1 Rue des Farges, Cébazat, 63118",63118,St. Louis,,,,
Banque Populaire,Bank / Credit Union,Gala,"1 Avenue du 8 Mai, Cébazat, 63118",63118,St. Louis,+33 4 73 16 14 30,,https://agences.banquepopulaire.fr/banque-assurance/agence-nord-de-clermont-cebazat-id1680700343,https://www.banquepopulaire.fr/nous-contacter/
Basil India,Restaurant / Catering,Both,"3183 South Grand Boulevard, St. Louis, MO, 63118",63118,St. Louis,,,,
Benton Park Cafe,Restaurant / Catering,Both,"2901 Salena Street, Saint Louis, 63118",63118,St. Louis,,,,
Bluewood Brewing,Brewery,Both,"1821 Cherokee Street, Saint Louis, MO, 63118",63118,St. Louis,+1 314-376-4166,info@bluewoodbrewing.com,https://www.bluewoodbrewing.com/,https://www.bluewoodbrewing.com/membership
Busey Bank,Bank / Credit Union,Gala,"3754 South Grand Boulevard, Saint Louis, MO, 63118",63118,St. Louis,,,,
Buzz’s Hawaiian Grill,Restaurant / Catering,Both,"3457 Magnolia Avenue, Saint Louis, MO, 63118",63118,St. Louis,,buzz@buzzshawaiiangrill.com,https://buzzshawaiiangrill.com/,https://buzzshawaiiangrill.com/about-us
Cafe Mochi,Restaurant / Catering,Both,"3221 South Grand Boulevard, St. Louis, MO, 63118",63118,St. Louis,,,https://locu.com/places/cafe-mochi-st-louis-us/,https://www.godaddy.com/help/contact-us
Cafe Natasha's,Restaurant / Catering,Both,"3200 South Grand Boulevard, St. Louis, MO, 63118",63118,St. Louis,,user@domain.com,https://www.cafenatasha.com/,https://www.cafenatasha.com/
Carburant Auchan,Fuel / Convenience,Car Show,"20 Rue de Châteaugay, Cébazat, 63118",63118,St. Louis,,,,
CBGB,Bar / Pub,Both,"3163 South Grand Boulelvard, St. Louis, 63118",63118,St. Louis,,,,
Chaparritos,Restaurant / Catering,Both,"2812 Cherokee Street, Saint Louis, MO, 63118",63118,St. Louis,,,,
Crédit Mutuel Massif Central,Bank / Credit Union,Gala,"3 Avenue du 8 Mai, Cébazat, 63118",63118,St. Louis,+33 4 73234140,nom@domaine.com,https://www.creditmutuel.fr/fr/caisses/10278/11631/00/000,https://www.creditmutuel.fr/fr/contact.html
DC Auto Sales,Car Dealership,Car Show,"2901 Arsenal Street, Saint Louis, MO, 63118",63118,St. Louis,,,,
Doc Auto,Auto Repair,Car Show,"28 Rue Fontenille, Cébazat, 63118",63118,St. Louis,+33 6 18 07 95 45,,,
Don's Muffler Shop #1,Auto Repair,Car Show,"3001 Cherokee Street, Saint Louis, MO, 63118",63118,St. Louis,+1 314 772 7400,,,
Don's Muffler Shop #2,Auto Repair,Car Show,"2923 Cherokee Street, Saint Louis, MO, 63118",63118,St. Louis,+1 314 772 7400,,,
Earthbound Beer,Bar / Pub,Both,"2724 Cherokee Street, Saint Louis, MO, 63118",63118,St. Louis,+1-314-769-9576,kristina@earthboundbeer.com,https://earthbound-107865.square.site/,https://earthbound-107865.square.site/
El Chico Bakery,Restaurant / Catering,Both,"2634 Cherokee Street, Saint Louis, MO, 63118",63118,St. Louis,,,,
Elaine's,Restaurant / Catering,Both,"2311 Cherokee Street, Saint Louis, MO, 63118",63118,St. Louis,+1 314-664-0100,,http://elainesoncherokee.com/wp/,
Elicia's Pizza,Restaurant / Catering,Both,"3209 Gravois Avenue, Saint Louis, MO, 63118",63118,St. Louis,+1 314-771-7777,,,
Frazer's Restaurant & Lounge,Restaurant / Catering,Both,"1811 Pestalozzi Street, 63118",63118,St. Louis,+1-314-773-8646,info@frazersgoodeats.com,http://frazersgoodeats.com,http://frazersgoodeats.com/contact-1
H & M Fish and Chicken,Restaurant / Catering,Both,"2903 Chippewa Street, Saint Louis, MO, 63118",63118,St. Louis,+13146642091,,,
Hop Shop,Liquor / Wine,Both,"2600 Cherokee Street, Saint Louis, 63118",63118,St. Louis,,,https://www.saintlouishopshop.com/about/,https://www.saintlouishopshop.com/about/
Immigration Law LLC,Law Firm,Gala,"Cherokee Street, St. Louis, MO, 63118",63118,St. Louis,,,,
K-bop,Restaurant / Catering,Both,"2609 Cherokee Street, St. Louis, MO, 63118",63118,St. Louis,,,https://kbopstl.com/cherokee,https://kbopstl.com/contact-us
Le Bedabar,Bar / Pub,Both,"2 Rue des Farges, Cébazat, 63118",63118,St. Louis,,,,
Le Volant,Restaurant / Catering,Both,"Rue Verte, Cébazat, 63118",63118,St. Louis,+33473272950,,,
LemonGrass,Restaurant / Catering,Both,"3161 South Grand Boulelvard, St. Louis, MO, 63118",63118,St. Louis,+1 314-664-6702,,https://www.lemongrass-rest.com,https://www.lemongrass-rest.com/about_main.htm
Lemp Mansion,Hotel / Hospitality,Gala,"3322 Demenil Place, Saint Louis, MO, 63118",63118,St. Louis,,,,
Lemp Mansion Restaurant,Restaurant / Catering,Both,"3322 Demenil Place, Saint Louis, MO, 63118",63118,St. Louis,+1 314-664-8024,,https://www.lempmansion.com/restaurant.htm,https://www.lempmansion.com/restaurant.htm
Meskerem Ethiopian Cuisine,Restaurant / Catering,Both,"3210 South Grand Boulevard, St. Louis, MO, 63118",63118,St. Louis,+1-314-772-4442,user@domain.com,https://meskeremstl.com/,https://meskeremstl.com/
Midwest BankCentre,Bank / Credit Union,Gala,"Meramec Street, Saint Louis, MO, 63118",63118,St. Louis,,,,
Moshmellow,Bar / Pub,Both,"3359 South Jefferson Avenue, Saint Louis, 63118",63118,St. Louis,+1-615-796-9095,example@mysite.com,http://moshmellow.org,https://www.moshmellow.org/about-2
Pieces Board Game Bar And Restaurant,Restaurant / Catering,Both,"2727 South 12th Street, Saint Louis, MO, 63118",63118,St. Louis,,,,
Pizza Head,Restaurant / Catering,Both,"3196 South Grand Boulevard, St. Louis, MO, 63118",63118,St. Louis,,,https://www.pizzaheadstl.com/about,
Poke One,Restaurant / Catering,Both,"3101 South Grand Boulevard, St. Louis, MO, 63118",63118,St. Louis,,,,
Rent-A-Center,Furniture & Home,Gala,"3405-3413 Gravois Avenue, Saint Louis, MO, 63118",63118,St. Louis,,,,
Retro 101,Bank / Credit Union,Gala,"2303 Cherokee Street, Saint Louis, MO, 63118",63118,St. Louis,+1-314-762-9722,,http://www.shopretro101.com,
Rock Star Tacos,Restaurant / Catering,Both,"4916 Shaw Avenue, St. Louis, MO, 63118",63118,St. Louis,+1-314-571-9016,rockstartacostl@gmail.com,https://www.rockstartacos.com/,https://www.rockstartacos.com/blank-1
Rooster,Restaurant / Catering,Both,"3150 South Grand Boulevard, St. Louis, MO, 63118",63118,St. Louis,+13147723447,user@domain.com,https://www.roosterstl.com/,https://www.roosterstl.com/about
Saturn Lounge,Bar / Pub,Both,"1915 Cherokee Street, St. Louis, MO, 63118",63118,St. Louis,,user@domain.com,https://www.thesaturnlounge.com,https://www.thesaturnlounge.com
Sit Sleep Furniture & Mattress,Furniture & Home,Gala,"3722 South Grand Boulevard, Saint Louis, MO, 63118",63118,St. Louis,,,,
Small Change,Bar / Pub,Both,"2800 Indiana Avenue, Saint Louis, MO, 63118",63118,St. Louis,,,https://www.facebook.com/SmallChangeSTL/,https://www.facebook.com/SmallChangeSTL/
St. Louis Motor Co,Car Dealership,Car Show,"2743 Gravois Avenue, Saint Louis, MO, 63118",63118,St. Louis,,,,
Taco Truck Stl,Bar / Pub,Both,"2737 Cherokee Street, Saint Louis, MO, 63118",63118,St. Louis,,,,
Taqueria El Bronco,Restaurant / Catering,Both,"2817 Cherokee Street, Saint Louis, MO, 63118",63118,St. Louis,,,,
The B-Side,Bar / Pub,Both,"2709 Cherokee Street, Saint Louis, MO, 63118",63118,St. Louis,,,,
The Little Dipper At The Fortune Teller Bar,Bar / Pub,Both,"2635 Cherokee Street, Saint Louis, MO, 63118",63118,St. Louis,,,,
The Shaved Duck,Restaurant / Catering,Both,"2900 Virginia Avenue, St. Louis, MO, 63118",63118,St. Louis,+1-314-776-1407,user@domain.com,https://www.theshavedduck.com/,https://www.theshavedduck.com/contact-us
The Vine Cafe and Market,Restaurant / Catering,Both,"3171 South Grand Boulevard, St. Louis, MO, 63118",63118,St. Louis,+13147760991,,http://www.thevinestl.com/,http://www.thevinestl.com/
Tick Tock Tavern,Bar / Pub,Both,"3459 Magnolia Avenue, Saint Louis, MO, 63118",63118,St. Louis,,,,
Tree House,Restaurant / Catering,Both,"3177 South Grand Boulevard, St. Louis, MO, 63118",63118,St. Louis,+13146962100,user@domain.com,https://www.treehousestl.com/,https://www.treehousestl.com/#contact-section
Tschüss,Bar / Pub,Both,"2847 Cherokee Street, Saint Louis, MO, 63118",63118,St. Louis,,,,
VISTA Ramen,Restaurant / Catering,Both,"2609 Cherokee Street, St. Louis, 63118",63118,St. Louis,,,http://vistaramen.com,http://vistaramen.com
Whiskey Ring,Bar / Pub,Both,"2641 Cherokee Street, Saint Louis, MO, 63118",63118,St. Louis,,,,
Yaquis,Restaurant / Catering,Both,"2728 Cherokee Street, Saint Louis, MO, 63118",63118,St. Louis,,,,
Zephyr Salon and Bar,Restaurant / Catering,Both,"2303 Cherokee Street, Saint Louis, MO, 63118",63118,St. Louis,+1-314-371-0834,zephyrstl@gmail.com,http://zephyrstl.com,http://zephyrstl.com
A.M. Clark Auto Service,Auto Repair,Car Show,"7879 Big Bend Boulevard, Webster Groves, MO, 63119",63119,Webster Groves,+1-314-961-7500,amclarkcarfix@yahoo.com,https://www.amclarkautoservice.com/,
AAA Insurance,Insurance Agency,Both,"9005 Watson Road, Webster Groves, MO, 63119",63119,Webster Groves,,,,
Assistance Home Care,Corporate Office,Both,"9893 Manchester Road, Rock Hill, MO, 63119",63119,Webster Groves,+1 314-631-1989,info@assistancehc.com,https://www.assistancehomecare.com,https://www.assistancehomecare.com/about-us/assistance-home-care-blog/
Balkan Treat Box,Restaurant / Catering,Both,"8103 Big Bend Boulevard, 63119",63119,Webster Groves,,info@balkantreatbox.com,https://www.balkantreatbox.com,https://www.balkantreatbox.com/contact
Bar de la Place,Bar / Pub,Both,"Rue du Bosquet, Châteaugay, 63119",63119,Webster Groves,,,,
"Bardol Law Firm, LLC",Law Firm,Gala,"34 North Gore Avenue, Saint Louis, MO, 63119",63119,Webster Groves,+1 314-918-0100,info@bardollaw.com,https://bardollaw.com/,
Boardwalk Cafe,Restaurant / Catering,Both,"600 E Lockwood Avenue, Webster Groves, MO, 63119",63119,Webster Groves,+1 314-963-0013,,,
Chiang Mai,Restaurant / Catering,Both,"8158 Big Bend Boulevard, 63119",63119,Webster Groves,,,,
Chippewa Hotel,Hotel / Hospitality,Gala,"7880 Watson Rd, Saint Louis, MO, 63119",63119,Webster Groves,,,,
Crazy Bowls and Wraps,Restaurant / Catering,Both,"9635 Manchester Road, 63119",63119,Webster Groves,,,https://crazybowlsandwraps.com/,https://crazybowlsandwraps.com/contact-us/
Cyrano's,Restaurant / Catering,Both,"602 East Lockwood Avenue, 63119",63119,Webster Groves,+1 314 963 3232,,https://cyranos.com/,https://cyranos.com/contact-us/
Dewey's Pizza,Restaurant / Catering,Both,"122 East Lockwood Avenue, 63119",63119,Webster Groves,,,https://deweyspizza.com/location/webster-groves/,https://deweyspizza.com/contact/
Frisco Barroom,Bar / Pub,Both,"8110 Big Bend Boulevard, 63119",63119,Webster Groves,+1 314-455-1090,info@thefriscostl.com,https://www.thefriscostl.com,
General Grant Car Wash and Detail Center,Car Wash / Detail,Car Show,"8344 Watson Road, St. Louis, MO, 63119",63119,Webster Groves,,,,
Global Brew Tap House,Brewery,Both,"9578 Manchester Road, 63119",63119,Webster Groves,+1 314-395-4504,,https://rockhill.globalbrew.com/,
Hangar Kitchen + Bar,Restaurant / Catering,Both,"9528 Manchester Road, 63119",63119,Webster Groves,+1 314-473-1221,,https://www.hangarkitchenandbarstl.com/,https://www.hangarkitchenandbarstl.com/
I Love Juice Bar,Restaurant / Catering,Both,"9849 Manchester Road, Rock Hill, MO, 63119",63119,Webster Groves,+1 314-455-4171,,https://www.ilovejuicebar.com/rock-hill,
Jiffy Lube,Auto Repair,Car Show,"7210 Watson Road, 63119",63119,Webster Groves,,,https://www.jiffylube.com/locations/mo/saint-louis/1067,https://www.jiffylube.com/contact
Meyou Thai Eatery,Restaurant / Catering,Both,"8162 Big Bend Boulevard, 63119",63119,Webster Groves,,,,
Momo Coffee - Champagne - Kitchen,Restaurant / Catering,Both,"9500 Manchester Road, 63119",63119,Webster Groves,+1 314-942-2172,user@domain.com,https://www.momocoffeechampagnekitchen.com/,https://www.momocoffeechampagnekitchen.com/
PNC Bank,Bank / Credit Union,Gala,"135 West Lockwood Avenue, 63119",63119,Webster Groves,+1 314-961-4050,,https://apps.pnc.com/locator/location-details/missouri/webster-groves/63119/00453071/webster-groves?lnksrc=branch-listing,https://apps.pnc.com/locator/location-details/missouri/webster-groves/63119/00453071/webster-groves?lnksrc=branch-listing
TotalEnergies Contact,Fuel / Convenience,Car Show,"ZAC du Champ de l'Allée, Châteaugay, 63119",63119,Webster Groves,,,,
Abeille Assurances,Insurance Agency,Both,"11 Avenue Pierre et Marie Curie, Courpière, 63120",63120,St. Louis,+33 4 73 53 13 54,courpiere@abeille-assurances.com,https://agences.abeille-assurances.fr/courpiere/,https://www.abeille-assurances.fr/particulier/contacts.html
Glen Echo Country Club,Country Club / Golf,Gala,"3401 Lucas & Hunt Road, Saint Louis, 63121",63121,Normandy,+1 314-383-1500,,https://www.gecc.org/,https://www.gecc.org/
Norwood Hills Country Club,Country Club / Golf,Gala,"1 Norwood Hills Country Club Drive, Saint Louis, 63121",63121,Normandy,+1 314-521-0682,,https://www.norwoodhills.com/,https://www.norwoodhills.com/contact-us/general
4 Hands Brewing Co. Kirkwood,Brewery,Both,"150 West Argonne Drive, 63122",63122,Kirkwood,,,https://www.4handsbrewery.com/4-hands-kirkwood,https://www.4handsbrewery.com/contact
612 Kitchen & Cocktails,Restaurant / Catering,Both,"612 West Woodbine Avenue, Kirkwood, 63122",63122,Kirkwood,+1-314-965-2003,,https://612kitchenandcocktails.com/,https://612kitchenandcocktails.com/
7-Eleven,Fuel / Convenience,Car Show,"13515 Big Bend Road, St. Louis, 63122",63122,Kirkwood,,,,
Al's Service,Auto Repair,Car Show,"12220 Old Big Bend Road, Kirkwood, 63122",63122,Kirkwood,+1 314 821 0152,,http://alsservice.net/,
American Family Insurance,Insurance Agency,Both,"12213 Old Big Bend Road, Kirkwood, 63122",63122,Kirkwood,,,,
AT&T,Technology / IT,Both,"115 West Adams Avenue, 63122",63122,Kirkwood,+1-800-288-2020,m25101@idp.att.com,https://www.att.com/,https://www.att.com/
Auberge de la Moréno,Restaurant / Catering,Both,"Saint-Genès-Champanelle, 63122",63122,Kirkwood,+33 4 73 87 16 46,aubergemoreno@free.fr,https://aubergemoreno.com/,
AutoZone,Auto Parts,Car Show,"1205 South Kirkwood Road, Kirkwood, 63122",63122,Kirkwood,,,https://www.autozone.com/locations/mo/kirkwood/1205-s-kirkwood-rd.html,
Bar Louie,Restaurant / Catering,Both,"110 South Kirkwood Road, Kirkwood, 63122",63122,Kirkwood,+1 314 238 2300,ads.vaoroitv@gmail.com,https://barlouieamerica.com/,https://about.me/vaoroitv/
Best Western,Hotel / Hospitality,Gala,"1200 South Kirkwood Road, Kirkwood, 63122",63122,Kirkwood,+1 314-821-3950,,http://book.bestwestern.com/bestwestern/US/MO/Saint-Louis-hotels/BEST-WESTERN-Kirkwood-Inn/Hotel-Overview.do?propertyCode=26140,
Billy G's Kirkwood,Restaurant / Catering,Both,"131 W West Argonne Drive, Kirkwood, 63122",63122,Kirkwood,,,https://billygskirkwood.com/,https://billygskirkwood.com/contact/
BP,Fuel / Convenience,Car Show,"401 North Kirkwood Road, Kirkwood, MO, 63122",63122,Kirkwood,+1 314 822 7076,,,
Buffalo Wild Wings,Restaurant / Catering,Both,"1244 South Kirkwood Road, Kirkwood, 63122",63122,Kirkwood,,,,
Chase,Bank / Credit Union,Gala,"101 North Kirkwood Road, Kirkwood, 63122",63122,Kirkwood,+1 314-800-1082,,https://locator.chase.com/mo/kirkwood/101-n-kirkwood-rd,https://locator.chase.com/digital/resources/privacy-security/security/how-to-spot-scams
Chili's,Restaurant / Catering,Both,"1130 South Kirkwood Road, Kirkwood, 63122",63122,Kirkwood,+1 314 984 8176,,,
Combs Tire & Auto Service Center,Auto Repair,Car Show,"10520 Big Bend Boulevard, Kirkwood, 63122",63122,Kirkwood,,10520cta@gmail.com,https://combsautoservice.com/,https://combsautoservice.com/Contact/Find-Us
Commerce Bank,Bank / Credit Union,Gala,"350 North Kirkwood Road, Kirkwood, 63122",63122,Kirkwood,+1-800-453-2265,kirkwood1@commercebank.onmicrosoft.com,https://locations.commercebank.com/mo/kirkwood/bank-350-n-kirkwood-rd.html,https://www.commercebank.com/contact-us
Corner Pub & Grill,Restaurant / Catering,Both,"13645 Big Bend Road, 63122",63122,Kirkwood,,,https://www.cornerpubandgrill.com/,https://www.cornerpubandgrill.com/contact
Edward Jones,Financial / Wealth Mgmt,Gala,"204 North Clay Avenue, Kirkwood, 63122",63122,Kirkwood,,,,
Espace Volcan,Restaurant / Catering,Both,"Route du Col de la Moreno, Laschamps, 63122",63122,Kirkwood,+33 4 73 62 26 00,espace@espacevolcan.fr,http://www.espacevolcan.fr/,http://www.espacevolcan.fr/contact-espace-volcan.html
Fandango's Sports Bar & Grill,Bar / Pub,Both,"2940 Dougherty Ferry Road, St. Louis, 63122",63122,Kirkwood,+1-636-661-3990,,https://fandangosstlouis.com/,https://fandangosstlouis.com/
First Watch,Restaurant / Catering,Both,"491 South Kirkwood Road, Kirkwood, MO, 63122",63122,Kirkwood,+1 314-909-7271,lfohlen@firstwatch.com,https://firstwatch.com/,https://firstwatch.com/contact
Flight Range,Country Club / Golf,Gala,"13502 Big Bend Road, St. Louis, 63122",63122,Kirkwood,+1-314-330-4869,alohastl@gmail.com,https://alohastl.com/,
Great Harvest Bread Company,Restaurant / Catering,Both,"125 West Argonne Drive, Kirkwood, 63122",63122,Kirkwood,,kirkwoodmo@greatharvest.com,http://greatharvestkirkwood.com/,javascript:;
Greenbriar Hills Country Club,Country Club / Golf,Gala,"12665 Big Bend Road, Kirkwood, 63122",63122,Kirkwood,+1 314-822-3011,,https://www.greenbriarcc.com/,https://www.greenbriarcc.com/Club/Contact-Us
Greentree Tire & Auto,Auto Repair,Car Show,"621 West Woodbine Avenue, Kirkwood, 63122",63122,Kirkwood,,,https://www.greentreeauto.com/,https://greentreeauto.com/contact/
Hi-Pointe Drive-in,Restaurant / Catering,Both,"951 South Kirkwood Road, Kirkwood, 63122",63122,Kirkwood,+1-314-394-1150;+1-314-965-2082,kirkwood@hipointedrivein.com,https://hipointedrivein.com/,
Honey Bee's Biscuits and Good Eats,Restaurant / Catering,Both,63122,63122,Kirkwood,+1 314-650-0762,mshadwick@honeybeesbg.com,https://honeybeesbg.com/,https://honeybeesbg.com/pages/contact
Ice & Fuel,Bar / Pub,Both,"213 North Kirkwood Road, Kirkwood, 63122",63122,Kirkwood,,,,
Imo's,Restaurant / Catering,Both,"215 South Kirkwood Road, Kirkwood, 63122",63122,Kirkwood,+1 314 966 3666,,,
Izakaya Ren,Restaurant / Catering,Both,"2948 Dougherty Ferry Road, St. Louis, 63122",63122,Kirkwood,+1-636-825-3737,,,
JJ Twig's Pizza & Pub,Bar / Pub,Both,"2964 Dougherty Ferry Road, St. Louis, 63122",63122,Kirkwood,+1-636-225-9944,tgauvain@att.net,https://www.jjtwigsstl.com/,https://www.jjtwigsstl.com/contact
Kaldi's Coffee,Restaurant / Catering,Both,"120 South Kirkwood Road, Kirkwood, 63122",63122,Kirkwood,+1 314 821 0087,info@kaldiscoffee.com,https://kaldiscoffee.com/,https://kaldiscoffee.com/pages/contact-us
Kirkwood Auto & Truck Repair,Auto Repair,Car Show,"647 West Woodbine Avenue, Kirkwood, 63122",63122,Kirkwood,+1 314 821 3382,,,
Kirkwood Car Rental,Car Rental,Car Show,"11124 Manchester Road, Kirkwood, 63122",63122,Kirkwood,+1 314 965 5530,nosub_enerpriserentalcar@lexisnexis.com,https://enterprise.com,https://enterprise.com/en/help/contact.html
Le G.R.,Restaurant / Catering,Both,"Laschamps, 63122",63122,Kirkwood,+33 4 73 62 20 44,,,
Mike Duffy's Pub & Grill,Restaurant / Catering,Both,"124 West Jefferson Avenue, Kirkwood, 63122",63122,Kirkwood,+1 314 821 2025,,https://www.mikeduffys.com/,https://www.mikeduffys.com/
National Tire and Battery,Auto Repair,Car Show,"10855 Manchester Road, Kirkwood, 63122",63122,Kirkwood,+1 800 741 7261,,,
Paris,Restaurant / Catering,Both,"6118 Delmar Boulevard, 63122",63122,Kirkwood,,,https://www.parisbanhmi.com/locations/paris-banh-mi-st-louis-mo,https://www.parisbanhmi.com/contact-us
Phillips 66,Fuel / Convenience,Car Show,"11142 Big Bend Road, Kirkwood, 63122",63122,Kirkwood,,,,
Pi Pizzeria,Restaurant / Catering,Both,"10935 Manchester Road, Kirkwood, 63122",63122,Kirkwood,+1 314 966 8080,,,
Racanelli's Pizzeria,Restaurant / Catering,Both,"111 North Kirkwood Road, Kirkwood, 63122",63122,Kirkwood,+1 314 909 0008,,https://www.racanellis.com/,https://racanellis.com/contact/
Randi Chervitz Inc,Jeweler,Gala,"1024 North Geyer Road, Kirkwood, 63122",63122,Kirkwood,+1 314 966 6010,randi@rcstudiojewelry.com,https://uncommonthreadsjewelry.com,https://www.uncommonthreadsstudio.com/contact
Rasch Automotive Service Center,Auto Repair,Car Show,"11149 Manchester Road, Kirkwood, 63122",63122,Kirkwood,+1 314 821 3377,kirkwood@telletire.com,https://raschservice.com,https://www.telletire.com/about/our-story/
Saint Louis Bread Company,Restaurant / Catering,Both,"10221 Manchester Road, Kirkwood, 63122",63122,Kirkwood,+1 314 965 8700,,https://www.panerabread.com/,https://www.panerabread.com/en-us/company/about-panera.html
Spencers Grill,Restaurant / Catering,Both,"South Kirkwood Road, Kirkwood, 63122",63122,Kirkwood,,,,
Sterling Pen,Corporate Office,Both,"10256 Manchester Road, Saint Louis, 63122",63122,Kirkwood,+1 314 822 9222,,,
STL Real Estate,Real Estate,Gala,"211 South Kirkwood Road, Kirkwood, 63122",63122,Kirkwood,+1 314 571 9225,,http://stlrealestatellc.com,https://threedoors.com/contact/
Texas Roadhouse,Restaurant / Catering,Both,"1220 South Kirkwood Road, Kirkwood, 63122",63122,Kirkwood,,,https://www.texasroadhouse.com/,
The Bug Store,Furniture & Home,Gala,"113 West Argonne Drive, Kirkwood, 63122",63122,Kirkwood,+1 314 966 2287,,https://bugstore.com/,https://bugstore.com/
The Custard Station,Restaurant / Catering,Both,"140 West Argonne Drive, Kirkwood, 63122",63122,Kirkwood,,,http://www.custardstation.com/,https://www.hugedomains.com/contact.cfm
Tom's Service,Fuel / Convenience,Car Show,"400 North Kirkwood Road, Kirkwood, 63122",63122,Kirkwood,+1 314 821 0007,,,
Van's Tavern,Bar / Pub,Both,"1130 South Kirkwood Road, Kirkwood, 63122",63122,Kirkwood,,,,
Waterway Carwash,Car Wash / Detail,Car Show,"10850 Manchester Road, Kirkwood, 63122",63122,Kirkwood,+1 314 965 3757,customerservice@waterway.com,https://waterway.com,https://waterway.com/contact-us/
Zisser Tire & Auto,Auto Repair,Car Show,"501 West Essex Avenue, Kirkwood, 63122",63122,Kirkwood,+1 314 835 1800,,http://www.zissertirekirkwood.com/,http://www.zissertirekirkwood.com/
Affton Pizza Company,Restaurant / Catering,Both,"9163 Reavis Barracks Road, St. Louis, MO, 63123",63123,Affton,+1-314-312-6565,info@ndiscovered.com,https://afftonpizzacompany.com/,https://afftonpizzacompany.com/
Breakfast & Burger,Restaurant / Catering,Both,"10024 Gravois Road, Affton, MO, 63123",63123,Affton,+1 314-669-9555,,https://www.thebreakfastandburger.com/,
Courtesy Diner,Restaurant / Catering,Both,"8000 Laclede Station Road, Saint Louis, MO, 63123",63123,Affton,,,https://www.courtesydiner.com/,
Fortel's Pizza Den,Restaurant / Catering,Both,"7932 Mackenzie Road, St. Louis, MO, 63123",63123,Affton,,,https://www.fortelspizzaden.com/,https://www.fortelspizzaden.com/contact/
Great Southern Bank,Bank / Credit Union,Gala,"6800 South Rock Hill Road, Saint Louis, 63123",63123,Affton,,,https://www.greatsouthernbank.com/,https://www.greatsouthernbank.com/about/contact-us
Mungenast Motorsports,Motorcycle Dealer,Car Show,"5935 South Lindbergh Boulevard, Saint Louis, MO, 63123",63123,Affton,,,https://www.mungenastmotorsports.com/,
Neighbors Credit Union,Bank / Credit Union,Gala,"6300 South Lindbergh, 63123",63123,Affton,,,,
Soco's Gyros,Restaurant / Catering,Both,"5530 South Lindbergh Boulevard, Saint Louis, MO, 63123",63123,Affton,+1-314-843-7600,,https://www.socosgyros.com/,https://www.socosgyros.com/contact.html
Tower Tee Golf & Recreation,Country Club / Golf,Gala,"6727 Heege Road, St. Louis, MO, 63123",63123,Affton,+1 314-833-3322,contact@towertee.com,https://www.towertee.com/,
Weekends Only Store,Furniture & Home,Gala,"6303 South Lindbergh Boulevard, st Louis, 63123",63123,Affton,,,,
Bank of America,Bank / Credit Union,Gala,"10263 Clayton Road, Ladue, MO, 63124",63124,Ladue,,thien.le@ml.com,https://locators.bankofamerica.com/mo/saintlouis/financial-centers-saint-louis-8774.html,https://www.bankofamerica.com/customer-service/contact-us/
Jilly's Cupcake Bar and Cafe,Restaurant / Catering,Both,"8509 Delmar Boulevard, St Louis, MO, 63124",63124,Ladue,+1-314-993-5455,,https://www.jillyscupcakebar.com/,https://www.jillyscupcakebar.com/contact/
Juice Bar Ladue,Restaurant / Catering,Both,"10283 Clayton Road, St. Louis, MO, 63124",63124,Ladue,+1 314-755-1545,,https://www.ilovejuicebar.com/ladue,
Saint Louis Bank,Bank / Credit Union,Gala,"9811 South 40 Drive, Ladue, MO, 63124",63124,Ladue,,,,
Schultz & Myers,Law Firm,Gala,"9807 South 40 Drive, Ladue, MO, 63124",63124,Ladue,,,,
Sportsman's Park,Restaurant / Catering,Both,"9901 Clayton Road, Ladue, MO, 63124",63124,Ladue,,,,
St. Louis Country Club,Country Club / Golf,Gala,"400 Barnes Road, Saint Louis, MO, 63124",63124,Ladue,,,,
"Tom Wilmowski, Injury Attorney",Law Firm,Gala,"9807 South 40 Drive, St. Louis, MO, 63124",63124,Ladue,+1 314-860-1644,frontdesk@personalinjurystlouis.com,https://personalinjurystlouis.com/,
제주 엘린 호텔,Hotel / Hospitality,Gala,"4 은남1길, 제주시, 63124",63124,Ladue,82 064 743 5600,,http://www.hotelelin.com/,http://www.hotelelin.com/
하이레지던스,Hotel / Hospitality,Gala,"46 은남1길, 제주시, 63124",63124,Ladue,82647431300,info@hiresidencesjeju.com,,
호텔 에어시티 제주,Hotel / Hospitality,Gala,"56 삼무로, 제주시, 63124",63124,Ladue,,,,
AutoZone,Auto Parts,Car Show,"1310 Lemay Ferry Road, Saint Louis, MO, 63125",63125,Lemay,+1-314-631-0310,,https://www.autozone.com/locations/mo/lemay/1310-lemay-ferry.html,
"Aviator Hotel & Suites, BW Signature Collection",Hotel / Hospitality,Gala,"6921 South Lindbergh Boulevard, Saint Louis, MO, 63125",63125,Lemay,+1 314-892-3600,,https://www.aviatorhotelsuites.com/,https://about.wilsonusedautos.com/
BP,Fuel / Convenience,Car Show,"4036 Bayless Avenue, St Louis, MO, 63125",63125,Lemay,,,,
Covington Place,Real Estate,Gala,"1247 Covington Manor Lane, St. Louis, 63125",63125,Lemay,+1-314-207-4487,,https://www.covingtonplace.com/,https://www.covingtonplace.com/contact/
Dowling Auto Body,Auto Repair,Car Show,"939 Lemay Ferry Road, St. Louis, MO, 63125",63125,Lemay,+1-314-638-0090,dowling.autobody@yahoo.com,https://www.dowlingautobody.net/,https://www.dowlingautobody.net/contact
McAlister's Deli,Restaurant / Catering,Both,"3793 Lemay Ferry Road, Saint Louis, 63125",63125,Lemay,,,,
MD&A Turbine-Generator Repair Facility,Corporate Office,Both,"3804 Weber Road, 63125",63125,Lemay,,info@mdaturbines.com,https://www.mdaturbines.com/,https://www.mdaturbines.com/contact/
One Eyed Willie's,Bar / Pub,Both,"2924 Telegraph Road, Saint Louis, 63125",63125,Lemay,,,,
Regions Bank,Bank / Credit Union,Gala,"2582 Lemay Ferry Road, St. Louis, MO, 63125",63125,Lemay,,,,
River City Hotel,Hotel / Hospitality,Gala,"777 River City Casino Boulevard, St. Louis, MO, 63125",63125,Lemay,,,,
제주썬호텔앤카지노,Hotel / Hospitality,Gala,"67 삼무로, 제주시, 63125",63125,Lemay,,,,
하워드존슨 제주 호텔,Hotel / Hospitality,Gala,"57 삼무로, 제주시, 63125",63125,Lemay,+82 1811 1234,,https://www.hojojejuyeondong.com/,https://www.hojojejuyeondong.com/view/viewLink.do?page=homepage/KOR/company/introduce
American Eagle Credit Union,Bank / Credit Union,Gala,"9895 Watson Road, Crestwood, 63126",63126,Crestwood,+1-314-835-2900,membercontactcenter@togethercu.org,https://www.ameaglecu.org/,https://www.ameaglecu.org/contact-us
Briggs Auto Body,Auto Repair,Car Show,"11405 Gravois Road, Saint Louis, 63126",63126,Crestwood,+1-314-843-4461,,https://www.briggsautobody.net/,
Conoco,Fuel / Convenience,Car Show,"11603 Gravois Road, Sappington, 63126",63126,Crestwood,,,https://www.conoco.com/station/CON-SUNSET-HILLS-CONOCO-0000841672/,https://www.conoco.com/es/contact-us/
Page Law,Law Firm,Gala,"9930 Watson Road, Saint Louis, MO, 63126",63126,Crestwood,+1-314-322-8515,,https://www.pagelaw.com/,https://www.pagelaw.com/contact/
Red Lobster,Restaurant / Catering,Both,"9838 Watson Road, Crestwood, 63126",63126,Crestwood,+1-314-822-0433,,https://www.redlobster.com,https://www.redlobster.com/contact-us/
Scott Credit Union,Bank / Credit Union,Gala,"9792 Watson Road, Crestwood, 63126",63126,Crestwood,+1-314-800-0135,,https://apps.pnc.com/locator/#/result-details/00413071/crestwood,https://apps.pnc.com/locator/#/result-details/00413071/crestwood
The Barn,Restaurant / Catering,Both,"1015 Sappington Road, St. Louis, 63126",63126,Crestwood,,contact@sansoxygen.com,https://crestwoodbarn.com/,https://crestwoodbarn.com/contact
Trattoria Toscana,Restaurant / Catering,Both,"11686 Gravois Road, St Louis, MO, 63126",63126,Crestwood,+1 314-849-1499,,https://trattoriatoscanastl.com,https://trattoriatoscanastl.com/contact-us/
U.S. Bank,Bank / Credit Union,Gala,"9819 Watson Road, Crestwood, MO, 63126",63126,Crestwood,+1-314-984-0137,,,
BMO Harris Bank,Bank / Credit Union,Gala,"12414 Rott Road, Sunset Hills, 63127",63127,Sunset Hills,,,,
Days Inn,Hotel / Hospitality,Gala,"3660 South Lindbergh Boulevard, Sunset Hills, 63127",63127,Sunset Hills,,,,
Denny's,Restaurant / Catering,Both,"10575 Watson Road, Sunset Hills, 63127",63127,Sunset Hills,+1-314-821-1935,,https://locations.dennys.com/MO/ST-LOUIS/247702,https://www.dennys.com/contact-us
Helen Fitzgerald's,Bar / Pub,Both,"3650 South Lindbergh Boulevard, Sunset Hills, 63127",63127,Sunset Hills,,,,
Holiday Inn St Louis SW - Route 66,Hotel / Hospitality,Gala,"10709 Watson Road, St. Louis, MO, 63127",63127,Sunset Hills,,,,
IHOP,Restaurant / Catering,Both,"10893 Sunset Hills Plaza, Sunset Hills, 63127",63127,Sunset Hills,,,https://www.ihop.com/,
La Quinta Inn & Suites St Louis Route 66,Hotel / Hospitality,Gala,"1580 South Kirkwood Road, Sunset Hills, MO, 63127",63127,Sunset Hills,+1 314-717-0101,accessibility@wyndham.com,https://www.wyndhamhotels.com/laquinta/st-louis-missouri/la-quinta-inn-and-suites-st-louis-route-66/overview,https://www.wyndhamhotels.com/laquinta/contact-us
LongHorn Steakhouse,Restaurant / Catering,Both,"3642 South Lindbergh Boulevard, Sunset Hills, 63127",63127,Sunset Hills,,,,
Mellow Mushroom,Restaurant / Catering,Both,"3811 South Lindbergh Boulevard, Sunset Hills, 63127",63127,Sunset Hills,,,,
Mercy Technology Services - Sunset Hills,Technology / IT,Both,"3637 South Geyer Road, Sunset Hills, MO, 63127",63127,Sunset Hills,,,https://www.mercytechnology.net/,https://www.mercytechnology.net/about/
Midas,Auto Repair,Car Show,"10542 Watson Road, Sunset Hills, 63127",63127,Sunset Hills,+1-314-821-1168,,https://www.midas.com/stlouis/store.aspx?shopnum=2317&dmanum=760,https://www.midas.com/about-midas/contact-us
Phillips 66,Fuel / Convenience,Car Show,"10743 Watson Road, Sunset Hills, 63127",63127,Sunset Hills,,,https://www.phillips66gas.com/station/P66-UGAS-SUNSET-HLS-0000885150/,
Regions Bank,Bank / Credit Union,Gala,"10501 Watson Road, St. Louis, 63127",63127,Sunset Hills,+1-800-734-4667,,,
Sesame Chinese Restaurant,Restaurant / Catering,Both,"10500 Watson Road, Sunset Hills, 63127",63127,Sunset Hills,+1-314-821-5038,,,
Sunset Ford,Car Dealership,Car Show,"11700 Gravois Road, Sunset Hills, 63127",63127,Sunset Hills,,,https://www.sunsetautoco.com/,
Sunset Hills Subaru,Car Dealership,Car Show,"10100 Watson Road, Sappington, MO, 63127",63127,Sunset Hills,,,,
Tapawingo National Golf Club,Country Club / Golf,Gala,"13001 Gary Player Drive, Sunset Hills, MO, 63127",63127,Sunset Hills,+1 636 349 3100,kevin@tapawingogolf.com,https://www.tapawingogolf.com/,https://www.tapawingogolf.com/contact-us
Treppler's,Auto Repair,Car Show,"10425 Watson Road, Sunset Hills, 63127",63127,Sunset Hills,+1-314-821-8870,,https://www.automotiveservicestrepplerautobody.com/,
Walnut Grill,Restaurant / Catering,Both,"10797 Sunset Hills Plaza, Sunset Hills, 63127",63127,Sunset Hills,,,,
A.T.U,Auto Repair,Car Show,"2a Elisabeth-Selbert-Straße, Dietzenbach, 63128",63128,Sappington,+49 6074 2113649,,,
Ahorn Camp Frankfurt,Car Rental,Car Show,"26 Justus-von-Liebig-Straße, 63128",63128,Sappington,,,,
Alpha,Hotel / Hospitality,Gala,"15 Taunusstraße, Dietzenbach, 63128",63128,Sappington,+49 6074 692190,info@alpha-hotel-dietzenbach.de,https://www.alpha-hotel-dietzenbach.de/,
Alt-Dietzenbach,Restaurant / Catering,Both,"21 Marktstraße, Dietzenbach, 63128",63128,Sappington,+49 6074 822354,,,
Aral,Fuel / Convenience,Car Show,"4 Elisabeth-Selbert-Straße, Dietzenbach, 63128",63128,Sappington,+49 6074 8511300,demir.dural@tankstelle.de,https://tankstelle.aral.de/dietzenbach/elisabeth-selbert-strasse/12148700,
Artrium am Park,Hotel / Hospitality,Gala,"94 Waldstraße, Dietzenbach, 63128",63128,Sappington,+49 6074 918940,info@hotel-artrium.de,https://www.hotel-artrium.de/,
AWP Consult,Technology / IT,Both,"5 Gottlieb-Daimler-Straße, Dietzenbach, 63128",63128,Sappington,+49 6104 947380,info@awp-consult.de,https://www.awp-consult.de/,https://www.awp-consult.de/
Barmenia Versicherung,Insurance Agency,Both,"36 Offenbacher Straße, Dietzenbach, 63128",63128,Sappington,+49 178 7474185,cebrail.ceyran@barmenia.de,https://agentur.barmenia.de/cebrail_ceyran,https://agentur.barmenia.de/cebrail_ceyran
Bridgestone,Tire Shop,Car Show,"68a Waldstraße, Dietzenbach, 63128",63128,Sappington,+49 69 999918435,,http://www.bridgestone.eu/,
Cafe Galao,Bar / Pub,Both,"25a Hügelstraße, Dietzenbach, 63128",63128,Sappington,+49 6074 9147502,info@cafe-galao.de,https://www.galao.de/,
Cavalo Negro,Restaurant / Catering,Both,"79 Offenthaler Straße, Dietzenbach, 63128",63128,Sappington,+49 6074 47120,,,
Circle K,Fuel / Convenience,Car Show,"5253 Mattis Road, Saint Louis, MO, 63128",63128,Sappington,,,https://www.circlek.com/store-locator/US/st-louis/5253-mattis-rd/4701625,https://www.circlek.com/contact
Dickison Jewelry,Jeweler,Gala,"9930 Kennerly Road, Saint Louis, MO, 63128",63128,Sappington,+13148437000,,,
Esso,Fuel / Convenience,Car Show,"7 Hauptstraße, Dietzenbach, 63128",63128,Sappington,+49 6074 31124,,https://www.essofuelfinder.de/de-de/dietzenbach--esso-100150965,https://www.essofuelfinder.de/de-de/contact-details
Firestone,Auto Repair,Car Show,"12791 Old Tesson Ferry Road, Saint Louis, 63128",63128,Sappington,,,,
First Bank,Bank / Credit Union,Gala,"9916 Kennerly Road, Saint Louis, MO, 63128",63128,Sappington,,,,
Frank Leta Acura,Car Dealership,Car Show,"11777 Tesson Ferry Road, Saint Louis, MO, 63128",63128,Sappington,,,https://www.frankletaacura.com/,
Hertz,Car Rental,Car Show,"26 Justus-von-Liebig-Straße, Dietzenbach, 63128",63128,Sappington,+49 6074 2115920,,,
Hotel Mainstreet,Hotel / Hospitality,Gala,"35b Offenbacher Straße, Dietzenbach, 63128",63128,Sappington,+49 6074 481030,info@hotel-mainstreet.eu,http://www.hotel-mainstreet.eu/,
Hotel Sonnenhof,Hotel / Hospitality,Gala,"7 Otto-Hahn-Straße, Dietzenbach, 63128",63128,Sappington,+49 6074 4890,hotel@sonnenhof-dtz.de,https://www.sonnenhof-dtz.de/,
iuvat-vivere.de,Liquor / Wine,Both,"47 Limburger Straße, Dietzenbach, 63128",63128,Sappington,,info@iuvat-vivere.de,https://www.iuvat-vivere.de/,https://www.iuvat-vivere.de/
Jet,Fuel / Convenience,Car Show,"1 Elisabeth-Selbert-Straße, Dietzenbach, 63128",63128,Sappington,+49 6074 374740,mail.jet-tankstellen@p66.com,https://www.jet-tankstellen.de/tankstellen/dietzenbach/elisabeth-selbert-str-1,https://www.jet-tankstellen.de/tankstellen/dietzenbach/elisabeth-selbert-str-1
Kreishaus - Kantine,Restaurant / Catering,Both,"1 Werner-Hilpert-Straße, Dietzenbach, 63128",63128,Sappington,,,,
La Lanterna,Restaurant / Catering,Both,"26 Offenthaler Straße, Dietzenbach, 63128",63128,Sappington,+49 6074 31606,info@restaurant-la-lanterna.de,https://www.ristorante-la-lanterna.de/,
Ma Thai,Restaurant / Catering,Both,"9 Hauptstraße, Dietzenbach, 63128",63128,Sappington,+49 6074 7282806,info@ma-thai-food.de,https://ma-thai-food.de/,
MeinAuto.de Dietzenbach,Car Dealership,Car Show,"8 Voltastraße, Dietzenbach, 63128",63128,Sappington,,aku@meinauto-gebrauchtwagen.de,https://www.meinauto-gebrauchtwagen.de/dietzenbach-bei-frankfurt/,https://www.meinauto-gebrauchtwagen.de/dietzenbach-bei-frankfurt/
Musiklokal Zum Hügeleck,Restaurant / Catering,Both,"4 Rathenaustraße, Dietzenbach, 63128",63128,Sappington,+49 6074 26474,,,
O'Charley's,Restaurant / Catering,Both,"4130 Rusty Road, 63128",63128,Sappington,,,,
Petro Mart,Car Wash / Detail,Car Show,"4317 Butler Hill Road, Saint Louis, MO, 63128",63128,Sappington,,,,
Phillips 66,Fuel / Convenience,Car Show,"13500 Tesson Ferry Road, 63128",63128,Sappington,,,https://www.phillips66gas.com/station/P66-TESSON-0000899623/,
Pizza Hut,Restaurant / Catering,Both,"11802 Tesson Ferry Road, Saint Louis, MO, 63128",63128,Sappington,+1 314-842-1111,,https://locations.pizzahut.com/mo/saint-louis/11802-tesson-ferry-rd,https://www.pizzahut.com/contact-us
Pizzeria La Luna,Restaurant / Catering,Both,"2 Limesstraße, Dietzenbach, 63128",63128,Sappington,,,http://www.pizzerialaluna.de/,http://www.pizzerialaluna.de/
QuikTrip,Fuel / Convenience,Car Show,"13099 Tesson Ferry Road, St. Louis, MO, 63128",63128,Sappington,,,,
Regions Bank,Bank / Credit Union,Gala,"4339 Butler Hill Road, Saint Louis, MO, 63128",63128,Sappington,,,,
Richard J. Keyes,Law Firm,Gala,"12300 Old Tesson Road, St. Louis, MO, 63128",63128,Sappington,+1-314-843-7633,,https://probatelawcenterpc.com,
Ristorante Panorama,Restaurant / Catering,Both,"5 Jungfernwingertstraße, Dietzenbach, 63128",63128,Sappington,+49 6074 9193120,,http://www.RistorantePanorama.de,http://www.RistorantePanorama.de
SG Dietzenbach,Restaurant / Catering,Both,"51 Offenthaler Straße, Dietzenbach, 63128",63128,Sappington,+49 6074 3888,info@sg-dietzenbach.de,https://www.sg-dietzenbach.de/index.php?id=33,https://www.sg-dietzenbach.de/index.php?id=33
Shogun,Restaurant / Catering,Both,"10550 Baptist Church Road, 63128",63128,Sappington,,,,
Stadtliebe,Restaurant / Catering,Both,"8 Am Stadtbrunnen, Dietzenbach, 63128",63128,Sappington,+49 6074 8459130,hallo@stadtliebe.bar,https://www.stadtliebe.bar,https://www.stadtliebe.bar
Steinberger Hof,Hotel / Hospitality,Gala,"2 Gottlieb-Daimler-Straße, Dietzenbach, 63128",63128,Sappington,+49 6074 805900,info@hotel-steinbergerhof.de,https://www.hotel-steinbergerhof.de/,https://www.hotel-steinbergerhof.de/
Sunny China,Restaurant / Catering,Both,"9934 Kennerly Road, Saint Louis, MO, 63128",63128,Sappington,+13148421112,,http://sunnychinamo.com/,
Weimer GmbH Gartengeräte,Car Dealership,Car Show,"1 Hans-Böckler-Straße, Dietzenbach, 63128",63128,Sappington,,,,
Zip's Car Wash,Car Wash / Detail,Car Show,"12864 Tesson Ferry Road, 63128",63128,Sappington,,,,
Zur Linde,Restaurant / Catering,Both,"71 Darmstädter Straße, Dietzenbach, 63128",63128,Sappington,,info@restaurant-zur-linde.de,https://restaurant-zur-linde.de,https://restaurant-zur-linde.de
A1 Wine & Spirit,Liquor / Wine,Both,"4334 Telegraph Road, 63129",63129,Oakville,,,,
Ashley HomeStore,Furniture & Home,Gala,"4432 Lemay Ferry Road, Saint Louis, MO, 63129",63129,Oakville,+1 314-815-3300,,https://stores.ashleyfurniture.com/store/us/missouri/st-louis/7710000229/,https://stores.ashleyfurniture.com/store/us/missouri/st-louis/7710000229/
AutoZone,Auto Parts,Car Show,"4561 Telegraph Road, 63129",63129,Oakville,,,https://www.autozone.com/locations/mo/saint-louis/4561-telegraph-rd.html,
Bank of America,Bank / Credit Union,Gala,"4495 Lemay Ferry Road, 63129",63129,Oakville,,monika.rana@ml.com,https://locators.bankofamerica.com/mo/saintlouis/financial-centers-saint-louis-8816.html,https://www.bankofamerica.com/customer-service/contact-us/
Best Western St. Louis Inn,Hotel / Hospitality,Gala,"6224 Heimos Industrial Park Drive, Saint Louis, MO, 63129",63129,Oakville,+1 314-416-7639,,https://www.bestwestern.com/en_US/book/hotels-in-saint-louis/best-western-st-louis-inn/propertyCode.26163.html,
Buffalo Wild Wings,Restaurant / Catering,Both,"570 South County Center Way, 63129",63129,Oakville,,,,
China King,Restaurant / Catering,Both,"6051 Telegraph Road, 63129",63129,Oakville,,,,
Chuck E. Cheese,Restaurant / Catering,Both,"720 South County Center Way, 63129",63129,Oakville,,guestrelations@cecentertainment.com,https://locations.chuckecheese.com/us/mo/st-louis/720-south-county-centerway,https://www.chuckecheese.com/st-louis-mo/contact-us/
Dobbs Tire & Auto Center,Auto Repair,Car Show,"5635 Telegraph Road, Saint Louis, MO, 63129",63129,Oakville,+1 314-846-4155,,,
Edward Jones,Financial / Wealth Mgmt,Gala,"6029 Telegraph Road, 63129",63129,Oakville,,,,
Firestone Complete Auto Care,Auto Repair,Car Show,"5521 Telegraph Road, 63129",63129,Oakville,,,,
First Community Credit Union,Bank / Credit Union,Gala,"4527 Telegraph Road, 63129",63129,Oakville,,,,
First Watch,Restaurant / Catering,Both,"5646 Telegraph Road, 63129",63129,Oakville,,,,
Hampton Inn & Suites,Hotel / Hospitality,Gala,"4200 Midamerica Lane, Saint Louis, MO, 63129",63129,Oakville,+1 314-894-1900,,https://www.hilton.com/en/hotels/stlbhhx-hampton-suites-st-louis-south-i-55/,
Holiday Inn Express & Suites St. Louis South - I-55,Hotel / Hospitality,Gala,"4250 Midamerica Lane, Saint Louis, MO, 63129",63129,Oakville,+1 314-894-0700,stlml@midamcorp.com,https://www.ihg.com/holidayinnexpress/hotels/us/en/mehlville/stlml/hoteldetail,https://www.ihg.com/hotels/us/en/customer-care/contact-us
IHOP,Restaurant / Catering,Both,"4103 Lemay Ferry Road, 63129",63129,Oakville,,,,
Las Fuentes,Restaurant / Catering,Both,"6025 Telegraph Road, 63129",63129,Oakville,,,,
Midwest BankCentre,Bank / Credit Union,Gala,"5575 Telegraph Road, 63129",63129,Oakville,,,,
National Tire and Battery,Auto Repair,Car Show,"700 South County Center Way, 63129",63129,Oakville,,,,
Nubby’s BBQ,Restaurant / Catering,Both,"6039 Telegraph Road, 63129",63129,Oakville,,,,
Phillips 66,Fuel / Convenience,Car Show,"4205 Butler Hill Road, Saint Louis, MO, 63129",63129,Oakville,,,https://www.phillips66gas.com/station/P66-PETROMART-26-0000908220/,
Regions Bank,Bank / Credit Union,Gala,"5505 Telegraph Road, St. Louis, MO, 63129",63129,Oakville,,,,
U.S. Bank,Bank / Credit Union,Gala,"110 South County Center Way, 63129",63129,Oakville,,,,
BBVA Bancomer,Bank / Credit Union,Gala,"Avenida de los Insurgentes Poniente, Tepic, 63130",63130,University City,,,,
Blueberry Hill,Bar / Pub,Both,"6504 Delmar Boulevard, University City, MO, 63130",63130,University City,,,https://www.blueberryhill.com/,https://blueberryhill.com/contact-us/
BP,Fuel / Convenience,Car Show,"6700 Olive Boulevard, Saint Louis, MO, 63130",63130,University City,,,https://map.bp.com/en-US/US/gas-station/university-city/bp/00517676667006313000100000000000,https://map.bp.com/en-US/US/gas-station/university-city/bp/00517676667006313000100000000000
Brew Bites,Restaurant / Catering,Both,"6662 B Delmar Boulevard, 63130",63130,University City,+1 314-499-7000,,https://brewbites.food/,
Chicago Fish Chicken Grill,Restaurant / Catering,Both,"6707 Vernon Avenue, 63130",63130,University City,,,https://www.chicagofishchickenucity.com/,https://www.chicagofishchickenucity.com/
ChiliSpot,Restaurant / Catering,Both,"7930 Olive Boulevard, University City, MO, 63130",63130,University City,,,,
China King,Restaurant / Catering,Both,"7848 Olive Boulevard, University City, MO, 63130",63130,University City,+1 314-725-6888,,,
Comfort Architecture,Professional Services,Gala,"7346 Westmoreland Drive, University City, 63130",63130,University City,+1 314-721-1020,user@domain.com,https://www.comfortarchitecture.com/,https://www.comfortarchitecture.com/contact
Corner 17,Restaurant / Catering,Both,"6623 Delmar Boulevard, University City, MO, 63130",63130,University City,+1-314-727-2402,,https://corner17usa.com/,https://corner17usa.com/#about
Dewey's Pizza,Restaurant / Catering,Both,"559 North and South Road, University City, MO, 63130",63130,University City,+1 314-726-3434,,https://deweyspizza.com/location/u-city/,https://deweyspizza.com/contact/
Double Sword Ramen&Udon,Restaurant / Catering,Both,"8111 Olive Boulevard, University City, MO, 63130",63130,University City,,,,
El Maguey Mexican Restaurant,Restaurant / Catering,Both,"6333 Delmar Boulevard, University City, MO, 63130",63130,University City,,,,
Eldercare Law Practice,Law Firm,Gala,"7171 Delmar Boulevard, University City, MO, 63130",63130,University City,+1-314-932-5573,,https://yourelderlawyers.com/,https://yourelderlawyers.com/contact/
Elmo's Love Lounge,Bar / Pub,Both,"7828 Olive Boulevard, University City, MO, 63130",63130,University City,,,,
Fitz's,Restaurant / Catering,Both,"6605 Delmar Boulevard, 63130",63130,University City,+1 314-726-9555,,https://fitzsrootbeer.com/delmar-loop/,https://fitzsrootbeer.com/contact-us
Gyro Grill,Restaurant / Catering,Both,"6227 Delmar Boulevard, 63130",63130,University City,+1 314-899-9437,,https://www.gyrogrillmo.com/,
Hatchet Haus 2.0 Bar & Grill,Restaurant / Catering,Both,"6662 C, 63130",63130,University City,+1-636-206-4937,hi@hatchethausaxethrowing.com,https://www.hatchethausaxethrowing.com/,
HKM Employment Attorneys LLP,Law Firm,Gala,"7382 Pershing Avenue, Saint Louis, MO, 63130",63130,University City,+1-314-391-9558,,https://hkm.com/stlouis,https://hkm.com/stlouis/contact/
Honda,Car Dealership,Car Show,"492 Avenida Insurgentes, Tepic, 63130",63130,University City,+52 800-5274663,,,
International Tap House,Bar / Pub,Both,"6217 Delmar Boulevard, 63130",63130,University City,,beer@internationaltaphouse.com,https://www.internationaltaphouse.com/delmar,https://www.internationaltaphouse.com/about
Jiffy Lube,Auto Repair,Car Show,"7500 Delmar Boulevard, 63130",63130,University City,,,,
Kimchi Guys,Restaurant / Catering,Both,"282 North Skinker Boulevard, Saint Louis, MO, 63130",63130,University City,,feedback@sohospitalitygroup.com,https://www.kimchiguys.com/,https://www.kimchiguys.com/about-3
Kuortane-Golf,Country Club / Golf,Gala,"89 Vierteentie, Mäyry, 63130",63130,University City,,,,
Mi Ranchito,Restaurant / Catering,Both,"887 Kingsland Avenue, 63130",63130,University City,+1 314-863-1880,miranchito2005@yahoo.com,https://www.mi-ranchito-stl.com/,https://www.spothopperapp.com/contact-us?contact_reason=demo
Miller Brothers Auto Service,Auto Repair,Car Show,"7170 Vernon Avenue, University City, MO, 63130",63130,University City,,,https://www.millerbrothersautoservice.com/,https://www.millerbrothersautoservice.com/Home/ContactUs
Nami Ramen,Restaurant / Catering,Both,"278 North Skinker Boulevard, Saint Louis, MO, 63130",63130,University City,,,,
Neste Kuortane Mäyry,Fuel / Convenience,Car Show,"10 Seinäjoentie, Kuortane, 63130",63130,University City,020 755 8730,vesa.jaskari@nestekuortane.fi,https://www.neste.fi/asema/neste-kuortane-mayry,
Poke Doke,Restaurant / Catering,Both,"6316 Delmar Boulevard, 63130",63130,University City,,,https://www.pokedokestl.com/,
Ravintola Kuharanta,Restaurant / Catering,Both,"89 Vierteentie, Mäyry, 63130",63130,University City,,,,
Regions Bank,Bank / Credit Union,Gala,"Delmar Boulevard, 63130",63130,University City,,,,
Sakatanoya,Restaurant / Catering,Both,"6683 Delmar Boulevard, 63130",63130,University City,+1-331-314-4157,sakatanoya@gmail.com,https://www.sakatanoya.com/,
Salt + Smoke,Restaurant / Catering,Both,"6525 Delmar Boulevard, 63130",63130,University City,+1 314-727-0200,info@saltandsmokestl.com,https://www.saltandsmokebbq.com/location/delmar/,
Seoul Taco,Restaurant / Catering,Both,"6665 Delmar Boulevard, 63130",63130,University City,+1 314-863-1148,info@seoultaco.com,https://www.seoultaco.com/delmar-loop,
Session Taco,Restaurant / Catering,Both,"6235 Delmar Boulevard, 63130",63130,University City,+1 314-932-5430,info@missiontacojoint.com,https://www.sessiontaco.com/locations/delmar-loop,
Soup Dumpling STL,Restaurant / Catering,Both,"8110 Olive Boulevard, 63130",63130,University City,+1 314-445-4605,,,
Sumo,Restaurant / Catering,Both,"6314 Delmar Boulevard, University City, MO, 63130",63130,University City,,,https://www.sumostl.com/,https://www.sumostl.com/
Taste of India,Restaurant / Catering,Both,"608 Eastgate Avenue, 63130",63130,University City,+1 314-833-4055,,https://www.tasteofindiastl.com/,https://www.tasteofindiastl.com/
Thai Country Cafe,Restaurant / Catering,Both,"6223 Delmar Boulevard, 63130",63130,University City,+1 314-862-0787,,,
Thai Gaiyang Cafe,Restaurant / Catering,Both,"6248 Delmar Boulevard, Saint Louis, 63130",63130,University City,+1 314-862-4400,,https://www.patsthairstaurants.com,
The Passport,Bar / Pub,Both,"6275 Delmar Boulevard, 63130",63130,University City,,info@pourdecisionsstl.com,https://pourdecisionsstl.com/,https://pourdecisionsstl.com/about-the-passport
Three Kings Public House,Bar / Pub,Both,"6307 Delmar Boulevard, University City, MO, 63130",63130,University City,,,,
Tire Zone,Tire Shop,Car Show,"8107 Page Avenue, St Louis, MO, 63130",63130,University City,+1-314-736-4770,,http://tirezonestlouis.com,
Turmeric,Restaurant / Catering,Both,"6679 Delmar Boulevard, 63130",63130,University City,+1 314-899-9995,,https://www.turmericstl.com/,
Umami Seasons Hotpot,Restaurant / Catering,Both,"6602 Delmar Boulevard, University City, MO, 63130",63130,University City,+1-314-319-1146,,,
v12 autolavado y detallado,Car Wash / Detail,Car Show,"381 Roble, Tepic, 63130",63130,University City,,,,
Winslow's Table,Restaurant / Catering,Both,"7213 Delmar Boulevard, University City, 63130",63130,University City,+1-314-725-7559,info@winslowstable.com,https://www.takeroothospitality.com/winslows-table,
สนามกอล์ฟเขื่อนภูมิพล,Country Club / Golf,Gala,63130,63130,University City,,,,
American Eagle Credit Union,Bank / Credit Union,Gala,"2175 Barrett Station Road, 63131",63131,Des Peres,,,,
Brio,Restaurant / Catering,Both,"1601 South Lindbergh Boulevard, Frontenac, 63131",63131,Des Peres,,,,
Canyon Cafe,Restaurant / Catering,Both,"2 Plaza Frontenac Street, Frontenac, 63131",63131,Des Peres,,,https://canyoncafe.com/,https://canyoncafe.com/
Carrollton Bank,Bank / Credit Union,Gala,"11710 Manchester Road, Des Peres, 63131",63131,Des Peres,,,,
Circle K,Fuel / Convenience,Car Show,"12804 Manchester Road, Des Peres, MO, 63131",63131,Des Peres,,,https://www.circlek.com/store-locator/US/des-peres/12804-manchester-rd/4701649,https://www.circlek.com/contact
Courtyard St. Louis West County,Hotel / Hospitality,Gala,"12815 Daylight Drive, Saint Louis, MO, 63131",63131,Des Peres,+1 314-339-7510,,http://mariott.com,
Edward Jones Investments,Financial / Wealth Mgmt,Gala,"12555 Manchester Road, Des Peres, 63131",63131,Des Peres,,,,
First Community Credit Union,Bank / Credit Union,Gala,"12340 Manchester Road, Des Peres, 63131",63131,Des Peres,,,,
Fleming's,Restaurant / Catering,Both,"1855 South Lindbergh Boulevard, Frontenac, MO, 63131",63131,Des Peres,,,,
Frontenac Hilton Hotel,Hotel / Hospitality,Gala,"1335 South Lindbergh Boulevard, St. Louis, MO, 63131",63131,Des Peres,+1 314-993-1100,,https://www.hilton.com/en/hotels/stlfhhf-hilton-st-louis-frontenac/,
Honda of Frontenac,Car Dealership,Car Show,"885 South Lindbergh Boulevard, Frontenac, 63131",63131,Des Peres,+1-888-486-7933,,https://www.hondafrontenac.com/,https://www.hondafrontenac.com/contactus
James Avery Jewelry,Jeweler,Gala,"80 West County Center #2085, Des Peres, 63131",63131,Des Peres,+1 314-909-1068,customerservice@jamesavery.com,https://www.jamesavery.com/custserv/store_details.jsp?storeId=732,https://www.jamesavery.com/about-us.html
McAlister's Deli,Restaurant / Catering,Both,"12101 Manchester Road, Des Peres, 63131",63131,Des Peres,+1 314 238 3354,tripadvisorreviews@medallia.com,http://www.mcalistersdeli.com/locations?q=63131#id=e325107555,https://survey3.medallia.com/?mcalisters-contact-us&amp;br=5
Red Robin,Restaurant / Catering,Both,"13001 Manchester Road, Des Peres, 63131",63131,Des Peres,,media@redrobin.com,https://redrobin.com,https://redrobin.com/contact
Regions Bank,Bank / Credit Union,Gala,"11801 Manchester Road, Des Peres, 63131",63131,Des Peres,,,,
Residence Inn St. Louis West Countr County,Hotel / Hospitality,Gala,"12815 Daylight Drive, 63131",63131,Des Peres,+1 314-339-7500,,http://mariott.com,
Shell,Fuel / Convenience,Car Show,"12200 Clayton Road, Saint Louis, 63131",63131,Des Peres,,,,
Tate Esq.,Financial / Wealth Mgmt,Gala,"745 Old Frontenac Square, Frontenac, 63131",63131,Des Peres,+1-314-884-1886,,https://tateesq.com/,https://tateesq.com/contact
The Shack,Restaurant / Catering,Both,"731 South Lindbergh Boulevard, Frontenac, 63131",63131,Des Peres,,,,
Accolade Healthcare,Corporate Office,Both,"9433 Olive Boulevard, Olivette, MO, 63132",63132,Olivette,,,https://accoladehc.com/,https://accoladehc.com/contact-us/
Arch Design,Professional Services,Gala,"1188 Walters Way Lane, Saint Louis, MO, 63132",63132,Olivette,,,https://arch-design.com/,https://arch-design.com/contact-us/
Assurance Home Health Services LLC,Corporate Office,Both,"1515 North Warson Road, St. Louis, MO, 63132",63132,Olivette,+1-314-395-2858,,https://www.assurance-hhs.com/,
Auto Beauty Specialists,Auto Repair,Car Show,"1223 North Price Road, Saint Louis, MO, 63132",63132,Olivette,,,https://autobeauty.com/,https://autobeauty.com/contact/
Bank of America,Bank / Credit Union,Gala,"9629 Olive Boulevard, Olivette, MO, 63132",63132,Olivette,,patrick.l.savage@ml.com,https://locators.bankofamerica.com/mo/olivette/financial-centers-olivette-9309.html,https://www.bankofamerica.com/customer-service/contact-us/
Bonhomme Village Apartments,Hotel / Hospitality,Gala,"1124 Bonhomme Lake Drive, St Louis, MO, 63132",63132,Olivette,,,,
BP,Fuel / Convenience,Car Show,"9680 Olive Boulevard, Olivette, MO, 63132",63132,Olivette,,,,
Bucky's Convenience Store,Fuel / Convenience,Car Show,"9791 Page Avenue, Saint Louis, MO, 63132",63132,Olivette,,,,
Chevys,Restaurant / Catering,Both,"9119 Olive Boulevard, Olivette, MO, 63132",63132,Olivette,,,,
Color Art,Corporate Office,Both,"1325 North Warson Road, Saint Louis, MO, 63132",63132,Olivette,,,https://www.color-art.com/,
Costco Gasoline,Fuel / Convenience,Car Show,"Olive Boulevard, Saint Louis, MO, 63132",63132,Olivette,+1-314-219-5300,,https://www.costco.com/warehouse-locations/saint-louis-MO-1488.html,
Costco Tire Center,Tire Shop,Car Show,"8685 Olive Boulevard, Saint Louis, MO, 63132",63132,Olivette,+1-314-219-5300,,https://www.costco.com/warehouse-locations/saint-louis-MO-1488.html,
CoverCress,Corporate Office,Both,"1249 North Warson Road, Saint Louis, MO, 63132",63132,Olivette,,info@covercress.com,https://www.covercress.com/,https://www.covercress.com/contact-us
Cres Continental,Real Estate,Gala,"9362 Dielman Industrial Drive, Olivette, MO, 63132",63132,Olivette,,,,
Dobbs Tire and Auto Center,Auto Repair,Car Show,"9598 Olive Boulevard, Olivette, MO, 63132",63132,Olivette,,,,
Edward Jones,Financial / Wealth Mgmt,Gala,"9447 Olive Boulevard, Olivette, MO, 63132",63132,Olivette,,,,
Emerest Health of Missouri,Corporate Office,Both,"9270 Olive Boulevard, Saint Louis, MO, 63132",63132,Olivette,,,https://www.emerest.com/,https://www.emerest.com/about/
Enterprise,Corporate Office,Both,"9315 Olive Boulevard, Saint Louis, MO, 63132",63132,Olivette,,,,
Enterprise Bank and Trust,Bank / Credit Union,Gala,"1281 North Warson Road, Saint Louis, MO, 63132",63132,Olivette,,,,
Euro Car,Auto Repair,Car Show,"10765 Page Avenue, St. Louis, MO, 63132",63132,Olivette,+1-314-427-5120,,https://eurocarstl.net,
Fire Chicken,Restaurant / Catering,Both,"10200 Page Avenue, Overland, MO, 63132",63132,Olivette,,,,
Gateway Biotechnology,Corporate Office,Both,"1154 North Warson Road, Saint Louis, MO, 63132",63132,Olivette,,,https://www.gatewaybiotechnology.com/,
I Love Mr. Sushi,Restaurant / Catering,Both,"9443 Olive Boulevard, Olivette, MO, 63132",63132,Olivette,,,https://ilovemrsushi.com/,https://ilovemrsushi.com/
Jiffy Lube,Auto Repair,Car Show,"9405 Olive Boulevard, Saint Louis, MO, 63132",63132,Olivette,,,,
Kone,Corporate Office,Both,"9324 Dielman Industrial Drive, Olivette, MO, 63132",63132,Olivette,,,,
Lou Fusz Kia,Car Dealership,Car Show,"1025 North Lindbergh Boulevard, Creve Coeur, MO, 63132",63132,Olivette,,,,
Lu Lu's Seafood and Dimsum,Restaurant / Catering,Both,"8224 Olive Boulevard, University City, MO, 63132",63132,Olivette,,,https://www.luluseafoodrestaurant.com/menu.aspx,https://www.luluseafoodrestaurant.com/menu.aspx
Pizza Hut,Restaurant / Catering,Both,"10082 Page Avenue, Saint Louis, MO, 63132",63132,Olivette,+1 314-428-1445,,https://locations.pizzahut.com/mo/saint-louis/10082-page-ave,
Shabu Day,Restaurant / Catering,Both,"8237 Olive Boulevard, University City, MO, 63132",63132,Olivette,,,,
Shane Company,Jeweler,Gala,"9643 Olive Boulevard, Olivette, MO, 63132",63132,Olivette,,customerservice@shaneco.com,https://shaneco.com/,https://shaneco.com/customer-service?promo_name=nav&promo_id=utility&promo_creative=help_contactus
Side of Seoul,Restaurant / Catering,Both,"10084 Page Avenue, Saint Louis, MO, 63132",63132,Olivette,,,https://sos-sides-of-seoul-korean-take-out.business.site/,
Simmons Bank,Bank / Credit Union,Gala,"9769 Olive Boulevard, Olivette, MO, 63132",63132,Olivette,,,,
Tai Ke Shabu Shabu,Restaurant / Catering,Both,"9626 Olive Boulevard, Olivette, MO, 63132",63132,Olivette,,,,
Taqueria Durango,Restaurant / Catering,Both,"10238 Page Avenue, Overland, MO, 63132",63132,Olivette,,,https://www.facebook.com/TaqueriaDurangoSaintLouis/,https://www.facebook.com/TaqueriaDurangoSaintLouis/
Virginia Tile,Corporate Office,Both,"9245 Dielman Industrial Drive, Saint Louis, MO, 63132",63132,Olivette,,,,
Normandie Golf Club,Country Club / Golf,Gala,"7605 Saint Charles Rock Road, Saint Louis, 63133",63133,Pagedale,+1 314-862-4884,,https://normandiegolf.com/,https://normandiegolf.com/
Airport Car Wash,Car Wash / Detail,Car Show,"8635 Airport Road, 63134",63134,Berkeley,,,,
Catswords Research,Corporate Office,Both,"145 신대로, 제주시, 63134",63134,Berkeley,,,https://catswords.com,https://catswords.com
DoubleTree by Hilton St. Louis Airport,Hotel / Hospitality,Gala,"4505 Woodson Road, St. Louis, MO, 63134",63134,Berkeley,,,https://www.hilton.com/en/hotels/stlwrdt-doubletree-st-louis-airport/,
Drury Inn & Suites St. Louis Airport,Hotel / Hospitality,Gala,"10490 Natural Bridge Road, Saint Louis, MO, 63134",63134,Berkeley,,,,
Golden Pancake,Restaurant / Catering,Both,"10216 Natural Bridge Road, Saint Louis, MO, 63134",63134,Berkeley,,impallari@gmail.com,https://goldenpancake.com/,https://goldenpancake.com/contact-us
Hilton Garden Inn St. Louis Airport,Hotel / Hospitality,Gala,"4450 Evans Lane, Saint Louis, MO, 63134",63134,Berkeley,,,https://www.hilton.com/en/hotels/stlnpgi-hilton-garden-inn-st-louis-airport/,
Hilton St. Louis Airport,Hotel / Hospitality,Gala,"10330 Natural Bridge Road, St. Louis, MO, 63134",63134,Berkeley,,,,
Holiday Inn Express & Suites St Louis Airport,Hotel / Hospitality,Gala,"10000 Natural Bridge Road, St. Louis, MO, 63134",63134,Berkeley,+1 314-736-1710,frontdesk@hiestlairport.com,https://www.ihg.com/holidayinnexpress/hotels/us/en/st-louis/stllf/hoteldetail,https://www.ihg.com/hotels/us/en/customer-care/contact-us
National,Car Rental,Car Show,"10124 Natural Bridge Road, St. Louis, MO, 63134",63134,Berkeley,,,,
Phillips 66,Fuel / Convenience,Car Show,"8601 Airport Road, 63134",63134,Berkeley,+1-314-524-6666,,http://phillips66gas.com,http://phillips66gas.com/contact-us/
Quality Inn Airport,Hotel / Hospitality,Gala,"10232 Natural Bridge Road, Saint Louis, MO, 63134",63134,Berkeley,,,,
Renaissance St. Louis Airport Hotel,Hotel / Hospitality,Gala,"9801 Natural Bridge Road, St. Louis, MO, 63134",63134,Berkeley,+1-314-429-1100,,https://www.marriott.com/en-us/hotels/stlsa-renaissance-st-louis-airport-hotel/overview/,
St Louis Airport Marriott,Hotel / Hospitality,Gala,"10700 Pear Tree Lane, Edmundson, 63134",63134,Berkeley,+1 314 423 9700,,https://www.marriott.com/hotels/travel/stlap-marriott-st-louis-airport/,
Travelodge St. Louis Airport,Hotel / Hospitality,Gala,"9645 Natural Bridge Road, Saint Louis, MO, 63134",63134,Berkeley,+1 314-890-9000,accessibility@wyndham.com,https://www.wyndhamhotels.com/travelodge/berkeley-missouri/st-louis-travelodge/overview,https://www.wyndhamhotels.com/contact-us
Andy Wurm Tire and Wheel,Auto Repair,Car Show,"201 South Florissant Road, Ferguson, MO, 63135",63135,Ferguson,+1 314-522-3040,,https://www.andywurm.com/,https://www.andywurm.com/Contact
Ferguson Brewing Company,Restaurant / Catering,Both,"418 South Florissant Road, Ferguson, MO, 63135",63135,Ferguson,+1 314-521-2220,,https://fergusonbrewing.com/,
Ferguson Motor Service,Auto Repair,Car Show,"32 New Florissant Road, Ferguson, MO, 63135",63135,Ferguson,+1 314-522-0013,,http://fergusonmotorservice.com/,
Marley's Bar and Grill,Bar / Pub,Both,"500 South Florissant Road, Ferguson, 63135",63135,Ferguson,,,,
U.S. Bank,Bank / Credit Union,Gala,"201 New Florissant Road, Ferguson, 63135",63135,Ferguson,,portaldotcom@usbank.com,https://www.usbank.com/,https://www.usbank.com/about-us-bank.html
UMB Bank,Bank / Credit Union,Gala,"1 Church Street, Ferguson, MO, 63135",63135,Ferguson,+1 314-595-6000,talentacquisition@umb.com,https://www.umb.com/,https://www.umb.com/contact-us
Whistle Stop Depot,Restaurant / Catering,Both,"1 Carson Road, Ferguson, MO, 63135",63135,Ferguson,+1 314 521 1600,,,
A-1 Package Liquor,Liquor / Wine,Both,"10625 New Halls Ferry Road, Ferguson, 63136",63136,Jennings,,,,
AutoZone,Auto Parts,Car Show,"10871 New Halls Ferry Road, Ferguson, MO, 63136",63136,Jennings,+1 314-867-4644,,,
Cracker Barrel,Restaurant / Catering,Both,"10915 New Halls Ferry Road, Ferguson, 63136",63136,Jennings,+1 314-868-7080,,,
Eagle Springs Golf Course,Country Club / Golf,Gala,"2575 Redman Road, Florissant, 63136",63136,Jennings,+1 314-355-7277,,https://www.eaglesprings.com/,https://www.eaglesprings.com/contact/
Enterprise,Car Rental,Car Show,"10638 New Halls Ferry Road, Ferguson, 63136",63136,Jennings,+1 314-868-4077,,,
Fifth Third Bank,Bank / Credit Union,Gala,"8013 West Florissant Avenue, Jennings, 63136",63136,Jennings,,,,
Firestone,Auto Repair,Car Show,"8949 Jennings Station Road, Jennings, 63136",63136,Jennings,,,,
IHOP,Restaurant / Catering,Both,"10910 New Halls Ferry Road, Ferguson, 63136",63136,Jennings,+1 314-388-2761,,,
Meineke,Auto Repair,Car Show,"10617 New Halls Ferry Road, Ferguson, 63136",63136,Jennings,,,,
Neighbors Credit Union,Bank / Credit Union,Gala,"8935 Jennings Station Road, Jennings, 63136",63136,Jennings,,,,
NTB,Auto Repair,Car Show,"10801 West Florissant Avenue, Ferguson, 63136",63136,Jennings,,,https://www.ntb.com/store/mo/saint-louis/10801-w-florissant-ave-63136/4281,
O'Reilly Auto Parts,Auto Parts,Car Show,"10835 New Halls Ferry Road, Ferguson, MO, 63136",63136,Jennings,+1 314-867-4006,,https://locations.oreillyauto.com/mo/ferguson/autoparts-1239.html,https://www.oreillyauto.com/contact-us
PNC Bank,Bank / Credit Union,Gala,"8001 West Florissant Avenue, Jennings, 63136",63136,Jennings,,,,
QuikTrip,Fuel / Convenience,Car Show,"2791 Dunn Road, Ferguson, 63136",63136,Jennings,+1 314-355-5644,,,
Randall's Wine & Spirits,Liquor / Wine,Both,"11000 Old Halls Ferry Road, Ferguson, 63136",63136,Jennings,+1 314-741-5100,,,
Royal Complete Auto Care,Auto Repair,Car Show,"2475 Chambers Road, Moline Acres, 63136",63136,Jennings,+1 314-869-9000,,,
U.S. Bank,Bank / Credit Union,Gala,"8031 West Florissant Avenue, Jennings, 63136",63136,Jennings,,,,
펄호텔 제주,Hotel / Hospitality,Gala,"49 신대로20길, 제주시, 63136",63136,Jennings,+82 64-742-8871,pearlhoteljeju@gmail.com,https://www.pearlhoteljeju.com/,
BP,Fuel / Convenience,Car Show,"10844 Bellefontaine Road, Bellefontaine Neighbors, 63137",63137,Bellefontaine Nbrs,+1 314-869-8969,,,
Down Home Elegance,Restaurant / Catering,Both,"10832 Bellefontaine Road, Bellefontaine Neighbors, 63137",63137,Bellefontaine Nbrs,,,,
J's Food Mart,Liquor / Wine,Both,"8901 Riverview Drive, Saint Louis, MO, 63137",63137,Bellefontaine Nbrs,,,,
JC Supper Club,Restaurant / Catering,Both,"9053 Riverview Drive, Saint Louis, MO, 63137",63137,Bellefontaine Nbrs,,,,
Kathy's Bissell Lounge,Bar / Pub,Both,"10049 Bellefontaine Road, Bellefontaine Neighbors, 63137",63137,Bellefontaine Nbrs,,,,
Leprechaun's Gold,Bar / Pub,Both,"705 Chambers Road, Riverview, 63137",63137,Bellefontaine Nbrs,+1 314-869-6599,,,
Napa Auto Parts,Auto Parts,Car Show,"8945 Riverview Drive, Saint Louis, MO, 63137",63137,Bellefontaine Nbrs,+13148682424,,,
U.S. Bank,Bank / Credit Union,Gala,"10067 Bellefontaine Road, Bellefontaine Neighbors, 63137",63137,Bellefontaine Nbrs,+1 314 868 1415,,,
Advance Auto Parts,Auto Parts,Car Show,"11050 Bellefontaine Road, Spanish Lake, 63138",63138,Spanish Lake,+1 314-867-4264,,https://stores.advanceautoparts.com/mo/saint-louis/11050-bellefontaine-rd,https://shop.advanceautoparts.com/o/contact-us
Dirt Cheap,Liquor / Wine,Both,"1401 Dunn Road, Spanish Lake, 63138",63138,Spanish Lake,+1 314-869-7409,,https://www.dirtcheapfunfun.com/,https://www.dirtcheapfunfun.com/contact/
Firestone,Auto Repair,Car Show,"11021 Larimore Road, Spanish Lake, 63138",63138,Spanish Lake,+1 314-222-7189,,,
Midwest Petroleum Company,Fuel / Convenience,Car Show,"11546 Larimore Road, St. Louis, MO, 63138",63138,Spanish Lake,,,,
Moto Mart,Fuel / Convenience,Car Show,"11005 Riverview Drive, St. Louis, 63138",63138,Spanish Lake,,,,
Pizza Hut,Restaurant / Catering,Both,"11051 Bellefontaine Road, Spanish Lake, 63138",63138,Spanish Lake,,,,
"A & L, Licker Law Firm",Law Firm,Gala,"3470 Hampton Avenue, Saint Louis, MO, 63139",63139,St. Louis,+13143530834,documents@lickerlawfirm.com,https://www.lickerlawfirm.com/,https://www.lickerlawfirm.com/contact-us
Ackerman Toyota,Car Dealership,Car Show,"2020 Hampton Avenue, Saint Louis, MO, 63139",63139,St. Louis,+13143513000,,https://www.ackermantoyota.com/,
Adam's Smokehouse,Restaurant / Catering,Both,"2819 Watson Road, Saint Louis, MO, 63139",63139,St. Louis,+13148759890,contactus@adamssmokehouse.com,http://www.adamssmokehouse.com/,http://www.adamssmokehouse.com/
Afghan Kabob House,Restaurant / Catering,Both,"3500 Watson Road, Saint Louis, MO, 63139",63139,St. Louis,+1-314-449-1110,order@afghankabobhouse.co,https://afghankabobhouse.co,https://afghankabobhouse.co/contact/
Amigo Joe's,Restaurant / Catering,Both,"5901 Southwest Avenue, Saint Louis, MO, 63139",63139,St. Louis,+13146451995,,http://amigojoesstl.com/,http://amigojoesstl.com/about-our-food.html
Apes Inc,Technology / IT,Both,"6669 Fyler Avenue, Saint Louis, MO, 63139",63139,St. Louis,+13146446040,,http://www.apesolutions.com/,http://www.apesolutions.com/
Arena Liquor Wine and Spirits,Liquor / Wine,Both,"1217 Hampton Avenue, Saint Louis, MO, 63139",63139,St. Louis,+13146456644,,,
Ari's Restaurant and Bar,Restaurant / Catering,Both,"3101 Hampton Avenue, Saint Louis, MO, 63139",63139,St. Louis,+13146444264,,https://www.arisrestaurantstl.com/,https://www.spothopperapp.com/contact-us?contact_reason=demo
Babe's,Bar / Pub,Both,"3215 Ivanhoe Avenue, Saint Louis, MO, 63139",63139,St. Louis,+13146473436,,,
Bakso Kondang,Restaurant / Catering,Both,"72 Jalan Dokter Setiabudi, Madiun City, 63139",63139,St. Louis,,,,
Biggie's Restaurant,Restaurant / Catering,Both,"3332 Watson Road, Saint Louis, MO, 63139",63139,St. Louis,+13147810060,,https://www.biggiesrestaurant.com/menu.html,
Billy Goat Chip Co,Restaurant / Catering,Both,"3136 Watson Road, Saint Louis, MO, 63139",63139,St. Louis,+13143534628,,https://www.billygoatstl.com/,https://buythegoat.com/contact/
Black Salt X,Restaurant / Catering,Both,"2360 Hampton Avenue, St. Louis, MO, 63139",63139,St. Louis,+1 314-696-3634,xblacksalt@gmail.com,https://blacksaltx.com,
Brazie's Ristorante,Restaurant / Catering,Both,"3073 Watson Road, 63139",63139,St. Louis,,,,
Caricature Artist Share Faerber,Corporate Office,Both,"2717 South Kingshighway Boulevard, Saint Louis, MO, 63139",63139,St. Louis,+1-314-771-7762,,http://www.sharestudio.com/index.htm,
Carquest,Auto Parts,Car Show,"6088 Arsenal Street, St. Louis, MO, 63139",63139,St. Louis,+13143522000,,https://www.carquest.com/stores/mo/st.-louis/6947,
Chris' Pancak & Dining,Restaurant / Catering,Both,"5980 Southwest Avenue, Saint Louis, MO, 63139",63139,St. Louis,+13146452088,,https://chrispancakeanddining.com/,https://www.chrispancakeanddining.com/about/
Claudia's Pub,Bar / Pub,Both,"3322 Watson Road, Saint Louis, MO, 63139",63139,St. Louis,+13146458899,,,
Columbia Auto Repair,Auto Repair,Car Show,"5335 Southwest Avenue, Saint Louis, MO, 63139",63139,St. Louis,+13148651372,info@mysite.com,https://www.columbiaautorepairstl.com/,https://www.columbiaautorepairstl.com/contact-us
Construction Forum St. Louis,Corporate Office,Both,"3245 Hampton Avenue, Saint Louis, MO, 63139",63139,St. Louis,+13148802063,tom@constructforstl.org,https://www.constructforstl.org/,https://constructforstl.org/contact/
Continental Title Company,Corporate Office,Both,"3260 Hampton Avenue, Saint Louis, MO, 63139",63139,St. Louis,+13147523401,,http://www.ctitle.com/,https://ctitle.com/contact-us/
Courtesy Diner,Restaurant / Catering,Both,"1121 Hampton Avenue, Saint Louis, MO, 63139",63139,St. Louis,+13146442600,,https://www.courtesydiner.com/,
Crazy Bowls & Wraps,Restaurant / Catering,Both,"2724 Watson Road, Saint Louis, MO, 63139",63139,St. Louis,+13144210555,,https://crazybowlsandwraps.com/,https://crazybowlsandwraps.com/contact-us/
Cunetto House of Pasta,Restaurant / Catering,Both,"5453 Sublette Avenue, Saint Louis, MO, 63139",63139,St. Louis,+13147811135,info@cunetto.com,https://www.cunetto.com/,https://www.cunetto.com/location-contact
El Indio Mexican Restaurant,Restaurant / Catering,Both,"3279 Hampton Avenue, Saint Louis, MO, 63139",63139,St. Louis,+13146457676,,https://www.eltapatiostl.com/,
El Paisano Meican Restaurant,Restaurant / Catering,Both,"3315 Watson Road, Saint Louis, MO, 63139",63139,St. Louis,+13146457455,,https://orderelpaisanomexicanrestaurant.com/,https://www.istudiosg.com/site/contactus
Farm Haus,Restaurant / Catering,Both,"3257 Ivanhoe Avenue, Saint Louis, MO, 63139",63139,St. Louis,+13146473800,info@farmhausrestaurant.com,http://farmhausstl.com/,http://farmhausstl.com/
Farmer's Insurance - Elona Murati Office,Insurance Agency,Both,"3117 Hampton Avenue, Saint Louis, MO, 63139",63139,St. Louis,,,,
Favazza's on the Hill,Restaurant / Catering,Both,"5201 Southwest Avenue, Saint Louis, MO, 63139",63139,St. Louis,+13147724454,,https://favazzas.com/,
Felix's Pizza Pub,Restaurant / Catering,Both,"6401 Clayton Avenue, Saint Louis, MO, 63139",63139,St. Louis,,,https://www.felixspizzapub.com/,
Franklin Specialist-Nissan,Auto Repair,Car Show,"6703 Arsenal Street, Saint Louis, MO, 63139",63139,St. Louis,+13146457001,,,
Hampton Hill Pizza,Restaurant / Catering,Both,"2801 Hampton Avenue, St. Louis, MO, 63139",63139,St. Louis,+13146456000,,https://www.eliciaspizzamenu.com/,
Heavy Riff,Bar / Pub,Both,"6413 Clayton Avenue, Saint Louis, MO, 63139",63139,St. Louis,,,https://www.heavyriffbrewing.com/,
Himalayan Yeti,Restaurant / Catering,Both,"3515 South Kingshighway Boulevard, Saint Louis, MO, 63139",63139,St. Louis,,,https://www.himalayanyetimo.com/,https://www.himalayanyetimo.com/
Huck's Food & Fuel,Fuel / Convenience,Car Show,"3463 Watson Road, Saint Louis, MO, 63139",63139,St. Louis,+13146456723,customerservice@hucks.com,https://hucks.com/locations/hucks-252-st-louis-mo,https://hucks.com/contact/
Jet's Pizza,Restaurant / Catering,Both,"3533 Hampton Avenue, Saint Louis, MO, 63139",63139,St. Louis,+13143510955,kellijowarden49735911@gmail.com,https://www.jetspizza.com/stores/missouri/st-louis/3533-hampton-ave,https://www.jetspizza.com/contact-us/
Joey B's on the Hill,Restaurant / Catering,Both,"2524 Hampton Avenue, Saint Louis, MO, 63139",63139,St. Louis,+13146457300,,https://www.joeybshill.com/,https://www.joeybshill.com/contact-8
LoRusso's Cucina,Restaurant / Catering,Both,"3121 Watson Road, 63139",63139,St. Louis,,,,
Lou Boccardi's Resaurant,Restaurant / Catering,Both,"5424 Magnolia Avenue, Saint Louis, MO, 63139",63139,St. Louis,+13146471151,,https://lou-boccardis-restaurant.business.site/,
Master Auto Repair,Auto Repair,Car Show,"6501 Fyler Avenue, Saint Louis, MO, 63139",63139,St. Louis,+13146445995,ed.starns@masterar.com,https://masterautoandtire.com/,https://masterautoandtire.com/Contact/Find-Us
Michael Riggio Auto Sales,Car Dealership,Car Show,"2657 Hampton Avenue, Saint Louis, MO, 63139",63139,St. Louis,+13146446270,,https://www.mrautosales.net/,https://www.mrautosales.net/
Midwest Autoplex,Car Dealership,Car Show,"6759 Arsenal Street, Saint Louis, MO, 63139",63139,St. Louis,+13146474351,,https://www.midwestautoplex.com/,https://plus.google.com/&#x2B;MidwestAutoplexStLouis/about
Park Avenue Coffee,Restaurant / Catering,Both,"5105 Columbia Avenue, St. Louis, 63139",63139,St. Louis,+13147171900,info@parkavenuecoffee.com,https://parkavenuecoffee.com/,https://parkavenuecoffee.com/pages/contact-us
Peoples National Bank,Bank / Credit Union,Gala,"3280 Hampton Avenue, Saint Louis, MO, 63139",63139,St. Louis,+13142562000,pnbbookings@peoplesnationalbank.com,https://www.peoplesnationalbank.com/,https://www.peoplesnationalbank.com/connect/about-us.html
Pete Rizos Auto Repair,Auto Repair,Car Show,"6332 Arsenal Street, Saint Louis, MO, 63139",63139,St. Louis,+13146453444,,,
Phillips 66,Fuel / Convenience,Car Show,"1301 Hampton Avenue, Saint Louis, MO, 63139",63139,St. Louis,+13146442058,,https://www.phillips66gas.com/station/P66-ENERGY-EXPRESS-1224-0000809520/,
Quality Transmission Service,Auto Repair,Car Show,"5944 Arsenal Street, Saint Louis, MO, 63139",63139,St. Louis,+1 314-644-2302,info@qualitytransmissionstl.com,https://qualitytransmissionstl.com/,https://qualitytransmissionstl.com/contact/
QuikTrip,Fuel / Convenience,Car Show,"2166 Hampton Avenue, Saint Louis, MO, 63139",63139,St. Louis,+13146457184,,https://locations.quiktrip.com/mo/st-louis-downtown/2166-hampton-ave,https://www.quiktrip.com/About/Contact-Us
RABBIT,Bar / Pub,Both,"63 Jacarandas, Tepic, 63139",63139,St. Louis,,,,
Royal Banks of Missouri,Bank / Credit Union,Gala,"3534 Watson Road, Saint Louis, MO, 63139",63139,St. Louis,+13142121500,websitesupport@royalbanksnet.com,https://www.royalbanksofmo.com/,https://www.royalbanksofmo.com/contact-us/
Sandrina's Kitchen and Cocktails,Restaurant / Catering,Both,"5098 Arsenal Street, 63139",63139,St. Louis,,,,
Schicker Ford of St. Louis,Car Dealership,Car Show,"3300 South Kingshighway Boulevard, Saint Louis, MO, 63139",63139,St. Louis,,,,
Seamus McDaniel's,Bar / Pub,Both,"1208 Tamm Avenue, Saint Louis, MO, 63139",63139,St. Louis,,,https://seamusmcdaniels.com/,
Sunday Best,Restaurant / Catering,Both,"2360 Hampton Avenue, St Louis, MO, 63139",63139,St. Louis,,,https://www.sundaybestchicken.com,
The Hideaway,Bar / Pub,Both,"5900 Arsenal Street, Saint Louis, MO, 63139",63139,St. Louis,+13146458822,,https://www.thehideawaystl.com/,https://www.spothopperapp.com/contact-us?contact_reason=demo
The Neighborhood Car Wash,Car Wash / Detail,Car Show,63139,63139,St. Louis,+1-314-771-1075,,,
Tire Choice,Tire Shop,Car Show,"3205 Hampton Avenue, Saint Louis, MO, 63139",63139,St. Louis,+13143562151,,https://locations.autotire.com/mo/st--louis/3205-hampton-avenue.html,
Trophy Room,Bar / Pub,Both,"5099 Arsenal Street, 63139",63139,St. Louis,,,,
U.S. Bank,Bank / Credit Union,Gala,"5375 Southwest Avenue, Saint Louis, MO, 63139",63139,St. Louis,+13147526291,,https://locations.usbank.com/index/missouri/st-louis/southwest-avenue-branch.html,
US Ring Binder LP,Professional Services,Gala,"6800 Arsenal Street, Saint Louis, MO, 63139",63139,St. Louis,+13146457880,,https://www.usring.com/,
Vinnie's Italian Beef & Gyros,Restaurant / Catering,Both,"3208 Ivanhoe Avenue, Saint Louis, MO, 63139",63139,St. Louis,+13146447007,matt@vinniesstl.com,https://www.vinniesstl.com/,https://www.vinniesstl.com/contact
Watson Auto Repair,Auto Repair,Car Show,"3552 Watson Road, Saint Louis, MO, 63139",63139,St. Louis,+13144810672,,,
5☆ Burgers,Restaurant / Catering,Both,"11621 Olive Boulevard, Creve Coeur, MO, 63141",63141,Creve Coeur,,,,
AAA Insurance,Insurance Agency,Both,"11441 Olive Boulevard, Creve Coeur, MO, 63141",63141,Creve Coeur,,,,
Anis Hyderabad House,Restaurant / Catering,Both,"12637 Olive Boulevard, Creve Coeur, MO, 63141",63141,Creve Coeur,+1 314-434-4444,,https://us.orderspoon.com/anishyderabadhouse,https://us.orderspoon.com/anishyderabadhouse
Applebee's,Restaurant / Catering,Both,"11950 Olive Boulevard, Creve Coeur, MO, 63141",63141,Creve Coeur,+1 314-567-3252,,https://restaurants.applebees.com/en-us/mo/creve-coeur/11950-olive-blvd-81012,https://www.applebees.com/en/contact-us
AutoZone,Auto Parts,Car Show,"13029 Olive Boulevard, 63141",63141,Creve Coeur,+1 314-624-6630,,https://www.autozone.com/locations/mo/saint-louis/13029-olive-blvd.html,
BeerSauce Shop,Liquor / Wine,Both,"10453 Olive Boulevard, Creve Coeur, MO, 63141",63141,Creve Coeur,,,,
BMO Harris,Bank / Credit Union,Gala,"10911 Olive Boulevard, Creve Coeur, MO, 63141",63141,Creve Coeur,+1 314-205-3400,,https://bmoharris.com,https://bmoharris.com/en-us/main/contact-us/contact-center-support-tool/
BP,Fuel / Convenience,Car Show,"10559 Old Olive Street Road, Creve Coeur, MO, 63141",63141,Creve Coeur,,,,
Bristol Bar & Grill,Restaurant / Catering,Both,"11801 Olive Boulevard, Creve Coeur, MO, 63141",63141,Creve Coeur,,,,
Buffalo Wild Wings,Restaurant / Catering,Both,"12653 Olive Boulevard, Creve Coeur, MO, 63141",63141,Creve Coeur,,,,
California Pizza Kitchen,Restaurant / Catering,Both,"10590 Old Olive Street Road, Creve Coeur, MO, 63141",63141,Creve Coeur,,,,
Calvert's Express,Auto Repair,Car Show,"12906 Olive Boulevard, Creve Coeur, MO, 63141",63141,Creve Coeur,,,,
China King,Restaurant / Catering,Both,"12784 Olive Boulevard, Saint Louis, MO, 63141",63141,Creve Coeur,+13142758880,,https://www.chinakingsaintlouismo.com/,https://www.chinakingsaintlouismo.com/
Circle K,Fuel / Convenience,Car Show,"11077 Olive Boulevard, Creve Coeur, MO, 63141",63141,Creve Coeur,,,https://www.circlek.com/store-locator/US/creve-couer/11109-olive-blvd/2656993,https://www.circlek.com/contact
Commerce Bank,Bank / Credit Union,Gala,"12275 Olive Boulevard, Creve Coeur, MO, 63141",63141,Creve Coeur,,,,
Courtyard By Mariott,Hotel / Hospitality,Gala,"828 North New Ballas Road, Creve Coeur, MO, 63141",63141,Creve Coeur,,,,
Crazy Bowls & Wraps,Restaurant / Catering,Both,"11427 Olive Boulevard, Creve Coeur, MO, 63141",63141,Creve Coeur,,,https://crazybowlsandwraps.com/,https://crazybowlsandwraps.com/contact-us/
Creve Coeur Golf Course,Country Club / Golf,Gala,"11400 Olde Cabin Road, Creve Coeur, 63141",63141,Creve Coeur,+1 314 432 1806,tbrinks@ci.creveu00adcoeur.mo.us,https://www.crevecoeurgolf.com/,https://www.crevecoeurgolf.com/contactus/
Crushed Red,Restaurant / Catering,Both,"11635 Olive Boulevard, Creve Coeur, MO, 63141",63141,Creve Coeur,,,,
Diamonds Direct,Jeweler,Gala,"11619 Olive Boulevard, Creve Coeur, MO, 63141",63141,Creve Coeur,,,,
Dobbs Tire & Auto Center,Auto Repair,Car Show,"12981 Olive Boulevard, Creve Coeur, MO, 63141",63141,Creve Coeur,,,,
Drury Inn & Suites St. Louis Creve Coeur,Hotel / Hospitality,Gala,"11980 Olive Boulevard, Creve Coeur, MO, 63141",63141,Creve Coeur,,,,
Edward Jones,Financial / Wealth Mgmt,Gala,"711 North New Ballas Road, Creve Coeur, MO, 63141",63141,Creve Coeur,,,,
Enterprise Bank & Trust,Bank / Credit Union,Gala,"11401 Olive Boulevard, Creve Coeur, MO, 63141",63141,Creve Coeur,+1 314-292-6000,cso@enterprisebank.com,https://enterprisebank.com/,https://enterprisebank.com/contact-us
Firestone Complete Auto Care,Auto Repair,Car Show,"12740 Olive Boulevard, 63141",63141,Creve Coeur,+1 314-815-8102,020303@bfrc.com,https://local.firestonecompleteautocare.com/missouri/saint-louis/12740-olive-blvd/,https://local.firestonecompleteautocare.com/contact/
First Bank,Bank / Credit Union,Gala,"11901 Olive Boulevard, Creve Coeur, MO, 63141",63141,Creve Coeur,+1 314-995-8700,,,
First Community Credit Union,Bank / Credit Union,Gala,"10950 Olive Boulevard, Creve Coeur, MO, 63141",63141,Creve Coeur,,,https://firstcommunity.com/,https://www.firstcommunity.com/about-us/contact-us.html
First Watch,Restaurant / Catering,Both,"742 North New Ballas Road, Creve Coeur, MO, 63141",63141,Creve Coeur,,,,
Granite City Food and Brewery,Bar / Pub,Both,"11411 Olive Boulevard, Creve Coeur, MO, 63141",63141,Creve Coeur,+1 314-432-3535,sean@visionfriendly.com,https://gcfb.com/,https://gcfb.com/contact/
Great Southern Bank,Bank / Credit Union,Gala,"12500 Olive Boulevard, Creve Coeur, MO, 63141",63141,Creve Coeur,,,,
Gulf Shores Restaurant and Grill,Restaurant / Catering,Both,"12528 Olive Boulevard, Creve Coeur, MO, 63141",63141,Creve Coeur,+1 314-878-3306,,,
Happy China,Restaurant / Catering,Both,"12921 Olive Boulevard, St. Louis, MO, 63141",63141,Creve Coeur,+13148786660,,https://happychinastlouis.com/index.html,
Holiday Inn St. Louis - Creve Coeur,Hotel / Hospitality,Gala,"1030 Woodcrest Terr Drive, St. Louis, MO, 63141",63141,Creve Coeur,,,,
Il Bel Lago,Restaurant / Catering,Both,"11631 Olive Boulevard, Creve Coeur, MO, 63141",63141,Creve Coeur,+1 314-994-1080,,https://bellagostl.com,https://www.bellagostl.com/about/
Jet's Pizza,Restaurant / Catering,Both,"12536 Olive Boulevard, Creve Coeur, MO, 63141",63141,Creve Coeur,+1 314-548-2585,kellijowarden49735911@gmail.com,https://jetspizza.com/,https://www.jetspizza.com/contact-us/
Kennedy Capital Management,Financial / Wealth Mgmt,Gala,"10829 Olive Boulevard, Creve Coeur, MO, 63141",63141,Creve Coeur,+1 314-432-0400,info@kennedycapital.com,https://www.kennedycapital.com/,https://www.kennedycapital.com/contact-us/
La Salsa Fresh Mexican Grill,Restaurant / Catering,Both,"12536 Olive Boulevard, Creve Coeur, MO, 63141",63141,Creve Coeur,+1 314-275-7257,kahala.customerservice@mtygroup.com,https://www.lasalsa.com/,https://www.lasalsa.com/contact-us/
Marriott St. Louis West,Hotel / Hospitality,Gala,"660 Maryville Centre Drive, St. Louis, MO, 63141",63141,Creve Coeur,,,,
McAlister's Deli,Restaurant / Catering,Both,"12515 Olive Boulevard, Creve Coeur, MO, 63141",63141,Creve Coeur,,,,
Noodles & Company,Restaurant / Catering,Both,"10925 Olive Boulevard, Creve Coeur, MO, 63141",63141,Creve Coeur,+1 314-997-8804,,,
Nudo,Restaurant / Catering,Both,"11423 Olive Boulevard, Creve Coeur, MO, 63141",63141,Creve Coeur,,,,
Olive Fee Fee Auto Care,Auto Repair,Car Show,"12909 Olive Blvd, St. Louis, MO, 63141",63141,Creve Coeur,+13144346406,olivefeefeeauto@att.net,https://www.olivefeefeeautocare.com/,https://www.olivefeefeeautocare.com/contact
Pei Wei,Restaurant / Catering,Both,"11430 Olive Boulevard, Creve Coeur, MO, 63141",63141,Creve Coeur,,,,
Pickleman's Gourmet Cafe,Restaurant / Catering,Both,"11921 Olive Boulevard, Creve Coeur, MO, 63141",63141,Creve Coeur,,,,
Pita Plus,Restaurant / Catering,Both,"13005 Olive Boulevard, Creve Coeur, MO, 63141",63141,Creve Coeur,+1 314-453-9558,,,
Pizza Hut,Restaurant / Catering,Both,"11451 Olive Boulevard, Creve Coeur, MO, 63141",63141,Creve Coeur,+1 314-997-2252,,https://locations.pizzahut.com/mo/saint-louis/11451-olive-blvd,https://www.pizzahut.com/contact-us
Plaza Infinity,Car Dealership,Car Show,"755 North New Ballas Road, Creve Coeur, MO, 63141",63141,Creve Coeur,,,,
Regions Bank,Bank / Credit Union,Gala,"12470 Olive Boulevard, Creve Coeur, MO, 63141",63141,Creve Coeur,,,,
Sauce on the Side,Restaurant / Catering,Both,"701 North New Ballas Road, Creve Coeur, MO, 63141",63141,Creve Coeur,,,,
Scotsman Coin and Jewelery,Jeweler,Gala,"11005 Olive Boulevard, Creve Coeur, MO, 63141",63141,Creve Coeur,+1 314-692-2646,info@scoins.com,https://www.scoins.com,https://www.scoins.com/about-us-contact-us.aspx
Seoul Garden,Restaurant / Catering,Both,"10421 Olive Boulevard, Creve Coeur, MO, 63141",63141,Creve Coeur,,,,
St. Louis Gyros,Restaurant / Catering,Both,"12528 Olive Boulevard, Creve Coeur, MO, 63141",63141,Creve Coeur,+1 314-786-5660,info@stlgyros.com,https://stlgyros.com/,https://stlgyros.com/
Stir Crazy,Restaurant / Catering,Both,"10598 Olive Boulevard, Creve Coeur, MO, 63141",63141,Creve Coeur,,,,
Thai Nivas Cafe,Restaurant / Catering,Both,"11054 Olive Boulevard, Creve Coeur, MO, 63141",63141,Creve Coeur,+1 314-567-8989,,https://thainivassushibar.com,
The America Group,Financial / Wealth Mgmt,Gala,"10845 Olive Boulevard, Creve Coeur, MO, 63141",63141,Creve Coeur,+1 314-918-8080,,https://www.theamericagroup.com/,https://www.theamericagroup.com/contact/
The Climate Corporation,Corporate Office,Both,"4 CityPlace Drive, St. Louis, MO, 63141",63141,Creve Coeur,,,https://climate.com/,https://climate.com/en-us/resources/contact-us.html
The Pasta House Company,Restaurant / Catering,Both,"700 North New Ballas Road, Creve Coeur, MO, 63141",63141,Creve Coeur,,,,
The Post Sports Bar and Grill,Bar / Pub,Both,"763 Old Ballas Road, MO, 63141",63141,Creve Coeur,,,https://thepostsportsbar.com/locations/creve-coeur-2/,https://thepostsportsbar.com/contact/
The Smoothie Bar,Restaurant / Catering,Both,"11615 Olive Boulevard, Creve Coeur, MO, 63141",63141,Creve Coeur,,,,
Triad Financial Group,Financial / Wealth Mgmt,Gala,"425 North New Ballas Road, Creve Coeur, MO, 63141",63141,Creve Coeur,+1-314-392-6800,dylan@triadfinancialgroup.net,https://www.triadfinancialgroup.net/,https://www.triadfinancialgroup.net/contact-us
Trileaf Corporation,Professional Services,Gala,"10845 Olive Boulevard, Creve Coeur, MO, 63141",63141,Creve Coeur,+1 314-997-6111,,https://trileaf.com/,https://trileaf.com/contact-us/
U.S. Bank,Bank / Credit Union,Gala,"11655 Olive Boulevard, Creve Coeur, MO, 63141",63141,Creve Coeur,,,,
Valvoline,Auto Repair,Car Show,"11333 Olive Boulevard, Creve Coeur, MO, 63141",63141,Creve Coeur,+1 314-993-5808,formsubmission@vioc.com,https://store.vioc.com/mo/crevecoeur/oil-change-050055.html,https://www.vioc.com/contact-us/
Veninga Jewelery,Jeweler,Gala,"11600 Olive Boulevard, Creve Coeur, MO, 63141",63141,Creve Coeur,,,,
Vincent's Jewelers,Jeweler,Gala,"11733 Olive Boulevard, Creve Coeur, MO, 63141",63141,Creve Coeur,,,,
Weber Chevrolet Creve Coeur,Car Dealership,Car Show,"12015 Olive Boulevard, Creve Coeur, MO, 63141",63141,Creve Coeur,,,,
Weber Chevrolet Service,Auto Repair,Car Show,"12015 Olive Boulevard, MO, 63141",63141,Creve Coeur,,,,
Amoco,Fuel / Convenience,Car Show,"McCausland Avenue, Saint Louis, MO, 63143",63143,Maplewood,,,,
Foundation Grounds,Restaurant / Catering,Both,"7298 Manchester Road, Maplewood, 63143",63143,Maplewood,+1 314 833 6460,,https://www.foundationgrounds.com/,
Pizza Hut,Restaurant / Catering,Both,"7423 Manchester Road, Maplewood, MO, 63143",63143,Maplewood,+1 314-647-4434,,https://locations.pizzahut.com/mo/maplewood/7423-manchester-rd,
Red Lobster,Restaurant / Catering,Both,"2381 Maplewood Commons Dr, Maplewood, MO, 63143",63143,Maplewood,,,,
Robin Restaurant,Restaurant / Catering,Both,"7268 Manchester Road, St. Louis, MO, 63143",63143,Maplewood,,info@robinrestaurant.com,https://www.robinrestaurant.com,https://www.robinrestaurant.com/#contact
Schlafly Bottleworks,Brewery,Both,"7260 Southwest Avenue, Maplewood, MO, 63143",63143,Maplewood,+13142412337,bottleworksmanagers@schlafly.com,https://schlafly.com/bottleworks/,https://schlafly.com/about
Shared Brewing,Brewery,Both,"2657 Lyle Avenue, Maplewood, MO, 63143",63143,Maplewood,,,https://www.sharedbrewing.com,
Side Project Brewing,Brewery,Both,"7458 Manchester Road, Maplewood, MO, 63143",63143,Maplewood,,,https://www.sideprojectbrewing.com,https://www.sideprojectbrewing.com/pages/contact-1
Side Project Cellar,Restaurant / Catering,Both,"7373 Marietta Avenue, 63143",63143,Maplewood,,,,
Southwest Diner,Restaurant / Catering,Both,"6803 Southwest Avenue, Maplewood, MO, 63143",63143,Maplewood,,,,
Splish Splash Car Wash,Car Wash / Detail,Car Show,"McCausland Avenue, Saint Louis, MO, 63143",63143,Maplewood,,,,
Twin Peaks,Restaurant / Catering,Both,"2351 Maplewood Commons Dr, Maplewood, MO, 63143",63143,Maplewood,,,,
Yummi Tummi,Restaurant / Catering,Both,"3001 South Big Bend Boulevard, Maplewood, MO, 63143",63143,Maplewood,,,https://www.yummitummimo.com/,https://www.yummitummimo.com/contact
Brentwood Car Wash,Car Wash / Detail,Car Show,"2710 Breckenridge Industrial Court, 63144",63144,Brentwood,,,https://brentwood-wash-brentwood.edan.io/,
Chase,Bank / Credit Union,Gala,"1 Brentwood Promenade Court, Brentwood, MO, 63144",63144,Brentwood,+13142523210,,https://locator.chase.com/mo/brentwood/1-brentwood-promenade-ct,https://locator.chase.com/digital/resources/privacy-security/security/how-to-spot-scams
Dobbs Tire & Auto Center,Tire Shop,Car Show,"99 Brentwood Promenade Court, Brentwood, 63144",63144,Brentwood,,,,
Drury Inn and Suites St. Louis Brentwood,Hotel / Hospitality,Gala,"8700 Eager Road, Brentwood, MO, 63144",63144,Brentwood,+1 314-968-3704,,https://druryhotels.com,https://druryhotels.com/contact
Joy Luck Chinese Buffet,Restaurant / Catering,Both,"8030 Manchester Road, 63144",63144,Brentwood,+1 314-645-9982,,https://joyluckchinesebuffetsl.com/,https://joyluckchinesebuffetsl.com/
Noodles & Company,Restaurant / Catering,Both,"1624 South Hanley Road, Richmond Heights, MO, 63144",63144,Brentwood,+13143170612,,https://noodles.com,https://noodles.com/contact-us
QuikTrip,Fuel / Convenience,Car Show,"1530 South Hanley Road, Richmond Heights, MO, 63144",63144,Brentwood,+1 314-647-2332,,https://locations.quiktrip.com/mo/richmond-heights/1530-s-hanley-rd,https://www.quiktrip.com/About/Contact-Us
Revel Kitchen,Restaurant / Catering,Both,"8388 Musick Memorial Drive, 63144",63144,Brentwood,,,https://eatrevelkitchen.com/,
SpringHill Suites St. Louis Brentwood,Hotel / Hospitality,Gala,"1231 Strassner Drive, Brentwood, MO, 63144",63144,Brentwood,+1 314-647-8400,,https://www.marriott.com/stlbw,
Total Wine,Liquor / Wine,Both,"90 Brentwood Promenade Court, Brentwood, MO, 63144",63144,Brentwood,+1 314-963-3265,,https://www.totalwine.com/store-info/missouri-brentwood/1802,
TownePlace Suites Brentwood,Hotel / Hospitality,Gala,"1695 South Hanley Road, Brentwood, MO, 63144",63144,Brentwood,+1 314-274-1800,,https://www.marriott.com/stltb,
UMB Bank,Bank / Credit Union,Gala,"9 Brentwood Promenade Court, Brentwood, MO, 63144",63144,Brentwood,+13149191150,umbpromenade@umbf.onmicrosoft.com,https://locations.umb.com/mo/st-louis/promenade-branch-and-atm-545.html,https://www.umb.com/contact-us
Comfort Inn,Hotel / Hospitality,Gala,"12031 Lackland Road, Maryland Heights, MO, 63146",63146,Westport,+1 314-878-1400,info@iatan.org,https://www.choicehotels.com/missouri/saint-louis/quality-inn-hotels,https://www.choicehotels.com/missouri/saint-louis/quality-inn-hotels
Courtyard St. Louis Westport Plaza,Hotel / Hospitality,Gala,"11888 Westline Industrial Drive, St. Louis, MO, 63146",63146,Westport,+1 314-997-1200,,https://www.marriott.com/hotels/travel/stlwp-courtyard-st.-louis-westport-plaza/,
Creve Coeur Lakehouse,Bar / Pub,Both,"2160 Creve Coeur Mill Road, Maryland Heights, 63146",63146,Westport,+1 314-576-7200,,https://cclakehouse.com,
Days Inn and Suites by Wyndham St Louis/Westport Plaza,Hotel / Hospitality,Gala,"1970 Craig Road, Maryland Heights, MO, 63146",63146,Westport,+1 314-205-8000,accessibility@wyndham.com,https://www.wyndhamhotels.com/days-inn/saint-louis-missouri/days-inn-and-suites-by-wyndham-st-louis-westport-plaza/overview,https://www.wyndhamhotels.com/days-inn/contact-us
DoubleTree by Hilton,Hotel / Hospitality,Gala,"1973 Craigshire Road, Maryland Heights, MO, 63146",63146,Westport,+1 314-434-5067,,https://doubletree3.hilton.com/en/hotels/missouri/doubletree-by-hilton-hotel-st-louis-westport-STLWPDT/index.html,
Electro Savings Credit Union,Bank / Credit Union,Gala,"1805 Craigshire Road, Maryland Heights, MO, 63146",63146,Westport,+1 314-434-6470,,https://www.electrosavings.com/maryland-heights.html,
Esri,Corporate Office,Both,"77 Westport Plaza, St. Louis, MO, 63146",63146,Westport,+1-636-949-6620,,https://www.esri.com/,https://www.esri.com/en-us/arcgis/geospatial-platform/overview
Extended Stay America,Hotel / Hospitality,Gala,"11827 Lackland Road, Maryland Heights, 63146",63146,Westport,+1 314-993-6868,slw@extendedstay.com,https://www.extendedstayamerica.com/hotels/mo/st-louis/westport-east-lackland-rd,
Extended Stay America,Hotel / Hospitality,Gala,"2030 Craig Road, Saint Louis, MO, 63146",63146,Westport,+1 314-576-3001,swp@extendedstay.com,https://www.extendedstayamerica.com/hotels/mo/st-louis/westport-craig-road,
Fairfield Inn & Suites St. Louis Westport,Hotel / Hospitality,Gala,"11918 Westline Industrial Drive, Saint Louis, MO, 63146",63146,Westport,,,https://www.marriott.com/stlfw,
Hooters,Restaurant / Catering,Both,"11835 Lackland Road, Maryland Heights, 63146",63146,Westport,+1 314-991-9565,,,
"I Buy Houses USA - St. Louis, MO",Real Estate,Gala,"111 W Port Plaza Dr #600, , St. Louis, MO, MO, 63146",63146,Westport,+1 314-325-0757,,https://ibuyhousesusa.com/st-louis-mo/,
La Quinta Inn & Suites by Wyndham,Hotel / Hospitality,Gala,"11805 Lackland Road, 63146",63146,Westport,+1-314-991-3262,accessibility@wyndham.com,https://www.wyndhamhotels.com/laquinta/st-louis-missouri/la-quinta-st-louis-westport/overview,https://www.wyndhamhotels.com/laquinta/contact-us
Medical Employment Directory,Professional Services,Gala,"2343 Weldon Pkwy, St Louis, MO, 63146",63146,Westport,+1 314-434-7800,,https://medstl.com,
QuikTrip,Fuel / Convenience,Car Show,"11829 Lackland Road, Maryland Heights, 63146",63146,Westport,+1 314-991-4408,,,
Red Roof Inn,Hotel / Hospitality,Gala,"11837 Lackland Road, Maryland Heights, 63146",63146,Westport,+1 314-991-4900,,,
Shell,Fuel / Convenience,Car Show,"2090 Craig Road, Maryland Heights, 63146",63146,Westport,,,,
Sheraton Westport Chalet Hotel St. Louis,Hotel / Hospitality,Gala,"191 Marine Avenue, St. Louis, MO, 63146",63146,Westport,,,,
Sheraton Westport Plaza Hotel St. Louis,Hotel / Hospitality,Gala,"900 West Port Plaza Drive, St. Louis, MO, 63146",63146,Westport,,,,
Sonesta ES Suites,Hotel / Hospitality,Gala,"1855 Craigshire Road, Saint Louis, MO, 63146",63146,Westport,,,https://www.sonesta.com/sonesta-es-suites/mo/st-louis/sonesta-es-suites-st-louis-westport/,https://www.sonesta.com/about
The Ecchic Group,Insurance Agency,Both,"11704 Lackland Industrial Drive, St. Louis, MO, 63146",63146,Westport,+1-314-997-8865,theecchicgroup@ecchic.com,https://www.ecchic.com/,
Westport Social,Bar / Pub,Both,"910 Westport Plaza Drive, St. Louis, MO, 63146",63146,Westport,,,https://westportsocial-stl.com/,https://westportsocial-stl.com/contact
Days Inn by Wyndham Downtown St. Louis,Hotel / Hospitality,Gala,"2810 North 9th Street, Saint Louis, MO, 63147",63147,Baden,+1 314-492-8824,accessibility@wyndham.com,https://www.wyndhamhotels.com/days-inn/saint-louis-missouri/days-inn-downtown-st-louis/overview,https://www.wyndhamhotels.com/days-inn/contact-us
AutoZone,Auto Parts,Car Show,"1813 First Capitol Drive, Saint Charles, MO, 63301",63301,St. Charles,,,https://www.autozone.com/locations/mo/saint-charles/1813-1st-capitol-dr.html,
Baha Rock Club,Bar / Pub,Both,"305 North Main Street, Saint Charles, 63301",63301,St. Charles,+1 636-949-0466,,,
Best Western Plus the Charles Hotel,Hotel / Hospitality,Gala,"1425 South Fifth Street, Saint Charles, MO, 63301",63301,St. Charles,+1 636-946-6936,,https://www.bestwestern.com/en_US/book/hotels-in-saint-charles/best-western-plus-the-charles-hotel/propertyCode.26171.html,
Big A's On the Riverfront,Bar / Pub,Both,"308 North Main Street, Saint Charles, 63301",63301,St. Charles,+1 636-949-9900,,https://www.bigasontheriverfront.com/,https://www.spothopperapp.com/contact-us?contact_reason=demo
Bombshell Bar and Grill,Bar / Pub,Both,"221 North Main Street, Saint Charles, 63301",63301,St. Charles,+1 636-757-3026,,,
Burger Underground,Restaurant / Catering,Both,"201 North Main Street, Saint Charles, MO, 63301",63301,St. Charles,,,http://burgerunderground.com,
Comfort Suites St Charles-St Louis,Hotel / Hospitality,Gala,"1400 South Fifth Street, Saint Charles, MO, 63301",63301,St. Charles,+1 636-949-0694,info@iatan.org,https://www.choicehotels.com/missouri/saint-louis/quality-inn-hotels,https://www.choicehotels.com/missouri/saint-louis/quality-inn-hotels
Commerce Bank,Bank / Credit Union,Gala,"1101 First Capitol Drive, Saint Charles, MO, 63301",63301,St. Charles,+1 800-453-2265,mymoney@commercebank.com,https://www.commercebank.com/,https://www.commercebank.com/contact-us
"Country Inn & Suites, St. Charles, MO",Hotel / Hospitality,Gala,"1190 South Main Street, Saint Charles, MO, 63301",63301,St. Charles,+1 636-724-5555,cx_stmo@countryinn.com,https://www.radissonhotels.com/en-us/hotels/country-inn-saint-charles-mo,
Culpeppers,Restaurant / Catering,Both,"3010 West Clay Street, Saint Charles, 63301",63301,St. Charles,+1 636 916 3102,,https://www.culpeppers.com/,
Dirt Cheap,Liquor / Wine,Both,"3840 West Clay Street, St. Charles, MO, 63301",63301,St. Charles,,,,
El Agave,Restaurant / Catering,Both,"3823 Elm, Saint Charles, MO, 63301",63301,St. Charles,,,https://www.elagave.online/,https://www.elagave.online/contact
Fast Lane Classic Cars Inc.,Car Dealership,Car Show,"427 Little Hills Industrial Boulevard, 63301",63301,St. Charles,+16369409969,sales@fastlanecars.com,http://www.fastlanecars.com,http://www.fastlanecars.com/contact
Hampton Inn by Hilton,Hotel / Hospitality,Gala,"3720 West Clay Street, Saint Charles, MO, 63301",63301,St. Charles,+1 636-947-6800,,https://www.hilton.com/en/hotels/stlsthx-hampton-st-charles-st-peters/,
Holiday Inn Express,Hotel / Hospitality,Gala,"3098 Elm Point Industrial Drive, St. Charles, MO, 63301",63301,St. Charles,+1 636-757-6100,,,
Jalisco Pizza,Restaurant / Catering,Both,"3831 Elm, Saint Charles, MO, 63301",63301,St. Charles,,,,
Kabab N Kurry,Restaurant / Catering,Both,"2220 First Capitol Drive, Saint Charles, 63301",63301,St. Charles,+1-636-757-3835,,https://www.orderknkstlinn.com/,https://www.orderknkstlinn.com/
La Vie Vegan,Restaurant / Catering,Both,"524 South Main Street, Saint Charles, MO, 63301",63301,St. Charles,+1-636-410-8787,,https://lavievegan.com,
Lindenwood Auto Service,Auto Repair,Car Show,"1011 Chargene Drive, Saint Charles, MO, 63301",63301,St. Charles,+1-636-946-3339,,https://www.lindenwoodautoservice.com,https://www.lindenwoodautoservice.com/contact/4446064
Moto Mart,Fuel / Convenience,Car Show,"3750 New Town Boulevard, Saint Charles, MO, 63301",63301,St. Charles,,,,
Mr Thirsty's,Bar / Pub,Both,"324 North Main Street, Saint Charles, 63301",63301,St. Charles,+1 636 875 5500,info@mrthirstys.com,http://mrthirstys.com/,http://mrthirstys.com/contact.html
Novellus,Restaurant / Catering,Both,"201 North Main Street, Saint Charles, MO, 63301",63301,St. Charles,+1 636-896-4800,info@thenovellus.com,https://thenovellus.com/,https://thenovellus.com/contact-us
Picasso's Coffee,Restaurant / Catering,Both,"101 North Main Street, Saint Charles, 63301",63301,St. Charles,,,,
Pizza Hut,Restaurant / Catering,Both,"3793 New Town Boulevard, Saint Charles, MO, 63301",63301,St. Charles,+1 636-925-2100,,https://locations.pizzahut.com/mo/saint-charles/3793-new-town-blvd,https://www.pizzahut.com/contact-us
Rookie's Bar and Grill,Bar / Pub,Both,"3721 New Town Boulevard, Saint Charles, MO, 63301",63301,St. Charles,,,,
Sleep Inn Saint Charles,Hotel / Hospitality,Gala,"150 Fountain Lakes Boulevard, Saint Charles, MO, 63301",63301,St. Charles,+1 636-947-0330,,https://www.choicehotels.com/,
Taiaynas Pizza,Restaurant / Catering,Both,"340 North Main Street, Saint Charles, 63301",63301,St. Charles,+1 636-493-1303,,,
Talayna's Wagon Wheel Pizza,Restaurant / Catering,Both,"2040 Campus Drive, Saint Charles, MO, 63301",63301,St. Charles,+1-636-288-3363,talaynas2040campus@outlook.com,https://www.talaynasworldclasspizzamo.com/,
Texas Roadhouse,Restaurant / Catering,Both,"1300 Bass Pro Drive, Saint Charles, MO, 63301",63301,St. Charles,+1-636-443-2301,,,
The Elm Taphouse,Restaurant / Catering,Both,"3833 Elm, Saint Charles, MO, 63301",63301,St. Charles,,,https://theelmtaphouse.com/,
The TAP Restaurant + Brewery,Restaurant / Catering,Both,"3803 Elm Street, St. Charles, MO, 63301",63301,St. Charles,,,,
Waffle House,Restaurant / Catering,Both,"1200 South Fifth Street, Saint Charles, 63301",63301,St. Charles,+1 636-916-1662,,https://locations.wafflehouse.com/saintcharles-mo-1138/,https://www.wafflehouse.com/contact/
Walters Jewelry Inc,Jeweler,Gala,"230 North Main Street, Saint Charles, 63301",63301,St. Charles,,,,
al dente da Pino,Restaurant / Catering,Both,"3 Dieselstraße, Dreieich, 63303",63303,St. Charles,+49 6103 310 908,aldente@culturatodaro.com,https://www.aldente-dreieich.de/,https://cookiedatabase.org/tcf/purposes/
Alte Bergmühle,Restaurant / Catering,Both,"25 Geißberg, Dreieich, 63303",63303,St. Charles,,service@alte-bergmuehle.de,https://alte-bergmuehle.de/restaurant,https://alte-bergmuehle.de/restaurant
Anita's Vogtei,Restaurant / Catering,Both,"22 Darmstädter Straße, Dreieich, 63303",63303,St. Charles,+4961037019934,mail@anitas-vogtei.de,https://anitas-vogtei.de/,https://anitas-vogtei.de/de/#contact
Aparthotel Longhouse,Hotel / Hospitality,Gala,"26 Rostädter Straße, Dreieich, 63303",63303,St. Charles,+49 1728854152,longhouse@bema-holding.de,https://longhouse-aparthotel.mydirectstay.com/de/index.html,
Applebee's,Restaurant / Catering,Both,"2921 South Service Road, Saint Charles, MO, 63303",63303,St. Charles,+1 636-946-7705,,https://restaurants.applebees.com/en-us/mo/saint-charles/2921-s.-service-road-81000,https://www.applebees.com/en/contact-us
Aral,Fuel / Convenience,Car Show,"74 In der Quelle, Dreieich, 63303",63303,St. Charles,+49 6074 8035221,,https://tankstelle.aral.de/dreieich-offenthal/in-der-quelle-74/12167400,https://tankstelle.aral.de/dreieich-offenthal/in-der-quelle-74/12167400#section-about
Aral,Fuel / Convenience,Car Show,"43 Darmstädter Straße, Dreieich, 63303",63303,St. Charles,+49 6103 65671,,,
Assistance Home Care,Corporate Office,Both,"2234 Bluestone Drive, Saint Charles, MO, 63303",63303,St. Charles,+1-636-724-4357,info@assistancehc.com,https://www.AssistanceHomeCare.com,https://www.assistancehomecare.com/about-us/assistance-home-care-blog/
Auto Service Dreieich,Auto Repair,Car Show,"2 Elisabethenstraße, Dreieich, 63303",63303,St. Charles,+49 6103 62565,,,
Auto Sturm Kfz Meisterbetrieb,Auto Repair,Car Show,"55 Benzstraße, 63303",63303,St. Charles,+4961038073757,,,
Autohaus Milzetti GmbH,Car Dealership,Car Show,"46 Mainzer Straße, 63303",63303,St. Charles,,info.dreieich@klosautomobile.de,https://www.klosautomobile.de/standort/dreieich/,https://www.klosautomobile.de/standort/dreieich/
Barmenia Versicherung - Christiane Mathes,Insurance Agency,Both,"16 Alberusstraße, Dreieich, 63303",63303,St. Charles,+49 172 9122822,christiane.mathes@barmenia.de,https://agentur.barmenia.de/christiane_mathes,https://agentur.barmenia.de/christiane_mathes
Baymont by Wyndham Saint Charles,Hotel / Hospitality,Gala,"801 Veterans Memorial Parkway, Saint Charles, MO, 63303",63303,St. Charles,+1-636-206-4355,accessibility@wyndham.com,https://www.wyndhamhotels.com/baymont/st-charles-missouri/baymont-st-charles/overview,https://www.wyndhamhotels.com/contact-us
Bismellah Imbiss,Restaurant / Catering,Both,"38, 63303",63303,St. Charles,,,,
Black Bear Diner,Restaurant / Catering,Both,"2865 Veterans Memorial Parkway, Saint Charles, MO, 63303",63303,St. Charles,,,,
Bluorbit Logistics GmbH,Corporate Office,Both,"10 Max-Planck-Straße, Dreieich, 63303",63303,St. Charles,+4961038704430,,https://www.bluorbitlogistics.com/,
Bob Evans,Restaurant / Catering,Both,"1998 Zumbehl Road, Saint Charles, MO, 63303",63303,St. Charles,,,,
Calpam,Fuel / Convenience,Car Show,"48 Langener Straße, Dreieich, 63303",63303,St. Charles,+49 6103 84097,info@tankstelle-schaum.de,http://www.tankstelle-schaum.de,
Candlewood Suites St. Louis - St. Charles,Hotel / Hospitality,Gala,"1800 Zumbehl Road, Saint Charles, MO, 63303",63303,St. Charles,+1-636-949-6800,candlewoodstlouis@gmail.com,https://www.ihg.com/candlewood/hotels/us/en/st-charles/stlom/hoteldetail,https://www.ihg.com/hotels/us/en/customer-care/contact-us
Casa Grande,Restaurant / Catering,Both,"50 Fichtestraße, Dreieich, 63303",63303,St. Charles,+49 6103 5719700,info@casa-grande.de,https://www.casa-grande.de/,https://www.casa-grande.de/about/
China Imbiss Pavillon,Restaurant / Catering,Both,"2-12 Hanaustraße, Dreieich, 63303",63303,St. Charles,,,,
China Restaurant Hong Kong,Restaurant / Catering,Both,"8 Hauptstraße, Dreieich, 63303",63303,St. Charles,+49 6103 2023113,,https://hong-kong-dreieich.business.site,
Christinenhof,Hotel / Hospitality,Gala,"2 Fischäcker, Dreieich, 63303",63303,St. Charles,+49 6103 9805 0,hotel@christinenhof.com,https://christinenhof.com,
Commerce Bank,Bank / Credit Union,Gala,"2700 South Saint Peters Parkway, 63303",63303,St. Charles,,,,
Computer PRO Unltd.,Technology / IT,Both,"1475 Fairgrounds Road, Saint Charles, MO, 63303",63303,St. Charles,+1 636-442-2776,support@cprou.com,https://www.cprou.com,
Da Sarino,Restaurant / Catering,Both,"3 Am Sportplatz, 63303",63303,St. Charles,,,https://susgo.de/gaststaette/,https://susgo.de/gaststaette/
Darmstädter Hof,Restaurant / Catering,Both,"19 Wallstraße, Dreieich, 63303",63303,St. Charles,,,,
DesiLicious,Restaurant / Catering,Both,"28 Hainer Chaussee, Dreieich, 63303",63303,St. Charles,+49 6103 8022440,dreieich@desi-licious.de,https://www.desi-licious.de,
Dewey's Pizza,Restaurant / Catering,Both,"1520 South Fifth Street, Saint Charles, MO, 63303",63303,St. Charles,+1-636-724-1111,,https://deweyspizza.com,https://deweyspizza.com/contact/
DIWOTEL | Frankfurt Airport Dreieich,Hotel / Hospitality,Gala,"5 Robert-Bosch-Straße, Dreieich, 63303",63303,St. Charles,+49 6103 440013 00,info@diwotel.com,https://www.diwotel.com/frankfurt-airport-dreieich,
El Castillo,Restaurant / Catering,Both,"52 Fahrgasse, Dreieich, 63303",63303,St. Charles,+49 61039886643,susannkurzhals@gmx.de,https://www.elcastillo-dreieich.de/,
Embassy Suites,Hotel / Hospitality,Gala,"Two Convention Center Plaza, Saint Charles, MO, 63303",63303,St. Charles,+1 636-946-5544,,https://www.hilton.com/en/hotels/stlemes-embassy-suites-st-louis-st-charles/,
Endstation,Restaurant / Catering,Both,"2 Buchschlager Allee, Dreieich, 63303",63303,St. Charles,+49 6103 61919,endstation.mayer@googlemail.com,http://www.endstation.eu/,
eni,Fuel / Convenience,Car Show,"12 Bleiswijker Straße, Dreieich, 63303",63303,St. Charles,,,,
Eni,Fuel / Convenience,Car Show,"138 Kurt-Schumacher-Ring, Dreieich, 63303",63303,St. Charles,,,,
"Eva - Restaurant, Pizzeria, Café",Restaurant / Catering,Both,"4 Dreieich Plaza, Dreieich, 63303",63303,St. Charles,+4961032700087,info@eva-restaurant.com,https://eva-ristorante.de/,https://eva-ristorante.de/contact/
Felber's Restaurant im Vereinsheim der SKG Sprendlingen,Restaurant / Catering,Both,"9-13 Seilerstraße, Dreieich, 63303",63303,St. Charles,+49 6103 9883446,,https://www.felbers-restaurant.de/,https://www.felbers-restaurant.de/
First Watch,Restaurant / Catering,Both,"1405 Beale Street, Saint Charles, MO, 63303",63303,St. Charles,,lfohlen@firstwatch.com,https://www.firstwatch.com/,https://www.firstwatch.com/contact
Fischer-Klause,Restaurant / Catering,Both,"5 An der Winkelsmühle, Dreieich, 63303",63303,St. Charles,,,,
Frankfurter Sparkasse 1822,Bank / Credit Union,Gala,"44-46 Hauptstraße, Dreieich, 63303",63303,St. Charles,,,,
Frateli,Restaurant / Catering,Both,"2061 Zumbehl Road, Saint Charles, 63303",63303,St. Charles,,,https://www.fratellisristorante.com/,https://www.fratellisristorante.com/about
Gasthaus Alte Burg,Restaurant / Catering,Both,"50 Fahrgasse, Dreieich, 63303",63303,St. Charles,+49 6103 84913,,https://www.alte-burg.com/,
Hahn Air,Corporate Office,Both,"5 Am Weiher, Dreieich, 63303",63303,St. Charles,,,,
Hayn Parc 2,Corporate Office,Both,"65 An der Trift, Dreieich, 63303",63303,St. Charles,,,,
Herrnbrod & Ständecke,Hotel / Hospitality,Gala,"29 Hauptstraße, Dreieich, 63303",63303,St. Charles,+49 6103 6080,info@herrnbrod-staendecke.de,http://www.herrnbrod-staendecke-dreieich.de,
Hey Amore,Restaurant / Catering,Both,"32 Frankfurter Straße, Dreieich, 63303",63303,St. Charles,+49 6103 5093650,hallo@hey-amore.de,https://hey-amore.de,https://hey-amore.de/oeffnungszeiten/#ab
Hotel Henry,Hotel / Hospitality,Gala,"35 Eisenbahnstraße, Dreieich, 63303",63303,St. Charles,,,,
HSV-Restaurant,Restaurant / Catering,Both,"69 Langener Straße, Dreieich, 63303",63303,St. Charles,+49 6103 7334399,,https://www.hsv-goetzenhain.de/restaurant/,https://www.hsv-goetzenhain.de/restaurant/
Il Cavatappi,Restaurant / Catering,Both,"65 An der Trift, Dreieich, 63303",63303,St. Charles,+49 6103 830439,,http://www.il-cavatappi.de/,
InTown Suites,Hotel / Hospitality,Gala,"1769 Veterans Memorial Parkway, Saint Charles, 63303",63303,St. Charles,,,,
Jiffy Lube,Auto Repair,Car Show,"2139 Zumbehl Road, Saint Charles, MO, 63303",63303,St. Charles,,,,
Karosseriebau Peter Schenner,Auto Repair,Car Show,"2 Voltastraße, Dreieich, 63303",63303,St. Charles,,,,
Kundendienstbüro Simon Blustein,Insurance Agency,Both,"2 Fahrgasse, Dreieich, 63303",63303,St. Charles,,,,
Kylin HotPot,Restaurant / Catering,Both,"28 Robert-Bosch-Straße, Dreieich, 63303",63303,St. Charles,+49 6103 3865520,,https://kylin-hotpot.aaden.online/,
L´Escala,Hotel / Hospitality,Gala,"57 Hauptstraße, Dreieich, 63303",63303,St. Charles,,,,
La Perla,Restaurant / Catering,Both,"2 Frankfurter Straße, Dreieich, 63303",63303,St. Charles,+49 6103 2025961,info@ristorante-pizzeria-laperla.de,https://www.ristorante-pizzeria-laperla.de/,https://www.ristorante-pizzeria-laperla.de/
La Rughetta,Restaurant / Catering,Both,"38 Eisenbahnstraße, Dreieich, 63303",63303,St. Charles,+49 6103 8023420,info@la-rughetta.de,https://www.la-rughetta.de/,https://www.la-rughetta.de/
Localino Mio,Restaurant / Catering,Both,"4 Buchschlager Allee, Dreieich, 63303",63303,St. Charles,,,,
Mario’s Donuts And Gyros,Restaurant / Catering,Both,"2786 Muegge Road, Saint Charles, 63303",63303,St. Charles,,,,
Mitchell D. Johnson Attorney at Law,Law Firm,Gala,"1523 South Old Highway 94, St Charles, MO, 63303",63303,St. Charles,+1-636-757-3400,,https://mitchelldjohnsonattorneyatlaw.com,
Naturfreundehaus Dreieichenhain,Restaurant / Catering,Both,"14 Eschenweg, Dreieich, 63303",63303,St. Charles,,info@haynerwirtin.de,https://www.haynerwirtin.de/,https://www.haynerwirtin.de/
Nova,Restaurant / Catering,Both,"34b Hauptstraße, Dreieich, 63303",63303,St. Charles,+49 6103 8314460,hallo@nova-dreieich.de,https://www.nova-dreieich.de,https://www.nova-dreieich.de
NTB - National Tire and Battery,Tire Shop,Car Show,"2899 Veterans Memorial Parkway, Saint Charles, 63303",63303,St. Charles,,,,
Paşam,Restaurant / Catering,Both,"10 Otto-Hahn-Straße, Dreieich, 63303",63303,St. Charles,+496103322151,,,
Peking Garden,Restaurant / Catering,Both,"4 Herrenwiesenweg, Dreieich, 63303",63303,St. Charles,+49 6074 66290,,,
PICKLEMAN'S,Restaurant / Catering,Both,"2041 Zumbehl Road, 63303",63303,St. Charles,,,https://www.picklemans.com/,https://www.picklemans.com/contact/
Pizza da Maria,Restaurant / Catering,Both,"31 - 33 Otto-Hahn-Straße, Dreieich, 63303",63303,St. Charles,+4961038314662,,,
Pizza Hut,Restaurant / Catering,Both,"15 Robert-Bosch-Straße, Dreieich, 63303",63303,St. Charles,+49 69 67869820,beispiel@email.com,https://pizzahut.de/,https://pizzahut.de/
Pizzeria Da Luigi,Restaurant / Catering,Both,"4-6 Damaschkestraße, Dreieich, 63303",63303,St. Charles,+49 6103 3103890,info@daluigi-pizzeria.de,https://daluigi-dreieich.de/,
Pizzeria La Palma,Restaurant / Catering,Both,"27 Solmische-Weiher-Straße, Dreieich, 63303",63303,St. Charles,+49 6103 830969,kontakt@pizza-palma.de,https://www.pizza-palma.de/,https://www.pizza-palma.de/
Pizzeria Triangolo,Restaurant / Catering,Both,"9 Offenbacher Straße, Dreieich, 63303",63303,St. Charles,+49 6103 64 985,,https://www.pizzeria-triangolo.de,https://www.pizzeria-triangolo.de
Prasino,Restaurant / Catering,Both,"1520 South Fifth Street, Saint Charles, 63303",63303,St. Charles,,,,
ratiocheck GmbH,Corporate Office,Both,"54 Am Trauben, Dreieich, 63303",63303,St. Charles,,,https://ratiocheck.consulting/,
Rent-A-Center,Furniture & Home,Gala,"1051 Regency Parkway, Saint Charles, MO, 63303",63303,St. Charles,,,,
Restaurant Birkenwald,Restaurant / Catering,Both,"2 Im Haag, Dreieich, 63303",63303,St. Charles,+49 6103 85718,,https://gaststaette-birkenwald.de,
Ristorante Pizzeria da Paolo,Restaurant / Catering,Both,"Außerhalb, Dreieich, 63303",63303,St. Charles,+49 6103 8021111,,https://www.tvbuchschlag.de/vereinslokal/,https://www.tvbuchschlag.de/vereinslokal/
Robert's Automotive Service Center,Auto Repair,Car Show,"1420 Jungs Station Road, Saint Peters, MO, 63303",63303,St. Charles,+1-636-939-0707,,https://locations.autovalue.com/mo/st.-charles/1119364/,https://www.autovalue.com/about-us.php#about
Rosenstengel Immobilien,Real Estate,Gala,"8 Hainer Weg, Dreieich, 63303",63303,St. Charles,+49 6103 83309-80,,https://www.rosenstengel-immobilien.de,https://www.rosenstengel-immobilien.de
Sauce on the Side,Restaurant / Catering,Both,"1405 Beale Street, Saint Charles, MO, 63303",63303,St. Charles,,,https://sauceontheside.com/,https://sauceontheside.com/
Saullo’s Restaurant,Restaurant / Catering,Both,"2778 Muegge Road, Saint Charles, 63303",63303,St. Charles,,,,
SFI Stotz Fredenhagen Industries GmbH,Corporate Office,Both,"Dreieich, 63303",63303,St. Charles,+49 6103 80 53 0,,http://www.stotz-fs.com/,
Shell,Fuel / Convenience,Car Show,"69 Offenbacher Straße, Dreieich, 63303",63303,St. Charles,,,,
Show-Me's Sports Bar & Grill,Restaurant / Catering,Both,"2795 Veterans Memorial Parkway, Saint Charles, MO, 63303",63303,St. Charles,,,,
Soups & Snacks,Restaurant / Catering,Both,"32 Robert-Bosch-Straße, Dreieich, 63303",63303,St. Charles,,,http://www.soups-snacks.de,http://www.soups-snacks.de
South 94 Bistro,Bar / Pub,Both,"19 Jungs Station, 63303",63303,St. Charles,,,http://south94bistro.com/,
Sparkasse Langen-Seligenstadt,Bank / Credit Union,Gala,"32a Hauptstraße, Dreieich, 63303",63303,St. Charles,,,,
Sprendlinger Bahnhof,Restaurant / Catering,Both,"19 Theodor-Heuss-Straße, Dreieich, 63303",63303,St. Charles,+4961032804033,,,
Stef's Pizza,Restaurant / Catering,Both,"1938 Zumbehl Road, Saint Charles, MO, 63303",63303,St. Charles,,,,
Taxi Tayyar,Corporate Office,Both,"5 Lindenstraße, Dreieich, 63303",63303,St. Charles,+49 6103 34122,info@dreieichtaxi.de,https://dreieichtaxi.de/,
TGI Fridays,Restaurant / Catering,Both,"2000 South First Capitol Drive, Saint Charles, 63303",63303,St. Charles,,datastudio2@meetsoci.com,https://locations.tgifridays.com/mo/saint-charles/2000-s-1st-capitol-dr.html,https://tgifridays.com/contactUS/
Tru by Hilton St. Charles St. Louis,Hotel / Hospitality,Gala,"333 Camelback Road, Saint Charles, MO, 63303",63303,St. Charles,+1 636-669-2500,,,
Turm Hotel Rhein-Main,Hotel / Hospitality,Gala,"6 Kabelstraße, Dreieich, 63303",63303,St. Charles,+49 6103 94860,info@turmhotel-rheinmain.de,https://www.turmhotel-rheinmain.de,
Turnverein 1880 Dreieichenhain,Restaurant / Catering,Both,"8 Koberstädter Straße, Dreieich, 63303",63303,St. Charles,+49 6103 84771,,http://turnverein-dreieichenhain.de/index.php/tv-drfeieichenhain-restaurant,http://turnverein-dreieichenhain.de/index.php/tv-drfeieichenhain-restaurant
UMB Bank,Bank / Credit Union,Gala,"1201 Regency Parkway, Saint Charles, MO, 63303",63303,St. Charles,,,,
Verizon Media Germany,Corporate Office,Both,"Dreieich, 63303",63303,St. Charles,+49 6103 57150,,https://www.verizonmedia.com/,https://www.verizonmedia.com/contact
Volksbank Dreieich,Bank / Credit Union,Gala,"9 Buchschlager Allee, Dreieich, 63303",63303,St. Charles,,,,
Volksbank Dreieich Filiale Sprendlingen,Bank / Credit Union,Gala,"2 Offenbacher Straße, Dreieich, 63303",63303,St. Charles,,,,
Wagner,Jeweler,Gala,"72 Hauptstraße, Dreieich, 63303",63303,St. Charles,+49 6103 9883208,goldschmiede-wagner@gmx.com,https://wagner-juwelier-goldschmied.de,https://wagner-juwelier-goldschmied.de
Willi Fladung GmbH Honda,Car Dealership,Car Show,"109 Frankfurter Straße, Dreieich, 63303",63303,St. Charles,,,,
Wirtshaus Leopolt,Restaurant / Catering,Both,"20 Hauptstraße, Dreieich, 63303",63303,St. Charles,+49 6103 733 44 43,,,
wohnraum – Markenmöbel & Einzelstücke,Furniture & Home,Gala,"Robert-Bosch-Straße, Dreieich, 63303",63303,St. Charles,+49 6103 2008092,,https://www.w-raum.de/portfolio-view/dreieich/,
WoodSpring Suites St. Louis St. Charles,Hotel / Hospitality,Gala,"2100 Old Hwy 94 South, Saint Charles, MO, 63303",63303,St. Charles,,,,
Woody's BBQ,Restaurant / Catering,Both,"1821 Zumbehl Road, 63303",63303,St. Charles,,,,
Würth Niederlassung Dreieich,Corporate Office,Both,"Dreieich, 63303",63303,St. Charles,+49 6103 706458 0,info@wuerth.com,https://www.wuerth.de,https://www.wuerth.de
XXXL Mann Mobilia,Furniture & Home,Gala,"5 Voltastraße, Dreieich, 63303",63303,St. Charles,,,https://www.xxxlutz.de/,
Zum Haag,Restaurant / Catering,Both,"1 Im Haag, Dreieich, 63303",63303,St. Charles,,,,
Advance Auto Parts,Auto Parts,Car Show,"1371 Highway K, O'Fallon, 63366",63366,O'Fallon,+1-636-379-1505,,https://stores.advanceautoparts.com/mo/o-fallon/1371-highway-k,https://shop.advanceautoparts.com/o/contact-us
Alliance Credit Union,Bank / Credit Union,Gala,"1051 Highway K, O'Fallon, 63366",63366,O'Fallon,+1-636-343-7005,,https://www.creditunionsonline.com/credit-union-48-25535.html,
Applebee's,Restaurant / Catering,Both,"1377 Highway K, O'Fallon, 63366",63366,O'Fallon,+1-636-272-2700,,https://restaurants.applebees.com/en-us/mo/ofallon/1377-highway-k-81014,https://www.applebees.com/en/contact-us
Autotech Auto Center,Auto Repair,Car Show,"10 Elaine Drive, O'Fallon, 63366",63366,O'Fallon,+1-636-798-8038,mark@autotech.pro,https://autotech.pro,https://autotech.pro/Contact/Find-Us
AutoZone,Auto Parts,Car Show,"1104 Highway K, O'Fallon, 63366",63366,O'Fallon,+1-636-980-1756,,https://www.autozone.com/locations/mo/o-fallon/1104-hwy-k.html,
BMO Harris Bank,Bank / Credit Union,Gala,"101 Laura K Drive, O'Fallon, 63366",63366,O'Fallon,+1-636-696-7200,,https://branches.bmoharris.com/mo/o'fallon/harris2333/,
BTU Consultants,Professional Services,Gala,"1293 Pinehurst Club Court, O'Fallon, MO, 63366",63366,O'Fallon,+1-636-294-7117,lori@btu-consultants.com,https://www.btu-consultants.com/,https://www.btu-consultants.com/contactus.html
Central Bank,Bank / Credit Union,Gala,"321 South Main Street, O'Fallon, 63366",63366,O'Fallon,+1-636-474-2170,,https://www.centralbank.net/locations/ofallon/321-south-main-street/,
China Buffet & Grill,Restaurant / Catering,Both,"373 Winding Woods Drive, O'Fallon, 63366",63366,O'Fallon,+1-636-272-7888,,https://www.chinabuffetofallon.com/,
Comfort Inn & Suites,Hotel / Hospitality,Gala,"100 Comfort Inn Court, O'Fallon, MO, 63366",63366,O'Fallon,+1 636-696-8000,,https://www.choicehotels.com/missouri/o-fallon/comfort-inn-hotels/mo130?pmf=yext&mc=llyxyxpx,
Commerce Bank,Bank / Credit Union,Gala,"101 East Elm Street, O'Fallon, 63366",63366,O'Fallon,,,,
Dirt Cheap,Liquor / Wine,Both,"102 McDonald Lane, O'Fallon, 63366",63366,O'Fallon,,,,
Don Emiliano's Restaurante Mexicano,Restaurant / Catering,Both,"8600 Veterans Memorial Parkway, O'Fallon, 63366",63366,O'Fallon,+1-636-294-9255,,https://donemilianos.com/,https://donemilianos.com/
Dos Primos,Restaurant / Catering,Both,"624 North Main Street, O'Fallon, MO, 63366",63366,O'Fallon,+1 636-978-0130,mayitoparra74@icloud.com,https://www.dosprimosmexicanrestaurant.net,
Edward Jones,Financial / Wealth Mgmt,Gala,"616 North Main Street, O'Fallon, MO, 63366",63366,O'Fallon,+1 636-240-3583,david.marsek@edwardjones.com,https://www.edwardjones.com/us-en/financial-advisor/david-marsek,https://www.edwardjones.com/us-en/financial-advisor/david-marsek#fa-contact-form
Enterprise,Car Rental,Car Show,"1491 Mexico Loop Road East, O'Fallon, 63366",63366,O'Fallon,+1-636-240-8886,,,
Ethyl's Smokehouse,Restaurant / Catering,Both,"8505 Veterans Memorial Parkway, O'Fallon, MO, 63366",63366,O'Fallon,+1 636-978-7755,,https://ethylssmokehouse.com,https://ethylssmokehouse.com
Firestone,Auto Repair,Car Show,"504 South Main Street, O'Fallon, 63366",63366,O'Fallon,+1-636-614-2035,019402@bfrc.com,https://local.firestonecompleteautocare.com/missouri/o-fallon/504-s-main-st/,https://local.firestonecompleteautocare.com/contact/
Frontier Car Wash,Car Wash / Detail,Car Show,"160 Frontier Park Drive, O'Fallon, 63366",63366,O'Fallon,,,,
Global Green Insurance Agency,Insurance Agency,Both,"995 Cool Springs Industrial Drive, O'Fallon, 63366",63366,O'Fallon,+1-636-379-8740,,http://goglobalgreen.com,
Golden Corral,Restaurant / Catering,Both,"1301 Bramblett Road, O'Fallon, 63366",63366,O'Fallon,+1-636-980-1666,,https://www.goldencorral.com/locations/2624/golden-corral-bramblett-road/,https://www.goldencorral.com/contact/
Good News Brewing Company & Wood Fired Pizza,Bar / Pub,Both,"330 Sonderen Street, O'Fallon, 63366",63366,O'Fallon,+1-636-294-6593,,https://www.goodnewsbrewing.com/,https://www.goodnewsbrewing.com/
Ichiro Ramen Bowl,Restaurant / Catering,Both,"1365 Highway K, O'Fallon, 63366",63366,O'Fallon,,,,
IHOP,Restaurant / Catering,Both,"1912 Highway K, O'Fallon, 63366",63366,O'Fallon,+1-636-281-4467,,https://www.ihop.com/en/restaurants-o-fallon-mo/1912-highway-k-5317,
Jiffy Lube,Auto Repair,Car Show,"518 South Main Street, O'Fallon, 63366",63366,O'Fallon,+1-636-240-5252,,,
Jim Schilkoski - State Farm Insurance,Insurance Agency,Both,"100 East Pitman Street, O'Fallon, 63366",63366,O'Fallon,+1-636-978-4800,,https://www.statefarm.com/agent/US/MO/O-fallon/Jim-Schilkoski-8H5Z31YS000,https://www.statefarm.com/lead/contact#agentAssociateID=8H5Z31YS000&event=sfmicrosites
Kirkland's,Furniture & Home,Gala,"2215 Highway K, O'Fallon, 63366",63366,O'Fallon,+1 636-240-7281,,http://www.kirklands.com,
La-Z-Boy,Furniture & Home,Gala,"1690 Highway K, O'Fallon, 63366",63366,O'Fallon,+1-636-379-3945,,https://www.la-z-boy.com/Saint-Louis/Meagan-Avenue/,
Little Arrow Furnishment,Furniture & Home,Gala,"145 O'Fallon Plaza, O'Fallon, 63366",63366,O'Fallon,+1-636-409-1220,,https://www.littlearrowfurnishment.com/,
McAlister's Deli,Restaurant / Catering,Both,"8670 Veterans Memorial Parkway, O'Fallon, 63366",63366,O'Fallon,+1-636-542-8200,,https://www.mcalistersdeli.com/,https://www.mcalistersdeli.com/
McGurk's Public House,Bar / Pub,Both,"108 South Main Street, O'Fallon, 63366",63366,O'Fallon,+1-636-978-9640,,,
Meineke,Auto Repair,Car Show,"715 Highway K, O'Fallon, 63366",63366,O'Fallon,+1-636-614-4545,darylstillman@yahoo.com,https://www.meineke.com/locations/mo/o-fallon-469/,https://www.meineke.com/about/meineke-credit-card/
Midas,Auto Repair,Car Show,"703 Highway K, O'Fallon, 63366",63366,O'Fallon,+1-636-439-5034,,https://www.midas.com/stlouis/store.aspx?shopnum=2336&dmanum=760,https://www.midas.com/about-midas/contact-us
Mobil,Fuel / Convenience,Car Show,"1325 North Main Street, O'Fallon, MO, 63366",63366,O'Fallon,,,,
Monical's Pizza,Restaurant / Catering,Both,"1224 Highway K, O'Fallon, 63366",63366,O'Fallon,+1-636-980-1212,,,
Nancy's Pizzeria,Restaurant / Catering,Both,"2007 Highway K, O'Fallon, 63366",63366,O'Fallon,+1 636-272-2223,comments@nancyspizza.com,https://www.nancyspizza.com/,https://nancyspizza.com/contact-us/
New China,Restaurant / Catering,Both,"620 North Main Street, O'Fallon, MO, 63366",63366,O'Fallon,+1 636-281-0388,jisongzheng@yahoo.com,https://www.newchinaofallon.com/,https://www.newchinaofallon.com/
O'Fallon Garage,Auto Repair,Car Show,"203 South Main Street, O'Fallon, 63366",63366,O'Fallon,+1-636-272-3232,,https://www.autorepairofallonmo.com/,
O'Reilly Auto Parts,Auto Parts,Car Show,"513 South Main Street, O'Fallon, 63366",63366,O'Fallon,+1-636-978-1330,,https://locations.oreillyauto.com/mo/ofallon/autoparts-2003.html,https://www.oreillyauto.com/contact-us
Pantera's Pizza,Restaurant / Catering,Both,"22 O'Fallon Square, O'Fallon, MO, 63366",63366,O'Fallon,+1-636-272-7600,,https://panterasofallon.com/,https://panterasofallon.com/about-us/
Penalty Box,Bar / Pub,Both,"603 North Main Street, O'Fallon, 63366",63366,O'Fallon,+1 636-294-5874,,,
Pheasant Run Golf Course,Country Club / Golf,Gala,"205 Tri-Sports Drive, O'Fallon, 63366",63366,O'Fallon,+1 636 379 0099,stlgolfplex@hotmail.com,https://www.golf-headquarters.com/course/,https://www.golf-headquarters.com/contact-us/event-request/
Phillips 66,Fuel / Convenience,Car Show,"914 Bryan Road, O'Fallon, 63366",63366,O'Fallon,,,https://www.phillips66gas.com/station/P66-PETROMART-17-0000827359,
Pizza Hut,Restaurant / Catering,Both,"38 O'Fallon Square, O'Fallon, MO, 63366",63366,O'Fallon,+1 636-272-7234,,https://locations.pizzahut.com/mo/o'fallon/38-o'fallon-square,
Pizza Hut,Restaurant / Catering,Both,"2187 West Terra Lane, O'Fallon, MO, 63366",63366,O'Fallon,+1 636-542-5321,,https://locations.pizzahut.com/mo/o'fallon/2187-w-terra-ln,
Plaza Tire Service,Auto Repair,Car Show,"1000 North Main Street, O'Fallon, 63366",63366,O'Fallon,+1 636-281-0560,pts63@plazatireservice.com,,
PNC Bank,Bank / Credit Union,Gala,"1400 Mexico Loop Road East, O'Fallon, 63366",63366,O'Fallon,+1-636-272-2449,,https://www.usbanklocations.com/pnc-bank-hwy-k-and-mexico-branch.html,https://www.usbanklocations.com/contact-us.php
QuikTrip,Fuel / Convenience,Car Show,"801 Belleau Creek Road, O'Fallon, 63366",63366,O'Fallon,+1 636-978-7973,,https://www.quiktrip.com/,https://www.quiktrip.com/contact-us
QuikTrip,Fuel / Convenience,Car Show,"8601 Mexico Road, O'Fallon, 63366",63366,O'Fallon,+1 636-240-8341,,https://www.quiktrip.com/,https://www.quiktrip.com/contact-us
Randy's Jewelry,Jeweler,Gala,"309 South Main Street, O'Fallon, 63366",63366,O'Fallon,+1-636-978-1953,,https://www.randys-jewelry.com/about/,https://www.randys-jewelry.com/contact/
Red Robin,Restaurant / Catering,Both,"1440 Mexico Loop Road East, O'Fallon, 63366",63366,O'Fallon,+1-636-281-0383,,https://www.hours-locations.com/red-robin/mo/ofallon/1440-mexico-loop-road-east/,
Regions Bank,Bank / Credit Union,Gala,"1201 Highway K, O'Fallon, 63366",63366,O'Fallon,+1-800-734-4667,,https://www.usbanklocations.com/regions-bank-ofallon-mo-branch.html,https://www.usbanklocations.com/contact-us.php
Sandy Kessler - State Farm Insurance,Insurance Agency,Both,"1293 Bryan Road, O'Fallon, MO, 63366",63366,O'Fallon,,,,
Stefanina's Pizzeria & Restaurant,Restaurant / Catering,Both,"8645 Veterans Memorial Parkway, O'Fallon, 63366",63366,O'Fallon,+1-636-272-3499,,https://stefspizza.com/locations---menus.html,
Super 8 by Wyndham O'Fallon MO/St. Louis Area,Hotel / Hospitality,Gala,"987 West Terra Lane, O'Fallon, MO, 63366",63366,O'Fallon,+1 636-272-7272,accessibility@wyndham.com,https://www.wyndhamhotels.com/super-8/ofallon-missouri/super-8-ofallon-mo-st-louis-area/overview,https://www.wyndhamhotels.com/super-8/contact-us
The Falls Golf Club,Country Club / Golf,Gala,"1170 Turtle Creek Drive, O'Fallon, 63366",63366,O'Fallon,+1-636-240-4653,,https://www.fallsgolf.com/,https://fallsgolf.com/contact/
Two Shamrocks,Restaurant / Catering,Both,"Pheasant Meadow Drive, O'Fallon, MO, 63366",63366,O'Fallon,,,,
U-Haul Moving & Storage,Car Rental,Car Show,"2000 Highway K, O'Fallon, 63366",63366,O'Fallon,+1-636-980-9111,info@amercorealestate.com,https://www.uhaul.com/Locations/Truck-Rentals-near-O_fallon-MO-63366/875054/,https://www.uhaul.com/Contact/
U.S. Bank,Bank / Credit Union,Gala,"1 O'Fallon Square, O'Fallon, 63366",63366,O'Fallon,+1-636-978-5391,,,
Valvoline,Auto Repair,Car Show,"2101 Highway K, O'Fallon, 63366",63366,O'Fallon,+1 636-978-9972,formsubmission@vioc.com,https://store.vioc.com/mo/ofallon/oil-change-050094.html,https://www.vioc.com/contact-us/
Burnt Barrel,Brewery,Both,"730 Lakeside Plaza, Lake Saint Louis, MO, 63367",63367,Lake St. Louis,+1-636-294-2886,nathan@burntbarreldesigns.com,https://www.burntbarrelmead.com,https://burntbarrelmeadery.square.site/contact-us
Chase,Bank / Credit Union,Gala,"8298 Old Route N, Lake Saint Louis, MO, 63367",63367,Lake St. Louis,,,,
Circle K,Car Wash / Detail,Car Show,"1001 Lake Saint Louis Boulevard, Lake Saint Louis, MO, 63367",63367,Lake St. Louis,,,,
Discount Tire,Tire Shop,Car Show,"1015 Southern Ridge Lane, Lake Saint Louis, MO, 63367",63367,Lake St. Louis,,,,
Great Wall,Restaurant / Catering,Both,"131 Civic Center Drive, Lake Saint Louis, MO, 63367",63367,Lake St. Louis,+16366252280,,http://go2greatwall.weebly.com/,http://go2greatwall.weebly.com/
Heritage of Hawk Ridge,Country Club / Golf,Gala,"225 Pigeon Drive, Lake Saint Louis, 63367",63367,Lake St. Louis,+1-636-625-3836,,https://www.heritageofhawkridge.com/,https://heritageofhawkridge.com/contact-us/
Lake Forest Country Club,Country Club / Golf,Gala,"300 Yard Drive, Lake Saint Louis, 63367",63367,Lake St. Louis,+1-636-561-6682,,https://www.lakeforestgolf.org/,https://www.lakeforestgolf.org/contact
Lake Saint Louis 9-Hole Golf Course,Country Club / Golf,Gala,"100 Cognac, Lake Saint Louis, 63367",63367,Lake St. Louis,+1-636-625-8276,,https://lslca.com/jupgrade/index.php/amenities/golf,
Lakeview Inn,Hotel / Hospitality,Gala,"10600 Veterans Memorial Pkwy, Lake Saint Louis, MO, 63367",63367,Lake St. Louis,,,,
Mueller Furniture & Mattress,Furniture & Home,Gala,"9 Fountain Grass Drive, Lake Saint Louis, MO, 63367",63367,Lake St. Louis,+1-636-234-3361,corporate@muellerfurniture.com,https://www.muellerfurniture.com/,
Pizza Hut,Restaurant / Catering,Both,"8649 Highway N, Lake Saint Louis, MO, 63367",63367,Lake St. Louis,+1-636-625-3500,,https://locations.pizzahut.com/mo/lake-saint-louis/8649-highway-n,https://www.pizzahut.com/contact-us
7-Eleven,Fuel / Convenience,Car Show,"610 Jungermann Road, Saint Peters, 63376",63376,St. Peters,,,,
AAA Insurance and Travel Agency,Insurance Agency,Both,"591 Mid Rivers Mall Drive, Saint Peters, MO, 63376",63376,St. Peters,+1 636-279-2299,,,
Al's P-X Wine & Spirits,Liquor / Wine,Both,"7475 Mexico Road, Saint Peters, MO, 63376",63376,St. Peters,+1 636-278-2898,,,
Albadia Mediterranean Cuisine,Restaurant / Catering,Both,"3957 Mid Rivers Mall Drive, Saint Peters, MO, 63376",63376,St. Peters,+1-636-317-1777,elhamalbadia@gmail.com,https://albadia-mo.com,https://albadia-mo.com/#contact
Allstate,Insurance Agency,Both,"7332 Mexico Road, Saint Peters, MO, 63376",63376,St. Peters,+1 636-397-2646,rbillings@allstate.com,https://agents.allstate.com/richard-billings-saint-peters-mo.html,
Auto Spa Speedy Wash,Car Wash / Detail,Car Show,"3008 Mid Rivers Mall Drive, Saint Peters, MO, 63376",63376,St. Peters,+1 866-678-9274,,https://www.autospaspeedywash.com/locations/auto-spa-speedy-wash-st-peters/,
AutoTire,Tire Shop,Car Show,"7319 Mexico Road, Saint Peters, MO, 63376",63376,St. Peters,+1 636-486-0630,,https://www.autotire.com/?storeid=929,
AutoZone,Auto Parts,Car Show,"7235 Mexico Road, Saint Peters, MO, 63376",63376,St. Peters,+1 636-278-4540,,https://www.autozone.com/locations/mo/st-peters/7235-e-mexico-rd.html,
Bandana's Bar-B-Q,Restaurant / Catering,Both,"4155 Veterans Memorial Parkway, Saint Peters, MO, 63376",63376,St. Peters,+1-636-441-4483,info@bandanasbbq.com.com,https://www.bandanasbbq.com,https://www.bandanasbbq.com/about-us/dine-to-donate/
Bank of America,Bank / Credit Union,Gala,"200 Mid Rivers Mall Circle, Saint Peters, MO, 63376",63376,St. Peters,+1 636-278-4469,vincent.raimondi@ml.com,https://locators.bankofamerica.com/mo/saintpeters/financial-centers-saint-peters-11173.html,https://www.bankofamerica.com/customer-service/contact-us/
Bank of America,Bank / Credit Union,Gala,"4189 Veterans Memorial Parkway, Saint Peters, MO, 63376",63376,St. Peters,+1 636-939-1236,christian.bradford@ml.com,https://locators.bankofamerica.com/mo/saintpeters/financial-centers-saint-peters-7747.html,https://www.bankofamerica.com/customer-service/contact-us/
Behlmann's Carnection,Car Dealership,Car Show,"4740 North Service Road, Saint Peters, MO, 63376",63376,St. Peters,+1 636-939-1600,,https://www.carnection.com/,https://www.carnection.com/
Bob's Discount Furniture,Furniture & Home,Gala,"167 Mid Rivers Mall Drive, Saint Peters, MO, 63376",63376,St. Peters,+1 636-255-8088,,https://www.mybobs.com/,https://www.mybobs.com/
Buchheit Supply,Trade / Wholesale,Both,"388 Weiss Road, Cottleville, MO, 63376",63376,St. Peters,,,,
Buffalo Wild Wings,Restaurant / Catering,Both,"179 Mid Rivers Mall Drive, Saint Peters, MO, 63376",63376,St. Peters,+1 636-278-1771,,https://www.buffalowildwings.com/,https://www.buffalowildwings.com/
Car-X Tire & Auto,Auto Repair,Car Show,"6620 Mexico Road, Saint Peters, MO, 63376",63376,St. Peters,+1 636-278-4488,,https://www.carx.com/st-louis/6620-mexico-rd/,https://www.carx.com/contact-us
CarMax,Car Dealership,Car Show,"4990 North Service Road, Saint Peters, MO, 63376",63376,St. Peters,+1 636-387-4263,,https://www.carmax.com/stores/6052,https://www.carmax.com/help-center#contact-us
Carshield,Insurance Agency,Both,"339 Mid Rivers Mall Drive, Saint Peters, MO, 63376",63376,St. Peters,+1 800-974-9385;+1 800-587-4162,customerservice@carshield.com,https://carshield.com/,
CBC Bank,Bank / Credit Union,Gala,"688 Salt Lick Road, Saint Peters, 63376",63376,St. Peters,+1 636-970-1998,,http://www.cbcbank.net/asp/home.asp,
Chili's,Restaurant / Catering,Both,"101 Mid Rivers Mall Circle, Saint Peters, MO, 63376",63376,St. Peters,+1 636-397-4447,,https://www.chilis.com/locations/us/missouri/st-peters/mid-rivers-mall/,
Chillax,Bar / Pub,Both,"1320 Triad Center Drive, Saint Peters, MO, 63376",63376,St. Peters,,info@chillaxstl.com,https://chillaxstl.com/,https://chillaxstl.com/contact/
China Wok,Restaurant / Catering,Both,"309 Mid Rivers Mall Drive, Saint Peters, MO, 63376",63376,St. Peters,+1 636-970-6163,,http://www.stpeterschinawok.com/,http://www.stpeterschinawok.com/
Church Street Bar,Bar / Pub,Both,"435 South Church Street, Saint Peters, MO, 63376",63376,St. Peters,+1 636-397-1883,,,
Circle K,Fuel / Convenience,Car Show,"6105 Mexico Road, Saint Peters, MO, 63376",63376,St. Peters,+1 636-447-4360,,https://www.circlek.com/store-locator/US/st-peters/6105-mexico-rd/4701639,https://www.circlek.com/contact
Citizens National Bank,Bank / Credit Union,Gala,"671 Salt Lick Road, Saint Peters, 63376",63376,St. Peters,+1 636-240-8302,,,
Commerce Bank,Bank / Credit Union,Gala,"435 Mid Rivers Mall Drive, Saint Peters, MO, 63376",63376,St. Peters,+1 636-949-8450,,,
Complete Automotive & Custom Exhaust,Auto Repair,Car Show,"214 McMenamy Road, Saint Peters, 63376",63376,St. Peters,+1 636-916-0505,info@completeautoexhaust.com,http://www.completeautoexhaust.com/,
Conoco,Fuel / Convenience,Car Show,"3949 Veterans Memorial Parkway, Saint Peters, 63376",63376,St. Peters,,,,
Copper Chimney,Restaurant / Catering,Both,"200 Mid Rivers Center, Saint Peters, MO, 63376",63376,St. Peters,+1 636-278-1833,,https://copperchimneystl.com/,
Cosmic Liquor,Liquor / Wine,Both,"421 South Church Street, Saint Peters, MO, 63376",63376,St. Peters,+1 636-279-2929,,,
Costco Gasoline,Fuel / Convenience,Car Show,"200 Costco Way, Saint Peters, MO, 63376",63376,St. Peters,,,https://www.costco.com/warehouse-locations/st-peters-saint-peters-mo-382.html,
Country Club Car Wash,Car Wash / Detail,Car Show,"4200 Mexico Road, Saint Peters, MO, 63376",63376,St. Peters,+1 636-317-1111,,https://cccwstl.com/locations/st-peters-mexico/,
"Country Inn & Suites, St. Peters, MO",Hotel / Hospitality,Gala,"3877 Veterans Memorial Parkway, Saint Peters, MO, 63376",63376,St. Peters,+1 636-939-5900,cx_spmo@countryinn.com,https://www.radissonhotels.com/en-us/hotels/country-inn-st-peters-mo,
Courtyard St. Peters,Hotel / Hospitality,Gala,"4341 Veterans Memorial Parkway, Saint Peters, MO, 63376",63376,St. Peters,+1 636-477-6900,,https://www.marriott.com/hotels/travel/stlsp-courtyard-st-louis-st-peters/,
Dakota Watch Company,Jeweler,Gala,"1600 Mid Rivers Mall, Saint Peters, MO, 63376",63376,St. Peters,+1 636-278-3879,,https://www.dakotawatch.com/index.php/,https://www.dakotawatch.com/pages/contact
Dave Sinclair Lincoln St. Peters,Car Dealership,Car Show,"4760 North Service Road, Saint Peters, MO, 63376",63376,St. Peters,+1 636-441-4400,,https://www.davesinclairlincolnstpeters.com/,https://www.davesinclairlincolnstpeters.com/contactus.aspx
Days Inn by Wyndham St Peters/St Charles,Hotel / Hospitality,Gala,"130 Salt Lick Road, Saint Peters, MO, 63376",63376,St. Peters,+1 636-875-1650,accessibility@wyndham.com,https://www.wyndhamhotels.com/days-inn/saint-peters-missouri/days-inn-st-peters-st-charles/overview,https://www.wyndhamhotels.com/days-inn/contact-us
Denny's,Restaurant / Catering,Both,"3939 Veterans Memorial Parkway, Saint Peters, 63376",63376,St. Peters,,,,
Diamond Shoppe Jewelers,Jeweler,Gala,"7127 Mexico Road, Saint Peters, 63376",63376,St. Peters,+1 636-279-1375,,http://www.diamondshoppejewelers.com/,http://www.diamondshoppejewelers.com/contact-us.html
Drury Inn & Suites,Hotel / Hospitality,Gala,"170 Mid Rivers Mall Circle, Saint Peters, MO, 63376",63376,St. Peters,+1-636-397-9700,,https://www.druryhotels.com/locations/st-louis-mo/drury-inn-and-suites-st-louis-st-peters,https://www.druryhotels.com/contact
Ed Napleton Honda St. Peters,Car Dealership,Car Show,"4780 North Service Road, Saint Peters, MO, 63376",63376,St. Peters,+1 888-840-3576,internetleads0614@car-crm.com,https://www.napletonhonda.com/,https://www.napletonhonda.com/contact.htm
Einstein Bagels,Restaurant / Catering,Both,"318 Mid Rivers Mall Drive, Saint Peters, MO, 63376",63376,St. Peters,,,,
El Guatal,Restaurant / Catering,Both,"5885 Suemandy Drive, Saint Peters, MO, 63376",63376,St. Peters,,elguatal@yahoo.com,https://www.elguatal.com/,https://www.elguatal.com/contact-us
El Maguey,Restaurant / Catering,Both,"7139 Mexico Road, Saint Peters, MO, 63376",63376,St. Peters,+1 636-397-5858,,,
Enterprise Bank & Trust,Bank / Credit Union,Gala,"300 Saint Peters Centre Boulevard, Saint Peters, MO, 63376",63376,St. Peters,+1 636-926-3900,cso@enterprisebank.com,https://www.enterprisebank.com/branch?b=a0I30000004yGhyEAE&l=kc,https://www.enterprisebank.com/contact-us
Extended Stay America,Hotel / Hospitality,Gala,"5555 Veterans Memorial Parkway, Saint Peters, MO, 63376",63376,St. Peters,+1-636-926-2800,ssp@extendedstay.com,https://www.extendedstayamerica.com/hotels/mo/st-louis/st-peters,
First Watch,Restaurant / Catering,Both,"312 Mid Rivers Center, Saint Peters, MO, 63376",63376,St. Peters,+1 636-970-0050,,https://www.firstwatch.com/locations/st-peters,https://www.firstwatch.com/contact
Francesco's Family Italian Restaurant,Restaurant / Catering,Both,"429 South Church Street, Saint Peters, MO, 63376",63376,St. Peters,+1 636-278-5225,,,
Frecks & Sons Automotive,Auto Repair,Car Show,"1555 Centre Pointe Court, Saint Peters, MO, 63376",63376,St. Peters,+1-636-928-5326,,https://frecksandsons.net,https://frecksandsons.net/contact-us/
Gateway Autowash,Car Wash / Detail,Car Show,"455 South Church Street, Saint Peters, MO, 63376",63376,St. Peters,,,,
Hannoush Jewelers,Jeweler,Gala,"1600 Mid Rivers Mall, Saint Peters, MO, 63376",63376,St. Peters,+1 636-397-8878,,https://www.hannoush.com/locations/mid-rivers-mall,
Helzberg Diamonds,Jeweler,Gala,"1600 Mid Rivers Mall, Saint Peters, MO, 63376",63376,St. Peters,+1 636-970-6118,,https://www.helzberg.com/store-locator/mid+rivers+mall.do,https://www.helzberg.com/on/demandware.store/Sites-Helzberg-Site/en_US/ContactUs-Landing
HoneyBaked Ham,Restaurant / Catering,Both,"185 Mid Rivers Mall Drive, Saint Peters, MO, 63376",63376,St. Peters,+1 636-397-4905,hbhcatering@hbham.com,https://www.honeybaked.com/stores/406,https://www.honeybaked.com/stores/406
Hooters,Restaurant / Catering,Both,"4061 Veterans Memorial Parkway, Saint Peters, 63376",63376,St. Peters,,,,
Imo's,Restaurant / Catering,Both,"595 Starwood Drive, Saint Peters, 63376",63376,St. Peters,+1 636-278-6552,,https://www.imospizza.com/location/restaurant/mid-rivers-mo,https://www.imospizza.com/contact-corporate/
Kay Jewelers,Jeweler,Gala,"1600 Mid Rivers Mall, Saint Peters, MO, 63376",63376,St. Peters,+1 636-279-1534,,https://www.kay.com/en/kaystore,
Kyoto Steakhouse of Japan,Restaurant / Catering,Both,"4054 North Cloverleaf Drive, Saint Peters, 63376",63376,St. Peters,+1 636-685-0018,,https://www.kyotosaintpeters.com/,
Lanabri's Bistro,Restaurant / Catering,Both,"1600 Mid Rivers Mall, Saint Peters, MO, 63376",63376,St. Peters,+1 636-970-1860,,https://www.facebook.com/Lanabris-Bistro-198955813626836/,https://www.facebook.com/Lanabris-Bistro-198955813626836/
Llywelyn's Pub,Bar / Pub,Both,"3300 Mid Rivers Mall Drive, Saint Peters, MO, 63376",63376,St. Peters,+1 314-361-3003,,https://llywelynspub.com/st-peters,https://llywelynspub.com/st-peters
LongHorn Steakhouse,Restaurant / Catering,Both,"3979 Veterans Memorial Parkway, Saint Peters, 63376",63376,St. Peters,,,,
Lou Fusz Chevrolet,Car Dealership,Car Show,"5120 North Service Road, Saint Peters, MO, 63376",63376,St. Peters,+1 866-491-1932,,https://www.loufuszchevrolet.com/,
Lou Fusz Chevrolet Certified Service Express,Auto Repair,Car Show,"5120 B North Service Road, Saint Peters, MO, 63376",63376,St. Peters,+1 636-875-5402,,https://www.loufuszchevrolet.com/certifiedserviceexpress,
Lucky China,Restaurant / Catering,Both,"7114 Mexico Road, Saint Peters, MO, 63376",63376,St. Peters,+1 636-397-3888,,http://luckychinamo.com/,
Lucky Sushi & Chinese,Restaurant / Catering,Both,"222 Mid Rivers Center, Saint Peters, MO, 63376",63376,St. Peters,+1 636-278-1885,luckysushihouse@yahoo.com,https://www.luckysushihouse.net/,
Mariner Finance,Financial / Wealth Mgmt,Gala,"286 Mid Rivers Center, Saint Peters, MO, 63376",63376,St. Peters,+1 636-542-4652,,https://www.marinerfinance.com/locations/missouri/mariner-finance-location-in-st-peters-mo/,https://www.marinerfinance.com/locations/missouri/mariner-finance-location-in-st-peters-mo/
Martian Car Wash,Car Wash / Detail,Car Show,"6678 Mexico Road, Saint Peters, MO, 63376",63376,St. Peters,,,,
Masters Automotive,Auto Repair,Car Show,"7245 Mexico Road, Saint Peters, MO, 63376",63376,St. Peters,+1 636-279-6315,,,
McAlister's Deli,Restaurant / Catering,Both,"7106 Mexico Road, Saint Peters, MO, 63376",63376,St. Peters,+1 636-875-5890,,https://www.mcalistersdeli.com/locations/mo/st-peters/7106-mexico-road-1422,https://www.mcalistersdeli.com/locations/mo/st-peters/7106-mexico-road-1422
Mellow Mushroom,Restaurant / Catering,Both,"4716 Mid Rivers Mall Drive, Cottleville, MO, 63376",63376,St. Peters,,,https://mellowmushroom.com/,https://mellowmushroom.com/
Michael Hebert - State Farm Insurance,Insurance Agency,Both,"3026 Mid Rivers Mall Drive, Saint Peters, MO, 63376",63376,St. Peters,+1 636-949-7901,team@keen.io,https://www.insuredbymike.com/,https://www.insuredbymike.com/#contact-form-tab
Midas,Auto Repair,Car Show,"336 Mid Rivers Mall Drive, Saint Peters, MO, 63376",63376,St. Peters,+1 636-323-3044,,https://www.midas.com/stlouis/store.aspx?shopnum=2190&dmanum=760,https://www.midas.com/about-midas/contact-us
Missouri Farm Bureau Insurance,Insurance Agency,Both,"288 Mid Rivers Center, Saint Peters, MO, 63376",63376,St. Peters,+1 636-441-4655,matt.cleary@mofb.com,https://agents.mofbinsurance.com/mo/st-peters/288-mid-rivers-ctr,
Mobil,Fuel / Convenience,Car Show,"403 Mid Rivers Mall Drive, Saint Peters, MO, 63376",63376,St. Peters,,,,
Mobil,Fuel / Convenience,Car Show,"4200 Mexico Road, Saint Peters, MO, 63376",63376,St. Peters,+1 636-317-1111,,https://www.ontherunstl.com/store/st.-peters-4,
Napleton Mid Rivers Maserati,Car Dealership,Car Show,"4953 Veterans Memorial Parkway, Saint Peters, MO, 63376",63376,St. Peters,+1 888-389-6560,,https://www.maseratistl.com/,https://www.maseratistl.com/contactus
Napleton's Mid Rivers Chrysler Dodge Jeep RAM,Car Dealership,Car Show,"4951 Veterans Memorial Parkway, Saint Peters, MO, 63376",63376,St. Peters,+1 888-472-2059,fshaffer@napleton.com,https://www.napletonsmidriverscdjr.com/,https://www.napletonsmidriverscdjr.com/contact.htm
Napleton's Mid Rivers Kia,Car Dealership,Car Show,"4955 Veterans Memorial Parkway, Saint Peters, MO, 63376",63376,St. Peters,+1 855-823-8292,dave@napleton.com,https://www.midriverskia.com/,https://www.midriverskia.com/contact.htm
Neighbors Credit Union,Bank / Credit Union,Gala,"4745 Mexico Road, Saint Peters, 63376",63376,St. Peters,,,,
NTB,Auto Repair,Car Show,"5701 Suemandy Drive, Saint Peters, MO, 63376",63376,St. Peters,+1 636-279-2210,,https://www.ntb.com/store/mo/saint-peters/5701-suemandy-dr-63376/4283,
O'Reilly Auto Parts,Auto Parts,Car Show,"683 Salt Lick Road, Saint Peters, 63376",63376,St. Peters,+1 636-281-1882,,https://locations.oreillyauto.com/mo/saintpeters/autoparts-1315.html,https://www.oreillyauto.com/contact-us
Oil Change Plus,Auto Repair,Car Show,"3030 Mid Rivers Mall Drive, Saint Peters, MO, 63376",63376,St. Peters,+1 636-970-2999,,https://www.oilchangeplusrepair.com/,
Olive Garden,Restaurant / Catering,Both,"5815 Suemandy Road, Saint Peters, MO, 63376",63376,St. Peters,+1 636-279-2822,,https://www.olivegarden.com/,https://www.olivegarden.com/contact-us
Outback Steakhouse,Restaurant / Catering,Both,"5228 North Service Road, Saint Peters, MO, 63376",63376,St. Peters,,,,
Page Law,Law Firm,Gala,"24 Richmond Center Court, St. Peters, MO, 63376",63376,St. Peters,+1-636-278-1202,,https://www.pagelaw.com/,https://www.pagelaw.com/contact/
Pappas Toyota,Car Dealership,Car Show,"10011 Spencer Road, Saint Peters, MO, 63376",63376,St. Peters,+1 877-467-5156,,https://www.pappastoyota.com/,
Penn Station East Coast Subs,Restaurant / Catering,Both,"318 Mid Rivers Mall Drive, Saint Peters, MO, 63376",63376,St. Peters,+1 636-397-8223,,,
Petro-Mart,Fuel / Convenience,Car Show,"6095 Mexico Road, Saint Peters, MO, 63376",63376,St. Peters,+1 636-928-8363,,https://www.phillips66gas.com/,https://www.phillips66gas.com/contact-us/
Phillips 66,Fuel / Convenience,Car Show,"699 Salt Lick Road, Saint Peters, 63376",63376,St. Peters,+1 636-387-7129,,https://www.phillips66gas.com/station/P66-ST-PETERS-P66-0000886878/,
Phillips 66,Fuel / Convenience,Car Show,"7901 Mexico Road, Saint Peters, 63376",63376,St. Peters,+1 636-379-6646,,https://www.phillips66gas.com/station/P66-SEI-26911-0000884280/,
Phillips 66,Fuel / Convenience,Car Show,"664 Jungermann Road, Saint Peters, 63376",63376,St. Peters,,,https://www.phillips66gas.com/station/P66-PETROMART-37-0000908212/,
Phillips 66,Fuel / Convenience,Car Show,"994 Knaust Road, Cottleville, 63376",63376,St. Peters,,,https://www.phillips66gas.com/station/P66-34-FASTLANE-0000852013/,
Piercing Pagoda,Jeweler,Gala,"1600 Mid Rivers Mall, Saint Peters, MO, 63376",63376,St. Peters,+1 636-397-8600,,https://www.pagoda.com/store/st-peters-mo-pag01431,https://www.pagoda.com/store/st-peters-mo-pag01431
Pirrone’s Pizzeria,Restaurant / Catering,Both,"299 Salt Lick Road, Saint Peters, 63376",63376,St. Peters,+1 636 278 3800,,https://www.pirronespizza.com/,
Pizza Hut,Restaurant / Catering,Both,"939 Jungermann Road, Saint Peters, MO, 63376",63376,St. Peters,+1 636-447-8555,,https://locations.pizzahut.com/mo/saint-peters/939-jungermann-rd,https://www.pizzahut.com/contact-us
Pizza Hut,Restaurant / Catering,Both,"7315 Mexico Road, Saint Peters, MO, 63376",63376,St. Peters,+1 636-279-2645,,https://locations.pizzahut.com/mo/saint-peters/7315-mexico-rd,https://www.pizzahut.com/contact-us
Plaza Tire Service,Tire Shop,Car Show,"7878 Mexico Road, Saint Peters, 63376",63376,St. Peters,,customercare@sun.auto,https://www.plazatireservice.com/,https://www.plazatireservice.com/contact-us
Pure St.,Corporate Office,Both,"2100 Pure St, 63376",63376,St. Peters,+1-636-442-9931,,https://www.purestpeters.com,https://www.purestpeters.com/apartments/mo/saint-peters/contact-us
QuikTrip,Fuel / Convenience,Car Show,"3000 Mid Rivers Mall Drive, Saint Peters, 63376",63376,St. Peters,,,,
QuikTrip,Fuel / Convenience,Car Show,"3847 McClay Road, Saint Peters, MO, 63376",63376,St. Peters,,,,
QuikTrip,Fuel / Convenience,Car Show,"391 Main Street, Saint Peters, MO, 63376",63376,St. Peters,,,,
Red Lobster,Restaurant / Catering,Both,"4101 Veterans Memorial Parkway, Saint Peters, MO, 63376",63376,St. Peters,,,,
Red Robin,Restaurant / Catering,Both,"317 Mid Rivers Mall Drive, Saint Peters, MO, 63376",63376,St. Peters,+1 636-279-6622,,,
Roger & Hollands Jewelers,Jeweler,Gala,"1600 Mid Rivers Mall, Saint Peters, MO, 63376",63376,St. Peters,+1 636-764-2100,,https://rogersandhollands.com/storelocator/location/storeinfo/?id=30084,https://rogersandhollands.com/contact-us
Ruby Tuesday,Restaurant / Catering,Both,"190 Mid Rivers Mall Circle, Saint Peters, MO, 63376",63376,St. Peters,+1 636-279-1356,,https://www.rubytuesday.com/,https://www.rubytuesday.com/contact-us/
Shamrocks,Restaurant / Catering,Both,"4177 Veterans Memorial Parkway, Saint Peters, MO, 63376",63376,St. Peters,,,,
Shamrocks Pub n Grill,Restaurant / Catering,Both,"7337 Mexico Road, Saint Peters, MO, 63376",63376,St. Peters,+1-636-939-2000,shamrocksgrill@yahoo.com,https://www.shamrocks-pubandgrill.com,https://www.shamrocks-pubandgrill.com/aboutus
Snow Factory,Restaurant / Catering,Both,"1600 Mid Rivers Mall, Saint Peters, MO, 63376",63376,St. Peters,,,,
Soulard Gyro,Restaurant / Catering,Both,"318 Mid Rivers Mall Drive, Saint Peters, MO, 63376",63376,St. Peters,,,,
St. Charles Hyundai,Car Dealership,Car Show,"5701 Veterans Memorial Parkway, Saint Peters, MO, 63376",63376,St. Peters,+1 888-404-3103,,https://www.stcharleshyundai.com/,
St. Charles Nissan,Car Dealership,Car Show,"5625 Veterans Memorial Parkway, Saint Peters, MO, 63376",63376,St. Peters,+1 888-375-3511,,https://www.stcharlesnissan.com/,
The Pasta House Company,Restaurant / Catering,Both,"4095 Veterans Memorial Parkway, Saint Peters, MO, 63376",63376,St. Peters,,,,
Together Credit Union,Bank / Credit Union,Gala,"1770 Woodstone Drive, Saint Peters, MO, 63376",63376,St. Peters,,,,
Traffic Law Center,Law Firm,Gala,"301 Mid Rivers Mall Drive, Saint Peters, MO, 63376",63376,St. Peters,+1 636-397-0430,,https://www.trafficlawcenters.com/traffic-law-st-peters.html,
U-Haul Authorized Dealer,Car Rental,Car Show,"3030 Mid Rivers Mall Drive, Saint Peters, MO, 63376",63376,St. Peters,+1 636-970-2999,,https://www.oilchangeplusrepair.com/,
U.S. Bank,Bank / Credit Union,Gala,"577 Mid Rivers Mall Drive, Saint Peters, MO, 63376",63376,St. Peters,+1 636-970-2170,,https://locations.usbank.com/index/missouri/st-peters/mid-rivers-schnucks-branch.html,
U.S. Bank,Bank / Credit Union,Gala,"4155 Mexico Road, Saint Peters, 63376",63376,St. Peters,,,,
Value City Furniture,Furniture & Home,Gala,"202 Mid Rivers Center, Saint Peters, MO, 63376",63376,St. Peters,+1 636-397-9002,,https://www.valuecityfurniture.com/store-locator/mo/st-peters/202-mid-rivers-mall-drive,https://www.valuecityfurniture.com/store-locator/mo/st-peters/202-mid-rivers-mall-drive
Valvoline,Auto Repair,Car Show,"304 Mid Rivers Mall Drive, Saint Peters, MO, 63376",63376,St. Peters,+1 636-397-4856,formsubmission@vioc.com,https://store.vioc.com/mo/stpeters/oil-change-050004.html,https://www.vioc.com/contact-us/
Vantage Credit Union,Bank / Credit Union,Gala,"1040 Cave Springs Boulevard, Saint Peters, 63376",63376,St. Peters,,,,
Wash N' Run,Car Wash / Detail,Car Show,"203 Mid Rivers Mall Drive, Saint Peters, MO, 63376",63376,St. Peters,+1 636-397-1755,,https://ontherunstl.com/store/st.-peters-3,
Waxed Carwash,Car Wash / Detail,Car Show,"1285 Jungermann Road, Saint Peters, 63376",63376,St. Peters,+1 314-713-4703,,,
Weber Law Firm,Law Firm,Gala,"340 Mid Rivers Mall Drive, Saint Peters, MO, 63376",63376,St. Peters,+1 636-487-4139; +1 636-219-7272; +1 888-312-6234,matt@mattweberlaw.com,https://www.mattweberlaw.net/,
Weekends Only,Furniture & Home,Gala,"411 Mid Rivers Mall Drive, Saint Peters, MO, 63376",63376,St. Peters,+1 314-447-1570,,https://www.weekendsonly.com/midrivers,
Wishbone Properties,Real Estate,Gala,"35 Jamaica Drive, Saint Peters, MO, 63376",63376,St. Peters,+1-314-312-7264,tammy@wishbonebuyshomes.com,https://wishbonebuyshomes.com/,
Bandanas Bar-B-Q,Restaurant / Catering,Both,"70 Front Street, 63379",63379,Troy,+1-636-537-8444,info@bandanasbbq.com.com,https://www.bandanasbbq.com/location/troy-mo/,https://www.bandanasbbq.com/about-us/dine-to-donate/
BP,Fuel / Convenience,Car Show,"1424 South Main Street, Troy, Missouri, 63379",63379,Troy,,,,
Matt's Automotive,Auto Repair,Car Show,"139 South Lincoln Drive, Troy, MO, 63379",63379,Troy,+1636-775-9199,,https://www.mattsautomotivemo.com/,
Phillips 66,Fuel / Convenience,Car Show,"2 Merlin Drive, Troy, MO, 63379",63379,Troy,,,https://www.phillips66gas.com/station/P66-Q-STOP-0000908236/,
Pizza Hut,Restaurant / Catering,Both,"15 Lincoln Center, Troy, MO, 63379",63379,Troy,+1 636-528-4500,,https://locations.pizzahut.com/mo/troy/15-lincoln-ctr,https://www.pizzahut.com/contact-us
Town & Country Insurance,Insurance Agency,Both,"502 E Cherry St, Troy, MO, 63379",63379,Troy,+1 636-528-5288,,https://tci4u.com/,https://tci4u.com/contact.html
Woods Fort Golf Course,Country Club / Golf,Gala,"1 Country Club Drive, Troy, MO, 63379",63379,Troy,+1 636 528 0040,,https://woodsfortgolf.com/,https://woodsfortgolf.com/contact-us/
54th Street Grill and Bar,Restaurant / Catering,Both,"1897 Wentzville Parkway, Wentzville, MO, 63385",63385,Wentzville,+1-636-327-5454,,https://www.54thstreetgrill.com/wentzville-mo.html,https://www.54thstreetgrill.com/cmss_files/attachmentlibrary/contactless-menu-A.pdf
Alltru Credit Union,Bank / Credit Union,Gala,"1232 Wentzville Parkway, Wentzville, MO, 63385",63385,Wentzville,+16369168300,,,
Applebee's,Restaurant / Catering,Both,"1987 Wentzville Parkway, Wentzville, MO, 63385",63385,Wentzville,+1-636-332-9249,,https://restaurants.applebees.com/en-us/mo/wentzville/1987-wentzville-pkwy.-81022,https://www.applebees.com/en/contact-us
Auto Spa Speedy Wash,Car Wash / Detail,Car Show,"25 Jiffy Street, Wentzville, MO, 63385",63385,Wentzville,+1-866-678-9274,info@autospaspeedywash.com,https://autospaspeedywash.com,
AutoZone,Auto Parts,Car Show,"1206 West Pearce Boulevard, Wentzville, MO, 63385",63385,Wentzville,+1-636-327-0674,,https://www.autozone.com/locations/mo/wentzville/1206-w-pearce-blvd.html,
Bandana's,Restaurant / Catering,Both,"1 Ruggeri Drive, Wentzville, 63385",63385,Wentzville,+1-636-887-4050,info@bandanasbbq.com.com,https://www.bandanasbbq.com/location/wentzville-mo/,https://www.bandanasbbq.com/about-us/dine-to-donate/
Bank of America,Bank / Credit Union,Gala,"1200 West Pearce Boulevard, Wentzville, MO, 63385",63385,Wentzville,,brandon.portell@ml.com,https://locators.bankofamerica.com/mo/wentzville/financial-centers-wentzville-15826.html,https://www.bankofamerica.com/customer-service/contact-us/
Bear Creek Golf Club,Country Club / Golf,Gala,"158 Bear Creek Drive, Wentzville, MO, 63385",63385,Wentzville,+1-636-332-5018,info@bearcreekgolf.com,https://bearcreekgolf.com/,https://www.bearcreekgolf.com/contact/
Bob Evans,Restaurant / Catering,Both,"3001 Wentzville Parkway, Wentzville, MO, 63385",63385,Wentzville,+1-636-327-0465,,https://order.bobevans.com/menu/wentzville,https://order.bobevans.com/menu/wentzville
BP,Fuel / Convenience,Car Show,"15260 Veterans Memorial Parkway, Wentzville, MO, 63385",63385,Wentzville,,,,
Brett Hull's Junction House,Restaurant / Catering,Both,"1311 Lodora Drive, Wentzville, MO, 63385",63385,Wentzville,+1-314-375-4855,contact@junction-house.com,https://junction-house.com,
Budget Inn Wentzville,Hotel / Hospitality,Gala,"1258 Continental Drive, Wentzville, MO, 63385",63385,Wentzville,,,,
Buffalo Wild Wings,Restaurant / Catering,Both,"1285 West Pearce Boulevard, Wentzville, MO, 63385",63385,Wentzville,+1-636-887-4895,,,
Caliber Collision,Auto Repair,Car Show,"1011 Wilmer Road, Wentzville, MO, 63385",63385,Wentzville,+1-636-327-7447,wentzville@calibercollision.com,https://www.caliber.com/find-a-location/wentzville,https://www.caliber.com/contact-us
Chillax,Bar / Pub,Both,"714 West Pearce Boulevard, Wentzville, 63385",63385,Wentzville,,,,
Chimi's Fresh-Mex,Restaurant / Catering,Both,"8 Wentzville Center Drive, 63385",63385,Wentzville,+1 636 887 4422,,http://www.chimisstl.com/,http://www.chimisstl.com/
Commerce Bank,Bank / Credit Union,Gala,"1994 Wentzville Parkway, Wentzville, MO, 63385",63385,Wentzville,,,,
Crumbl Cookies,Restaurant / Catering,Both,"1768 Wentzville Parkway, Wentzville, MO, 63385",63385,Wentzville,+16364455799,,,
Discount Tire,Tire Shop,Car Show,"1560 Wentzville Parkway, Wentzville, MO, 63385",63385,Wentzville,+1-636-698-9761,,,
Edward Jones,Financial / Wealth Mgmt,Gala,"1826 Wentzville Parkway, Wentzville, MO, 63385",63385,Wentzville,,,,
El Agave Mexican Restaurant,Restaurant / Catering,Both,"1201 Wentzville Parkway, Wentzville, 63385",63385,Wentzville,+1-636-925-2332,,https://www.elagavemxtogo.com,https://www.elagavemxtogo.com/contact#scroll-5238
El Maguey,Restaurant / Catering,Both,"1075 West Pearce Boulevard, Wentzville, 63385",63385,Wentzville,,,,
Fairfield Inn & Suites St. Louis West/Wentzville,Hotel / Hospitality,Gala,"130 Crossroads South Drive, Wentzville, MO, 63385",63385,Wentzville,+1 636-332-5000,,https://www.marriott.com/hotels/hotel-rooms/stlwv-fairfield-inn-and-suites-st-louis-west-wentzville/,https://www.marriott.com/loyalty.mi
Farmers Insurance,Insurance Agency,Both,"15366 Veterans Memorial Pkwy, Wentzville, 63385",63385,Wentzville,+1-636-875-1975,jscott@farmersagent.com,https://agents.farmers.com/mo/wentzville/justin-neskas,https://www.farmers.com/contact-us/
First Community Credit Union,Bank / Credit Union,Gala,"1000 Parkway Ridge Boulevard, Wentzville, MO, 63385",63385,Wentzville,+1-636-728-3333,,,
Golf Club of Wentzville,Country Club / Golf,Gala,"9 Pro Shop Drive, Wentzville, MO, 63385",63385,Wentzville,,,,
Hampton Inn St. Louis Wentzville,Hotel / Hospitality,Gala,"150 Wentzville Bluffs Drive, Wentzville, MO, 63385",63385,Wentzville,+1 636-445-3780,,https://www.hilton.com/en/hotels/stlwzhx-hampton-st-louis-wentzville/,
HNB Bank,Bank / Credit Union,Gala,"1977 Wentzville Parkway, Wentzville, MO, 63385",63385,Wentzville,+1-636-332-4462,,,
Holiday Inn Express & Suites,Hotel / Hospitality,Gala,"1100 Lodora Drive, Wentzville, MO, 63385",63385,Wentzville,+1 636-887-2700,hiexwentzvillefd@gmail.com,https://www.ihg.com/holidayinnexpress/hotels/us/en/wentzville/stlws/hoteldetail,https://www.ihg.com/hotels/us/en/customer-care/contact-us
Hotshots Sports Bar and Grill,Restaurant / Catering,Both,"49 Wentzville Bluffs Drive, Wentzville, 63385",63385,Wentzville,+1 636-887-2751,customerservice@hotshotsnet.com,https://hotshotsnet.com/locations/wentzville-mo/,https://hotshotsnet.com/contact/
IHOP,Restaurant / Catering,Both,"10 Layla Lane, Wentzville, MO, 63385",63385,Wentzville,+1-636-887-4467,,https://restaurants.ihop.com/en-us/mo/wentzville/breakfast-10-layla-ln-2074,https://www.ihop.com/en/contact-us
Jiffy Lube,Auto Repair,Car Show,"11 Jiffy Street, Wentzville, MO, 63385",63385,Wentzville,+1-636-332-9671,,https://www.jiffylube.com/locations/mo/wentzville/2918,https://www.jiffylube.com/contact
Los Portales,Restaurant / Catering,Both,"503 West Pearce Boulevard, Wentzville, 63385",63385,Wentzville,+1-636-639-1522,,https://www.yelp.com/biz/los-portales-restaurant-and-grocery-wentzville,
Marks Jewelry Co,Jeweler,Gala,"504 West Pearce Boulevard, Wentzville, 63385",63385,Wentzville,,marksjewelryco@yahoo.com,https://www.marksjewelryco.com/,https://www.marksjewelryco.com/contact-us.aspx
McAlister's Deli,Restaurant / Catering,Both,"1772 Wentzville Parkway, Wentzville, MO, 63385",63385,Wentzville,+1-636-445-5770,tripadvisorreviews@medallia.com,https://locations.mcalistersdeli.com/mo/wentzville/1772-wentzville-parkway,https://survey3.medallia.com/?mcalisters-contact-us&amp;br=5
Midas,Auto Repair,Car Show,"2 Jiffy Street, Wentzville, MO, 63385",63385,Wentzville,+1-636-821-8036,,https://www.midas.com/stlouis/store.aspx?shopnum=4237&dmanum=760,https://www.midas.com/about-midas/contact-us
"Missouri Crane, Inc.",Car Rental,Car Show,"29 East Highway N, Wentzville, 63385",63385,Wentzville,+1-636-441-4100,info@missouricrane.com,https://www.missouricrane.com/,https://www.missouricrane.com/about-us
Mobil,Fuel / Convenience,Car Show,"1744 Wentzville Parkway, Wentzville, MO, 63385",63385,Wentzville,+1-636-332-9000,,,
MotoMart,Fuel / Convenience,Car Show,"101 Discovery Center Drive, Wentzville, MO, 63385",63385,Wentzville,+1-636-655-8290,,,
O'Reilly Auto Parts,Auto Parts,Car Show,"1906 Wentzville Parkway, Wentzville, MO, 63385",63385,Wentzville,+1-636-327-4141,,https://locations.oreillyauto.com/mo/wentzville/autoparts-1763.html,https://www.oreillyauto.com/contact-us
Olive Garden,Restaurant / Catering,Both,"1280 West Pearce Boulevard, Wentzville, MO, 63385",63385,Wentzville,+1-636-332-2250,,https://www.olivegarden.com/locations/mo/wentzville/wentzville-crossing-south/1841,https://www.olivegarden.com/locations/mo/wentzville/wentzville-crossing-south/1841
Pete's Drive In,Restaurant / Catering,Both,"1009 East Pearce Boulevard, Wentzville, 63385",63385,Wentzville,,,,
Phillips 66,Fuel / Convenience,Car Show,"1235 Wentzville Parkway, Wentzville, MO, 63385",63385,Wentzville,,,,
Pizza Ranch,Restaurant / Catering,Both,"1225 Wentzville Parkway, Wentzville, 63385",63385,Wentzville,+1-636-887-2890,ranchrewards@pizzaranch.com,https://pizzaranch.com/locations/mo/wentzville/1225-wentzville-parkway,https://pizzaranch.com/about/contact-us
PNC Bank,Bank / Credit Union,Gala,"1893 Wentzville Parkway, Wentzville, MO, 63385",63385,Wentzville,,,,
Poage Chevrolet,Car Dealership,Car Show,"851 West Pearce Boulevard, Wentzville, MO, 63385",63385,Wentzville,,,,
QuikTrip,Fuel / Convenience,Car Show,"1140 West Pearce Boulevard, Wentzville, MO, 63385",63385,Wentzville,,,,
Ramada Wentzville,Hotel / Hospitality,Gala,"900 Corporate Parkway, Wentzville, MO, 63385",63385,Wentzville,,,,
Regions Bank,Bank / Credit Union,Gala,"1843 Wentzville Parkway, Wentzville, MO, 63385",63385,Wentzville,+1-800-734-4667,,,
Rizzo's Bar & Grill,Restaurant / Catering,Both,"1155 Wentzville Parkway, Wentzville, MO, 63385",63385,Wentzville,+1-636-332-6757,kjgoddard07@gmail.com,https://rizzosbarandgrill.com/,https://rizzosbarandgrill.com/contact
Sakura Hibachi & Sushi,Restaurant / Catering,Both,"1119 West Pearce Boulevard, Wentzville, 63385",63385,Wentzville,+1-636-327-5068,,https://www.wentzvillesakura.com/,https://www.wentzvillesakura.com/#about
Sam's Club Gas Station,Fuel / Convenience,Car Show,"3055 Bear Creek Drive, Wentzville, MO, 63385",63385,Wentzville,,,,
Sauce on the Side,Restaurant / Catering,Both,"1764 Wentzville Parkway, Wentzville, MO, 63385",63385,Wentzville,+16368569255,,https://sauceontheside.com/,https://sauceontheside.com/
Scrubbles Car Wash,Car Wash / Detail,Car Show,"15268 Veterans Memorial Parkway, Wentzville, MO, 63385",63385,Wentzville,,,,
Stefanina's,Restaurant / Catering,Both,"762 West Pearce Boulevard, Wentzville, 63385",63385,Wentzville,+1-636-327-5800,,https://stefaninas-wentzville.com/,https://www.stefaninas-wentzville.com/contact
Stone Summit Steak & Seafood,Restaurant / Catering,Both,"17 Cliff View Drive, Wentzville, 63385",63385,Wentzville,,,,
Sugarfire Smoke House,Restaurant / Catering,Both,"1101 Lodora Drive, Wentzville, 63385",63385,Wentzville,+1 636-445-7313,,https://sugarfiresmokehouse.com/locations/mo-wentzville/,https://sugarfiresmokehouse.com/contact-us
Syberg's,Restaurant / Catering,Both,"1218 West Pearce Boulevard, Wentzville, 63385",63385,Wentzville,+1-636-735-7701,,https://sybergs.com/locations/wentzville/,https://sybergs.com/contact/
Tattooed Dog,Restaurant / Catering,Both,"11 Wentzville Bluffs Drive, Wentzville, MO, 63385",63385,Wentzville,,,https://www.tattooeddog.com/,https://www.tattooeddog.com/about-us/
Texas Roadhouse,Restaurant / Catering,Both,"15150 Veterans Memorial Parkway, Wentzville, MO, 63385",63385,Wentzville,+1-636-327-7225,,https://www.texasroadhouse.com/locations/622-wentzvillemo,
The Goat House Pub,Bar / Pub,Both,"11 West Allen Street, Wentzville, MO, 63385",63385,Wentzville,,,,
The Missouri Bank,Bank / Credit Union,Gala,"1145 West Pearce Boulevard, Wentzville, MO, 63385",63385,Wentzville,+1-636-327-4900,,https://www.themissouribank.com/Locations,https://www.themissouribank.com/about-us/
Vantage Credit Union,Bank / Credit Union,Gala,"1750 Wentzville Parkway, Wentzville, MO, 63385",63385,Wentzville,,,,
Waffle House,Restaurant / Catering,Both,"1131 West Pearce Boulevard, Wentzville, MO, 63385",63385,Wentzville,+1-636-639-9741,,https://locations.wafflehouse.com/wentzville-mo-1368/,https://www.wafflehouse.com/contact/
Wentzville Family Diner,Restaurant / Catering,Both,"403 Luetkenhaus Boulevard, Wentzville, 63385",63385,Wentzville,,,,
West Allen Grill,Restaurant / Catering,Both,"9 West Allen Street, Wentzville, MO, 63385",63385,Wentzville,+1-636-327-3030,westallengrill@gmail.com,http://westallengrill.com,
Zisser Tire,Tire Shop,Car Show,"1250 Mexico Road, Wentzville, MO, 63385",63385,Wentzville,+1-636-327-6411,,,
